Year,Stock/Flow ID,Layer 1,Layer 2,Layer 3,Layer 4,mean,sd,p2_5,p25,p50,p75,p97_5,deterministic
2040,ELV_collected,BEV,,,,7067015753.053513,0.0,7067015753.053513,7067015753.053513,7067015753.053513,7067015753.053513,7067015753.053513,7067015753.053513
2040,ELV_collected,BEV,elvBIW,,,1888353934.267578,0.0,1888353934.267578,1888353934.267578,1888353934.267578,1888353934.267578,1888353934.267578,1888353934.267578
2040,ELV_collected,BEV,elvBattery,,,1286088009.7021484,0.0,1286088009.7021484,1286088009.7021484,1286088009.7021484,1286088009.7021484,1286088009.7021484,1286088009.7021484
2040,ELV_collected,BEV,elvBrakes,,,181563617.43774414,0.0,181563617.43774414,181563617.43774414,181563617.43774414,181563617.43774414,181563617.43774414,181563617.43774414
2040,ELV_collected,BEV,elvChassis,,,944001741.4318846,0.0,944001741.4318846,944001741.4318846,944001741.4318846,944001741.4318846,944001741.4318846,944001741.4318846
2040,ELV_collected,BEV,elvClosures,,,522991823.72985846,5.960524083077923e-08,522991823.7298584,522991823.7298584,522991823.7298584,522991823.7298584,522991823.7298584,522991823.7298584
2040,ELV_collected,BEV,elvDriveline,,,254175729.5394897,2.980262041538961e-08,254175729.53948972,254175729.53948972,254175729.53948972,254175729.53948972,254175729.53948972,254175729.53948972
2040,ELV_collected,BEV,elvPowertrain,,,932068853.6914062,0.0,932068853.6914062,932068853.6914062,932068853.6914062,932068853.6914062,932068853.6914062,932068853.6914062
2040,ELV_collected,BEV,elvSteering,,,108960814.60998535,0.0,108960814.60998535,108960814.60998535,108960814.60998535,108960814.60998535,108960814.60998535,108960814.60998535
2040,ELV_collected,BEV,elvThermalManagement,,,179074457.17636108,0.0,179074457.17636108,179074457.17636108,179074457.17636108,179074457.17636108,179074457.17636108,179074457.17636108
2040,ELV_collected,BEV,elvTransmission,,,363046413.31604,5.960524083077923e-08,363046413.31604004,363046413.31604004,363046413.31604004,363046413.31604004,363046413.31604004,363046413.31604004
2040,ELV_collected,BEV,elvTrim,,,79872209.24110413,0.0,79872209.24110413,79872209.24110413,79872209.24110413,79872209.24110413,79872209.24110413,79872209.24110413
2040,ELV_collected,BEV,elvWheels,,,326818148.9099121,0.0,326818148.9099121,326818148.9099121,326818148.9099121,326818148.9099121,326818148.9099121,326818148.9099121
2040,ELV_collected,BEV,elvBIW,calAHSS,,297213949.6820068,0.0,297213949.6820068,297213949.6820068,297213949.6820068,297213949.6820068,297213949.6820068,297213949.6820068
2040,ELV_collected,BEV,elvBIW,calAl_5xxx,,204119514.73236078,2.980262041538961e-08,204119514.7323608,204119514.7323608,204119514.7323608,204119514.7323608,204119514.7323608,204119514.7323608
2040,ELV_collected,BEV,elvBIW,calAl_6xxx,,306037313.15399164,0.0,306037313.15399164,306037313.15399164,306037313.15399164,306037313.15399164,306037313.15399164,306037313.15399164
2040,ELV_collected,BEV,elvBIW,calHSS,,297156441.94030756,0.0,297156441.94030756,297156441.94030756,297156441.94030756,297156441.94030756,297156441.94030756,297156441.94030756
2040,ELV_collected,BEV,elvBIW,calMagnesium,,57765363.1463623,0.0,57765363.1463623,57765363.1463623,57765363.1463623,57765363.1463623,57765363.1463623,57765363.1463623
2040,ELV_collected,BEV,elvBIW,calUHSS,,164963251.63406372,2.980262041538961e-08,164963251.6340637,164963251.6340637,164963251.6340637,164963251.6340637,164963251.6340637,164963251.6340637
2040,ELV_collected,BEV,elvBIW,calmildSteel,,561098100.534668,0.0,561098100.534668,561098100.534668,561098100.534668,561098100.534668,561098100.534668,561098100.534668
2040,ELV_collected,BEV,elvBattery,battery,,1286088009.7021484,0.0,1286088009.7021484,1286088009.7021484,1286088009.7021484,1286088009.7021484,1286088009.7021484,1286088009.7021484
2040,ELV_collected,BEV,elvBrakes,calMagnesium,,5555241.195058824,9.313318879809254e-10,5555241.195058823,5555241.195058823,5555241.195058823,5555241.195058823,5555241.195058823,5555241.195058823
2040,ELV_collected,BEV,elvBrakes,calcastAluminiumAlSiCu,,49068590.41130067,7.450655103847403e-09,49068590.41130066,49068590.41130066,49068590.41130066,49068590.41130066,49068590.41130066,49068590.41130066
2040,ELV_collected,BEV,elvBrakes,calcastIron,,88852714.98321533,0.0,88852714.98321533,88852714.98321533,88852714.98321533,88852714.98321533,88852714.98321533,88852714.98321533
2040,ELV_collected,BEV,elvBrakes,calmildSteel,,25385255.841522217,0.0,25385255.841522217,25385255.841522217,25385255.841522217,25385255.841522217,25385255.841522217,25385255.841522217
2040,ELV_collected,BEV,elvBrakes,calstainlessSteel,,12701815.029964443,1.862663775961851e-09,12701815.029964445,12701815.029964445,12701815.029964445,12701815.029964445,12701815.029964445,12701815.029964445
2040,ELV_collected,BEV,elvChassis,calAHSS,,198057682.26058957,0.0,198057682.26058957,198057682.26058957,198057682.26058957,198057682.26058957,198057682.26058957,198057682.26058957
2040,ELV_collected,BEV,elvChassis,calAl_6xxx,,102025996.17599489,1.4901310207694806e-08,102025996.17599487,102025996.17599487,102025996.17599487,102025996.17599487,102025996.17599487,102025996.17599487
2040,ELV_collected,BEV,elvChassis,calAl_7xxx,,25511346.20685577,0.0,25511346.20685577,25511346.20685577,25511346.20685577,25511346.20685577,25511346.20685577,25511346.20685577
2040,ELV_collected,BEV,elvChassis,calHSS,,329892769.475708,0.0,329892769.475708,329892769.475708,329892769.475708,329892769.475708,329892769.475708,329892769.475708
2040,ELV_collected,BEV,elvChassis,calMagnesium,,28904295.899581905,0.0,28904295.899581905,28904295.899581905,28904295.899581905,28904295.899581905,28904295.899581905,28904295.899581905
2040,ELV_collected,BEV,elvChassis,calUHSS,,132034544.96017458,1.4901310207694806e-08,132034544.96017456,132034544.96017456,132034544.96017456,132034544.96017456,132034544.96017456,132034544.96017456
2040,ELV_collected,BEV,elvChassis,calcastAluminiumAlSiCu,,51021436.65828705,0.0,51021436.65828705,51021436.65828705,51021436.65828705,51021436.65828705,51021436.65828705,51021436.65828705
2040,ELV_collected,BEV,elvChassis,calcastAluminiumAlSiMg,,76553669.88113402,0.0,76553669.88113402,76553669.88113402,76553669.88113402,76553669.88113402,76553669.88113402,76553669.88113402
2040,ELV_collected,BEV,elvClosures,calAHSS,,73156284.7062683,0.0,73156284.7062683,73156284.7062683,73156284.7062683,73156284.7062683,73156284.7062683,73156284.7062683
2040,ELV_collected,BEV,elvClosures,calAHSS_DualPhase,,73106395.6387329,0.0,73106395.6387329,73106395.6387329,73106395.6387329,73106395.6387329,73106395.6387329,73106395.6387329
2040,ELV_collected,BEV,elvClosures,calAl_5xxx,,98898000.5996704,0.0,98898000.5996704,98898000.5996704,98898000.5996704,98898000.5996704,98898000.5996704,98898000.5996704
2040,ELV_collected,BEV,elvClosures,calAl_6xxx,,42401917.61943817,0.0,42401917.61943817,42401917.61943817,42401917.61943817,42401917.61943817,42401917.61943817,42401917.61943817
2040,ELV_collected,BEV,elvClosures,calHSS,,182879739.45419312,0.0,182879739.45419312,182879739.45419312,182879739.45419312,182879739.45419312,182879739.45419312,182879739.45419312
2040,ELV_collected,BEV,elvClosures,calMagnesium,,15998093.531246187,1.862663775961851e-09,15998093.531246185,15998093.531246185,15998093.531246185,15998093.531246185,15998093.531246185,15998093.531246185
2040,ELV_collected,BEV,elvClosures,calOthers,,36551392.17063904,0.0,36551392.17063904,36551392.17063904,36551392.17063904,36551392.17063904,36551392.17063904,36551392.17063904
2040,ELV_collected,BEV,elvDriveline,calAl_6xxx,,6865092.026720046,9.313318879809254e-10,6865092.026720047,6865092.026720047,6865092.026720047,6865092.026720047,6865092.026720047,6865092.026720047
2040,ELV_collected,BEV,elvDriveline,calAl_7xxx,,6869478.58625412,0.0,6869478.58625412,6869478.58625412,6869478.58625412,6869478.58625412,6869478.58625412,6869478.58625412
2040,ELV_collected,BEV,elvDriveline,calMagnesium,,7782224.760675429,0.0,7782224.760675429,7782224.760675429,7782224.760675429,7782224.760675429,7782224.760675429,7782224.760675429
2040,ELV_collected,BEV,elvDriveline,calalloySteel,,35542679.41265106,0.0,35542679.41265106,35542679.41265106,35542679.41265106,35542679.41265106,35542679.41265106,35542679.41265106
2040,ELV_collected,BEV,elvDriveline,calcastAluminiumAlSiCu,,38474474.469833374,0.0,38474474.469833374,38474474.469833374,38474474.469833374,38474474.469833374,38474474.469833374,38474474.469833374
2040,ELV_collected,BEV,elvDriveline,calcastAluminiumAlSiMg,,16477926.599712374,1.862663775961851e-09,16477926.599712372,16477926.599712372,16477926.599712372,16477926.599712372,16477926.599712372,16477926.599712372
2040,ELV_collected,BEV,elvDriveline,calcastIron,,17765055.026111603,0.0,17765055.026111603,17765055.026111603,17765055.026111603,17765055.026111603,17765055.026111603,17765055.026111603
2040,ELV_collected,BEV,elvDriveline,calmildSteel,,88861440.15045166,0.0,88861440.15045166,88861440.15045166,88861440.15045166,88861440.15045166,88861440.15045166,88861440.15045166
2040,ELV_collected,BEV,elvDriveline,calstainlessSteel,,35537358.462142944,0.0,35537358.462142944,35537358.462142944,35537358.462142944,35537358.462142944,35537358.462142944,35537358.462142944
2040,ELV_collected,BEV,elvPowertrain,calAl_6xxx,,12269461.74008369,1.862663775961851e-09,12269461.740083693,12269461.740083693,12269461.740083693,12269461.740083693,12269461.740083693,12269461.740083693
2040,ELV_collected,BEV,elvPowertrain,calAl_7xxx,,12262206.050443647,1.862663775961851e-09,12262206.05044365,12262206.05044365,12262206.05044365,12262206.05044365,12262206.05044365,12262206.05044365
2040,ELV_collected,BEV,elvPowertrain,calHSS,,31732645.764884952,3.725327551923702e-09,31732645.76488495,31732645.76488495,31732645.76488495,31732645.76488495,31732645.76488495,31732645.76488495
2040,ELV_collected,BEV,elvPowertrain,calMagnesium,,27775267.45103836,0.0,27775267.45103836,27775267.45103836,27775267.45103836,27775267.45103836,27775267.45103836,27775267.45103836
2040,ELV_collected,BEV,elvPowertrain,calalloySteel,,31736963.742942803,3.725327551923702e-09,31736963.742942806,31736963.742942806,31736963.742942806,31736963.742942806,31736963.742942806,31736963.742942806
2040,ELV_collected,BEV,elvPowertrain,calcastAluminiumAlSiCu,,196139615.31066895,0.0,196139615.31066895,196139615.31066895,196139615.31066895,196139615.31066895,196139615.31066895,196139615.31066895
2040,ELV_collected,BEV,elvPowertrain,calcastAluminiumAlSiMg,,49038401.32190705,7.450655103847403e-09,49038401.32190704,49038401.32190704,49038401.32190704,49038401.32190704,49038401.32190704,49038401.32190704
2040,ELV_collected,BEV,elvPowertrain,calcastIron,,507640478.6102294,5.960524083077923e-08,507640478.61022943,507640478.61022943,507640478.61022943,507640478.61022943,507640478.61022943,507640478.61022943
2040,ELV_collected,BEV,elvPowertrain,calmildSteel,,31730754.922904972,3.725327551923702e-09,31730754.92290497,31730754.92290497,31730754.92290497,31730754.92290497,31730754.92290497,31730754.92290497
2040,ELV_collected,BEV,elvPowertrain,calstainlessSteel,,31743058.774528507,3.725327551923702e-09,31743058.774528503,31743058.774528503,31743058.774528503,31743058.774528503,31743058.774528503,31743058.774528503
2040,ELV_collected,BEV,elvSteering,calAl_6xxx,,11772828.543233871,0.0,11772828.543233871,11772828.543233871,11772828.543233871,11772828.543233871,11772828.543233871,11772828.543233871
2040,ELV_collected,BEV,elvSteering,calAl_7xxx,,2943368.705399037,4.656659439904627e-10,2943368.7053990364,2943368.7053990364,2943368.7053990364,2943368.7053990364,2943368.7053990364,2943368.7053990364
2040,ELV_collected,BEV,elvSteering,calHSS,,11426674.044742588,1.862663775961851e-09,11426674.044742586,11426674.044742586,11426674.044742586,11426674.044742586,11426674.044742586,11426674.044742586
2040,ELV_collected,BEV,elvSteering,calMagnesium,,3334750.4757094383,0.0,3334750.4757094383,3334750.4757094383,3334750.4757094383,3334750.4757094383,3334750.4757094383,3334750.4757094383
2040,ELV_collected,BEV,elvSteering,calalloySteel,,15236072.022590635,0.0,15236072.022590635,15236072.022590635,15236072.022590635,15236072.022590635,15236072.022590635,15236072.022590635
2040,ELV_collected,BEV,elvSteering,calcastAluminiumAlSiCu,,5888520.737538338,0.0,5888520.737538338,5888520.737538338,5888520.737538338,5888520.737538338,5888520.737538338,5888520.737538338
2040,ELV_collected,BEV,elvSteering,calcastAluminiumAlSiMg,,8829532.471170425,0.0,8829532.471170425,8829532.471170425,8829532.471170425,8829532.471170425,8829532.471170425,8829532.471170425
2040,ELV_collected,BEV,elvSteering,calmildSteel,,38097594.94392395,0.0,38097594.94392395,38097594.94392395,38097594.94392395,38097594.94392395,38097594.94392395,38097594.94392395
2040,ELV_collected,BEV,elvSteering,calstainlessSteel,,11431472.661676409,0.0,11431472.661676409,11431472.661676409,11431472.661676409,11431472.661676409,11431472.661676409,11431472.661676409
2040,ELV_collected,BEV,elvThermalManagement,calAl_6xxx,,19621164.82196808,0.0,19621164.82196808,19621164.82196808,19621164.82196808,19621164.82196808,19621164.82196808,19621164.82196808
2040,ELV_collected,BEV,elvThermalManagement,calAl_7xxx,,2452507.6160621643,0.0,2452507.6160621643,2452507.6160621643,2452507.6160621643,2452507.6160621643,2452507.6160621643,2452507.6160621643
2040,ELV_collected,BEV,elvThermalManagement,calMagnesium,,5555487.891397475,9.313318879809254e-10,5555487.891397476,5555487.891397476,5555487.891397476,5555487.891397476,5555487.891397476,5555487.891397476
2040,ELV_collected,BEV,elvThermalManagement,calOthers,,12698176.810188293,0.0,12698176.810188293,12698176.810188293,12698176.810188293,12698176.810188293,12698176.810188293,12698176.810188293
2040,ELV_collected,BEV,elvThermalManagement,calalloySteel,,25385365.94158173,3.725327551923702e-09,25385365.941581726,25385365.941581726,25385365.941581726,25385365.941581726,25385365.941581726,25385365.941581726
2040,ELV_collected,BEV,elvThermalManagement,calcastAluminiumAlSiCu,,9811869.053678513,0.0,9811869.053678513,9811869.053678513,9811869.053678513,9811869.053678513,9811869.053678513,9811869.053678513
2040,ELV_collected,BEV,elvThermalManagement,calcastAluminiumAlSiMg,,14715880.33800125,1.862663775961851e-09,14715880.338001251,14715880.338001251,14715880.338001251,14715880.338001251,14715880.338001251,14715880.338001251
2040,ELV_collected,BEV,elvThermalManagement,calmildSteel,,25384276.56530381,3.725327551923702e-09,25384276.565303806,25384276.565303806,25384276.565303806,25384276.565303806,25384276.565303806,25384276.565303806
2040,ELV_collected,BEV,elvThermalManagement,calstainlessSteel,,63449728.1578064,0.0,63449728.1578064,63449728.1578064,63449728.1578064,63449728.1578064,63449728.1578064,63449728.1578064
2040,ELV_collected,BEV,elvTransmission,calAl_6xxx,,39239333.11920165,0.0,39239333.11920165,39239333.11920165,39239333.11920165,39239333.11920165,39239333.11920165,39239333.11920165
2040,ELV_collected,BEV,elvTransmission,calAl_7xxx,,9811128.691701887,0.0,9811128.691701887,9811128.691701887,9811128.691701887,9811128.691701887,9811128.691701887,9811128.691701887
2040,ELV_collected,BEV,elvTransmission,calHSS,,38069186.48300171,0.0,38069186.48300171,38069186.48300171,38069186.48300171,38069186.48300171,38069186.48300171,38069186.48300171
2040,ELV_collected,BEV,elvTransmission,calMagnesium,,11110773.203144072,1.862663775961851e-09,11110773.203144073,11110773.203144073,11110773.203144073,11110773.203144073,11110773.203144073,11110773.203144073
2040,ELV_collected,BEV,elvTransmission,calalloySteel,,50773793.3544159,7.450655103847403e-09,50773793.35441589,50773793.35441589,50773793.35441589,50773793.35441589,50773793.35441589,50773793.35441589
2040,ELV_collected,BEV,elvTransmission,calcastAluminiumAlSiCu,,29422787.145462036,0.0,29422787.145462036,29422787.145462036,29422787.145462036,29422787.145462036,29422787.145462036,29422787.145462036
2040,ELV_collected,BEV,elvTransmission,calcastAluminiumAlSiMg,,19620925.31856537,0.0,19620925.31856537,19620925.31856537,19620925.31856537,19620925.31856537,19620925.31856537,19620925.31856537
2040,ELV_collected,BEV,elvTransmission,calmildSteel,,126949332.37655641,1.4901310207694806e-08,126949332.3765564,126949332.3765564,126949332.3765564,126949332.3765564,126949332.3765564,126949332.3765564
2040,ELV_collected,BEV,elvTransmission,calstainlessSteel,,38049153.59649658,0.0,38049153.59649658,38049153.59649658,38049153.59649658,38049153.59649658,38049153.59649658,38049153.59649658
2040,ELV_collected,BEV,elvTrim,calAl_6xxx,,8633768.489141464,0.0,8633768.489141464,8633768.489141464,8633768.489141464,8633768.489141464,8633768.489141464,8633768.489141464
2040,ELV_collected,BEV,elvTrim,calAl_7xxx,,2158909.9752926826,0.0,2158909.9752926826,2158909.9752926826,2158909.9752926826,2158909.9752926826,2158909.9752926826,2158909.9752926826
2040,ELV_collected,BEV,elvTrim,calHSS,,27922123.332309727,3.725327551923702e-09,27922123.332309723,27922123.332309723,27922123.332309723,27922123.332309723,27922123.332309723,27922123.332309723
2040,ELV_collected,BEV,elvTrim,calMagnesium,,2443835.6207764144,0.0,2443835.6207764144,2443835.6207764144,2443835.6207764144,2443835.6207764144,2443835.6207764144,2443835.6207764144
2040,ELV_collected,BEV,elvTrim,calalloySteel,,8372737.904043199,9.313318879809254e-10,8372737.904043198,8372737.904043198,8372737.904043198,8372737.904043198,8372737.904043198,8372737.904043198
2040,ELV_collected,BEV,elvTrim,calcastAluminiumAlSiCu,,5396266.764860152,0.0,5396266.764860152,5396266.764860152,5396266.764860152,5396266.764860152,5396266.764860152,5396266.764860152
2040,ELV_collected,BEV,elvTrim,calcastAluminiumAlSiMg,,5396410.489807129,0.0,5396410.489807129,5396410.489807129,5396410.489807129,5396410.489807129,5396410.489807129,5396410.489807129
2040,ELV_collected,BEV,elvTrim,calmildSteel,,11169499.456262589,0.0,11169499.456262589,11169499.456262589,11169499.456262589,11169499.456262589,11169499.456262589,11169499.456262589
2040,ELV_collected,BEV,elvTrim,calstainlessSteel,,8378657.201185227,9.313318879809254e-10,8378657.201185226,8378657.201185226,8378657.201185226,8378657.201185226,8378657.201185226,8378657.201185226
2040,ELV_collected,BEV,elvWheels,calAl_6xxx,,35331549.454689026,0.0,35331549.454689026,35331549.454689026,35331549.454689026,35331549.454689026,35331549.454689026,35331549.454689026
2040,ELV_collected,BEV,elvWheels,calAl_7xxx,,8827280.947208405,0.0,8827280.947208405,8827280.947208405,8827280.947208405,8827280.947208405,8827280.947208405,8827280.947208405
2040,ELV_collected,BEV,elvWheels,calMagnesium,,9996613.817796707,0.0,9996613.817796707,9996613.817796707,9996613.817796707,9996613.817796707,9996613.817796707,9996613.817796707
2040,ELV_collected,BEV,elvWheels,calcastAluminiumAlSiCu,,17668336.15903854,0.0,17668336.15903854,17668336.15903854,17668336.15903854,17668336.15903854,17668336.15903854,17668336.15903854
2040,ELV_collected,BEV,elvWheels,calcastAluminiumAlSiMg,,26484304.475574493,0.0,26484304.475574493,26484304.475574493,26484304.475574493,26484304.475574493,26484304.475574493,26484304.475574493
2040,ELV_collected,BEV,elvWheels,calmildSteel,,228510063.99536133,0.0,228510063.99536133,228510063.99536133,228510063.99536133,228510063.99536133,228510063.99536133,228510063.99536133
2040,ELV_dismantled,BEV,elvBIW,,,284013051.1193068,115205540.12766944,63703548.27965216,202134060.6374481,284295408.7584458,366853159.82011837,503365597.1804414,283253090.14013666
2040,ELV_dismantled,BEV,elvBattery,,,1159441662.0871003,46492484.949666046,1059699353.7531865,1126399319.327119,1167443459.187611,1198847621.1663454,1222580213.3523586,1221783609.217041
2040,ELV_dismantled,BEV,elvBrakes,,,27270684.6881553,11071677.270300888,6287955.091494014,19360492.99579685,27235004.69535718,35286255.35841878,48242277.91959952,27234542.61566162
2040,ELV_dismantled,BEV,elvChassis,,,141627416.13089022,57534783.08818594,31701970.22934726,100326707.48892552,141629743.68394217,182800862.1488437,250625037.188305,141600261.21478269
2040,ELV_dismantled,BEV,elvClosures,,,78532167.94610089,32168653.51292489,17102287.03933643,55644452.07776767,78589029.74787006,101603993.85334562,139726887.34639698,78448773.55947876
2040,ELV_dismantled,BEV,elvDriveline,,,114251773.68274195,15584907.273345746,84544522.40176518,103067531.65854126,114299862.06935325,125398548.53692636,143953735.97643977,114379078.29277037
2040,ELV_dismantled,BEV,elvPowertrain,,,725564381.2569572,45177490.347262144,633573375.5936155,693696902.9764051,729462179.6566519,759069111.7131736,803596342.6779814,745655082.953125
2040,ELV_dismantled,BEV,elvSteering,,,16396234.262293672,6689630.189992203,3641651.876760002,11576238.416456588,16430752.727997802,21190701.547560763,29050841.10424333,16344122.191497803
2040,ELV_dismantled,BEV,elvThermalManagement,,,26850321.04573255,10975639.329150686,5990544.026868061,18992794.833136372,26816693.75006415,34803237.23695178,47710523.82948953,26861168.576454163
2040,ELV_dismantled,BEV,elvTransmission,,,252276958.74851814,21102058.99792532,211582437.9609249,237056028.0706072,252727413.02134952,267438301.0951728,291781002.83638024,254132489.321228
2040,ELV_dismantled,BEV,elvTrim,,,12000529.776021298,4890650.5882985,2672878.542351506,8493402.432268888,12009529.876894493,15545243.818803804,21229971.29705201,11980831.386165619
2040,ELV_dismantled,BEV,elvWheels,,,196110675.00265616,20012317.236728095,158096229.36117607,181744330.79360023,196064500.58691442,210538982.4555474,234164763.55417803,196090889.34594727
2040,ELV_dismantled,BEV,elvBIW,calAHSS,,44701705.09489122,18132561.372756768,10026501.308557633,31814513.919828203,44746146.24950133,57740169.68156556,79226290.45177808,44582092.45230102
2040,ELV_dismantled,BEV,elvBIW,calAl_5xxx,,30700074.34523417,12453014.511000697,6885964.079935867,21849456.089491256,30730595.479665674,39654583.60408461,54410743.43369233,30617927.20985412
2040,ELV_dismantled,BEV,elvBIW,calAl_6xxx,,46028760.54532246,18670861.07181558,10324157.140299007,32758988.498829298,46074521.02044447,59454296.843428634,81578274.1252934,45905596.97309875
2040,ELV_dismantled,BEV,elvBIW,calHSS,,44693055.78986074,18129052.91476923,10024561.287074737,31808358.149378177,44737488.34557958,57728997.5721566,79210961.00626598,44573466.291046135
2040,ELV_dismantled,BEV,elvBIW,calMagnesium,,8688051.926333629,3524175.0718351547,1948712.3326344064,6183346.884862359,8696689.338667212,11222157.887800297,15398117.899858449,8664804.471954344
2040,ELV_dismantled,BEV,elvBIW,calUHSS,,24810876.5888342,10064151.72539684,5565029.030913601,17658073.152310614,24835542.851567492,32047641.60889678,43973126.09927374,24744487.745109554
2040,ELV_dismantled,BEV,elvBIW,calmildSteel,,84390526.91248164,34231723.49402701,18928623.118999716,60061324.00228338,84474425.55675447,109005312.73023629,149568084.31253722,84164715.0802002
2040,ELV_dismantled,BEV,elvBattery,battery,,1159441662.0871003,46492484.949666046,1059699353.7531865,1126399319.327119,1167443459.187611,1198847621.1663454,1222580213.3523586,1221783609.217041
2040,ELV_dismantled,BEV,elvBrakes,calMagnesium,,834392.0061465286,338756.40141099016,192390.4560280357,592366.5201470044,833300.3173565126,1079641.7374404161,1476052.820628168,833286.1792588234
2040,ELV_dismantled,BEV,elvBrakes,calcastAluminiumAlSiCu,,7370056.160384942,2992183.1521603307,1699355.2852898359,5232282.295197997,7360413.441335848,9536309.28798004,13037747.370045865,7360288.561695099
2040,ELV_dismantled,BEV,elvBrakes,calcastIron,,13345594.278130306,5418203.2654284565,3077168.7051418605,9474543.360428035,13328133.37778345,17268215.044578448,23608569.991182346,13327907.2474823
2040,ELV_dismantled,BEV,elvBrakes,calmildSteel,,3812841.567885574,1547982.8176353965,879148.3171032869,2706880.788409171,3807852.981744881,4933535.873561709,6744977.791526798,3807788.3762283325
2040,ELV_dismantled,BEV,elvBrakes,calstainlessSteel,,1907800.6791101971,774551.6350875964,439892.328738526,1354420.0341010191,1905304.5806341483,2468553.4193898123,3374929.95241186,1905272.2544946666
2040,ELV_dismantled,BEV,elvChassis,calAHSS,,29714349.616445236,12071170.303698117,6651278.775391733,21049193.324530005,29714837.952157527,38352805.385211185,52582756.79311493,29708652.339088436
2040,ELV_dismantled,BEV,elvChassis,calAl_6xxx,,15306834.280484077,6218255.011307638,3426291.4478153745,10843128.593268443,15307085.838196693,19756785.6540996,27087099.486699015,15303899.426399231
2040,ELV_dismantled,BEV,elvChassis,calAl_7xxx,,3827435.783981842,1554859.1765018178,856735.6419635054,2711297.295555476,3827498.6853612754,4940135.040553172,6773061.7552873455,3826701.931028365
2040,ELV_dismantled,BEV,elvChassis,calHSS,,49493405.03359568,20106222.373441808,11078635.02553765,35060375.35025993,49494218.42502148,63881961.2613824,87583935.48362757,49483915.4213562
2040,ELV_dismantled,BEV,elvChassis,calMagnesium,,4336475.838626248,1761651.8295577562,970679.4891277304,3071893.5279633133,4336547.105742804,5597161.507598884,7673863.21104281,4335644.384937285
2040,ELV_dismantled,BEV,elvChassis,calUHSS,,19808979.816460088,8047208.57072605,4434054.546577225,14032380.015062334,19809305.363961324,25567779.796189852,35054133.15296559,19805181.744026184
2040,ELV_dismantled,BEV,elvChassis,calcastAluminiumAlSiCu,,7654683.168527267,3109641.8175346963,1713429.1124782357,5422461.131815676,7654808.968189912,9880026.9108195,13545790.117386786,7653215.498743057
2040,ELV_dismantled,BEV,elvChassis,calcastAluminiumAlSiMg,,11485252.605738427,4665774.0106864525,2570866.1933587166,8135978.259657147,11485441.358280025,14824206.60972798,20324397.211130403,11483050.482170103
2040,ELV_dismantled,BEV,elvClosures,calAHSS,,10985107.942782998,4499762.841845888,2392274.072002072,7783566.002033981,10993061.792098403,14212403.262098886,19545047.33732439,10973442.705940245
2040,ELV_dismantled,BEV,elvClosures,calAHSS_DualPhase,,10977616.627522232,4496694.220015083,2390642.656147364,7778257.984390645,10985565.052694961,14202711.086655177,19531718.555108212,10965959.345809935
2040,ELV_dismantled,BEV,elvClosures,calAl_5xxx,,14850470.007803852,6083107.5555306105,3234050.5475008744,10522392.139342379,14861222.601344148,19213363.171481263,26422420.316291295,14834700.08995056
2040,ELV_dismantled,BEV,elvClosures,calAl_6xxx,,6367048.899499541,2608095.4506238066,1386579.5472177425,4511411.777249887,6371659.00873053,8237612.868305155,11328452.372790303,6360287.642915726
2040,ELV_dismantled,BEV,elvClosures,calHSS,,27461122.260630712,11248732.209769055,5980326.375886529,19457747.590543278,27481005.690964818,35528876.514526755,48859686.88843883,27431960.918128967
2040,ELV_dismantled,BEV,elvClosures,calMagnesium,,2402265.027879685,984025.1880110648,523151.5584741696,1702139.7055241384,2404004.4057853865,3108022.196640672,4274185.008582836,2399714.029686928
2040,ELV_dismantled,BEV,elvClosures,calOthers,,5488537.178529781,2248236.0465345723,1195262.2817914514,3888936.8776544775,5492511.194798661,7101004.751759008,9765376.86527752,5482708.825595856
2040,ELV_dismantled,BEV,elvDriveline,calAl_6xxx,,3085853.0118870204,420936.42399792734,2283482.8789309664,2783775.1900416487,3087151.8424248584,3386918.874130237,3888080.293342407,3089291.412024021
2040,ELV_dismantled,BEV,elvDriveline,calAl_7xxx,,3087824.766657001,421205.38800842274,2284941.9465668374,2785553.927391864,3089124.42710323,3389082.99971233,3890564.643969262,3091265.363814354
2040,ELV_dismantled,BEV,elvDriveline,calMagnesium,,3498103.3937261924,477170.85929173464,2588541.7022567242,3155669.8916455046,3499575.7397824638,3839389.7448230265,4407503.149640934,3502001.142303943
2040,ELV_dismantled,BEV,elvDriveline,calalloySteel,,15976404.08739953,2179316.5063242633,11822288.702646477,14412454.887922935,15983128.530019969,17535114.062758226,20129779.886277825,15994205.735692978
2040,ELV_dismantled,BEV,elvDriveline,calcastAluminiumAlSiCu,,17294243.46555044,2359080.9322724966,12797469.194263104,15601289.401823862,17301522.584632047,18981526.139334083,21790217.145033024,17313513.51142502
2040,ELV_dismantled,BEV,elvDriveline,calcastAluminiumAlSiMg,,7406813.955219429,1010352.0055938943,5480926.275172094,6681752.127002801,7409931.471224261,8129446.828954266,9332358.75617155,7415066.969870567
2040,ELV_dismantled,BEV,elvDriveline,calcastIron,,7985377.085302788,1089272.9049679742,5909053.926371585,7203679.024102158,7988738.117592592,8764456.460847564,10061330.58207068,7994274.761750221
2040,ELV_dismantled,BEV,elvDriveline,calmildSteel,,39943141.57211685,5448582.000452521,29557298.92489899,36033059.932684526,39959953.575751245,43840124.452308714,50327135.15598238,39987648.06770325
2040,ELV_dismantled,BEV,elvDriveline,calstainlessSteel,,15974012.324683506,2178990.2496811715,11820518.835711317,14410297.2577041,15980735.76061489,17532488.95188803,20126766.33850134,15991811.307964325
2040,ELV_dismantled,BEV,elvPowertrain,calAl_6xxx,,9551101.702994084,594702.2981547399,8340160.987672336,9131608.224623188,9602411.097301392,9992147.454942865,10578289.942754671,9815569.392066954
2040,ELV_dismantled,BEV,elvPowertrain,calAl_7xxx,,9545453.547341825,594350.6139981697,8335228.935968971,9126208.141343586,9596732.599238962,9986238.481729008,10572034.34732816,9809764.84035492
2040,ELV_dismantled,BEV,elvPowertrain,calHSS,,24702120.87750748,1538085.1876537679,21570251.39736195,23617180.21492449,24834822.93636353,25842802.42566173,27358749.280340422,25386116.61190796
2040,ELV_dismantled,BEV,elvPowertrain,calMagnesium,,21621519.33577154,1346270.5809686468,18880225.3044668,20671881.625288032,21737672.12061461,22619946.48588042,23946839.605421524,22220213.96083069
2040,ELV_dismantled,BEV,elvPowertrain,calalloySteel,,24705482.186133366,1538294.4805737662,21573186.540965363,23620393.891675934,24838202.30224763,25846318.951029778,27362472.086183913,25389570.994354248
2040,ELV_dismantled,BEV,elvPowertrain,calcastAluminiumAlSiCu,,152683911.77244556,9506910.935087668,133325813.50385648,145977889.0294755,153504143.7495649,159734469.16071516,169104542.96770695,156911692.24853516
2040,ELV_dismantled,BEV,elvPowertrain,calcastAluminiumAlSiMg,,38173700.55017416,2376897.2577417744,33333830.796068717,36497075.28493784,38378773.17054884,39936465.620358825,42279151.15604397,39230721.057525635
2040,ELV_dismantled,BEV,elvPowertrain,calcastIron,,395170215.4889984,24605395.547190174,345068382.39176655,377813963.4670887,397293106.1287947,413418177.8977194,437669417.2226277,406112382.8881836
2040,ELV_dismantled,BEV,elvPowertrain,calmildSteel,,24700648.96093627,1537993.5383137427,21568966.09839372,23615772.946330182,24833343.112521503,25841262.539701108,27357119.06418882,25384603.938323975
2040,ELV_dismantled,BEV,elvPowertrain,calstainlessSteel,,24710226.833273653,1538589.907493718,21577329.635888886,23624930.149397448,24842972.438067496,25851282.693990715,27367727.0038559,25394447.019622803
2040,ELV_dismantled,BEV,elvSteering,calAl_6xxx,,1771554.8054189247,722790.7530456543,393467.5352116213,1250771.3946555904,1775284.4028871963,2289579.9459947436,3138840.0736648426,1765924.2814850807
2040,ELV_dismantled,BEV,elvSteering,calAl_7xxx,,442913.0140662881,180707.6077982188,98372.28372768404,312710.0141752602,443845.46461812727,572426.408556103,784753.095668521,441505.30580985546
2040,ELV_dismantled,BEV,elvSteering,calHSS,,1719466.0772965692,701538.6580443684,381898.4754207983,1213995.1736094523,1723086.014037475,2222259.811750793,3046549.286658669,1714001.1067113879
2040,ELV_dismantled,BEV,elvSteering,calMagnesium,,501807.46355228225,204736.4232568096,111452.91425969837,354291.28080937424,502863.90269822336,648542.3435873345,889102.2569801599,500212.57135641575
2040,ELV_dismantled,BEV,elvSteering,calalloySteel,,2292697.6731383693,935415.9818283649,509214.8996326709,1618714.0569307907,2297524.415958345,2963111.611669897,4062200.7917746,2285410.803388595
2040,ELV_dismantled,BEV,elvSteering,calcastAluminiumAlSiCu,,886094.3800451813,361524.70263031306,196804.16920480257,625609.4929355058,887959.8461015276,1145199.6385346598,1569981.657145129,883278.1106307507
2040,ELV_dismantled,BEV,elvSteering,calcastAluminiumAlSiMg,,1328652.7210909082,542087.6045583934,295097.679010969,938069.0972068687,1331449.891017368,1717167.663171294,2354106.343302085,1324429.8706755638
2040,ELV_dismantled,BEV,elvSteering,calmildSteel,,5732859.962239191,2338995.1902912105,1273285.0669681835,4047572.916401804,5744929.168303672,7409221.076643536,10157478.916905351,5714639.2415885925
2040,ELV_dismantled,BEV,elvSteering,calstainlessSteel,,1720188.1648439465,701833.268293251,382058.85318986553,1214504.989306903,1723809.6217725882,2223193.0468743527,3047828.6810773285,1714720.8992514613
2040,ELV_dismantled,BEV,elvThermalManagement,calAl_6xxx,,2941986.1607745923,1202599.3639709824,656383.1245272136,2081038.0426493674,2938301.6223918963,3813386.1463656705,5227635.848025484,2943174.723295212
2040,ELV_dismantled,BEV,elvThermalManagement,calAl_7xxx,,367727.58045286406,150316.4631647243,82043.27452340334,260115.12034180778,367267.03906670155,476646.4504939456,653417.7174296889,367876.14240932465
2040,ELV_dismantled,BEV,elvThermalManagement,calMagnesium,,832986.6570685486,340500.9980479317,185846.6881816253,589219.944502583,831943.4260190069,1079712.685438438,1480139.8346047797,833323.1837096214
2040,ELV_dismantled,BEV,elvThermalManagement,calOthers,,1903957.3226976069,778283.017042196,424789.71284816816,1346779.829539155,1901572.8098375443,2467898.922996603,3383155.123552339,1904726.521528244
2040,ELV_dismantled,BEV,elvThermalManagement,calalloySteel,,3806267.159160486,1555892.5890748776,849211.8569508459,2692394.2961765663,3801500.1967492737,4933662.383472137,6763382.817256563,3807804.891237259
2040,ELV_dismantled,BEV,elvThermalManagement,calcastAluminiumAlSiCu,,1471185.9988523999,601378.5415078524,328234.60407889204,1040655.4837834006,1469343.4880502997,1906943.1330274441,2614160.722186768,1471780.358051777
2040,ELV_dismantled,BEV,elvThermalManagement,calcastAluminiumAlSiMg,,2206490.6284025623,901949.9349467409,492287.5682493242,1560779.2448779142,2203727.2233533473,2860040.9161070464,3920728.6768244184,2207382.0507001877
2040,ELV_dismantled,BEV,elvThermalManagement,calmildSteel,,3806103.8187083467,1555825.820193884,849175.414251772,2692278.7559679355,3801337.0608644346,4933450.662483904,6763092.576461273,3807641.484795571
2040,ELV_dismantled,BEV,elvThermalManagement,calstainlessSteel,,9513615.722557945,3888892.60240443,2122571.7839133823,6729534.1173792565,9501700.886670765,12331495.940381045,16904810.518377304,9517459.22367096
2040,ELV_dismantled,BEV,elvTransmission,calAl_6xxx,,27266980.913580153,2280784.7485875553,22868573.991651487,25621849.196675144,27315667.59555327,28905672.1140817,31536716.927112512,27467533.183441155
2040,ELV_dismantled,BEV,elvTransmission,calAl_7xxx,,6817645.395874578,570271.4829145067,5717898.460359061,6406308.1557557555,6829818.673666001,7227372.294271143,7885220.356465867,6867790.08419132
2040,ELV_dismantled,BEV,elvTransmission,calHSS,,26453858.88883961,2212770.0197605286,22186615.792980526,24857786.24586928,26501093.697077632,28043683.076484125,30596268.14025501,26648430.538101196
2040,ELV_dismantled,BEV,elvTransmission,calMagnesium,,7720754.069517966,645813.2708260942,6475327.659842972,7254928.482209859,7734539.897115333,8184755.998996502,8929746.799836308,7777541.2422008505
2040,ELV_dismantled,BEV,elvTransmission,calalloySteel,,35282150.4407129,2951224.8120756047,29590825.273075033,33153429.812837213,35345148.64514481,37402537.35282509,40806981.695373386,35541655.348091125
2040,ELV_dismantled,BEV,elvTransmission,calcastAluminiumAlSiCu,,20445571.108012944,1710198.3863601687,17147518.354417447,19212003.753906768,20482077.790635772,21674309.176599156,23647142.692113105,20595951.001823425
2040,ELV_dismantled,BEV,elvTransmission,calcastAluminiumAlSiMg,,13634365.154546961,1140465.539610827,11435020.597042432,12811746.521897446,13658710.057354085,14453763.322389351,15769370.13021796,13734647.722995758
2040,ELV_dismantled,BEV,elvTransmission,calmildSteel,,88215694.50193891,7378925.127199336,73985717.13298026,82893270.37974122,88373208.43708509,93517281.89750066,102029388.39667092,88864532.66358948
2040,ELV_dismantled,BEV,elvTransmission,calstainlessSteel,,26439938.256388497,2211605.6089925813,22174940.68255199,24844705.503761627,26487148.208577834,28028925.841771275,30580167.6762378,26634407.517547607
2040,ELV_dismantled,BEV,elvTrim,calAl_6xxx,,1297194.5663911412,528653.7750970697,288924.2047205178,918092.4251633596,1298167.4302702849,1680359.6333947363,2294848.9712681896,1295065.2733712196
2040,ELV_dismantled,BEV,elvTrim,calAl_7xxx,,324368.9349325816,132192.09085448732,72246.70761778296,229572.85655952588,324612.20362063206,420180.9649144057,573836.597783699,323836.4962939024
2040,ELV_dismantled,BEV,elvTrim,calHSS,,4195204.760740256,1709697.9061827199,934398.1470017406,2969165.777158776,4198351.060673264,5434383.489120889,7421678.735694968,4188318.4998464584
2040,ELV_dismantled,BEV,elvTrim,calMagnesium,,367178.051208033,149638.35644481267,81781.58403118253,259871.10664376078,367453.42567574175,475635.0292423932,649569.6134707211,366575.3431164622
2040,ELV_dismantled,BEV,elvTrim,calalloySteel,,1257975.6022647307,512670.6265563659,280188.9630584209,890335.1134846782,1258919.0528896374,1629556.1796268725,2225467.244107486,1255910.6856064796
2040,ELV_dismantled,BEV,elvTrim,calcastAluminiumAlSiCu,,810770.8626861464,330418.495731271,180583.03108982462,573824.9348716952,811378.9208040305,1050256.1950908052,1434323.5227586534,809440.0147290229
2040,ELV_dismantled,BEV,elvTrim,calcastAluminiumAlSiMg,,810792.4568741892,330427.29614512157,180587.84076430873,573840.218207737,811400.531187181,1050284.1677657173,1434361.7247381401,809461.5734710693
2040,ELV_dismantled,BEV,elvTrim,calmildSteel,,1678179.5831328125,683918.9701373442,373781.01481243555,1187735.4432838934,1679438.1763627306,2173879.926839973,2968844.2965574195,1675424.9184393883
2040,ELV_dismantled,BEV,elvTrim,calstainlessSteel,,1258864.9566757453,513033.0706946342,280387.0490068009,890964.5561058491,1259809.0742944896,1630708.231362803,2227040.5886990284,1256798.580177784
2040,ELV_dismantled,BEV,elvWheels,calAl_6xxx,,21201068.65411184,2163485.0405669734,17091415.40916683,19647956.617346518,21196076.845490556,22760879.392957326,25315007.601798084,21198929.672813416
2040,ELV_dismantled,BEV,elvWheels,calAl_7xxx,,5296902.974235722,540527.9579560781,4270141.783497121,4908871.413134768,5295655.8141814675,5686608.147905497,6324734.910603569,5296368.568325043
2040,ELV_dismantled,BEV,elvWheels,calMagnesium,,5998573.4883082975,612130.6533375931,4835799.224262595,5559140.135202011,5997161.119368652,6439902.154210355,7162560.337590232,5997968.290678024
2040,ELV_dismantled,BEV,elvWheels,calcastAluminiumAlSiCu,,10602071.341142084,1081899.3664801011,8546946.781097198,9825402.72678057,10599575.074940244,11382089.792179555,12659339.063258225,10601001.695423124
2040,ELV_dismantled,BEV,elvWheels,calcastAluminiumAlSiMg,,15892186.052104697,1621734.609069685,12811616.150472166,14727983.159754237,15888444.224150637,17061410.248876296,18975968.48922018,15890582.685344696
2040,ELV_dismantled,BEV,elvWheels,calmildSteel,,137119872.4566037,13992539.60562872,110540309.9835377,127074976.70788051,137087587.4726416,147208092.68060893,163727153.10854325,137106038.3972168
2040,ELV_loss_dismantling,BEV,elvBIW,,,132475275.87138674,74210235.10540482,22409724.5584386,71864594.25073883,120660490.08557397,185072065.72829595,290220957.55220723,56650618.02802733
2040,ELV_loss_dismantling,BEV,elvBattery,,,31982598.269287936,12077919.43525294,7238462.795977396,23313021.123586982,33286428.056779057,41086959.72893259,52494512.67239409,38582640.29106445
2040,ELV_loss_dismantling,BEV,elvBrakes,,,12724722.48032581,7168474.849056481,2148837.639917043,6833574.524342598,11580972.718244754,17762530.91117693,28050531.76230384,5446908.523132324
2040,ELV_loss_dismantling,BEV,elvChassis,,,65982583.678688005,37150958.15023589,11221670.95903362,35337483.84539503,60101716.57102145,92364871.68736504,145032839.43981838,28320052.242956538
2040,ELV_loss_dismantling,BEV,elvClosures,,,36543230.44181548,20618578.463700034,6074109.578101861,19579838.119528502,33268151.56996438,51211841.6242815,80580823.97465728,15689754.71189575
2040,ELV_loss_dismantling,BEV,elvDriveline,,,17845025.130119972,10038844.383439966,2933251.471729289,9579702.553927282,16300191.44449773,24919272.54705756,39283039.894017525,7625271.886184691
2040,ELV_loss_dismantling,BEV,elvPowertrain,,,44930643.62455109,22633077.844883088,8589166.162636442,27384124.01841435,41891292.42390306,60807490.36328301,92527597.72807199,27962065.610742185
2040,ELV_loss_dismantling,BEV,elvSteering,,,7618488.86658738,4299682.934988155,1273837.709134477,4078895.1596319806,6935110.602195976,10654743.393136239,16788920.877106655,3268824.4382995605
2040,ELV_loss_dismantling,BEV,elvThermalManagement,,,12538485.320725298,7081715.294760024,2035564.4472982977,6726580.6024085935,11436855.967875708,17590185.943606023,27722630.42410635,5372233.715290832
2040,ELV_loss_dismantling,BEV,elvTransmission,,,23671499.927779637,13096486.106425723,4053314.318477417,12946097.31960984,21670883.08785984,32986601.963122,51365463.06820307,10891392.399481202
2040,ELV_loss_dismantling,BEV,elvTrim,,,5598274.7869639285,3149813.8370225346,906038.9025345339,3025871.3134110966,5098692.492630491,7822005.303230967,12321298.558092853,2396166.277233124
2040,ELV_loss_dismantling,BEV,elvWheels,,,22828198.274308477,12839891.403110156,3819956.9781437507,12297371.708310239,20768814.274786137,31935172.217803992,50223393.10244238,9804544.467297362
2040,ELV_loss_dismantling,BEV,elvBIW,calAHSS,,20850699.2584628,11680181.708659668,3527136.8499479704,11310993.936018327,18991133.059391,29129073.015779525,45678786.963229805,8916418.490460202
2040,ELV_loss_dismantling,BEV,elvBIW,calAl_5xxx,,14319767.356213972,8021672.686992807,2422354.2097411635,7768123.252057809,13042661.249406576,20005158.758348748,31371111.07494503,6123585.441970824
2040,ELV_loss_dismantling,BEV,elvBIW,calAl_6xxx,,21469692.069531392,12026930.199921928,3631846.6405746206,11646782.38347742,19554921.097964276,29993825.15508925,47034848.95415304,9181119.394619748
2040,ELV_loss_dismantling,BEV,elvBIW,calHSS,,20846664.869671542,11677921.71758785,3526454.3864393714,11308805.378858307,18987458.476903453,29123436.849614643,45669948.6032382,8914693.258209227
2040,ELV_loss_dismantling,BEV,elvBIW,calMagnesium,,4052461.9245137936,2270115.3116739825,685520.7880456212,2198361.3923891,3691043.7713651545,5661414.8921129,8877953.810174182,1732960.894390869
2040,ELV_loss_dismantling,BEV,elvBIW,calUHSS,,11572805.220616523,6482874.563588697,1957673.804840832,6277963.537361249,10540686.482058363,16167567.52807272,25353188.28815474,4948897.549021911
2040,ELV_loss_dismantling,BEV,elvBIW,calmildSteel,,39363185.21139508,22050538.93883727,6658737.885449428,21353564.391743116,35852585.98402365,54991589.58378803,86235119.94379194,16832943.01604004
2040,ELV_loss_dismantling,BEV,elvBattery,battery,,31982598.269287936,12077919.43525294,7238462.795977396,23313021.123586982,33286428.056779057,41086959.72893259,52494512.67239409,38582640.29106445
2040,ELV_loss_dismantling,BEV,elvBrakes,calMagnesium,,389334.0720788148,219331.42415427094,65747.26559881022,209084.59108086035,354339.14366299345,543474.2094192426,858252.7258947544,166657.23585176468
2040,ELV_loss_dismantling,BEV,elvBrakes,calcastAluminiumAlSiCu,,3438927.9322365914,1937320.7099857018,580735.4771923375,1846812.0106443712,3129823.115971177,4800424.040061123,7580814.225270748,1472057.7123390196
2040,ELV_loss_dismantling,BEV,elvBrakes,calcastIron,,6227162.444439507,3508073.1570352255,1051587.653182894,3344181.2742917454,5667439.7805244485,8692540.491888566,13727232.02465501,2665581.4494964597
2040,ELV_loss_dismantling,BEV,elvBrakes,calmildSteel,,1779102.775291418,1002257.8895753307,300439.0087672219,955433.9138017378,1619189.788654305,2483462.259325072,3921875.623132414,761557.6752456665
2040,ELV_loss_dismantling,BEV,elvBrakes,calstainlessSteel,,890195.2579136551,501491.66922656476,150328.2354517443,478062.7354014862,810180.8909191177,1242629.9127640822,1962357.166953309,381054.45089893334
2040,ELV_loss_dismantling,BEV,elvChassis,calAHSS,,13843573.607336733,7794511.749348087,2354379.2809809507,7414033.089307575,12609729.58151931,19378748.58254831,30428829.49299657,5941730.4678176865
2040,ELV_loss_dismantling,BEV,elvChassis,calAl_6xxx,,7131277.9782301225,4015208.1800412755,1212817.8456726377,3819211.1660841685,6495684.526751711,9982627.819390876,15674886.255650293,3060779.885279846
2040,ELV_loss_dismantling,BEV,elvChassis,calAl_7xxx,,1783158.2951283162,1003992.803921607,303262.0812977416,954984.2387913589,1624229.7357883463,2496131.2204721235,3919466.263590053,765340.3862056731
2040,ELV_loss_dismantling,BEV,elvChassis,calHSS,,23058407.957921837,12982849.432319373,3921547.967915314,12349109.011576567,21003268.171713397,32278016.00979557,50683471.19270617,9896783.08427124
2040,ELV_loss_dismantling,BEV,elvChassis,calMagnesium,,2020314.1998179632,1137521.5110287853,343595.2325635163,1081994.9207558678,1840248.5118370499,2828110.8654831355,4440746.157911136,867128.8769874572
2040,ELV_loss_dismantling,BEV,elvChassis,calUHSS,,9228775.783927761,5196187.293850266,1569539.709239741,4942542.364897655,8406237.45751087,12918783.163522502,20285285.629528914,3961036.3488052366
2040,ELV_loss_dismantling,BEV,elvChassis,calcastAluminiumAlSiCu,,3566228.8171268376,2007936.1878949506,606509.2350020688,1909921.4700030927,3248379.521452352,4992139.572856654,7838739.5976897655,1530643.0997486115
2040,ELV_loss_dismantling,BEV,elvChassis,calcastAluminiumAlSiMg,,5350847.045240391,3012750.995233411,910019.6073892037,2865687.5872145565,4873939.069951862,7490314.461753619,11761414.863025974,2296610.0964340204
2040,ELV_loss_dismantling,BEV,elvClosures,calAHSS,,5111680.238559715,2884134.1831533033,849648.635926317,2738834.80961405,4653561.02614851,7163530.854993685,11271674.686066732,2194688.5411880487
2040,ELV_loss_dismantling,BEV,elvClosures,calAHSS_DualPhase,,5108194.318496049,2882167.3423600313,849069.2164225889,2736967.0560049964,4650387.52135332,7158645.671498492,11263987.946070187,2193191.8691619867
2040,ELV_loss_dismantling,BEV,elvClosures,calAl_5xxx,,6910342.116582173,3898982.914732209,1148616.9868075622,3702556.625601844,6291023.156828031,9684183.411411263,15237871.829300286,2966940.017990112
2040,ELV_loss_dismantling,BEV,elvClosures,calAl_6xxx,,2962767.2488095565,1671665.2646931573,492462.56300012465,1587448.6851921007,2697238.002996484,4152034.871608502,6533145.07961551,1272057.528583145
2040,ELV_loss_dismantling,BEV,elvClosures,calHSS,,12778433.923406303,7209902.882353651,2123994.1556586674,6846676.241164762,11633204.603176175,17907752.718626883,28177496.138259776,5486392.183625793
2040,ELV_loss_dismantling,BEV,elvClosures,calMagnesium,,1117841.6029005118,630713.3912556027,185804.38305227764,598938.7737057141,1017658.3577009735,1566548.0702348645,2464932.52911222,479942.80593738554
2040,ELV_loss_dismantling,BEV,elvClosures,calOthers,,2553970.992385468,1441012.4847708317,424513.6371220112,1368415.9278829945,2325078.901145746,3579146.0249608904,5631715.764742608,1096541.765119171
2040,ELV_loss_dismantling,BEV,elvDriveline,calAl_6xxx,,481980.47846410226,271141.50772420515,79224.87850204052,258740.4381231382,440255.702314198,673050.4898497402,1061004.8585297617,205952.7608016014
2040,ELV_loss_dismantling,BEV,elvDriveline,calAl_7xxx,,482288.44754227553,271314.7578949474,79275.50049585738,258905.7644335914,440537.0106842679,673480.546144932,1061682.8044276123,206084.35758762358
2040,ELV_loss_dismantling,BEV,elvDriveline,calMagnesium,,546370.0120940105,307364.29269198276,89808.81956722305,293306.51888026134,499071.0706051573,762965.7646112964,1202748.3752744682,233466.74282026288
2040,ELV_loss_dismantling,BEV,elvDriveline,calalloySteel,,2495360.2315205117,1403782.4470517135,410171.4073379436,1339578.3199272472,2279338.314190262,3484588.071965928,5493146.398505859,1066280.3823795319
2040,ELV_loss_dismantling,BEV,elvDriveline,calcastAluminiumAlSiCu,,2701194.0322794137,1519575.6992104296,444005.05534937815,1450075.5914321463,2467353.1997762565,3772019.921633115,5946257.4111152785,1154234.2340950011
2040,ELV_loss_dismantling,BEV,elvDriveline,calcastAluminiumAlSiMg,,1156872.9036280983,650806.9877323137,190159.3930200333,621041.3394571025,1056723.0737188207,1615488.405177753,2546675.2831199258,494337.79799137113
2040,ELV_loss_dismantling,BEV,elvDriveline,calcastIron,,1247238.8845044018,701643.0057798839,205013.17688791268,669552.2948341123,1139266.12297838,1741677.8888024064,2745601.8974531386,532951.650783348
2040,ELV_loss_dismantling,BEV,elvDriveline,calmildSteel,,6238733.475680241,3509643.3911096673,1025483.237811659,3349124.5080607985,5698649.863660965,8711935.04606079,13733598.816828448,2665843.20451355
2040,ELV_loss_dismantling,BEV,elvDriveline,calstainlessSteel,,2494986.661251999,1403572.2924700007,410110.00223865575,1339377.7770852367,2278997.083687625,3484066.408405991,5492324.041817975,1066120.7538642883
2040,ELV_loss_dismantling,BEV,elvPowertrain,calAl_6xxx,,591452.8854016224,297934.7304422101,113065.08654840266,360476.0105425456,551443.8204882969,800450.7108761546,1218004.2447832965,368083.85220251075
2040,ELV_loss_dismantling,BEV,elvPowertrain,calAl_7xxx,,591103.1228232721,297758.54325626243,112998.2241876489,360262.83883945184,551117.7177382219,799977.3549903544,1217283.9637336778,367866.1815133095
2040,ELV_loss_dismantling,BEV,elvPowertrain,calHSS,,1529681.195203006,770551.9168206517,292421.4945872635,932303.1271954972,1426205.3043143984,2070214.6026097876,3150137.9651859873,951979.3729465484
2040,ELV_loss_dismantling,BEV,elvPowertrain,calMagnesium,,1338914.650432444,674456.3858046605,255953.60943969674,816035.6024252318,1248343.2380938625,1812038.1355708372,2757284.253540962,833258.0235311508
2040,ELV_loss_dismantling,BEV,elvPowertrain,calalloySteel,,1529889.3445607787,770656.7686597932,292461.2854577326,932429.9891179579,1426399.3733263446,2070496.3043404077,3150566.616068541,952108.9122882842
2040,ELV_loss_dismantling,BEV,elvPowertrain,calcastAluminiumAlSiCu,,9454965.822833892,4762784.599239016,1807458.472951717,5762569.502584981,8815380.911345698,12796005.05974026,19471015.850523207,5884188.459320068
2040,ELV_loss_dismantling,BEV,elvPowertrain,calcastAluminiumAlSiMg,,2363910.0534109343,1190781.0781485543,451896.84821649746,1440745.1318059831,2204002.420680462,3199229.438901441,4868101.163096514,1471152.0396572112
2040,ELV_loss_dismantling,BEV,elvPowertrain,calcastIron,,24470953.3458827,12326843.048231518,4677989.618894775,14914445.1807122,22815606.005339153,33118093.570932623,50394081.73474333,15229214.358306883
2040,ELV_loss_dismantling,BEV,elvPowertrain,calmildSteel,,1529590.046628717,770506.0022151419,292404.07017072063,932247.574377619,1426120.3215215532,2070091.2454618465,3149950.2590252263,951922.647687149
2040,ELV_loss_dismantling,BEV,elvPowertrain,calstainlessSteel,,1530183.1572882112,770804.7720222055,292517.45216564136,932609.0607607639,1426673.3109753479,2070893.9397435687,3151171.67719516,952291.763235855
2040,ELV_loss_dismantling,BEV,elvSteering,calAl_6xxx,,823150.6299389389,464565.4510300007,137633.63457978127,440710.1170458138,749314.0386317787,1151207.1343127755,1813983.1977172373,353184.85629701614
2040,ELV_loss_dismantling,BEV,elvSteering,calAl_7xxx,,205798.9543544519,116147.7384257977,34410.297520665015,110183.57754058272,187338.7931987254,287817.58267563826,453520.6944255693,88301.06116197108
2040,ELV_loss_dismantling,BEV,elvSteering,calHSS,,798947.6703491589,450905.91117285314,133586.81596023397,427751.9915634117,727282.0839233128,1117358.3844754514,1760646.9547088984,342800.2213422776
2040,ELV_loss_dismantling,BEV,elvSteering,calMagnesium,,233164.1835000663,131591.98344996138,38985.85855582921,124834.76397124103,212249.3619614626,326088.8854952352,513825.6544977116,100042.51427128314
2040,ELV_loss_dismantling,BEV,elvSteering,calalloySteel,,1065298.9837687286,601227.8735825451,178121.6775125518,570354.9541841806,969741.6910648409,1489860.72012322,2347607.335543276,457082.16067771905
2040,ELV_loss_dismantling,BEV,elvSteering,calcastAluminiumAlSiCu,,411722.5980751207,232365.84838451823,68841.44353496133,220433.91305131227,374791.0911305776,575809.548122474,907316.1677397464,176655.62212615012
2040,ELV_loss_dismantling,BEV,elvSteering,calcastAluminiumAlSiMg,,617356.754073121,348420.5787750798,103224.18619999452,330529.2584988622,561979.8683813813,863396.6540946148,1360473.694795041,264885.9741351128
2040,ELV_loss_dismantling,BEV,elvSteering,calmildSteel,,2663765.9048617436,1503362.281484533,445390.8796534817,1426164.9581697462,2424826.1685587848,3725376.865766889,5870160.840950451,1142927.8483177184
2040,ELV_loss_dismantling,BEV,elvSteering,calstainlessSteel,,799283.1873863267,451095.2685249962,133642.91557020726,427931.62545706745,727587.5050904796,1117827.6176787352,1761386.3361122943,342944.1798502923
2040,ELV_loss_dismantling,BEV,elvThermalManagement,calAl_6xxx,,1373840.1946040043,775942.617454887,223036.5299214242,737030.5557209023,1253134.810677071,1927354.3703033514,3037564.9851290025,588634.9446590423
2040,ELV_loss_dismantling,BEV,elvThermalManagement,calAl_7xxx,,171720.36273536016,96987.37033209643,27877.997726207548,92123.63626609278,156633.0386102872,240905.74208557841,379674.2613349805,73575.22848186492
2040,ELV_loss_dismantling,BEV,elvThermalManagement,calMagnesium,,388985.7016690686,219698.4661615775,63150.00931700541,208681.00161480246,354809.4789566548,545706.331087141,860048.6080889304,166664.63674192427
2040,ELV_loss_dismantling,BEV,elvThermalManagement,calOthers,,889104.4878484086,502164.7104238612,144341.95511686342,476982.0954042939,810987.9070565391,1247320.7779489134,1965812.8150689567,380945.3043056488
2040,ELV_loss_dismantling,BEV,elvThermalManagement,calalloySteel,,1777439.6373363915,1003894.8998434296,288559.01174923155,953551.4602147755,1621274.0697002816,2493562.2544936077,3929924.6206067284,761560.9782474517
2040,ELV_loss_dismantling,BEV,elvThermalManagement,calcastAluminiumAlSiCu,,687010.1858092749,388022.1905639266,111532.8904085093,368563.6080686078,626649.578683695,963803.569922545,1518981.6785370249,294356.07161035534
2040,ELV_loss_dismantling,BEV,elvThermalManagement,calcastAluminiumAlSiMg,,1030380.6165826303,581957.2289019823,167277.47384558685,552773.1692715816,939851.537287985,1445516.4379717484,2278174.7794103352,441476.41014003754
2040,ELV_loss_dismantling,BEV,elvThermalManagement,calmildSteel,,1777363.3610841285,1003851.8191452064,288546.62865643296,953510.5399324788,1621204.4950675736,2493455.24687458,3929755.973573412,761528.2969591141
2040,ELV_loss_dismantling,BEV,elvThermalManagement,calstainlessSteel,,4442640.774430254,2509195.992709216,721241.950780135,2383364.5366522935,4052311.053089104,6232561.214846449,9822692.705395387,1903491.844734192
2040,ELV_loss_dismantling,BEV,elvTransmission,calAl_6xxx,,2558498.9605412106,1415514.2763348992,438096.4663080396,1399259.7273659112,2342265.256678231,3565307.9480354907,5551759.891374252,1177179.9935760496
2040,ELV_loss_dismantling,BEV,elvTransmission,calAl_7xxx,,639709.2041090742,353925.2995935095,109538.57949804695,349861.1257382644,585643.6395991386,891444.6888651777,1388123.2536301035,294333.8607510566
2040,ELV_loss_dismantling,BEV,elvTransmission,calHSS,,2482202.58355377,1373302.568406159,425032.09783816425,1357532.742399746,2272417.1325303502,3458987.764414196,5386202.206126478,1142075.5944900513
2040,ELV_loss_dismantling,BEV,elvTransmission,calMagnesium,,724449.1542376041,400808.49596481776,124048.75647250835,396205.95579000906,663221.721161742,1009531.122500261,1572002.8891415088,333323.1960943222
2040,ELV_loss_dismantling,BEV,elvTransmission,calalloySteel,,3310573.528999116,1831606.7997007794,566875.573090188,1810574.2019266654,3030777.6068093386,4613335.513335391,7183707.955016993,1523213.8006324768
2040,ELV_loss_dismantling,BEV,elvTransmission,calcastAluminiumAlSiCu,,1918436.53660497,1061393.5544583444,328497.404331595,1049205.4234060864,1756298.2499244045,2673371.041867659,4162870.175963415,882683.614363861
2040,ELV_loss_dismantling,BEV,elvTransmission,calcastAluminiumAlSiMg,,1279331.5543846728,707802.5464642564,219062.2868549995,699674.7505499213,1171207.7658900064,1782768.3455675193,2776058.040648909,588627.759556961
2040,ELV_loss_dismantling,BEV,elvTransmission,calmildSteel,,8277402.012418004,4579552.659682304,1417354.7176600362,4526965.014183167,7577830.379553471,11534687.970995374,17961370.790473923,3808479.971296692
2040,ELV_loss_dismantling,BEV,elvTransmission,calstainlessSteel,,2480896.3911385145,1372579.904828823,424808.43611687084,1356818.3772696261,2271221.3340719673,3457167.565042768,5383367.861937453,1141474.6078948975
2040,ELV_loss_dismantling,BEV,elvTrim,calAl_6xxx,,605144.2536582598,340478.41810229863,97938.07133875188,327080.878895753,551142.0179428449,845517.9035435854,1331867.9957261153,259013.0546742439
2040,ELV_loss_dismantling,BEV,elvTrim,calAl_7xxx,,151318.85541718703,85138.05462092246,24489.824975047854,81787.94382356167,137815.3701754014,211425.29343293974,333039.1711756575,64767.29925878048
2040,ELV_loss_dismantling,BEV,elvTrim,calHSS,,1957072.6856685346,1101127.5544623104,316737.576446309,1057799.1119003973,1782426.2276632406,2734455.436477377,4307340.703632737,837663.6999692917
2040,ELV_loss_dismantling,BEV,elvTrim,calMagnesium,,171289.4067820055,96374.28746328861,27721.909345704924,92582.040359966,156003.77717439272,239328.48944036054,376992.55594137794,73315.06862329243
2040,ELV_loss_dismantling,BEV,elvTrim,calalloySteel,,586848.5165418506,330184.502901497,94977.04312759441,317192.02059476986,534478.967086571,819954.7866554479,1291600.7262672125,251182.1371212959
2040,ELV_loss_dismantling,BEV,elvTrim,calcastAluminiumAlSiCu,,378226.475271969,212805.37856306296,61213.12611572737,204431.66601307748,344474.06806001527,528464.5016512583,832442.4044444606,161888.00294580456
2040,ELV_loss_dismantling,BEV,elvTrim,calcastAluminiumAlSiMg,,378236.549010439,212811.046452195,61214.756474953225,204437.11087554228,344483.24283200566,528478.5768509824,832464.5758354709,161892.31469421386
2040,ELV_loss_dismantling,BEV,elvTrim,calmildSteel,,782874.6416697687,440476.65983234346,126702.40532177789,423144.27397198917,713011.9920957272,1093845.8421450523,1723036.571201329,335084.98368787766
2040,ELV_loss_dismantling,BEV,elvTrim,calstainlessSteel,,587263.402423456,330417.93433178496,95044.18930443485,317416.26669473125,534856.8291262775,820534.4723067685,1292513.8527230092,251359.71603555678
2040,ELV_loss_dismantling,BEV,elvWheels,calAl_6xxx,,2467903.3859668085,1388090.77652194,412966.65848650184,1329440.2349565455,2245268.1747093834,3452437.1437780084,5429534.140315952,1059946.4836406708
2040,ELV_loss_dismantling,BEV,elvWheels,calAl_7xxx,,616584.2391496005,346802.4316426257,103176.13499983148,332149.1029294987,560960.764129612,862561.4526130455,1356521.975649381,264818.42841625214
2040,ELV_loss_dismantling,BEV,elvWheels,calMagnesium,,698261.9633136104,392742.68044006784,116843.67847523354,376148.2535529654,635270.1539099982,976823.303513101,1536217.8237014185,299898.4145339012
2040,ELV_loss_dismantling,BEV,elvWheels,calcastAluminiumAlSiCu,,1234130.6085998483,694146.0206918722,206513.26809121962,664816.4979202768,1122796.8625839995,1726468.8632591306,2715160.695148826,530050.0847711562
2040,ELV_loss_dismantling,BEV,elvWheels,calcastAluminiumAlSiMg,,1849924.6622078686,1040504.0065477438,309557.1773789157,996539.9340841998,1683038.7256177603,2587924.8974308623,4069944.2156384178,794529.1342672348
2040,ELV_loss_dismantling,BEV,elvWheels,calmildSteel,,15961393.41086274,8977605.48489908,2670900.0600079014,8598277.682599932,14521479.590006992,22328956.551323116,35116014.24273052,6855301.91986084
2040,ELV_shredded,BEV,elvBIW,,,1471865607.2768843,137553540.1635432,1200565728.5429552,1375684652.344551,1474439944.1196818,1569074986.2984571,1733508663.5000343,1548450226.0994139
2040,ELV_shredded,BEV,elvBattery,,,94663749.34576018,48091378.22064096,23129889.5313283,55685142.6372634,87116338.27148959,128507399.32172461,197358758.98812696,25721760.19404297
2040,ELV_shredded,BEV,elvBrakes,,,141568210.269263,13161707.87454037,115621188.33278097,132305076.02724335,141809031.10995334,150884276.94469517,166441012.630775,148882166.2989502
2040,ELV_shredded,BEV,elvChassis,,,736391741.6223063,68691824.37189448,601732906.2430307,688252762.5933037,737297956.0769894,785070147.6283615,866444882.3160216,774081427.9741454
2040,ELV_shredded,BEV,elvClosures,,,407916425.341942,38324157.98674042,332748075.4915879,381123452.0057223,408500612.85688996,435046664.8391425,480736507.6096862,428853295.4584839
2040,ELV_shredded,BEV,elvDriveline,,,122078930.72662781,18575173.28526184,85168362.85113055,109117667.8296088,122399395.04718092,135218638.83798638,157190878.4617307,132171379.36053465
2040,ELV_shredded,BEV,elvPowertrain,,,161573828.8098979,50527205.08519341,68424619.12052943,125554463.0957556,159281486.38693517,196374983.87665322,263108118.56245697,158451705.12753907
2040,ELV_shredded,BEV,elvSteering,,,84946091.4811043,7974543.978270481,69264263.10362177,79401442.8299525,85076408.13320267,90557257.794736,100168776.41726749,89347867.98018798
2040,ELV_shredded,BEV,elvThermalManagement,,,139685650.80990323,13056493.797662888,113884613.76241052,130556463.33441192,139846564.53554326,148951568.29052424,164355713.04365873,146841054.88461608
2040,ELV_shredded,BEV,elvTransmission,,,87097954.6397423,24882512.568863116,38473899.86221958,69645391.59780309,87148177.65399551,104661803.67798704,134771344.43464965,98022531.59533082
2040,ELV_shredded,BEV,elvTrim,,,62273404.67811891,5827087.80359181,50812537.16558895,58235554.550351866,62319760.65437648,66407547.35419525,73327736.72303593,65495211.577705376
2040,ELV_shredded,BEV,elvWheels,,,107879275.63294746,23766750.178756833,60954815.508504786,91370683.33854634,108228570.15844451,124771287.56886195,152581645.05126724,120922715.09666748
2040,ELV_shredded,BEV,elvBIW,calAHSS,,231661545.32865277,21649983.206461847,188960806.3180734,216523323.10194212,232066728.2803098,246961634.44904476,272842366.7497787,243715438.73924553
2040,ELV_shredded,BEV,elvBIW,calAl_5xxx,,159099673.03091267,14868696.677241758,129773814.8910842,148703099.86154142,159377943.1038973,169607412.5564554,187381687.6999877,167378002.08053586
2040,ELV_shredded,BEV,elvBIW,calAl_6xxx,,238538860.5391378,22292704.287344366,194570468.57614547,222951231.28705418,238956072.12020117,254293162.0126425,280942213.2575405,250950596.78627312
2040,ELV_shredded,BEV,elvBIW,calHSS,,231616721.28077525,21645794.164718144,188924244.4095471,216481428.13923892,232021825.83383578,246913849.99646872,272789574.6504562,243668282.3910522
2040,ELV_shredded,BEV,elvBIW,calMagnesium,,45024849.29551488,4207807.686590647,36725697.46161465,42082642.493808985,45103599.099715605,47998515.92575467,53028595.777138546,47367597.78001708
2040,ELV_shredded,BEV,elvBIW,calUHSS,,128579569.82461298,12016433.385384379,104879293.43482976,120177372.13116997,128804459.32688414,137071608.82308945,151436243.32146233,135269866.33993223
2040,ELV_shredded,BEV,elvBIW,calmildSteel,,437344388.4107913,40872120.79631613,356731403.805267,408765555.7349801,438109316.78910947,466228802.9971461,515087982.5542461,460100442.4384277
2040,ELV_shredded,BEV,elvBattery,battery,,94663749.34576018,48091378.22064096,23129889.5313283,55685142.6372634,87116338.27148959,128507399.32172461,197358758.98812696,25721760.19404297
2040,ELV_shredded,BEV,elvBrakes,calMagnesium,,4331515.116833479,402704.3678343073,3537622.776590454,4048094.1007575444,4338883.43144249,4616555.688846872,5092539.920509282,4555297.779948235
2040,ELV_shredded,BEV,elvBrakes,calcastAluminiumAlSiCu,,38259606.31867913,3557025.6966842916,31247277.47349719,35756192.10794161,38324689.50748698,40777325.81772959,44981621.27234542,40236244.13726654
2040,ELV_shredded,BEV,elvBrakes,calcastIron,,69279958.26064552,6441012.2191460915,56582131.58523248,64746810.935908765,69397809.98568735,73839009.40072666,81452088.61500496,72859226.28623657
2040,ELV_shredded,BEV,elvBrakes,calmildSteel,,19793311.498345226,1840199.7405738414,16165537.390963627,18498189.513299607,19826981.782839254,21095834.213688314,23270893.95871397,20815909.790048216
2040,ELV_shredded,BEV,elvBrakes,calstainlessSteel,,9903819.092940593,920765.8519921335,8088619.12134589,9255789.38632711,9920666.420709096,10555551.843081074,11643868.885576589,10415488.324570844
2040,ELV_shredded,BEV,elvChassis,calAHSS,,154499759.03680763,14411989.860010846,126247462.8168074,144399889.30731586,154689888.7014556,164712804.04144427,181785750.66796413,162407299.45368344
2040,ELV_shredded,BEV,elvChassis,calAl_6xxx,,79587883.91728067,7424087.798883273,65034201.206239566,74385110.3684951,79685825.93203571,84848957.75544335,93643791.49957673,83661316.8643158
2040,ELV_shredded,BEV,elvChassis,calAl_7xxx,,19900752.12774561,1856374.6614215125,16261640.017674804,18599811.5614807,19925242.28457097,21216270.53614885,23415396.806783732,20919303.88962173
2040,ELV_shredded,BEV,elvChassis,calHSS,,257340956.48419046,24005184.723505437,210282805.86016634,240518210.91645193,257657644.03154695,274352211.30099016,302789591.6714375,270512070.97008055
2040,ELV_shredded,BEV,elvChassis,calMagnesium,,22547505.861137692,2103268.1724884454,18424400.306912903,21073543.226230353,22575253.151843857,24037985.157272052,26529590.10557904,23701522.63765716
2040,ELV_shredded,BEV,elvChassis,calUHSS,,102996789.35978672,9607708.731204443,84162482.94505365,96263742.25618625,103123538.71617976,109805284.41261059,121186911.79122427,108268326.86734313
2040,ELV_shredded,BEV,elvChassis,calcastAluminiumAlSiCu,,39800524.67263295,3712657.9457540987,32522479.58199455,37198707.5768325,39849503.78079465,42431496.73513897,46829641.02791721,41837578.05979538
2040,ELV_shredded,BEV,elvChassis,calcastAluminiumAlSiMg,,59717570.23015519,5570552.484916456,48797433.563281395,55813747.44333356,59791059.5460754,63665137.76120116,70264208.82487832,62774009.302529894
2040,ELV_shredded,BEV,elvClosures,calAHSS,,57059496.52492559,5360797.025106385,46544920.66915979,53311685.76273595,57141212.884964615,60854484.1992102,67245595.86529435,59988153.459139995
2040,ELV_shredded,BEV,elvClosures,calAHSS_DualPhase,,57020584.69271461,5357141.219376188,46513179.271957666,53275329.75720447,57102245.32612645,60812984.367934786,67199737.60325915,59947244.42376097
2040,ELV_shredded,BEV,elvClosures,calAl_5xxx,,77137188.47528437,7247116.355517374,62922818.056337915,72070624.57725848,77247658.60996373,82267529.56346409,90907500.38651483,81096360.49172972
2040,ELV_shredded,BEV,elvClosures,calAl_6xxx,,33072101.47112907,3107157.160123163,26977776.410341594,30899842.945020624,33119464.87101259,35271704.080500126,38976039.14139081,34769572.4479393
2040,ELV_shredded,BEV,elvClosures,calHSS,,142640183.2701561,13401188.52610713,116355320.65453129,133271218.4783433,142844461.91406327,152127083.26639906,168103903.8636864,149961386.35243836
2040,ELV_shredded,BEV,elvClosures,calMagnesium,,12477986.90046599,1172319.4056946116,10178619.612237493,11658401.442406451,12495856.943705423,13307889.184417399,14705521.69969865,13118436.69562187
2040,ELV_shredded,BEV,elvClosures,calOthers,,28508883.99972379,2678438.294106936,23255440.810869534,26636349.035705894,28549712.299500577,30404990.169172727,33598209.04095302,29972141.57992401
2040,ELV_shredded,BEV,elvDriveline,calAl_6xxx,,3297258.5363689247,501701.22161794454,2300332.332270366,2947184.7400557986,3305914.0325323995,3652152.0014222106,4245605.3863045545,3569847.8538944246
2040,ELV_shredded,BEV,elvDriveline,calAl_7xxx,,3299365.3720548437,502021.7915780236,2301802.1661319346,2949067.8905321285,3308026.398784999,3654485.6019215733,4248318.183265284,3572128.8648521425
2040,ELV_shredded,BEV,elvDriveline,calMagnesium,,3737751.354855227,568725.3213999043,2607642.135648056,3340909.9206649736,3747563.1703847423,4140056.33494726,4812791.326432081,4046756.8755512233
2040,ELV_shredded,BEV,elvDriveline,calalloySteel,,17070915.09373102,2597460.545539337,11909523.471822158,15258476.066737838,17115727.242511906,18908307.01869556,21980796.553159006,18482193.294578552
2040,ELV_shredded,BEV,elvDriveline,calcastAluminiumAlSiCu,,18479036.97200352,2811716.254857857,12891899.663631063,16517095.99781354,18527545.522925958,20467989.124073513,23793917.89776263,20006726.724313356
2040,ELV_shredded,BEV,elvDriveline,calcastAluminiumAlSiMg,,7914239.740864845,1204207.5871131863,5521369.149687291,7073975.64860236,7935015.082245663,8766072.235623058,10190507.811778648,8568521.831850434
2040,ELV_shredded,BEV,elvDriveline,calcastIron,,8532439.056304412,1298270.9880683806,5952655.8860495165,7626540.019482066,8554837.2069809,9450810.129924422,10986511.617513083,9237828.613578035
2040,ELV_shredded,BEV,elvDriveline,calmildSteel,,42679565.10265457,6493997.881556654,29775397.48550959,38148225.744312,42791601.45283159,47273290.034800336,54954923.76054673,46207948.87823486
2040,ELV_shredded,BEV,elvDriveline,calstainlessSteel,,17068359.476207443,2597071.6902465457,11907740.545323199,15256191.782116586,17113164.916343115,18905476.332672406,21977505.897178054,18479426.40031433
2040,ELV_shredded,BEV,elvPowertrain,calAl_6xxx,,2126907.1516879853,665124.2632675675,900720.2022191931,1652759.5307461636,2096731.4757791497,2585018.6301599876,3463472.662370795,2085808.495814228
2040,ELV_shredded,BEV,elvPowertrain,calAl_7xxx,,2125649.3802785506,664730.9342586375,900187.5507974548,1651782.1520755459,2095491.5491084415,2583489.94917206,3461424.497321073,2084575.0285754206
2040,ELV_shredded,BEV,elvPowertrain,calHSS,,5500843.692174461,1720218.3015858873,2329542.706581864,4274550.41099038,5422800.004960149,6685662.519204814,8957617.981913665,5394549.7800304415
2040,ELV_shredded,BEV,elvPowertrain,calMagnesium,,4814833.464834379,1505689.8739150004,2039025.4312020694,3741471.2210850595,4746522.606001377,5851893.533686565,7840513.426308832,4721795.466676522
2040,ELV_shredded,BEV,elvPowertrain,calalloySteel,,5501592.212248661,1720452.3780299383,2329859.696043329,4275132.064818384,5423537.905342205,6686572.261943382,8958836.87800519,5395283.836300277
2040,ELV_shredded,BEV,elvPowertrain,calcastAluminiumAlSiCu,,34000737.715389505,10632676.469000742,14398913.147808177,26421013.849576015,33518349.36047393,41324107.807767116,55367073.96194157,33343734.602813724
2040,ELV_shredded,BEV,elvPowertrain,calcastAluminiumAlSiMg,,8500790.718321944,2658358.7154843067,3599985.0434247954,6605724.592836481,8380185.027809623,10331763.829236016,13842755.77712787,8336528.224724198
2040,ELV_shredded,BEV,elvPowertrain,calcastIron,,87999309.7753483,27519055.561937068,37266674.30362229,68381780.47164094,86750812.09181063,106953354.79499401,143298781.74161556,86298881.36373901
2040,ELV_shredded,BEV,elvPowertrain,calmildSteel,,5500515.91533998,1720115.7995441898,2329403.8969415836,4274295.704861476,5422476.878487355,6685264.1429884415,8957084.22748782,5394228.336893845
2040,ELV_shredded,BEV,elvPowertrain,calstainlessSteel,,5502648.783966639,1720782.7880739085,2330307.141758446,4275953.096886201,5424579.486859172,6687856.407127108,8960557.407863839,5396319.991669846
2040,ELV_shredded,BEV,elvSteering,calAl_6xxx,,9178123.107876008,861621.1185892962,7483757.317813326,8579043.538435077,9192203.358716404,9784389.674204541,10822880.08186338,9653719.405451775
2040,ELV_shredded,BEV,elvSteering,calAl_7xxx,,2294656.7369782967,215417.10448371273,1871042.0360884713,2144878.6228860985,2298176.992924911,2446231.6989263073,2705868.5530208866,2413562.3384272098
2040,ELV_shredded,BEV,elvSteering,calHSS,,8908260.297096858,836287.0176891186,7263713.659514489,8326795.363523141,8921926.548688866,9496700.90949692,10504656.758283094,9369872.71668892
2040,ELV_shredded,BEV,elvSteering,calMagnesium,,2599778.8286570897,244061.26569712968,2119835.7883174187,2430084.6152533684,2603767.1754690465,2771508.818017442,3065669.76398232,2734495.390081739
2040,ELV_shredded,BEV,elvSteering,calalloySteel,,11878075.365683537,1115086.4357534912,9685273.600567754,11102763.006912248,11896297.640399642,12662688.938840436,14006674.760748386,12493579.05852432
2040,ELV_shredded,BEV,elvSteering,calcastAluminiumAlSiCu,,4590703.759418036,430964.7257735706,3743217.6981779924,4291056.783745744,4597746.404162154,4893945.519475223,5413376.536310021,4828587.004781436
2040,ELV_shredded,BEV,elvSteering,calcastAluminiumAlSiMg,,6883522.996006397,646209.3299407398,5612761.453318601,6434217.844591994,6894083.077769326,7338218.340793297,8117078.301400858,7240216.626359749
2040,ELV_shredded,BEV,elvSteering,calmildSteel,,29700969.07682302,2788258.7647138876,24217897.500642717,27762310.861261204,29746533.631785855,31662884.854939282,35023503.4827265,31240027.854017638
2040,ELV_shredded,BEV,elvSteering,calstainlessSteel,,8912001.309446136,836638.2153367373,7266764.046637855,8330292.1904282775,8925673.300162762,9500689.036717607,10509068.1752542,9373807.582574654
2040,ELV_shredded,BEV,elvThermalManagement,calAl_6xxx,,15305338.466589483,1430598.3155858214,12478322.216092164,14305054.590420306,15322969.762435269,16320603.831515126,18008433.95485337,16089355.154013824
2040,ELV_shredded,BEV,elvThermalManagement,calAl_7xxx,,1913059.6728739399,178814.72870416514,1559702.5226749058,1788031.2228920893,1915263.4608618186,2039960.7035923866,2250927.5992718753,2011056.2451709746
2040,ELV_shredded,BEV,elvThermalManagement,calMagnesium,,4333515.532659859,405056.05512229085,3533081.170534847,4050297.6395103023,4338507.613989876,4620975.24733922,5098863.27784204,4555500.070945931
2040,ELV_shredded,BEV,elvThermalManagement,calOthers,,9905114.999642277,925836.4893468232,8075562.446579844,9257763.956254901,9916525.39826407,10562161.573077722,11654470.084125701,10412504.9843544
2040,ELV_shredded,BEV,elvThermalManagement,calalloySteel,,19801659.14508485,1850871.8562873697,16144137.143061606,18507517.208435472,19824470.06895867,21115183.752329133,23298855.60448112,20816000.072097015
2040,ELV_shredded,BEV,elvThermalManagement,calcastAluminiumAlSiCu,,7653672.869016838,715392.9681700303,6239979.364365943,7153465.338091388,7662489.673098309,8161372.126720049,9005397.866542963,8045732.62401638
2040,ELV_shredded,BEV,elvThermalManagement,calcastAluminiumAlSiMg,,11479009.09301606,1072949.226762341,9358745.936706122,10728795.843226885,11492232.570940264,12240458.464504715,13506331.635200003,12067021.877161026
2040,ELV_shredded,BEV,elvThermalManagement,calmildSteel,,19800809.38551133,1850792.4287975966,16143444.34075686,18506722.98509213,19823619.330487333,21114277.62474615,23297855.767777696,20815106.78354912
2040,ELV_shredded,BEV,elvThermalManagement,calstainlessSteel,,49493471.660818204,4626181.730317446,40351638.63412003,46258814.564797476,49550486.6718349,52776574.98302488,58234577.27157743,52028777.089401245
2040,ELV_shredded,BEV,elvTransmission,calAl_6xxx,,9413853.245080288,2689389.465700043,4158394.402795605,7527518.8540272,9419281.525085952,11312215.817986626,14566560.872728594,10594619.942184446
2040,ELV_shredded,BEV,elvTransmission,calAl_7xxx,,2353774.091718235,672436.1514996955,1039735.8821757305,1882128.2202151697,2355131.3409239845,2828427.405772144,3642121.1054658527,2649004.7467595097
2040,ELV_shredded,BEV,elvTransmission,calHSS,,9133125.010608329,2609189.8347032433,4034387.9318486555,7303042.5399366,9138391.41519247,10974876.973639462,14132174.993782954,10278680.350410461
2040,ELV_shredded,BEV,elvTransmission,calMagnesium,,2665569.979388503,761511.3212435234,1177465.9105018382,2131446.8957822295,2667107.018457003,3203098.890515127,4124579.633273152,2999908.7648489
2040,ELV_shredded,BEV,elvTransmission,calalloySteel,,12181069.384703875,3479939.492503158,5380760.612121215,9740244.198462635,12188093.315677429,14637458.454714265,18848423.07053686,13708924.205692291
2040,ELV_shredded,BEV,elvTransmission,calcastAluminiumAlSiCu,,7058779.50084412,2016582.0239645848,3118084.4233171595,5644351.403798801,7062849.782229573,8482226.676611802,10922428.745099656,7944152.5292747505
2040,ELV_shredded,BEV,elvTransmission,calcastAluminiumAlSiMg,,4707228.609633735,1344781.0058019294,2079330.5985739653,3764000.902367156,4709942.923770417,5656470.793679107,7283747.717218061,5297649.83601265
2040,ELV_shredded,BEV,elvTransmission,calmildSteel,,30456235.862199493,8700866.45290343,13453475.154372131,24353459.067913342,30473797.743808918,36597926.917625986,47126569.96992784,34276319.74167023
2040,ELV_shredded,BEV,elvTransmission,calstainlessSteel,,9128318.94896957,2607816.8186590928,4032264.943599551,7299199.51002552,9133582.582249802,10969101.739516221,14124738.316410102,10273271.471054077
2040,ELV_shredded,BEV,elvTrim,calAl_6xxx,,6731429.669092063,629877.7452148016,5492569.773665709,6294959.167922426,6736440.507916966,7178308.891608353,7926345.204604701,7079690.161096
2040,ELV_shredded,BEV,elvTrim,calAl_7xxx,,1683222.1849429137,157503.56858298392,1373440.078833654,1574080.9078654433,1684475.1661801655,1794966.2063925085,1982015.8197843963,1770306.1797399996
2040,ELV_shredded,BEV,elvTrim,calHSS,,21769845.885900933,2037062.275677691,17763298.937711135,20358274.197373353,21786051.23815739,23215080.001390554,25634274.147585135,22896141.132493973
2040,ELV_shredded,BEV,elvTrim,calMagnesium,,1905368.162786376,178290.35749872553,1554702.060793719,1781822.788652472,1906786.5082545998,2031859.782702255,2243595.5721937004,2003945.2090366597
2040,ELV_shredded,BEV,elvTrim,calalloySteel,,6527913.785236617,610834.223654016,5326509.182219901,6104639.393094194,6532773.127968945,6961282.204785651,7686702.6280112965,6865645.0813154215
2040,ELV_shredded,BEV,elvTrim,calcastAluminiumAlSiCu,,4207269.426902037,393685.3700330895,3432958.824479093,3934467.201284591,4210401.294874743,4486577.298013484,4954113.982580309,4424938.747185324
2040,ELV_shredded,BEV,elvTrim,calcastAluminiumAlSiMg,,4207381.4839225,393695.8555059912,3433050.2583993417,3934571.9924512487,4210513.435309829,4486696.794160054,4954245.931166339,4425056.601641846
2040,ELV_shredded,BEV,elvTrim,calmildSteel,,8708445.231460007,814872.3401069826,7105733.165951963,8143783.689791347,8714927.749679089,9286572.52769089,10254306.513352605,9158989.554135323
2040,ELV_shredded,BEV,elvTrim,calstainlessSteel,,6532528.8420860255,611266.0667757962,5330274.878810508,6108955.206502758,6537391.620241017,6966203.641277739,7692136.916940327,6870498.9049718855
2040,ELV_shredded,BEV,elvWheels,calAl_6xxx,,11662577.414610377,2569368.048007197,6589683.240736527,9877871.923124004,11700338.832827248,13488733.511184666,16495246.533853533,13072673.29823494
2040,ELV_shredded,BEV,elvWheels,calAl_7xxx,,2913793.7338230824,641934.3042293305,1646375.1580918052,2467900.558331877,2923228.0963888355,3370042.983196982,4121194.1648504855,3266093.9504671097
2040,ELV_shredded,BEV,elvWheels,calMagnesium,,3299778.3661748,726970.102589297,1864467.297810728,2794818.5822918266,3310462.480541493,3816466.0730606765,4667120.802039979,3698747.112584782
2040,ELV_shredded,BEV,elvWheels,calcastAluminiumAlSiCu,,5832134.2092966065,1284870.2955046608,3295319.3527000444,4939652.077741561,5851017.655994956,6745344.64844054,8248819.122979634,6537284.378844259
2040,ELV_shredded,BEV,elvWheels,calcastAluminiumAlSiMg,,8742193.761261927,1925981.9267338736,4939584.593341257,7404389.890068218,8770499.479887929,10111068.742066976,12364731.758014174,9799192.655962562
2040,ELV_shredded,BEV,elvWheels,calmildSteel,,75428798.12789488,16617625.497311462,42619385.8545884,63886050.29014615,75673023.59285387,87239631.58791254,106684532.64140348,84548723.67828369
2040,ELV_reused,BEV,elvBIW,calAHSS,,36491267.87843497,15091446.49830996,8160056.542699271,25723983.822140336,36333921.10977447,47004834.2581821,65944821.73277553,37894778.58445586
2040,ELV_reused,BEV,elvBIW,calAl_5xxx,,25078299.767189484,10388214.993603753,5552545.89672776,17671832.12810059,24981550.724041242,32366515.389520604,45520148.59780364,26025238.128376
2040,ELV_reused,BEV,elvBIW,calAl_6xxx,,37605290.08173458,15569262.158009639,8399868.875468953,26530302.884915054,37393479.06826482,48470674.28396973,68145169.38206677,39019757.42713393
2040,ELV_reused,BEV,elvBIW,calHSS,,36488442.0334798,15089727.159939473,8141011.9701635325,25735783.908281874,36391159.22495212,47034943.36999132,65925470.573189795,37887446.347389214
2040,ELV_reused,BEV,elvBIW,calMagnesium,,7096031.46644861,2939357.4388284655,1582002.395933057,5000523.667039296,7047067.887346895,9154406.089800369,12874702.589029642,7365083.801161192
2040,ELV_reused,BEV,elvBIW,calUHSS,,20257340.423726924,8381146.547223719,4498356.834611296,14286574.260007136,20170207.07133913,26149379.014795132,36611942.01379147,21032814.583343122
2040,ELV_reused,BEV,elvBIW,calmildSteel,,68934014.8593821,28547727.549455147,15244932.684570411,48551651.379458,68507395.73819727,88898056.95778498,124760542.33899578,71540007.81817016
2040,ELV_reused,BEV,elvBattery,battery,,1004802608.1464361,82631904.63684423,839222616.4837011,946521567.5215508,1009082638.9365319,1065874230.7492126,1153929354.4900277,1099605248.295337
2040,ELV_reused,BEV,elvBrakes,calMagnesium,,681053.126555285,282189.24733636645,156035.9646722168,478567.67254738073,678063.3331712778,879526.3203228182,1232008.2972802494,708293.2523699999
2040,ELV_reused,BEV,elvBrakes,calcastAluminiumAlSiCu,,6015804.838582598,2491761.2069694605,1373367.454049669,4220965.6312667485,5985629.214863343,7780665.546909839,10878100.132964583,6256245.277440834
2040,ELV_reused,BEV,elvBrakes,calcastIron,,10892488.560915826,4513922.762120945,2480414.1437084214,7655414.805197605,10816233.088656733,14067851.872813376,19742503.611885816,11328721.160359954
2040,ELV_reused,BEV,elvBrakes,calmildSteel,,3114569.3349765893,1290351.2831522203,713453.0004110176,2185527.194552176,3097211.561387062,4020035.455287641,5635522.306344715,3236620.1197940824
2040,ELV_reused,BEV,elvBrakes,calstainlessSteel,,1558127.880053219,646166.9549052063,355525.5931885973,1095027.6820669593,1548631.9189309217,2012684.7997690002,2819109.0820967294,1619481.4163204667
2040,ELV_reused,BEV,elvChassis,calAHSS,,24263860.362019762,10054732.640964681,5426643.262863922,17035174.982190385,24128848.54946438,31374067.935883567,43893280.60536131,25252354.48822517
2040,ELV_reused,BEV,elvChassis,calAl_6xxx,,12495672.105700005,5179352.815398506,2798582.168022787,8765177.09976019,12424499.118282389,16138379.021951692,22619437.38951106,13008314.512439346
2040,ELV_reused,BEV,elvChassis,calAl_7xxx,,3126454.4950943105,1296981.6876950634,697999.771567632,2196943.6233511204,3105374.5142893717,4042748.7777847415,5670791.302949569,3252696.6413741102
2040,ELV_reused,BEV,elvChassis,calHSS,,40418490.69378997,16752400.419623034,9102020.547961285,28408131.061238367,40189188.873797685,52198136.3601275,73074511.29604363,42061328.10815277
2040,ELV_reused,BEV,elvChassis,calMagnesium,,3541607.337320446,1465672.9739520005,790228.8221790007,2491273.3500777883,3525761.5923543535,4572620.800289531,6395465.463372802,3685297.7271966925
2040,ELV_reused,BEV,elvChassis,calUHSS,,16186342.140701802,6707297.390924636,3600331.913600858,11381310.279269313,16129636.22218147,20859026.573451206,29268704.053502176,16834404.482422255
2040,ELV_reused,BEV,elvChassis,calcastAluminiumAlSiCu,,6251625.365764929,2592707.0134174637,1392366.3862466868,4388117.21918878,6214899.80325287,8063581.519777566,11313191.059898166,6505233.173931599
2040,ELV_reused,BEV,elvChassis,calcastAluminiumAlSiMg,,9378842.107286196,3883524.7516378094,2094935.1496132421,6586446.034072105,9344915.754699081,12097277.633284668,16959876.97339702,9760592.909844587
2040,ELV_reused,BEV,elvClosures,calAHSS,,8975739.72021027,3749861.1579436148,1945695.238627391,6287916.783268359,8946795.193763305,11613777.00741503,16278140.401857888,9327426.300049208
2040,ELV_reused,BEV,elvClosures,calAHSS_DualPhase,,8964902.381554956,3747791.5040811133,1938391.3808429912,6292593.215452627,8926198.403887263,11575504.2086124,16300338.60267791,9321065.443938443
2040,ELV_reused,BEV,elvClosures,calAl_5xxx,,12138008.339360883,5078041.579473903,2645328.0568858776,8508554.810156079,12105148.323725177,15685323.920484122,22077253.50966011,12609495.076457975
2040,ELV_reused,BEV,elvClosures,calAl_6xxx,,5202045.971159183,2173779.6733356435,1122283.2516986544,3641593.0043551903,5177232.490726838,6730076.612169022,9466276.499805383,5406244.496478367
2040,ELV_reused,BEV,elvClosures,calHSS,,22430388.063396934,9372602.515444022,4851506.946931079,15751267.10960096,22323608.23543965,29009011.45809351,40672742.785784714,23317166.780409623
2040,ELV_reused,BEV,elvClosures,calMagnesium,,1963031.1481772992,820808.173384938,422015.1927313542,1377574.2101970082,1956313.006408903,2537512.466450788,3563852.7880173037,2039756.9252338887
2040,ELV_reused,BEV,elvClosures,calOthers,,4484638.203441212,1874221.1710948986,972504.4430723643,3142213.0299337166,4464211.118834138,5806116.34738304,8136476.833156544,4660302.501756477
2040,ELV_reused,BEV,elvDriveline,calAl_6xxx,,2519554.3844901975,395039.52470404934,1791544.9399223607,2234258.357698214,2508498.6565470565,2793970.055274743,3311312.2954777554,2625897.7002204177
2040,ELV_reused,BEV,elvDriveline,calAl_7xxx,,2522156.81425963,395005.078229377,1797653.7858074077,2238172.4729177384,2511926.3415675187,2795375.749025167,3310587.395031848,2627575.5592422006
2040,ELV_reused,BEV,elvDriveline,calMagnesium,,2856048.3797900085,448155.86643201247,2023052.8643008056,2531600.1229014834,2846789.83101221,3165393.2081914595,3752865.994848256,2976700.9709583516
2040,ELV_reused,BEV,elvDriveline,calalloySteel,,13051136.21583812,2049813.845593175,9317939.585755585,11565152.888542771,12999923.453166328,14464634.247486683,17153825.135324843,13595074.875339031
2040,ELV_reused,BEV,elvDriveline,calcastAluminiumAlSiCu,,14113866.020089958,2210496.6471074144,10026303.031808713,12517016.562691094,14057441.02411108,15638681.267290989,18560319.062188253,14716486.484711265
2040,ELV_reused,BEV,elvDriveline,calcastAluminiumAlSiMg,,6047802.76811171,946998.0239278794,4311865.584587053,5363993.983786814,6024851.817844864,6699010.778628073,7945226.698551291,6302806.924389982
2040,ELV_reused,BEV,elvDriveline,calcastIron,,6520409.260285265,1020091.9434781296,4659296.23119266,5782517.702469183,6488614.836364098,7219786.893035534,8566856.520627929,6795133.547487688
2040,ELV_reused,BEV,elvDriveline,calmildSteel,,32602946.182736903,5110231.405993341,23182588.81559585,28884366.08253438,32496564.514005296,36134456.58925202,42806853.37042578,33989500.85754776
2040,ELV_reused,BEV,elvDriveline,calstainlessSteel,,13059730.502922598,2047295.3037234244,9305923.71743605,11581355.097187502,13015891.865757633,14468818.496410077,17145421.11359336,13593039.611769676
2040,ELV_reused,BEV,elvPowertrain,calAl_6xxx,,7798877.05407173,768322.2432173069,6286890.351227026,7254795.618541799,7810684.882290157,8352458.688064458,9233650.20471639,8343233.98325691
2040,ELV_reused,BEV,elvPowertrain,calAl_7xxx,,7797411.8229561495,771478.2768355394,6300362.945123625,7246989.426336732,7805643.441081269,8352508.251488918,9249750.29614624,8338300.1143016815
2040,ELV_reused,BEV,elvPowertrain,calHSS,,20168005.96310656,1989143.527863142,16283948.334221026,18772695.925309982,20194085.66331297,21595197.354330312,23917541.018718176,21578199.120121766
2040,ELV_reused,BEV,elvPowertrain,calMagnesium,,17649482.92332911,1744060.0919205954,14235058.946173158,16414897.921849936,17681683.310204558,18902907.15291126,20928055.517220475,18887181.866706084
2040,ELV_reused,BEV,elvPowertrain,calalloySteel,,20170260.380794816,1994748.0441458733,16256691.449213086,18772033.48746794,20193445.65526726,21610587.277240835,23913223.623427115,21581135.34520111
2040,ELV_reused,BEV,elvPowertrain,calcastAluminiumAlSiCu,,124695857.5339348,12292999.010474348,100556499.34269628,116087575.27529804,124880989.62362924,133535932.07850355,147887794.56838,133374938.41125488
2040,ELV_reused,BEV,elvPowertrain,calcastAluminiumAlSiMg,,31162604.020547315,3071325.2213673675,25139452.762103576,28980958.079518203,31198523.303795572,33358060.750626743,36937241.4956923,33346112.898896787
2040,ELV_reused,BEV,elvPowertrain,calcastIron,,322760015.8138426,31720206.85169806,260736218.72714907,300347167.65561086,323176453.5495039,345560858.6216291,382340337.3955252,345195525.45495605
2040,ELV_reused,BEV,elvPowertrain,calmildSteel,,20169212.16996919,1981210.9915086676,16288265.216798926,18775101.976273194,20194843.469708405,21599799.57798809,23881292.950026996,21576913.347575378
2040,ELV_reused,BEV,elvPowertrain,calstainlessSteel,,20180568.32544062,1988215.9830751773,16299627.49795193,18772321.651666954,20216741.98305538,21610734.663129844,23902891.47190361,21585279.966679383
2040,ELV_reused,BEV,elvSteering,calAl_6xxx,,1447340.787456137,603615.7588272014,319461.4736233115,1011204.0357070758,1443281.6120691963,1871618.928914065,2621319.4009898705,1501035.6392623186
2040,ELV_reused,BEV,elvSteering,calAl_7xxx,,361558.96922283096,150264.7781829477,79694.37810950198,252910.27227965833,360557.52404746367,467075.90803960786,653892.4845513506,375279.50993837713
2040,ELV_reused,BEV,elvSteering,calHSS,,1404576.8632617688,584076.5345120074,309916.2143200683,982249.3322368166,1400739.370676835,1817675.5326178237,2538040.3820601143,1456900.9407046796
2040,ELV_reused,BEV,elvSteering,calMagnesium,,409786.29288262204,170383.2053632376,90729.86955542285,286837.9144612335,408457.7107139555,530145.1888663359,739876.2005951784,425180.6856529534
2040,ELV_reused,BEV,elvSteering,calalloySteel,,1872130.9865970556,779087.0306859764,412987.53717218357,1311117.930891321,1867742.1836740714,2421774.2099874797,3381371.792595743,1942599.1828803057
2040,ELV_reused,BEV,elvSteering,calcastAluminiumAlSiCu,,723974.1301685534,301799.11993789935,160295.33544936203,507702.221752797,721488.2519290368,935107.9916334847,1311919.3781624169,750786.3940361381
2040,ELV_reused,BEV,elvSteering,calcastAluminiumAlSiMg,,1085375.4939895405,451631.73802407645,239255.97734984738,758232.9027070104,1081647.8410120704,1406158.9395067957,1965120.8643102974,1125765.390074229
2040,ELV_reused,BEV,elvSteering,calmildSteel,,4681732.918714047,1947962.420464127,1033928.8802788728,3270669.0853029396,4664278.181765822,6045816.998690768,8484836.599822449,4857443.355350303
2040,ELV_reused,BEV,elvSteering,calstainlessSteel,,1404752.277977268,584995.9579093183,307160.0295234114,983224.8985933834,1397713.4284471935,1815135.5304331232,2544307.1997289876,1457512.764363742
2040,ELV_reused,BEV,elvThermalManagement,calAl_6xxx,,2401201.446010093,1000044.2282589128,526323.5269174974,1684947.383875459,2394042.5883662766,3103925.8340452807,4346439.79372053,2501698.51480093
2040,ELV_reused,BEV,elvThermalManagement,calAl_7xxx,,300287.8312528482,125207.9484110239,66049.64403291917,210263.72219920153,298064.10797609563,388256.0652195194,544686.8302189339,312694.72104792594
2040,ELV_reused,BEV,elvThermalManagement,calMagnesium,,680608.034424834,283872.3366258122,149250.26750550198,477344.3240018429,677588.9853896613,880120.1546406313,1233703.0913028817,708324.7061531782
2040,ELV_reused,BEV,elvThermalManagement,calOthers,,1555538.537084129,648572.3221615839,345280.04724912083,1089136.921468448,1545173.5616115406,2013542.154598904,2820642.3378579724,1619017.5432990075
2040,ELV_reused,BEV,elvThermalManagement,calalloySteel,,3108344.2228094433,1298783.548042012,689563.6229902747,2173435.1383466576,3085244.1372717605,4020072.867466989,5646909.143008323,3236634.15755167
2040,ELV_reused,BEV,elvThermalManagement,calcastAluminiumAlSiCu,,1201070.496937799,500406.8034665576,264302.6890855025,842121.869043855,1193901.9483732986,1551840.1421923866,2178655.293400952,1251013.3043440103
2040,ELV_reused,BEV,elvThermalManagement,calcastAluminiumAlSiMg,,1803600.8924424364,753466.2307945827,396722.1329700328,1261091.34720599,1793171.1817211988,2333898.5073208166,3279979.3149339603,1876274.7430951595
2040,ELV_reused,BEV,elvThermalManagement,calmildSteel,,3108668.172223134,1293474.34226402,682422.4085403008,2177389.8371251817,3092920.408613977,4024550.4906214527,5623401.20238656,3236495.262076235
2040,ELV_reused,BEV,elvThermalManagement,calstainlessSteel,,7769502.84813938,3240916.179135508,1705377.5820016772,5448554.289910743,7726857.677345529,10069326.33517902,14055142.321686026,8089840.340120316
2040,ELV_reused,BEV,elvTransmission,calAl_6xxx,,22263951.03897387,2526876.0672171568,17509165.589525584,20462791.77585245,22246512.875148423,24026045.61961717,27226641.049689543,23347403.20592498
2040,ELV_reused,BEV,elvTransmission,calAl_7xxx,,5570528.415139286,630602.775543919,4379902.731413009,5118146.630719294,5565295.881256981,6013782.404992957,6805193.5550125195,5837621.571562623
2040,ELV_reused,BEV,elvTransmission,calHSS,,21585846.9667289,2454375.0322434017,16927178.05335439,19835995.261736125,21556121.24900964,23285492.201369848,26431580.744624455,22651165.957386017
2040,ELV_reused,BEV,elvTransmission,calMagnesium,,6307466.844321421,715300.3154853788,4943525.688236648,5801527.5086112805,6305281.572121408,6805396.661077424,7703718.0283132335,6610910.055870723
2040,ELV_reused,BEV,elvTransmission,calalloySteel,,28791488.894789457,3267310.7946965885,22599238.779243648,26471730.26908329,28753545.668107755,31057594.57506926,35213543.5706317,30210407.045877457
2040,ELV_reused,BEV,elvTransmission,calcastAluminiumAlSiCu,,16698391.643961845,1895035.9402931202,13081228.431319736,15345444.608451918,16681269.675374577,18019309.633871276,20418986.411007673,17506558.351549912
2040,ELV_reused,BEV,elvTransmission,calcastAluminiumAlSiMg,,11133062.270139668,1258838.2708757673,8727545.761748236,10237302.671713315,11123936.950159308,12009235.705657706,13602513.003974287,11674450.564546393
2040,ELV_reused,BEV,elvTransmission,calmildSteel,,72032196.43726711,8163041.947077415,56510676.95472649,66213267.17463567,71959879.60964537,77708971.11529648,88001187.94751649,75534852.76405105
2040,ELV_reused,BEV,elvTransmission,calstainlessSteel,,21583795.14156785,2451698.227574633,16943077.488815896,19846441.83613494,21549338.254214965,23292407.86511698,26413625.355606083,22639246.389915466
2040,ELV_reused,BEV,elvTrim,calAl_6xxx,,1058831.085210468,440544.6963729805,234025.88586679948,741941.484754965,1054626.4103732188,1368718.2081934835,1916770.7263701027,1100805.4823655367
2040,ELV_reused,BEV,elvTrim,calAl_7xxx,,264811.6064614521,110102.76377999126,58790.72274453207,185799.8355890636,263889.15979231335,342651.27709013846,479305.0596202508,275261.021849817
2040,ELV_reused,BEV,elvTrim,calHSS,,3425805.920183954,1425086.0559074986,757846.5505687529,2404528.9412162947,3407918.610659693,4427552.872327141,6215375.015156515,3560070.7248694897
2040,ELV_reused,BEV,elvTrim,calMagnesium,,299836.43456802977,124762.51002897686,66317.33350989124,210352.8268074497,298020.1689579858,387759.11962386954,541561.4200635816,311589.04164899286
2040,ELV_reused,BEV,elvTrim,calalloySteel,,1027154.8617621078,426901.04097426985,226561.7716234462,722124.2387022534,1022011.4114914718,1328829.3117911632,1861602.5663798517,1067524.0827655077
2040,ELV_reused,BEV,elvTrim,calcastAluminiumAlSiCu,,662169.021688919,275602.38667243044,145903.4216280315,464257.4786673568,658040.4525440622,857490.2871976176,1196544.9644762967,688024.0125196694
2040,ELV_reused,BEV,elvTrim,calcastAluminiumAlSiMg,,661948.4655233623,275605.82208150945,145788.9854409701,465161.2285203272,658517.7405574662,855134.0141340799,1200476.3662741028,688042.337450409
2040,ELV_reused,BEV,elvTrim,calmildSteel,,1370291.4810762869,570242.0828189552,302517.08878923586,960582.4664391343,1363723.1883330129,1772497.570674229,2471918.524351791,1424111.18067348
2040,ELV_reused,BEV,elvTrim,calstainlessSteel,,1027922.1106083936,427682.1071545992,228382.63799272568,719693.0304591183,1023929.6047415624,1329797.7029343585,1860391.1370264268,1068278.7931511162
2040,ELV_reused,BEV,elvWheels,calAl_6xxx,,17321741.58426744,2210336.5679138848,13178607.851174213,15732165.909262156,17274306.37474802,18852675.856585983,21699776.99970796,18019090.221891403
2040,ELV_reused,BEV,elvWheels,calAl_7xxx,,4324130.138333924,553355.8261719416,3290865.019496971,3928285.2839677194,4312058.170426428,4708808.31159264,5430178.000526112,4501913.283076286
2040,ELV_reused,BEV,elvWheels,calMagnesium,,4899586.640173752,624470.713147253,3740780.268994282,4451335.216353596,4886269.324618179,5329653.324397177,6148344.427229522,5098273.04707632
2040,ELV_reused,BEV,elvWheels,calcastAluminiumAlSiCu,,8658358.512214411,1104977.3112674213,6581775.495810047,7866417.245011591,8633140.62517567,9422646.505497599,10862820.909522146,9010851.441109655
2040,ELV_reused,BEV,elvWheels,calcastAluminiumAlSiMg,,12977912.080973264,1647340.9895960556,9886782.74438698,11801505.607066445,12944047.570509553,14118445.295835415,16255532.107845524,13506995.28254299
2040,ELV_reused,BEV,elvWheels,calmildSteel,,111945101.1332314,14324927.652086658,85234187.86231636,101628405.70523813,111712485.2882303,121863327.88292569,140251972.3720437,116540132.63763428
2040,ELV_loss_dismantled,BEV,elvBIW,calAHSS,,8210437.2164562475,4496849.849032834,1502403.875778358,4847936.136965673,7525644.82023304,10841471.211458469,18827456.699676655,6687313.8678451525
2040,ELV_loss_dismantled,BEV,elvBIW,calAl_5xxx,,5621774.57804469,3075948.3312778096,1033686.2475795916,3312228.4758451404,5150575.282636613,7414327.770143259,12813343.042442033,4592689.081478118
2040,ELV_loss_dismantled,BEV,elvBIW,calAl_6xxx,,8423470.463587878,4618941.031955675,1546616.4343689517,4963816.5854364615,7694203.67139924,11132011.908620857,19342730.219451074,6885839.545964812
2040,ELV_loss_dismantled,BEV,elvBIW,calHSS,,8204613.756380939,4500569.311965046,1492210.0512946749,4840584.818993026,7491809.42054691,10848099.341063226,18876017.280724294,6686019.94365692
2040,ELV_loss_dismantled,BEV,elvBIW,calMagnesium,,1592020.4598850189,870997.4973232052,286401.7731916143,939403.8833317963,1459396.5971038803,2099761.4035758167,3656600.12565614,1299720.6707931515
2040,ELV_loss_dismantled,BEV,elvBIW,calUHSS,,4553536.165107273,2492719.809632361,842851.9719251345,2681404.0216151853,4168123.2231025794,5986850.1534473635,10454529.95994543,3711673.161766433
2040,ELV_loss_dismantled,BEV,elvBIW,calmildSteel,,15456512.053099535,8427072.40747763,2808942.1772582866,9186935.432513336,14149491.972724218,20383020.516797595,35343765.39061693,12624707.26203003
2040,ELV_loss_dismantled,BEV,elvBattery,battery,,154639053.94066432,72707861.46387228,31662619.199381683,100028242.4372273,146918458.25325856,205983107.939529,304572920.19105834,122178360.92170411
2040,ELV_loss_dismantled,BEV,elvBrakes,calMagnesium,,153338.87959124375,83872.93676043097,29292.653043820796,90448.82301948252,140094.17764559446,202424.30891057663,352706.5372230675,124992.92688882351
2040,ELV_loss_dismantled,BEV,elvBrakes,calcastAluminiumAlSiCu,,1354251.3218023442,741572.1642017156,254142.85861389156,797097.2558510285,1236979.5423996826,1786055.9358761972,3119742.844745998,1104043.2842542648
2040,ELV_loss_dismantled,BEV,elvBrakes,calcastIron,,2453105.7172144777,1338710.041224945,461498.0988983871,1448712.9286149258,2246627.22576037,3245917.3773322664,5626633.149539981,1999186.0871223449
2040,ELV_loss_dismantled,BEV,elvBrakes,calmildSteel,,698272.2329089844,381270.72097133,130377.15619212064,414424.62365826685,636374.5690990007,922571.169153531,1594786.1651424891,571168.2564342498
2040,ELV_loss_dismantled,BEV,elvBrakes,calstainlessSteel,,349672.799056978,191035.8288504726,65818.34976312821,206972.07462081566,318892.40779442765,463060.2481825662,802718.4139475054,285790.8381742
2040,ELV_loss_dismantled,BEV,elvChassis,calAHSS,,5450489.254425469,2984410.1241602944,1006092.7748071516,3220020.2957746894,4984394.751296376,7211750.351281725,12478496.63512459,4456297.850863265
2040,ELV_loss_dismantled,BEV,elvChassis,calAl_6xxx,,2811162.174784072,1538269.5781586387,519606.7848286701,1663585.9583865302,2575371.6815603096,3711660.61634054,6441457.920599934,2295584.9139598846
2040,ELV_loss_dismantled,BEV,elvChassis,calAl_7xxx,,700981.2888875317,382687.3560678581,130644.52596713837,416117.2549729208,640196.0983414027,926066.6806952064,1598949.0551792474,574005.2896542548
2040,ELV_loss_dismantled,BEV,elvChassis,calHSS,,9074914.339805726,4973682.211254897,1698233.120612297,5339102.997504987,8283400.908379445,12022704.570048712,20805407.00765253,7422587.31320343
2040,ELV_loss_dismantled,BEV,elvChassis,calMagnesium,,794868.5013058014,436702.704259846,147357.7769647895,467884.76641125104,725818.8855931628,1046890.7604549184,1823957.8301464191,650346.6577405928
2040,ELV_loss_dismantled,BEV,elvChassis,calUHSS,,3622637.6757582854,1991997.704006713,669306.5506293181,2137236.8559047026,3308488.2663978906,4778008.072723029,8351540.49110628,2970777.2616039277
2040,ELV_loss_dismantled,BEV,elvChassis,calcastAluminiumAlSiCu,,1403057.8027623377,767782.8135832094,257257.61325332575,830526.4869149748,1281992.5950998075,1857642.9432419797,3211057.1446779366,1147982.3248114586
2040,ELV_loss_dismantled,BEV,elvChassis,calcastAluminiumAlSiMg,,2106410.4984522294,1156026.1414814687,388675.36484398344,1240974.9304894859,1924559.7003698177,2789869.228240545,4821512.909427057,1722457.5723255153
2040,ELV_loss_dismantled,BEV,elvClosures,calAHSS,,2009368.2225727292,1104931.868441632,353568.7344397823,1186859.8936310066,1835923.5677469145,2655980.676001916,4593866.101385691,1646016.4058910366
2040,ELV_loss_dismantled,BEV,elvClosures,calAHSS_DualPhase,,2012714.245967276,1105799.3540793888,358582.8881847569,1185531.9253418858,1850204.833930388,2659844.4490383635,4619975.706688913,1644893.90187149
2040,ELV_loss_dismantled,BEV,elvClosures,calAl_5xxx,,2712461.66844297,1490897.6672684676,487043.3564395633,1603329.0225388305,2478855.140049584,3577036.756232604,6257190.93443572,2225205.0134925838
2040,ELV_loss_dismantled,BEV,elvClosures,calAl_6xxx,,1165002.9283403582,640258.5343531254,204893.36260911555,686848.6292185489,1067203.8596773066,1543571.8999383028,2665954.2443613987,954043.1464373588
2040,ELV_loss_dismantled,BEV,elvClosures,calHSS,,5030734.197233777,2769165.2246350595,895407.7250486892,2956553.7997942492,4586804.08309307,6666049.193370442,11523461.355445629,4114794.137719345
2040,ELV_loss_dismantled,BEV,elvClosures,calMagnesium,,439233.87970238604,242211.77952494426,78414.80035623071,258211.71297141595,402639.50888873555,580677.763443857,1011403.7255086781,359957.1044530392
2040,ELV_loss_dismantled,BEV,elvClosures,calOthers,,1003898.9750885699,550948.1993949144,177484.7275639145,592549.0288082229,920047.2486922116,1326279.943108168,2303034.1737317652,822406.3238393783
2040,ELV_loss_dismantled,BEV,elvDriveline,calAl_6xxx,,566298.627396823,208921.34504593362,227786.80721461397,409090.25281779695,540941.7762483861,704051.7992098047,1021890.418628833,463393.71180360316
2040,ELV_loss_dismantled,BEV,elvDriveline,calAl_7xxx,,565667.952397371,208804.65511816472,227818.88176830148,408325.0345278186,541281.7565678463,701765.1566062853,1020855.6741879774,463689.8045721531
2040,ELV_loss_dismantled,BEV,elvDriveline,calMagnesium,,642055.0139361834,237079.19292971212,259831.40558028198,464261.30129577103,613322.9195552405,795147.3925748987,1163386.6784448158,525300.1713455914
2040,ELV_loss_dismantled,BEV,elvDriveline,calalloySteel,,2925267.871561408,1085304.5813017718,1176325.7812497609,2105491.9562635086,2791163.5067897104,3642070.4228694574,5290194.469272783,2399130.8603539467
2040,ELV_loss_dismantled,BEV,elvDriveline,calcastAluminiumAlSiCu,,3180377.4454604774,1173909.9025419846,1275768.9518356426,2296780.2028620886,3040321.309785297,3950504.3836861076,5744520.296429493,2597027.0267137527
2040,ELV_loss_dismantled,BEV,elvDriveline,calcastAluminiumAlSiMg,,1359011.1871077185,501580.15516669414,547557.2822863653,980403.1489455714,1298595.3366125717,1687436.963630246,2457352.582799687,1112260.045480585
2040,ELV_loss_dismantled,BEV,elvDriveline,calcastIron,,1464967.8250175233,543378.9533573522,591298.8334219294,1054191.5161899228,1400797.2467810693,1817090.0353236308,2655529.7155405213,1199141.2142625332
2040,ELV_loss_dismantled,BEV,elvDriveline,calmildSteel,,7340195.389379954,2707314.462667802,2946050.9294616655,5307387.04923149,7019987.338435892,9093149.956872616,13229436.335267918,5998147.210155487
2040,ELV_loss_dismantled,BEV,elvDriveline,calstainlessSteel,,2914281.8217609096,1081521.875673345,1173554.3535489955,2105315.25260856,2779375.0195795465,3624083.7410630444,5276496.323926127,2398771.6961946487
2040,ELV_loss_dismantled,BEV,elvPowertrain,calAl_6xxx,,1752224.6489223547,603612.5224989225,737366.3819859644,1298765.5795854104,1688786.68579036,2172790.834969351,3010230.95807375,1472335.408810043
2040,ELV_loss_dismantled,BEV,elvPowertrain,calAl_7xxx,,1748041.724385677,604843.1544569212,730771.0002640528,1294216.3054931322,1685419.5641143066,2172006.23823388,3007322.835537122,1471464.726053238
2040,ELV_loss_dismantled,BEV,elvPowertrain,calHSS,,4534114.914400917,1565291.3188844253,1905008.7892744145,3348368.4837459214,4369996.714031597,5627184.252622424,7785048.546452394,3807917.4917861936
2040,ELV_loss_dismantled,BEV,elvPowertrain,calMagnesium,,3972036.4124424267,1374525.1566055743,1678710.5866042397,2940447.5479313545,3812141.0667950585,4923004.016333233,6848865.134149602,3333032.094124603
2040,ELV_loss_dismantled,BEV,elvPowertrain,calalloySteel,,4535221.805338549,1568106.1275931832,1900677.1762689017,3350985.2784632044,4372382.447326326,5635252.093066692,7787115.051484888,3808435.649153137
2040,ELV_loss_dismantled,BEV,elvPowertrain,calcastAluminiumAlSiCu,,27988054.238510743,9699773.410658112,11694763.912057245,20716849.069741294,26944372.508782357,34775600.14713009,48097098.99778933,23536753.837280273
2040,ELV_loss_dismantled,BEV,elvPowertrain,calcastAluminiumAlSiMg,,7011096.529626849,2426760.8274288084,2930325.4194012173,5186912.950793412,6735615.310860901,8725665.774559805,12023670.131140491,5884608.158628845
2040,ELV_loss_dismantled,BEV,elvPowertrain,calcastIron,,72410199.67515582,25143197.26232498,30069426.867608916,53432355.49647774,69710603.2843473,90058621.12469721,124289437.5462523,60916857.43322754
2040,ELV_loss_dismantled,BEV,elvPowertrain,calmildSteel,,4531436.790967079,1566623.9035931267,1889179.4635875043,3359588.74998711,4357654.425132778,5623428.40949106,7772714.559030641,3807690.590748596
2040,ELV_loss_dismantled,BEV,elvPowertrain,calstainlessSteel,,4529658.507833035,1570457.4925468739,1901918.7706543156,3348100.0541434623,4365657.8168900525,5608642.908192602,7821343.454891119,3809167.05294342
2040,ELV_loss_dismantled,BEV,elvSteering,calAl_6xxx,,324214.01796278765,177505.338048662,58691.91109013628,191639.38154690346,296847.6641495103,428826.49258970335,742718.4856411738,264888.6422227621
2040,ELV_loss_dismantled,BEV,elvSteering,calAl_7xxx,,81354.04484345716,44697.65969912012,14712.389421175369,48244.751936648914,74436.85286638667,107281.34564451492,187510.1958165684,66225.79587147832
2040,ELV_loss_dismantled,BEV,elvSteering,calHSS,,314889.21403480036,173238.70199722418,57725.07848734964,185190.96467365863,287521.1145319401,415822.17407400557,724125.2544867058,257100.16600670817
2040,ELV_loss_dismantled,BEV,elvSteering,calMagnesium,,92021.17066966026,50601.70664842425,16472.099683250875,54152.9066830832,84115.22148385187,121548.13988401344,212034.54601519398,75031.88570346237
2040,ELV_loss_dismantled,BEV,elvSteering,calalloySteel,,420566.6865413133,230895.7106205584,76023.37349459912,247559.291929571,383007.85502506106,556205.2344560043,961859.6695322705,342811.62050828926
2040,ELV_loss_dismantled,BEV,elvSteering,calcastAluminiumAlSiCu,,162120.2498766276,88765.04200050957,28853.209022271,96031.29040861133,148472.49093031095,214226.04027686996,370874.9641248671,132491.7165946126
2040,ELV_loss_dismantled,BEV,elvSteering,calcastAluminiumAlSiMg,,243277.22710136775,133814.5563994725,43812.315888955556,143173.22664643294,222771.74352561994,322306.44265489915,560978.6828096776,198664.48060133457
2040,ELV_loss_dismantled,BEV,elvSteering,calmildSteel,,1051127.043525142,576149.490653997,193013.260449755,618656.5946748266,962871.6014303297,1389276.5405512098,2409395.477010065,857195.8862382888
2040,ELV_loss_dismantled,BEV,elvSteering,calstainlessSteel,,315435.88686667837,173212.56978156685,56954.720193032044,185974.14433699954,288450.815886028,417295.62426137924,725136.4995251877,257208.13488771918
2040,ELV_loss_dismantled,BEV,elvThermalManagement,calAl_6xxx,,540784.7147644986,297807.66763923725,97921.59434709573,319076.5060717053,492634.687192272,716494.5089389554,1244550.64845135,441476.20849428175
2040,ELV_loss_dismantled,BEV,elvThermalManagement,calAl_7xxx,,67439.74920001587,37101.310315131625,12141.212770512384,39900.27746033945,61632.29473336683,89053.62647967559,156048.5835719201,55181.421361398694
2040,ELV_loss_dismantled,BEV,elvThermalManagement,calMagnesium,,152378.6226437146,84135.28507202261,27893.994484519317,89359.93125469134,138896.87986773206,201409.8614717604,350772.0927296152,124998.4775564432
2040,ELV_loss_dismantled,BEV,elvThermalManagement,calOthers,,348418.7856134778,191932.67011053298,63126.9664911349,204507.93560511572,318434.59001279913,461954.0661687007,800585.6155985685,285708.9782292366
2040,ELV_loss_dismantled,BEV,elvThermalManagement,calalloySteel,,697922.9363510425,381445.8726357726,126180.70917181337,412089.0584990686,638874.3862447569,921458.5280924402,1591887.395751838,571170.7336855888
2040,ELV_loss_dismantled,BEV,elvThermalManagement,calcastAluminiumAlSiCu,,270115.50191460067,148808.40231511186,48408.3449781756,159232.93588488759,246614.93777894258,357422.07582298655,620620.3302958653,220767.05370776652
2040,ELV_loss_dismantled,BEV,elvThermalManagement,calcastAluminiumAlSiMg,,402889.7359601262,221079.10591830453,71911.88316668321,238612.37171748286,368277.72989102267,530051.1230121071,926113.7861992151,331107.30760502815
2040,ELV_loss_dismantled,BEV,elvThermalManagement,calmildSteel,,697435.6464852127,384341.5619941766,125409.5790705551,409424.90572989563,635952.8077523292,921553.5828366196,1610461.947485771,571146.2227193356
2040,ELV_loss_dismantled,BEV,elvThermalManagement,calstainlessSteel,,1744112.8744185644,958547.4199934239,313400.6536042939,1033303.5737370017,1589146.8984631076,2305980.721851811,4021149.6965314616,1427618.883550644
2040,ELV_loss_dismantled,BEV,elvTransmission,calAl_6xxx,,5003029.874606283,1758027.930378946,2071612.8601645532,3685796.143152441,4802868.552338228,6197550.676894839,8707603.37422298,4120129.977516173
2040,ELV_loss_dismantled,BEV,elvTransmission,calAl_7xxx,,1247116.980735292,438738.4126419163,516915.0662020103,918417.1742199154,1199310.148996458,1546561.1821685825,2172060.571711157,1030168.512628698
2040,ELV_loss_dismantled,BEV,elvTransmission,calHSS,,4868011.922110709,1706820.4603562695,2021828.0943984122,3585551.0332443537,4680409.130072551,6043037.456776486,8469317.703381306,3997264.5807151794
2040,ELV_loss_dismantled,BEV,elvTransmission,calMagnesium,,1413287.2251965448,497332.662262588,585377.8940489292,1038678.768303943,1356658.2823357182,1757023.0319283886,2457249.063392075,1166631.1863301275
2040,ELV_loss_dismantled,BEV,elvTransmission,calalloySteel,,6490661.545923447,2272751.8405405097,2693340.398759298,4772114.516932885,6253637.23593948,8052606.558068823,11276573.05720497,5331248.302213669
2040,ELV_loss_dismantled,BEV,elvTransmission,calcastAluminiumAlSiCu,,3747179.4640511023,1319211.6924816635,1547859.0493031137,2762255.2872765977,3609376.8710206314,4651480.95956014,6511674.073683485,3089392.6502735135
2040,ELV_loss_dismantled,BEV,elvTransmission,calcastAluminiumAlSiMg,,2501302.884407293,880515.952172122,1041467.9926081019,1839069.046004333,2401517.4313816587,3103737.444152461,4358720.020123702,2060197.1584493637
2040,ELV_loss_dismantled,BEV,elvTransmission,calmildSteel,,16183498.064671787,5673756.014654871,6733975.382039507,11921021.6440384,15545823.060508732,20087136.23470644,28169219.1732953,13329679.899538422
2040,ELV_loss_dismantled,BEV,elvTransmission,calstainlessSteel,,4856143.11482065,1703384.6965356793,2009152.6560272411,3580398.7532938784,4669356.387152113,6026159.827641329,8432560.198282778,3995161.127632141
2040,ELV_loss_dismantled,BEV,elvTrim,calAl_6xxx,,238363.48118067338,130137.46377226105,43832.09392206135,140854.3263103979,218407.57348718293,314213.23658767645,543641.3481163478,194259.79100568293
2040,ELV_loss_dismantled,BEV,elvTrim,calAl_7xxx,,59557.32847112949,32643.11802558262,10831.226914512561,35042.465958936446,54479.69782537501,78841.99105971117,136229.53877547084,48575.47444408536
2040,ELV_loss_dismantled,BEV,elvTrim,calHSS,,769398.8405563025,421714.0372178278,141007.7683362375,452722.92524905596,703571.9355264995,1018375.5310429656,1765030.050618716,628247.7749769688
2040,ELV_loss_dismantled,BEV,elvTrim,calMagnesium,,67341.61664000324,36869.50229007668,12352.769104833782,39745.023500706484,61617.6512526578,89240.8040317263,153838.7524884645,54986.301467469326
2040,ELV_loss_dismantled,BEV,elvTrim,calalloySteel,,230820.74050262294,126711.10436439978,41620.84431079611,135662.2716241915,211472.87616663304,305524.1427783133,531380.0482091454,188386.60284097193
2040,ELV_loss_dismantled,BEV,elvTrim,calcastAluminiumAlSiCu,,148601.84099722732,81106.99149015853,27289.80046911455,88112.29984044514,135883.3842486721,195956.44546734012,338434.5947802513,121416.00220935342
2040,ELV_loss_dismantled,BEV,elvTrim,calcastAluminiumAlSiMg,,148843.99135082695,81429.86322801976,27585.61740566094,87729.53501002121,136129.76953853611,196944.7098281538,340928.5295803312,121419.23602066039
2040,ELV_loss_dismantled,BEV,elvTrim,calmildSteel,,307888.1020565257,168457.56524341152,57014.44999689086,182063.73356694754,282096.58410624403,406375.95504923526,706752.0485957119,251313.73776590824
2040,ELV_loss_dismantled,BEV,elvTrim,calstainlessSteel,,230942.8460673516,126287.63021531908,41728.43019762236,136117.37749750476,211458.70362280263,305581.25444209226,528373.3131887467,188519.7870266676
2040,ELV_loss_dismantled,BEV,elvWheels,calAl_6xxx,,3879327.0698443986,1384482.611411476,1588729.9589492804,2840393.529057511,3721321.8087791987,4813988.169158083,6836670.255638559,3179839.4509220123
2040,ELV_loss_dismantled,BEV,elvWheels,calAl_7xxx,,972772.8359017972,344356.6328186497,403777.09984904376,714293.7546473097,934547.7129403726,1204530.1725400048,1700669.152737266,794455.2852487564
2040,ELV_loss_dismantled,BEV,elvWheels,calMagnesium,,1098986.8481345444,392435.57034765446,451491.44426894234,803383.5211877795,1054401.647161353,1365822.1208148997,1936200.3435103768,899695.2436017037
2040,ELV_loss_dismantled,BEV,elvWheels,calcastAluminiumAlSiCu,,1943712.8289276727,692957.4646592342,801855.271031187,1424186.2991212634,1867716.8510807473,2412268.627699041,3426441.728820985,1590150.2543134687
2040,ELV_loss_dismantled,BEV,elvWheels,calcastAluminiumAlSiMg,,2914273.9711314333,1037783.2127909948,1203780.4438088455,2135423.8938647434,2794550.579400407,3617571.9685983276,5117712.524127492,2383587.402801704
2040,ELV_loss_dismantled,BEV,elvWheels,calmildSteel,,25174771.323372304,8965950.185369633,10297717.335210871,18461175.0373705,24127534.81463115,31256877.779171925,44248728.6707698,20565905.75958252
2040,ELV_ferrous,BEV,elvBIW,calAHSS,,200785318.06651196,23710080.055912293,155631267.54633614,184199655.7442178,200396624.31996328,217252062.96043754,247341105.39751872,219343894.86532098
2040,ELV_ferrous,BEV,elvBIW,calAl_5xxx,,137899987.2706673,16285799.368660681,107021908.36045365,126455907.958211,137718267.04331636,149182497.98469138,170032378.61244196,150640201.87248227
2040,ELV_ferrous,BEV,elvBIW,calAl_6xxx,,206634352.64065558,24389589.134089407,160316655.3013573,189439084.70970392,206434785.33602315,223535445.01255435,254580747.34897056,225855537.1076458
2040,ELV_ferrous,BEV,elvBIW,calHSS,,200600434.08820194,23739616.593627736,155289107.47205928,183804654.48251614,200473484.0513267,217085108.14838025,246781843.5534942,219301454.15194696
2040,ELV_ferrous,BEV,elvBIW,calMagnesium,,39015507.21890959,4609608.20554185,30264982.500539668,35738107.925543524,38975192.73467391,42199541.83278796,48124415.593815915,42630838.002015375
2040,ELV_ferrous,BEV,elvBIW,calUHSS,,111464930.71814746,13141286.21565646,86312402.3646178,102259678.38071361,111353789.95217496,120588151.44121827,137298796.03095078,121742879.70593901
2040,ELV_ferrous,BEV,elvBIW,calmildSteel,,379030778.60413814,44877568.34207028,292338888.9808437,347597729.7322549,378582026.92491937,410043864.0354367,466613692.39045787,414090398.1945849
2040,ELV_ferrous,BEV,elvBattery,battery,,9457963.749079827,6472087.3802514635,1234150.5233600084,4555855.047671262,7935698.931806608,12935374.85084716,25556253.515461177,2572176.019404297
2040,ELV_ferrous,BEV,elvBrakes,calMagnesium,,3754368.898876198,443033.2946239839,2906558.8704876658,3443086.431905513,3749932.706851039,4059294.674016904,4623093.275009444,4099768.0019534114
2040,ELV_ferrous,BEV,elvBrakes,calcastAluminiumAlSiCu,,33156131.714967743,3922351.176126706,25681364.05880728,30433190.568129197,33080172.24625952,35873318.62279053,40872515.729958735,36212619.72353989
2040,ELV_ferrous,BEV,elvBrakes,calcastIron,,60044152.92701137,7072647.167092661,46604908.87627333,55113225.22573062,59961713.81423408,64917798.79453861,74036991.32129058,65573303.65761291
2040,ELV_ferrous,BEV,elvBrakes,calmildSteel,,17155107.794132784,2017701.5353700416,13309426.39281378,15745862.339851914,17122282.036468275,18557561.23411886,21124168.6083091,18734318.811043393
2040,ELV_ferrous,BEV,elvBrakes,calstainlessSteel,,8582374.72156422,1010042.1654552888,6666573.175037479,7872723.427368449,8572093.043362487,9278269.264279488,10576512.580400018,9373939.49211376
2040,ELV_ferrous,BEV,elvChassis,calAHSS,,133965528.04916023,15797355.396312814,103811964.37850809,122839444.39921421,133801144.65337321,144910604.15289012,164973762.96278837,146166569.5083151
2040,ELV_ferrous,BEV,elvChassis,calAl_6xxx,,69000265.02023198,8165903.7634265525,53417819.39977669,63253090.711742714,68882641.08251643,74623974.0940731,85078016.49496852,75295185.17788422
2040,ELV_ferrous,BEV,elvChassis,calAl_7xxx,,17250976.007690858,2039601.5534493388,13357908.151558345,15810349.681655128,17233953.356067892,18670395.34435283,21208854.49470585,18827373.50065956
2040,ELV_ferrous,BEV,elvChassis,calHSS,,223033652.52798608,26337069.8989362,172900910.8402554,204618462.52725035,222802904.28745496,241154829.8150549,275305674.8312314,243460863.8730725
2040,ELV_ferrous,BEV,elvChassis,calMagnesium,,19545879.54114087,2305685.638240543,15111328.914032668,17930271.328561895,19517820.65765676,21139433.490917996,24070404.691783015,21331370.373891447
2040,ELV_ferrous,BEV,elvChassis,calUHSS,,89235975.89399187,10528761.021205042,69079678.2995715,81858269.40916473,89113069.68245769,96511355.76479189,109990969.29577458,97441494.18060882
2040,ELV_ferrous,BEV,elvChassis,calcastAluminiumAlSiCu,,34481736.494903564,4076911.716684615,26638317.15795073,31625913.489622604,34416459.5312431,37323859.37989587,42466157.83815194,37653820.253815845
2040,ELV_ferrous,BEV,elvChassis,calcastAluminiumAlSiMg,,51746380.966236115,6111446.335199275,40158182.893898994,47467355.5074708,51661376.59172149,55964897.4880955,63715656.83171901,56496608.3722769
2040,ELV_ferrous,BEV,elvClosures,calAHSS,,49438209.060822465,5843379.024694444,38287285.81747585,45324374.46767484,49364366.808403045,53500159.47284539,60933532.443155274,53989338.113226
2040,ELV_ferrous,BEV,elvClosures,calAHSS_DualPhase,,49439398.94890921,5869670.614077106,38265442.31525507,45319055.78855269,49361496.28019817,53485953.59774329,60990175.80688304,53952519.98138487
2040,ELV_ferrous,BEV,elvClosures,calAl_5xxx,,66859834.74260623,7905232.744302758,51825346.64096867,61322078.537212014,66764537.54951006,72311215.45799053,82474982.98948213,72986724.44255675
2040,ELV_ferrous,BEV,elvClosures,calAl_6xxx,,28654116.03339321,3392729.710393214,22234391.80220882,26263192.090218585,28618465.186526068,31010530.5361028,35320839.13034348,31292615.20314537
2040,ELV_ferrous,BEV,elvClosures,calHSS,,123668138.84033324,14625054.273108553,95891102.23119222,113271235.64853404,123508835.39022064,133786631.41537979,152200554.23950145,134965247.71719453
2040,ELV_ferrous,BEV,elvClosures,calMagnesium,,10814702.859918313,1277544.4047017894,8395877.870297506,9917662.775298124,10790573.205207381,11702650.570851428,13333149.055734824,11806593.026059683
2040,ELV_ferrous,BEV,elvClosures,calOthers,,24714966.211345077,2928420.906888295,19119005.45984399,22665191.376475245,24685639.135284178,26734386.37211689,30519647.80190785,26974927.42193161
2040,ELV_ferrous,BEV,elvDriveline,calAl_6xxx,,2857685.992246251,482342.8491318699,1932712.7271794577,2522743.6105597657,2850393.0384228006,3189750.0219735666,3809887.1462916634,3212863.068504982
2040,ELV_ferrous,BEV,elvDriveline,calAl_7xxx,,2858731.271764635,482039.61976065894,1940365.1435567623,2521878.249652386,2852942.285695672,3188793.098700409,3812695.344477154,3214915.978366928
2040,ELV_ferrous,BEV,elvDriveline,calMagnesium,,3241341.7690682085,546640.3569888449,2196888.601527869,2857660.4107288327,3232578.8543724464,3618462.1641235375,4321054.371313958,3642081.187996101
2040,ELV_ferrous,BEV,elvDriveline,calalloySteel,,14781392.39419198,2492577.2721157875,10029090.334853627,13027541.798105875,14753557.121766595,16489095.77397247,19730352.20387561,16633973.965120697
2040,ELV_ferrous,BEV,elvDriveline,calcastAluminiumAlSiCu,,16009391.726611253,2694734.0919629443,10840705.034968762,14127558.480423896,15978376.617920768,17857352.35663031,21328998.289349724,18006054.05188202
2040,ELV_ferrous,BEV,elvDriveline,calcastAluminiumAlSiMg,,6863493.046004106,1157395.5926911095,4663222.127173345,6047323.974122652,6851778.3604596285,7666029.004727616,9138290.56990407,7711669.648665391
2040,ELV_ferrous,BEV,elvDriveline,calcastIron,,7395788.596745813,1245883.1368997209,5017020.586255888,6530221.335980167,7376444.195644307,8254967.406423381,9850411.21382112,8314045.752220231
2040,ELV_ferrous,BEV,elvDriveline,calmildSteel,,36975698.70426646,6239558.098984524,25034506.588930134,32597285.311992414,36912148.80718997,41285171.3917594,49326602.985931374,41587153.99041138
2040,ELV_ferrous,BEV,elvDriveline,calstainlessSteel,,14798075.763794793,2498581.8292591334,10036612.534995258,13051598.629320404,14752692.347613513,16519902.390717901,19766013.901155084,16631483.760282898
2040,ELV_ferrous,BEV,elvPowertrain,calAl_6xxx,,1843527.0364267335,592591.2352855055,768952.786693053,1419436.55248153,1811295.1806297589,2244228.280680315,3053841.6174029317,1877227.6462328052
2040,ELV_ferrous,BEV,elvPowertrain,calAl_7xxx,,1841947.2838396062,592508.2324458256,766793.8154283701,1418653.0869463685,1806648.4394279113,2241660.9580395105,3056198.5319267577,1876117.5257178785
2040,ELV_ferrous,BEV,elvPowertrain,calHSS,,4766759.977655638,1534993.2973218649,1984661.1874672081,3670730.1176351313,4678551.586250862,5804406.081109345,7915560.20167862,4855094.802027398
2040,ELV_ferrous,BEV,elvPowertrain,calMagnesium,,4173189.1057134666,1344932.3369168346,1739516.5580115814,3208563.669554648,4098534.976077143,5077184.172035051,6943480.856482272,4249615.92000887
2040,ELV_ferrous,BEV,elvPowertrain,calalloySteel,,4770758.716506525,1535503.3059551914,1984210.141255964,3666694.4243810466,4685579.919060484,5809371.480124541,7916699.163154584,4855755.452670249
2040,ELV_ferrous,BEV,elvPowertrain,calcastAluminiumAlSiCu,,29476102.381731786,9479998.162391948,12262567.225401096,22673728.29374991,28947901.95403326,35849028.015704006,48937020.70316295,30009361.142532352
2040,ELV_ferrous,BEV,elvPowertrain,calcastAluminiumAlSiMg,,7370754.688411506,2369609.8782276195,3064838.1887253174,5674741.522436323,7235510.212457518,8971075.340902809,12254682.516523398,7502875.402251778
2040,ELV_ferrous,BEV,elvPowertrain,calcastIron,,76272030.60959297,24550277.269483183,31814805.897999506,58642857.40140881,74886148.41898261,92861200.73041365,126754295.24410456,77668993.22736512
2040,ELV_ferrous,BEV,elvPowertrain,calmildSteel,,4767599.36789897,1534427.9314892106,1985308.355410734,3660138.07578596,4682521.717935599,5806266.685463742,7920034.393780425,4854805.503204461
2040,ELV_ferrous,BEV,elvPowertrain,calstainlessSteel,,4768423.921851861,1534905.4995312507,1993840.766296617,3664385.541769025,4681553.325945747,5801916.6838636715,7917703.572555223,4856687.992502862
2040,ELV_ferrous,BEV,elvSteering,calAl_6xxx,,7954414.172527776,941888.6659806827,6169496.081892187,7290694.315330685,7941114.906387984,8600605.518003851,9818935.286254263,8688347.464906598
2040,ELV_ferrous,BEV,elvSteering,calAl_7xxx,,1988658.9499218715,235649.65530694913,1539563.793624393,1823521.0126200607,1986461.3481103769,2151921.761954372,2450732.9627441457,2172206.104584489
2040,ELV_ferrous,BEV,elvSteering,calHSS,,7720449.006744342,913596.6398246784,5984326.436327062,7079600.253816703,7706529.26413605,8349666.776365284,9521120.447273776,8432885.445020027
2040,ELV_ferrous,BEV,elvSteering,calMagnesium,,2253819.9467949946,266791.1949051541,1748884.0191702177,2065995.706138019,2250300.610552774,2438599.4775599516,2778586.454261639,2461045.8510735654
2040,ELV_ferrous,BEV,elvSteering,calalloySteel,,10294712.93107612,1217258.2171147137,7978109.433854585,9436378.973071883,10278756.879206076,11136482.336513564,12686725.371246228,11244221.152671888
2040,ELV_ferrous,BEV,elvSteering,calcastAluminiumAlSiCu,,3977320.3702471764,471494.741409027,3084474.0617892626,3647328.699975722,3972733.1632898087,4302962.71125925,4905039.650770653,4345728.304303293
2040,ELV_ferrous,BEV,elvSteering,calcastAluminiumAlSiMg,,5959889.879736428,705301.3495214186,4615637.462170683,5466156.818585341,5951852.429443822,6449522.5464636395,7349019.395876515,6516194.963723774
2040,ELV_ferrous,BEV,elvSteering,calmildSteel,,25749575.166370675,3041327.257961472,19940723.96193958,23615709.587635234,25720191.000913028,27850542.288524218,31724474.022941954,28116025.068615876
2040,ELV_ferrous,BEV,elvSteering,calstainlessSteel,,7725034.026857727,915563.8915055646,5982850.440304217,7073596.644463365,7715210.088068763,8355432.9899047,9531218.17515729,8436426.824317189
2040,ELV_ferrous,BEV,elvThermalManagement,calAl_6xxx,,13262248.292093774,1570462.2100613068,10260192.823363787,12155585.055150725,13245869.90181899,14340312.400342386,16354119.404082526,14480419.638612442
2040,ELV_ferrous,BEV,elvThermalManagement,calAl_7xxx,,1657685.8064253984,195995.2274801016,1285731.0267628336,1519866.289487985,1654537.9354609675,1793163.958885989,2045540.1954297759,1809950.6206538773
2040,ELV_ferrous,BEV,elvThermalManagement,calMagnesium,,3757353.7785511487,443968.0292746058,2913157.0498582246,3445728.016849667,3751286.656433126,4064108.703022524,4627931.990900533,4099950.063851338
2040,ELV_ferrous,BEV,elvThermalManagement,calOthers,,8581565.789929487,1011743.9304311948,6646564.665253445,7872015.047275953,8567184.474040106,9278182.207420515,10562335.660275498,9371254.48591896
2040,ELV_ferrous,BEV,elvThermalManagement,calalloySteel,,17160556.426596414,2035381.8541059517,13271465.178442687,15723768.687963746,17140162.133251537,18579864.160642996,21149545.40485702,18734400.064887315
2040,ELV_ferrous,BEV,elvThermalManagement,calcastAluminiumAlSiCu,,6634311.111905479,784089.1614547179,5147735.625108504,6085272.358370656,6623159.9994977135,7178519.773745504,8173268.221041803,7241159.361614742
2040,ELV_ferrous,BEV,elvThermalManagement,calcastAluminiumAlSiMg,,9946655.6038515,1173350.822710696,7725138.1873127455,9123399.914630158,9940274.10711524,10756197.658913616,12250570.745010698,10860319.689444924
2040,ELV_ferrous,BEV,elvThermalManagement,calmildSteel,,17153378.360577922,2029037.833702682,13319061.682877935,15720653.90022267,17137237.207389157,18564023.51744776,21131613.05859418,18733596.105194207
2040,ELV_ferrous,BEV,elvThermalManagement,calstainlessSteel,,42884733.23172956,5058729.803375908,33299667.390629236,39313707.38560264,42837637.18227765,46355589.776062965,52788852.34260917,46825899.38046112
2040,ELV_ferrous,BEV,elvTransmission,calAl_6xxx,,8164201.065686518,2411148.4000060726,3547900.9280940876,6470362.150026409,8135835.684843524,9822607.879985653,12911880.410055598,9535157.947966002
2040,ELV_ferrous,BEV,elvTransmission,calAl_7xxx,,2039999.4284848894,602869.8521899802,884801.8104977668,1617792.2988803515,2032233.2870876426,2456518.9179559643,3225124.145729482,2384104.2720835586
2040,ELV_ferrous,BEV,elvTransmission,calHSS,,7917257.11420764,2335051.2970943456,3445092.473661866,6276811.894936515,7892900.601341307,9526386.332469404,12512974.651722146,9250812.315369416
2040,ELV_ferrous,BEV,elvTransmission,calMagnesium,,2309892.1678870544,681389.9567864888,1007013.1956552311,1832238.8141831327,2303743.4712852174,2783933.0648245644,3649454.978416831,2699917.88836401
2040,ELV_ferrous,BEV,elvTransmission,calalloySteel,,10557364.33538361,3117782.3164139926,4599276.904546311,8368261.533298919,10532026.024373204,12718884.338725962,16700288.071423398,12338031.785123063
2040,ELV_ferrous,BEV,elvTransmission,calcastAluminiumAlSiCu,,6119627.692219072,1812644.6146661413,2657881.392882816,4848869.77077733,6088842.379347073,7373889.90571749,9712771.031361237,7149737.276347276
2040,ELV_ferrous,BEV,elvTransmission,calcastAluminiumAlSiMg,,4077103.692137593,1204297.352638991,1776003.7450884616,3234300.7273194874,4059080.711685626,4911443.133833558,6461269.077838543,4767884.852411386
2040,ELV_ferrous,BEV,elvTransmission,calmildSteel,,26386660.49243799,7794545.559177498,11505088.171556866,20924356.78064865,26264855.800621897,31811667.935108166,41712993.947507426,30848687.767503206
2040,ELV_ferrous,BEV,elvTransmission,calstainlessSteel,,7911698.69245427,2334768.024910484,3451553.3864462185,6279793.297675811,7879375.84213664,9537886.62721661,12528485.366531484,9245944.32394867
2040,ELV_ferrous,BEV,elvTrim,calAl_6xxx,,5833557.766116101,690311.4304517504,4526608.513726355,5348254.42766417,5825531.385183226,6307371.658468981,7202639.385039359,6371721.1449864
2040,ELV_ferrous,BEV,elvTrim,calAl_7xxx,,1459005.8021146613,172813.76994687217,1131312.3015240077,1337125.9400756324,1456969.0414572153,1577557.1729555726,1800674.6138470985,1593275.5617659998
2040,ELV_ferrous,BEV,elvTrim,calHSS,,18873429.48164587,2228392.7098879702,14643116.074739384,17306272.400572017,18850120.41819474,20404535.01202947,23264948.389277395,20606527.019244578
2040,ELV_ferrous,BEV,elvTrim,calMagnesium,,1651137.2981360334,195757.61979470713,1278613.8460867172,1512473.2784714892,1649104.7943697795,1785666.932494863,2038342.452204701,1803550.6881329936
2040,ELV_ferrous,BEV,elvTrim,calalloySteel,,5659091.162696804,670323.1417606281,4382461.069764677,5187869.413302093,5648946.201681644,6123397.065096989,6973421.730648762,6179080.573183879
2040,ELV_ferrous,BEV,elvTrim,calcastAluminiumAlSiCu,,3645913.988148274,434096.26579173584,2820457.4596474664,3338975.322613296,3639224.360531183,3948082.2565469183,4499830.860731464,3982444.872466792
2040,ELV_ferrous,BEV,elvTrim,calcastAluminiumAlSiMg,,3645355.0652834754,430648.06470704504,2825890.644752711,3342486.9526401903,3639932.8328739707,3942318.0989380823,4495171.795636272,3982550.9414776615
2040,ELV_ferrous,BEV,elvTrim,calmildSteel,,7545937.256996694,888761.5360270363,5856235.701177558,6923601.112166403,7536504.588978719,8159576.76814276,9298053.056208605,8243090.59872179
2040,ELV_ferrous,BEV,elvTrim,calstainlessSteel,,5659797.586468502,666755.7379268986,4387874.215971453,5194181.39553906,5647734.979806015,6117758.579956627,6981995.109339902,6183449.014474697
2040,ELV_ferrous,BEV,elvWheels,calAl_6xxx,,10115522.810125122,2356130.963309397,5594787.643242884,8463054.234459417,10092481.30259533,11745592.044967119,14735443.051104452,11765405.968411446
2040,ELV_ferrous,BEV,elvWheels,calAl_7xxx,,2525625.2871307726,586051.7032974384,1398916.3209868667,2114801.1802474437,2520769.09694053,2931772.548341725,3678734.7927019317,2939484.5554203987
2040,ELV_ferrous,BEV,elvWheels,calMagnesium,,2859463.8219267186,663140.5992273173,1588120.4268975921,2396562.092621422,2855348.51738769,3323175.0255639404,4152172.322726314,3328872.401326304
2040,ELV_ferrous,BEV,elvWheels,calcastAluminiumAlSiCu,,5053683.424839334,1171120.911695997,2811279.189755008,4229305.104349967,5042105.0539264465,5876803.096624102,7345061.750349975,5883555.940959834
2040,ELV_ferrous,BEV,elvWheels,calcastAluminiumAlSiMg,,7578190.586708819,1760194.495811364,4193797.153222683,6348340.663013296,7564337.276604582,8803688.85948224,11020600.53626782,8819273.390366307
2040,ELV_ferrous,BEV,elvWheels,calmildSteel,,65375611.85768377,15187052.862209344,36228600.511070296,54806288.560054265,65275990.18871152,75915190.9988182,95230934.78780417,76093851.31045532
2040,ELV_loss_ASR,BEV,elvBIW,calAHSS,,30876227.26214081,14767464.538471643,6270128.115816007,19814637.935658514,29212855.95426923,41042358.36528107,61854914.88738472,24371543.873924553
2040,ELV_loss_ASR,BEV,elvBIW,calAl_5xxx,,21199685.760245346,10183153.570994493,4186966.678165895,13559956.541774066,20065199.06496729,28213079.875215247,42561681.23318957,16737800.208053587
2040,ELV_loss_ASR,BEV,elvBIW,calAl_6xxx,,31904507.898482226,15288591.481817462,6274530.668730804,20437740.28734717,30309224.833739873,42435262.71898093,63886779.26441455,25095059.678627312
2040,ELV_loss_ASR,BEV,elvBIW,calHSS,,31016287.19257329,14825037.721362388,6335746.258341383,19888979.182291165,29401706.877472624,41170105.29240097,62207693.970553465,24366828.23910522
2040,ELV_loss_ASR,BEV,elvBIW,calMagnesium,,6009342.07660528,2887349.710981138,1220428.0342627685,3844998.1409472222,5669317.175811065,7987806.53573602,12058913.331498709,4736759.778001708
2040,ELV_loss_ASR,BEV,elvBIW,calUHSS,,17114639.106465507,8201486.5247785235,3423851.8289239295,10971916.215519888,16192571.140848488,22748619.578796715,34346577.407337494,13526986.633993223
2040,ELV_loss_ASR,BEV,elvBIW,calmildSteel,,58313609.80665314,27890530.15935353,12025761.219583178,37413286.21721554,55161560.57630814,77529850.53984492,116939101.74021372,46010044.24384277
2040,ELV_loss_ASR,BEV,elvBattery,battery,,85205785.59668036,43485894.88779439,20746545.01192498,50099758.5792199,78353810.3264598,115511673.07648015,178589886.08670434,23149584.174638674
2040,ELV_loss_ASR,BEV,elvBrakes,calMagnesium,,577146.2179572809,276537.19043396827,116136.84208392947,369886.6276387018,547381.3326482989,767410.6276969666,1157917.4814697127,455529.77799482347
2040,ELV_loss_ASR,BEV,elvBrakes,calcastAluminiumAlSiCu,,5103474.603711378,2448122.6921575074,1034921.2126789223,3263561.9992690994,4831079.560662955,6775418.227857923,10267845.352877196,4023624.413726654
2040,ELV_loss_ASR,BEV,elvBrakes,calcastIron,,9235805.333634159,4405942.50543405,1871973.932203666,5952785.7732800115,8746653.26255411,12289381.156718945,18465661.878493287,7285922.628623657
2040,ELV_loss_ASR,BEV,elvBrakes,calmildSteel,,2638203.7042124434,1261369.8734780292,538532.1309545937,1692743.9387099047,2494886.791856291,3509804.2348372014,5286503.860835225,2081590.9790048217
2040,ELV_loss_ASR,BEV,elvBrakes,calstainlessSteel,,1321444.3713763717,633935.5749800961,264458.29014639993,848337.101961242,1249447.1410119766,1757690.6110410858,2651189.160529206,1041548.8324570844
2040,ELV_loss_ASR,BEV,elvChassis,calAHSS,,20534230.987647373,9854253.934310097,4177839.168653718,13094546.705755014,19348841.274698213,27360532.899936933,41235710.427030616,16240729.945368344
2040,ELV_loss_ASR,BEV,elvChassis,calAl_6xxx,,10587618.897048702,5059259.57195096,2155362.6434168564,6813049.112174058,9976945.866765419,14051255.978542399,21202733.099774703,8366131.686431579
2040,ELV_loss_ASR,BEV,elvChassis,calAl_7xxx,,2649776.120054753,1269135.262446155,529917.5028499981,1702516.0635940759,2513967.3832832417,3517277.1617840854,5332989.212999663,2091930.3889621731
2040,ELV_loss_ASR,BEV,elvChassis,calHSS,,34307303.95620437,16461612.136317523,6776686.606701589,21964347.89815298,32395727.907596678,45629139.08330418,69040369.81037381,27051207.097008057
2040,ELV_loss_ASR,BEV,elvChassis,calMagnesium,,3001626.319996825,1433849.4749946357,604011.1526272417,1933100.317127827,2832385.6511109257,3974882.487528014,6017854.416681451,2370152.2637657165
2040,ELV_loss_ASR,BEV,elvChassis,calUHSS,,13760813.465794839,6612181.72125213,2761044.2055756752,8810985.731952941,12989996.63543189,18264587.398732677,27683716.68300588,10826832.686734313
2040,ELV_loss_ASR,BEV,elvChassis,calcastAluminiumAlSiCu,,5318788.177729381,2547835.3060377855,1063337.118699787,3413607.604279451,5022540.469591105,7077059.726984022,10657793.793873897,4183757.8059795382
2040,ELV_loss_ASR,BEV,elvChassis,calcastAluminiumAlSiMg,,7971189.263919087,3834442.3459742973,1613721.2000153991,5088328.063720537,7521695.785349154,10579133.948447678,16032082.034314308,6277400.93025299
2040,ELV_loss_ASR,BEV,elvClosures,calAHSS,,7621287.464103109,3635624.810253516,1568941.7756129433,4890485.246366816,7202114.767890925,10095690.815795131,15299936.652045567,5998815.345914
2040,ELV_loss_ASR,BEV,elvClosures,calAHSS_DualPhase,,7581185.743805406,3623416.635131287,1551060.8883042578,4848934.933943084,7158704.518216362,10075197.377595015,15176360.05323723,5994724.442376098
2040,ELV_loss_ASR,BEV,elvClosures,calAl_5xxx,,10277353.732678141,4927950.142188025,2089051.3121860705,6573921.907065749,9696850.364340382,13657342.955351524,20617394.209424768,8109636.049172972
2040,ELV_loss_ASR,BEV,elvClosures,calAl_6xxx,,4417985.4377358565,2111606.489489143,887724.1213948522,2830338.0577555415,4180339.7443924956,5859737.523567737,8865891.373517845,3476957.24479393
2040,ELV_loss_ASR,BEV,elvClosures,calHSS,,18972044.429822877,9101678.217738565,3897432.972044929,12106522.02744394,17995822.926777758,25148601.480605505,38169698.822986096,14996138.635243837
2040,ELV_loss_ASR,BEV,elvClosures,calMagnesium,,1663284.0405476743,799339.427400938,329716.18615978,1065517.0703354585,1573382.8254696894,2211635.0699639027,3350550.3831454995,1311843.669562187
2040,ELV_loss_ASR,BEV,elvClosures,calOthers,,3793917.788378706,1818686.9474371942,799768.3540077906,2428721.3303177026,3571600.516476418,5044857.60836339,7630163.549626319,2997214.157992401
2040,ELV_loss_ASR,BEV,elvDriveline,calAl_6xxx,,439572.54412267316,218754.06902537154,87484.76123001004,274405.71339472657,412021.94446043845,583117.77631754,918713.2935499654,356984.78538944246
2040,ELV_loss_ASR,BEV,elvDriveline,calAl_7xxx,,440634.1002902083,219785.5828571169,87360.12618500965,276328.2156456933,411594.48833838524,582691.9488215059,924251.0903961738,357212.8864852143
2040,ELV_loss_ASR,BEV,elvDriveline,calMagnesium,,496409.5857870178,247245.11298566472,98202.51600181223,310978.08986671915,465087.12649901235,658376.7643716256,1036523.3715075959,404675.68755512236
2040,ELV_loss_ASR,BEV,elvDriveline,calalloySteel,,2289522.6995390407,1132578.3459536915,458264.3934102597,1441492.4982813904,2147722.3210252016,3033423.044613283,4744217.818205197,1848219.3294578553
2040,ELV_loss_ASR,BEV,elvDriveline,calcastAluminiumAlSiCu,,2469645.2453922704,1226538.249724392,484217.2032368186,1552526.2235499134,2313202.317708422,3280824.29855789,5132038.505246096,2000672.6724313358
2040,ELV_loss_ASR,BEV,elvDriveline,calcastAluminiumAlSiMg,,1050746.6948607392,524933.721519026,207983.107198501,655229.4039773879,981880.7931092697,1397059.8567573284,2199581.598650198,856852.1831850434
2040,ELV_loss_ASR,BEV,elvDriveline,calcastIron,,1136650.4595585992,564426.5039673127,228628.44828336194,711784.3917923173,1068204.1553765403,1504939.5665151177,2376156.454122332,923782.8613578035
2040,ELV_loss_ASR,BEV,elvDriveline,calmildSteel,,5703866.398388106,2813991.113936741,1145350.6336915193,3595973.65721359,5346864.5628001,7538733.965263885,11844412.074112656,4620794.887823487
2040,ELV_loss_ASR,BEV,elvDriveline,calstainlessSteel,,2270283.712412647,1132918.0615578373,441276.169137944,1423218.6558293556,2125953.2573543033,3017179.6805841983,4741983.823779262,1847942.6400314332
2040,ELV_loss_ASR,BEV,elvPowertrain,calAl_6xxx,,283380.1152612522,164609.7453142233,47066.13785623842,159423.81170011984,254212.66548812657,378762.10609192326,676755.2300698792,208580.8495814228
2040,ELV_loss_ASR,BEV,elvPowertrain,calAl_7xxx,,283702.0964389442,164546.3077488841,47386.898460895376,160690.56705475762,254374.50167967947,377964.6105462414,675628.421971035,208457.50285754207
2040,ELV_loss_ASR,BEV,elvPowertrain,calHSS,,734083.7145188227,424650.8487327465,121489.06363707191,418374.53833153594,658727.4490455178,976224.1628958096,1745441.9430702126,539454.9780030441
2040,ELV_loss_ASR,BEV,elvPowertrain,calMagnesium,,641644.359120912,372056.0597428751,107881.92491614581,359589.52043949475,575173.9267480301,858997.5598498766,1517398.2697035372,472179.5466676522
2040,ELV_loss_ASR,BEV,elvPowertrain,calalloySteel,,730833.4957421365,422753.30585287785,125786.67965587268,412999.82549851923,653934.7764130384,971081.0813314599,1750176.6331890852,539528.3836300278
2040,ELV_loss_ASR,BEV,elvPowertrain,calcastAluminiumAlSiCu,,4524635.33365771,2636216.826736653,755903.1612634796,2555527.9855011394,4047513.9944564747,6035440.953719696,10806584.310063079,3334373.4602813725
2040,ELV_loss_ASR,BEV,elvPowertrain,calcastAluminiumAlSiMg,,1130036.0299104364,657223.9172950395,190719.45190440395,639343.5618728927,1011708.2611024333,1506125.253547677,2694460.1009988748,833652.8224724198
2040,ELV_loss_ASR,BEV,elvPowertrain,calcastIron,,11727279.165755332,6818723.751598788,1890917.8186071664,6629548.043069469,10508139.003553683,15691559.514625097,27841002.673651602,8629888.136373902
2040,ELV_loss_ASR,BEV,elvPowertrain,calmildSteel,,732916.547441012,426303.60537567915,123030.69033906399,412591.8421246634,659504.2318475617,975554.1327893704,1750254.020318441,539422.8336893845
2040,ELV_loss_ASR,BEV,elvPowertrain,calstainlessSteel,,734224.8621147776,428303.9782831633,120289.18208807235,413018.0950352213,657703.8402368517,978997.0253333311,1759688.3991300706,539631.9991669846
2040,ELV_loss_ASR,BEV,elvSteering,calAl_6xxx,,1223708.9353482334,589939.2969710846,241561.82500790924,780803.6475791004,1159719.5776743274,1628207.8295287036,2463260.62388878,965371.9405451776
2040,ELV_loss_ASR,BEV,elvSteering,calAl_7xxx,,305997.7870564247,146074.13762603913,62690.359640202,196376.37809859178,290407.074459031,406654.6322762228,613408.8321323917,241356.23384272098
2040,ELV_loss_ASR,BEV,elvSteering,calHSS,,1187811.290352516,569458.3109006914,242710.85661419225,763448.3684937041,1121164.0660885377,1578153.9007857651,2390776.6955571054,936987.271668892
2040,ELV_loss_ASR,BEV,elvSteering,calMagnesium,,345958.88186209503,166387.48552564206,68883.98018245077,221041.26572993927,327273.71014304366,459510.3733007077,696713.3094862794,273449.5390081739
2040,ELV_loss_ASR,BEV,elvSteering,calalloySteel,,1583362.434607418,759040.1405263521,315696.8708820496,1017101.4750584364,1495982.599568362,2106073.2176586287,3175803.2702436163,1249357.9058524321
2040,ELV_loss_ASR,BEV,elvSteering,calcastAluminiumAlSiCu,,613383.3891708591,294593.55925482675,123636.21917282848,392508.0684480905,579632.3757573883,812590.4904118426,1231856.7875718186,482858.70047814364
2040,ELV_loss_ASR,BEV,elvSteering,calcastAluminiumAlSiMg,,923633.1162699669,442528.32465972885,184047.66881909678,592111.7991207647,872673.7493547965,1229437.6034923086,1856725.0598849014,724021.6626359749
2040,ELV_loss_ASR,BEV,elvSteering,calmildSteel,,3951393.9104523403,1893674.293315842,818343.336814006,2533418.6417422723,3733074.8906668546,5241197.966603444,7957959.129742849,3124002.785401764
2040,ELV_loss_ASR,BEV,elvSteering,calstainlessSteel,,1186967.282588409,568197.3982676625,239017.87499908102,762679.0198619792,1122481.1824477646,1577998.9152690193,2385967.1452299873,937380.7582574654
2040,ELV_loss_ASR,BEV,elvThermalManagement,calAl_6xxx,,2043090.1744957091,978207.8490242645,415472.9723476511,1306623.3536672941,1929073.752184867,2719343.3074076427,4094900.1783288163,1608935.5154013825
2040,ELV_loss_ASR,BEV,elvThermalManagement,calAl_7xxx,,255373.86644854117,122199.4776922583,52225.24280484421,164025.41223167855,240998.48818092054,338287.3118727965,513076.35370968375,201105.6245170975
2040,ELV_loss_ASR,BEV,elvThermalManagement,calMagnesium,,576161.7541087103,275035.4286350059,118744.47775298769,368706.37444274256,545228.4417531737,765273.0462552848,1153868.3411969775,455550.0070945931
2040,ELV_loss_ASR,BEV,elvThermalManagement,calOthers,,1323549.209712792,634776.6978604611,265954.94019820105,848531.3827125921,1252882.8189341978,1756504.070179465,2659054.023634667,1041250.49843544
2040,ELV_loss_ASR,BEV,elvThermalManagement,calalloySteel,,2641102.718488432,1265118.1231139142,523785.3029504408,1690402.4482761703,2493211.2984080203,3511758.984635681,5316465.090571993,2081600.0072097015
2040,ELV_loss_ASR,BEV,elvThermalManagement,calcastAluminiumAlSiCu,,1019361.7571113594,487952.0747604257,204401.48097204344,651102.2946288253,967337.323604784,1351841.369242826,2042547.9591426519,804573.2624016381
2040,ELV_loss_ASR,BEV,elvThermalManagement,calcastAluminiumAlSiMg,,1532353.4891645575,731550.388545278,305070.3942338521,985063.11495447,1453352.857363657,2031409.4301457522,3076892.6280418904,1206702.1877161027
2040,ELV_loss_ASR,BEV,elvThermalManagement,calmildSteel,,2647431.024933408,1265663.9351957974,538623.0474372841,1692556.105103579,2511667.6592743015,3525763.5623363787,5290435.720162214,2081510.678354912
2040,ELV_loss_ASR,BEV,elvThermalManagement,calstainlessSteel,,6608738.429088635,3169061.898577692,1337053.408383647,4231207.135308566,6255494.090068318,8783041.222531611,13287745.447864907,5202877.708940125
2040,ELV_loss_ASR,BEV,elvTransmission,calAl_6xxx,,1249652.1793937702,708528.8657269824,214847.75843621284,716748.4530216658,1128174.755092055,1669143.2145428893,2904974.293256743,1059461.9942184447
2040,ELV_loss_ASR,BEV,elvTransmission,calAl_7xxx,,313774.663233346,176414.2465404547,54048.275756487565,180671.77659248872,284379.62171341485,418397.7112829179,727919.9114554789,264900.474675951
2040,ELV_loss_ASR,BEV,elvTransmission,calHSS,,1215867.8964006868,688429.7893571722,200068.04910800498,696951.5957388423,1104797.331819232,1626456.1928971692,2831097.2431434626,1027868.0350410462
2040,ELV_loss_ASR,BEV,elvTransmission,calMagnesium,,355677.8115014485,201290.34640032816,59376.602198463785,205071.187024142,321945.5612910886,474736.61003931327,833127.3486854322,299990.87648489
2040,ELV_loss_ASR,BEV,elvTransmission,calalloySteel,,1623705.0493202643,916022.7340382019,272183.1669358786,929270.9878313267,1475016.2830107114,2170181.418599474,3761723.404606578,1370892.4205692292
2040,ELV_loss_ASR,BEV,elvTransmission,calcastAluminiumAlSiCu,,939151.8086250478,525584.23005188,164920.6417690359,540542.3029020091,854067.7454335007,1251933.4855268586,2166110.9266487737,794415.2529274751
2040,ELV_loss_ASR,BEV,elvTransmission,calcastAluminiumAlSiMg,,630124.917496143,355620.1760521041,107834.28644802609,362073.8041361974,571445.8133611875,840875.8016344818,1466385.993989832,529764.983601265
2040,ELV_loss_ASR,BEV,elvTransmission,calmildSteel,,4069575.369761503,2285578.6194125363,706279.092625153,2352518.1158064757,3689592.467310249,5430529.899883096,9426925.93725209,3427631.974167023
2040,ELV_loss_ASR,BEV,elvTransmission,calstainlessSteel,,1216620.2565153,686783.0487211387,210561.55064614123,696293.7554362181,1099616.7794920302,1620966.777896716,2825869.2026983057,1027327.1471054078
2040,ELV_loss_ASR,BEV,elvTrim,calAl_6xxx,,897871.9029759623,429125.83381997305,182185.5521324986,576546.9899206024,850307.2510385364,1192452.638039184,1803662.4904543692,707969.0161096001
2040,ELV_loss_ASR,BEV,elvTrim,calAl_7xxx,,224216.38282825265,107754.8981559095,45142.191897514036,143362.8491893223,211692.49829124956,298790.3318288504,451856.336865584,177030.61797399996
2040,ELV_loss_ASR,BEV,elvTrim,calHSS,,2896416.4042550647,1386216.1452597324,598924.2854413106,1859712.2486791434,2733682.416691452,3839516.0975274835,5843888.642090374,2289614.1132493974
2040,ELV_loss_ASR,BEV,elvTrim,calMagnesium,,254230.86465034256,122090.59301116478,50285.37575758128,162890.26667778732,240393.08736741927,338200.18022193963,511381.7457505041,200394.52090366598
2040,ELV_loss_ASR,BEV,elvTrim,calalloySteel,,868822.6225398123,416274.0318208511,176441.95359498844,555163.1739929237,822588.6965183055,1153880.4937374503,1745358.2974949235,686564.5081315422
2040,ELV_loss_ASR,BEV,elvTrim,calcastAluminiumAlSiCu,,561355.4387537629,268894.1894465219,113067.77121393626,359874.6417895871,530695.3091031024,748354.6243771771,1124514.619498965,442493.87471853243
2040,ELV_loss_ASR,BEV,elvTrim,calcastAluminiumAlSiMg,,562026.4186390248,267931.01088433806,117494.20626785488,361369.6228338394,531944.5180237909,743519.4924149743,1128076.2446967054,442505.66016418464
2040,ELV_loss_ASR,BEV,elvTrim,calmildSteel,,1162507.9744633117,555010.0258438025,243228.70512647912,747736.8180320513,1098750.853163497,1546591.1445856215,2326083.9788970845,915898.9554135323
2040,ELV_loss_ASR,BEV,elvTrim,calstainlessSteel,,872731.2556175228,417139.68834848446,179063.77088519308,559264.7720516898,825212.2556731422,1157633.9869376295,1749015.1392028823,687049.8904971885
2040,ELV_loss_ASR,BEV,elvWheels,calAl_6xxx,,1547054.6044852564,816351.3069446046,290607.30897947116,933245.9906551912,1427785.2722293255,2048373.554878331,3405283.8590767537,1307267.329823494
2040,ELV_loss_ASR,BEV,elvWheels,calAl_7xxx,,388168.44669231004,205369.8189510782,72431.10667658265,233668.30807162952,358046.1606946909,516001.0668790265,853133.1061479301,326609.39504671097
2040,ELV_loss_ASR,BEV,elvWheels,calMagnesium,,440314.544248081,232700.824209002,82353.99605186767,264628.8912917012,405595.71498863836,584865.1117659279,971548.4653824515,369874.71125847823
2040,ELV_loss_ASR,BEV,elvWheels,calcastAluminiumAlSiCu,,778450.784457273,410992.09547272866,146203.25675451575,469393.8573862954,715621.8683720538,1033364.1134442638,1715523.2897992844,653728.437884426
2040,ELV_loss_ASR,BEV,elvWheels,calcastAluminiumAlSiMg,,1164003.1745531077,613504.7870792608,216048.20965607796,702784.2015056798,1073417.7005359456,1544149.6099576878,2557811.250893052,979919.2655962562
2040,ELV_loss_ASR,BEV,elvWheels,calmildSteel,,10053186.270211117,5295541.637565852,1875220.5659397866,6096576.826687086,9260572.825163845,13322146.804664604,22127065.218706414,8454872.36782837
