Input_FlowID,Input_layer,Input_layer_key,Output_FlowID,TC_target_layer,TC_target_key,value,value_min,value_max,process,technology,source,Year
F_collected,Layer 1,BEV,F_captured,Layer 2,magnet,0.8,0.7,0.9,collection,dismantling,"step 1: EoL vehicle collection in 2030 [RAWCLIC_BEV_Motor_Recycling_TC_V1.xlsx, TC_2030/2060_Disassembly_Route]",2020
F_collected,Layer 1,BEV,F_captured,Layer 2,copper,0.8,0.7,0.9,collection,dismantling,"step 1: EoL vehicle collection in 2030 [RAWCLIC_BEV_Motor_Recycling_TC_V1.xlsx, TC_2030/2060_Disassembly_Route]",2020
F_collected,Layer 1,BEV,F_captured,Layer 2,aluminium,0.8,0.7,0.9,collection,dismantling,"step 1: EoL vehicle collection in 2030 [RAWCLIC_BEV_Motor_Recycling_TC_V1.xlsx, TC_2030/2060_Disassembly_Route]",2020
F_collected,Layer 1,BEV,F_captured,Layer 2,lamination,0.8,0.7,0.9,collection,dismantling,"step 1: EoL vehicle collection in 2030 [RAWCLIC_BEV_Motor_Recycling_TC_V1.xlsx, TC_2030/2060_Disassembly_Route]",2020
F_collected,Layer 1,BEV,F_captured,Layer 2,steel,0.8,0.7,0.9,collection,dismantling,"step 1: EoL vehicle collection in 2030 [RAWCLIC_BEV_Motor_Recycling_TC_V1.xlsx, TC_2030/2060_Disassembly_Route]",2020
F_collected,Layer 1,BEV,F_uncollected,Layer 2,magnet,0.2,0.1,0.3,collection,dismantling,"not collected: never reaches any treatment [RAWCLIC_BEV_Motor_Recycling_TC_V1.xlsx, TC_2030/2060_Disassembly_Route]",2020
F_collected,Layer 1,BEV,F_uncollected,Layer 2,copper,0.2,0.1,0.3,collection,dismantling,"not collected: never reaches any treatment [RAWCLIC_BEV_Motor_Recycling_TC_V1.xlsx, TC_2030/2060_Disassembly_Route]",2020
F_collected,Layer 1,BEV,F_uncollected,Layer 2,aluminium,0.2,0.1,0.3,collection,dismantling,"not collected: never reaches any treatment [RAWCLIC_BEV_Motor_Recycling_TC_V1.xlsx, TC_2030/2060_Disassembly_Route]",2020
F_collected,Layer 1,BEV,F_uncollected,Layer 2,lamination,0.2,0.1,0.3,collection,dismantling,"not collected: never reaches any treatment [RAWCLIC_BEV_Motor_Recycling_TC_V1.xlsx, TC_2030/2060_Disassembly_Route]",2020
F_collected,Layer 1,BEV,F_uncollected,Layer 2,steel,0.2,0.1,0.3,collection,dismantling,"not collected: never reaches any treatment [RAWCLIC_BEV_Motor_Recycling_TC_V1.xlsx, TC_2030/2060_Disassembly_Route]",2020
F_captured,Layer 1,BEV,F_removed,Layer 2,magnet,0.93,0.85,0.98,motor_removal,dismantling,"step 2: motor removed from the vehicle in 2030. THIS IS THE FORK -- the share of collected motors taken out whole [RAWCLIC_BEV_Motor_Recycling_TC_V1.xlsx, TC_2030/2060_Disassembly_Route]",2020
F_captured,Layer 1,BEV,F_removed,Layer 2,copper,0.93,0.85,0.98,motor_removal,dismantling,"step 2: motor removed from the vehicle in 2030. THIS IS THE FORK -- the share of collected motors taken out whole [RAWCLIC_BEV_Motor_Recycling_TC_V1.xlsx, TC_2030/2060_Disassembly_Route]",2020
F_captured,Layer 1,BEV,F_removed,Layer 2,aluminium,0.93,0.85,0.98,motor_removal,dismantling,"step 2: motor removed from the vehicle in 2030. THIS IS THE FORK -- the share of collected motors taken out whole [RAWCLIC_BEV_Motor_Recycling_TC_V1.xlsx, TC_2030/2060_Disassembly_Route]",2020
F_captured,Layer 1,BEV,F_removed,Layer 2,lamination,0.93,0.85,0.98,motor_removal,dismantling,"step 2: motor removed from the vehicle in 2030. THIS IS THE FORK -- the share of collected motors taken out whole [RAWCLIC_BEV_Motor_Recycling_TC_V1.xlsx, TC_2030/2060_Disassembly_Route]",2020
F_captured,Layer 1,BEV,F_removed,Layer 2,steel,0.93,0.85,0.98,motor_removal,dismantling,"step 2: motor removed from the vehicle in 2030. THIS IS THE FORK -- the share of collected motors taken out whole [RAWCLIC_BEV_Motor_Recycling_TC_V1.xlsx, TC_2030/2060_Disassembly_Route]",2020
F_captured,Layer 1,BEV,F_shredded,Layer 2,magnet,0.07,0.02,0.15,motor_removal,dismantling,"step 2, the other side: NOT removed, so it stays in the hulk and goes to the shredder. Not a loss -- it travels the other road [RAWCLIC_BEV_Motor_Recycling_TC_V1.xlsx, TC_2030/2060_Disassembly_Route]",2020
F_captured,Layer 1,BEV,F_shredded,Layer 2,copper,0.07,0.02,0.15,motor_removal,dismantling,"step 2, the other side: NOT removed, so it stays in the hulk and goes to the shredder. Not a loss -- it travels the other road [RAWCLIC_BEV_Motor_Recycling_TC_V1.xlsx, TC_2030/2060_Disassembly_Route]",2020
F_captured,Layer 1,BEV,F_shredded,Layer 2,aluminium,0.07,0.02,0.15,motor_removal,dismantling,"step 2, the other side: NOT removed, so it stays in the hulk and goes to the shredder. Not a loss -- it travels the other road [RAWCLIC_BEV_Motor_Recycling_TC_V1.xlsx, TC_2030/2060_Disassembly_Route]",2020
F_captured,Layer 1,BEV,F_shredded,Layer 2,lamination,0.07,0.02,0.15,motor_removal,dismantling,"step 2, the other side: NOT removed, so it stays in the hulk and goes to the shredder. Not a loss -- it travels the other road [RAWCLIC_BEV_Motor_Recycling_TC_V1.xlsx, TC_2030/2060_Disassembly_Route]",2020
F_captured,Layer 1,BEV,F_shredded,Layer 2,steel,0.07,0.02,0.15,motor_removal,dismantling,"step 2, the other side: NOT removed, so it stays in the hulk and goes to the shredder. Not a loss -- it travels the other road [RAWCLIC_BEV_Motor_Recycling_TC_V1.xlsx, TC_2030/2060_Disassembly_Route]",2020
F_removed,Layer 1,BEV,F_magnet_rotor_dis,Layer 2,magnet,0.88,0.8,0.95,magnet_extraction,disassembly,"step 3: dehousing, demagnetisation, stream separation [RAWCLIC_BEV_Motor_Recycling_TC_V1.xlsx, TC_2030/2060_Disassembly_Route]",2020
F_removed,Layer 1,BEV,F_loss_preprocessing_dis,Layer 2,magnet,0.12,0.05,0.2,magnet_extraction,disassembly,"not separated at pre-processing [RAWCLIC_BEV_Motor_Recycling_TC_V1.xlsx, TC_2030/2060_Disassembly_Route]",2020
F_removed,Layer 1,BEV,F_cu_stream_dis,Layer 2,copper,0.95,0.9,0.98,winding_separation,disassembly,"step 3: dehousing, demagnetisation, stream separation [RAWCLIC_BEV_Motor_Recycling_TC_V1.xlsx, TC_2030/2060_Disassembly_Route]",2020
F_removed,Layer 1,BEV,F_loss_preprocessing_dis,Layer 2,copper,0.05,0.02,0.1,winding_separation,disassembly,"not separated at pre-processing [RAWCLIC_BEV_Motor_Recycling_TC_V1.xlsx, TC_2030/2060_Disassembly_Route]",2020
F_removed,Layer 1,BEV,F_al_stream_dis,Layer 2,aluminium,0.96,0.92,0.99,housing_recovery,disassembly,"step 3: dehousing, demagnetisation, stream separation [RAWCLIC_BEV_Motor_Recycling_TC_V1.xlsx, TC_2030/2060_Disassembly_Route]",2020
F_removed,Layer 1,BEV,F_loss_preprocessing_dis,Layer 2,aluminium,0.04,0.01,0.08,housing_recovery,disassembly,"not separated at pre-processing [RAWCLIC_BEV_Motor_Recycling_TC_V1.xlsx, TC_2030/2060_Disassembly_Route]",2020
F_removed,Layer 1,BEV,F_steel_stream_dis,Layer 2,lamination,0.92,0.85,0.97,lamination_recovery,disassembly,"step 3: dehousing, demagnetisation, stream separation [RAWCLIC_BEV_Motor_Recycling_TC_V1.xlsx, TC_2030/2060_Disassembly_Route]",2020
F_removed,Layer 1,BEV,F_loss_preprocessing_dis,Layer 2,lamination,0.08,0.03,0.15,lamination_recovery,disassembly,"not separated at pre-processing [RAWCLIC_BEV_Motor_Recycling_TC_V1.xlsx, TC_2030/2060_Disassembly_Route]",2020
F_removed,Layer 1,BEV,F_steel_stream_dis,Layer 2,steel,0.92,0.85,0.97,lamination_recovery,disassembly,"step 3: dehousing, demagnetisation, stream separation [RAWCLIC_BEV_Motor_Recycling_TC_V1.xlsx, TC_2030/2060_Disassembly_Route]",2020
F_removed,Layer 1,BEV,F_loss_preprocessing_dis,Layer 2,steel,0.08,0.03,0.15,lamination_recovery,disassembly,"not separated at pre-processing [RAWCLIC_BEV_Motor_Recycling_TC_V1.xlsx, TC_2030/2060_Disassembly_Route]",2020
F_magnet_rotor_dis,Layer 1,BEV,F_magnet_feed_dis,Layer 2,magnet,0.7626,0.616,0.8924,magnet_extraction,disassembly,"steps 4a-5: extraction x decoat and mill [RAWCLIC_BEV_Motor_Recycling_TC_V1.xlsx, TC_2030/2060_Disassembly_Route]",2020
F_magnet_rotor_dis,Layer 1,BEV,F_loss_extraction_dis,Layer 2,magnet,0.2374,0.1076,0.384,magnet_extraction,disassembly,"magnet not liberated [RAWCLIC_BEV_Motor_Recycling_TC_V1.xlsx, TC_2030/2060_Disassembly_Route]",2020
F_magnet_feed_dis,Layer 2,magnet,F_nd_dis,Layer 4,Nd,0.81282,0.6732,0.931588,ree_recovery,hydrometallurgical,"steps 6b-8: leach x solvent extraction x oxide/metal [RAWCLIC_BEV_Motor_Recycling_TC_V1.xlsx, TC_2030/2060_Disassembly_Route]",2020
F_magnet_feed_dis,Layer 2,magnet,F_loss_ree_dis,Layer 4,Nd,0.18718,0.068412,0.3268,ree_recovery,hydrometallurgical,"lost in the long loop [RAWCLIC_BEV_Motor_Recycling_TC_V1.xlsx, TC_2030/2060_Disassembly_Route]",2020
F_magnet_feed_dis,Layer 2,magnet,F_pr_dis,Layer 4,Pr,0.77805,0.64242,0.912576,ree_recovery,hydrometallurgical,"steps 6b-8: leach x solvent extraction x oxide/metal [RAWCLIC_BEV_Motor_Recycling_TC_V1.xlsx, TC_2030/2060_Disassembly_Route]",2020
F_magnet_feed_dis,Layer 2,magnet,F_loss_ree_dis,Layer 4,Pr,0.22195,0.087424,0.35758,ree_recovery,hydrometallurgical,"lost in the long loop [RAWCLIC_BEV_Motor_Recycling_TC_V1.xlsx, TC_2030/2060_Disassembly_Route]",2020
F_magnet_feed_dis,Layer 2,magnet,F_dy_dis,Layer 4,Dy,0.76076,0.612,0.90307,ree_recovery,hydrometallurgical,"steps 6b-8: leach x solvent extraction x oxide/metal [RAWCLIC_BEV_Motor_Recycling_TC_V1.xlsx, TC_2030/2060_Disassembly_Route]",2020
F_magnet_feed_dis,Layer 2,magnet,F_loss_ree_dis,Layer 4,Dy,0.23924,0.09693,0.388,ree_recovery,hydrometallurgical,"lost in the long loop [RAWCLIC_BEV_Motor_Recycling_TC_V1.xlsx, TC_2030/2060_Disassembly_Route]",2020
F_magnet_feed_dis,Layer 2,magnet,F_tb_dis,Layer 4,Tb,0.72713,0.58266,0.884352,ree_recovery,hydrometallurgical,"steps 6b-8: leach x solvent extraction x oxide/metal [RAWCLIC_BEV_Motor_Recycling_TC_V1.xlsx, TC_2030/2060_Disassembly_Route]",2020
F_magnet_feed_dis,Layer 2,magnet,F_loss_ree_dis,Layer 4,Tb,0.27287,0.115648,0.41734,ree_recovery,hydrometallurgical,"lost in the long loop [RAWCLIC_BEV_Motor_Recycling_TC_V1.xlsx, TC_2030/2060_Disassembly_Route]",2020
F_magnet_feed_dis,Layer 2,magnet,F_loss_ree_dis,Layer 4,rest,1.0,1.0,1.0,ree_recovery,hydrometallurgical,"Fe, B, Co and the rest of the magnet: not a recovery target here [RAWCLIC_BEV_Motor_Recycling_TC_V1.xlsx, TC_2030/2060_Disassembly_Route]",2020
F_cu_stream_dis,Layer 2,copper,F_cu_recovered_dis,Layer 3,copper,0.9,0.82,0.96,cu_recovery,metallurgical,"step 9: winding separation and refining [RAWCLIC_BEV_Motor_Recycling_TC_V1.xlsx, TC_2030/2060_Disassembly_Route]",2020
F_cu_stream_dis,Layer 2,copper,F_loss_metals_dis,Layer 3,copper,0.1,0.04,0.18,cu_recovery,metallurgical,"lost in separation and melting [RAWCLIC_BEV_Motor_Recycling_TC_V1.xlsx, TC_2030/2060_Disassembly_Route]",2020
F_al_stream_dis,Layer 2,aluminium,F_al_recovered_dis,Layer 3,aluminium,0.93,0.88,0.97,al_recovery,metallurgical,"step 10: housing to secondary aluminium [RAWCLIC_BEV_Motor_Recycling_TC_V1.xlsx, TC_2030/2060_Disassembly_Route]",2020
F_al_stream_dis,Layer 2,aluminium,F_loss_metals_dis,Layer 3,aluminium,0.07,0.03,0.12,al_recovery,metallurgical,"lost in separation and melting [RAWCLIC_BEV_Motor_Recycling_TC_V1.xlsx, TC_2030/2060_Disassembly_Route]",2020
F_steel_stream_dis,Layer 2,lamination,F_steel_recovered_dis,Layer 3,lamination,0.88,0.8,0.95,steel_recovery,metallurgical,"step 11: laminations to ferrous scrap [RAWCLIC_BEV_Motor_Recycling_TC_V1.xlsx, TC_2030/2060_Disassembly_Route]",2020
F_steel_stream_dis,Layer 2,lamination,F_loss_metals_dis,Layer 3,lamination,0.12,0.05,0.2,steel_recovery,metallurgical,"lost in separation and melting [RAWCLIC_BEV_Motor_Recycling_TC_V1.xlsx, TC_2030/2060_Disassembly_Route]",2020
F_steel_stream_dis,Layer 2,steel,F_steel_recovered_dis,Layer 3,steel,0.88,0.8,0.95,steel_recovery,metallurgical,"step 11: shaft and gearbox steel to ferrous scrap [RAWCLIC_BEV_Motor_Recycling_TC_V1.xlsx, TC_2030/2060_Disassembly_Route]",2020
F_steel_stream_dis,Layer 2,steel,F_loss_metals_dis,Layer 3,steel,0.12,0.05,0.2,steel_recovery,metallurgical,"lost in separation and melting [RAWCLIC_BEV_Motor_Recycling_TC_V1.xlsx, TC_2030/2060_Disassembly_Route]",2020
F_shredded,Layer 1,BEV,F_ndfeb_stream_shr,Layer 2,magnet,0.98,0.95,1.0,shredder_feed,shredder,"step 2, shredder route: motor to shredder feed, then sorted, in 2030 [RAWCLIC_BEV_Motor_Recycling_TC_V1.xlsx, TC_2030/2060_Shredder_Route]",2020
F_shredded,Layer 1,BEV,F_loss_unfed_shr,Layer 2,magnet,0.02,0.0,0.05,shredder_feed,shredder,"not fed to the shredder [RAWCLIC_BEV_Motor_Recycling_TC_V1.xlsx, TC_2030/2060_Shredder_Route]",2020
F_shredded,Layer 1,BEV,F_cu_stream_shr,Layer 2,copper,0.98,0.95,1.0,shredder_feed,shredder,"step 2, shredder route: motor to shredder feed, then sorted, in 2030 [RAWCLIC_BEV_Motor_Recycling_TC_V1.xlsx, TC_2030/2060_Shredder_Route]",2020
F_shredded,Layer 1,BEV,F_loss_unfed_shr,Layer 2,copper,0.02,0.0,0.05,shredder_feed,shredder,"not fed to the shredder [RAWCLIC_BEV_Motor_Recycling_TC_V1.xlsx, TC_2030/2060_Shredder_Route]",2020
F_shredded,Layer 1,BEV,F_al_stream_shr,Layer 2,aluminium,0.98,0.95,1.0,shredder_feed,shredder,"step 2, shredder route: motor to shredder feed, then sorted, in 2030 [RAWCLIC_BEV_Motor_Recycling_TC_V1.xlsx, TC_2030/2060_Shredder_Route]",2020
F_shredded,Layer 1,BEV,F_loss_unfed_shr,Layer 2,aluminium,0.02,0.0,0.05,shredder_feed,shredder,"not fed to the shredder [RAWCLIC_BEV_Motor_Recycling_TC_V1.xlsx, TC_2030/2060_Shredder_Route]",2020
F_shredded,Layer 1,BEV,F_steel_stream_shr,Layer 2,lamination,0.98,0.95,1.0,shredder_feed,shredder,"step 2, shredder route: motor to shredder feed, then sorted, in 2030 [RAWCLIC_BEV_Motor_Recycling_TC_V1.xlsx, TC_2030/2060_Shredder_Route]",2020
F_shredded,Layer 1,BEV,F_loss_unfed_shr,Layer 2,lamination,0.02,0.0,0.05,shredder_feed,shredder,"not fed to the shredder [RAWCLIC_BEV_Motor_Recycling_TC_V1.xlsx, TC_2030/2060_Shredder_Route]",2020
F_shredded,Layer 1,BEV,F_steel_stream_shr,Layer 2,steel,0.98,0.95,1.0,shredder_feed,shredder,"step 2, shredder route: motor to shredder feed, then sorted, in 2030 [RAWCLIC_BEV_Motor_Recycling_TC_V1.xlsx, TC_2030/2060_Shredder_Route]",2020
F_shredded,Layer 1,BEV,F_loss_unfed_shr,Layer 2,steel,0.02,0.0,0.05,shredder_feed,shredder,"not fed to the shredder [RAWCLIC_BEV_Motor_Recycling_TC_V1.xlsx, TC_2030/2060_Shredder_Route]",2020
F_ndfeb_stream_shr,Layer 2,magnet,F_nd_shr,Layer 4,Nd,0.02,0.0,0.05,ree_recovery,shredder,"step 3: NdFeB to recovered rare earth, end to end [RAWCLIC_BEV_Motor_Recycling_TC_V1.xlsx, TC_2030/2060_Shredder_Route]",2020
F_ndfeb_stream_shr,Layer 2,magnet,F_ree_in_steel_shr,Layer 4,Nd,0.35,0.2,0.55,steel_melt,shredder,"step 3-4: to the ferrous fraction and into the steel melt. The rare earth reports to slag and is LOST as rare earth -- step 4's 0.01 recoverable is not taken [RAWCLIC_BEV_Motor_Recycling_TC_V1.xlsx, TC_2030/2060_Shredder_Route]",2020
F_ndfeb_stream_shr,Layer 2,magnet,F_ree_in_nonferrous_shr,Layer 4,Nd,0.15,0.1,0.2,nonferrous_sorting,shredder,"step 3: fragments carried into the non-ferrous concentrate [RAWCLIC_BEV_Motor_Recycling_TC_V1.xlsx, TC_2030/2060_Shredder_Route]",2020
F_ndfeb_stream_shr,Layer 2,magnet,F_ree_in_asr_shr,Layer 4,Nd,0.4,0.3,0.5,shredder_residue,shredder,"step 3: fines into automotive shredder residue [RAWCLIC_BEV_Motor_Recycling_TC_V1.xlsx, TC_2030/2060_Shredder_Route]",2020
F_ndfeb_stream_shr,Layer 2,magnet,F_loss_shredding_shr,Layer 4,Nd,0.08,0.0,0.4,ree_recovery,shredder,"the fates the sheet does not assign [RAWCLIC_BEV_Motor_Recycling_TC_V1.xlsx, TC_2030/2060_Shredder_Route]",2020
F_ndfeb_stream_shr,Layer 2,magnet,F_pr_shr,Layer 4,Pr,0.02,0.0,0.05,ree_recovery,shredder,"step 3: NdFeB to recovered rare earth, end to end [RAWCLIC_BEV_Motor_Recycling_TC_V1.xlsx, TC_2030/2060_Shredder_Route]",2020
F_ndfeb_stream_shr,Layer 2,magnet,F_ree_in_steel_shr,Layer 4,Pr,0.35,0.2,0.55,steel_melt,shredder,"step 3-4: to the ferrous fraction and into the steel melt. The rare earth reports to slag and is LOST as rare earth -- step 4's 0.01 recoverable is not taken [RAWCLIC_BEV_Motor_Recycling_TC_V1.xlsx, TC_2030/2060_Shredder_Route]",2020
F_ndfeb_stream_shr,Layer 2,magnet,F_ree_in_nonferrous_shr,Layer 4,Pr,0.15,0.1,0.2,nonferrous_sorting,shredder,"step 3: fragments carried into the non-ferrous concentrate [RAWCLIC_BEV_Motor_Recycling_TC_V1.xlsx, TC_2030/2060_Shredder_Route]",2020
F_ndfeb_stream_shr,Layer 2,magnet,F_ree_in_asr_shr,Layer 4,Pr,0.4,0.3,0.5,shredder_residue,shredder,"step 3: fines into automotive shredder residue [RAWCLIC_BEV_Motor_Recycling_TC_V1.xlsx, TC_2030/2060_Shredder_Route]",2020
F_ndfeb_stream_shr,Layer 2,magnet,F_loss_shredding_shr,Layer 4,Pr,0.08,0.0,0.4,ree_recovery,shredder,"the fates the sheet does not assign [RAWCLIC_BEV_Motor_Recycling_TC_V1.xlsx, TC_2030/2060_Shredder_Route]",2020
F_ndfeb_stream_shr,Layer 2,magnet,F_dy_shr,Layer 4,Dy,0.02,0.0,0.05,ree_recovery,shredder,"step 3: NdFeB to recovered rare earth, end to end [RAWCLIC_BEV_Motor_Recycling_TC_V1.xlsx, TC_2030/2060_Shredder_Route]",2020
F_ndfeb_stream_shr,Layer 2,magnet,F_ree_in_steel_shr,Layer 4,Dy,0.35,0.2,0.55,steel_melt,shredder,"step 3-4: to the ferrous fraction and into the steel melt. The rare earth reports to slag and is LOST as rare earth -- step 4's 0.01 recoverable is not taken [RAWCLIC_BEV_Motor_Recycling_TC_V1.xlsx, TC_2030/2060_Shredder_Route]",2020
F_ndfeb_stream_shr,Layer 2,magnet,F_ree_in_nonferrous_shr,Layer 4,Dy,0.15,0.1,0.2,nonferrous_sorting,shredder,"step 3: fragments carried into the non-ferrous concentrate [RAWCLIC_BEV_Motor_Recycling_TC_V1.xlsx, TC_2030/2060_Shredder_Route]",2020
F_ndfeb_stream_shr,Layer 2,magnet,F_ree_in_asr_shr,Layer 4,Dy,0.4,0.3,0.5,shredder_residue,shredder,"step 3: fines into automotive shredder residue [RAWCLIC_BEV_Motor_Recycling_TC_V1.xlsx, TC_2030/2060_Shredder_Route]",2020
F_ndfeb_stream_shr,Layer 2,magnet,F_loss_shredding_shr,Layer 4,Dy,0.08,0.0,0.4,ree_recovery,shredder,"the fates the sheet does not assign [RAWCLIC_BEV_Motor_Recycling_TC_V1.xlsx, TC_2030/2060_Shredder_Route]",2020
F_ndfeb_stream_shr,Layer 2,magnet,F_tb_shr,Layer 4,Tb,0.02,0.0,0.05,ree_recovery,shredder,"step 3: NdFeB to recovered rare earth, end to end [RAWCLIC_BEV_Motor_Recycling_TC_V1.xlsx, TC_2030/2060_Shredder_Route]",2020
F_ndfeb_stream_shr,Layer 2,magnet,F_ree_in_steel_shr,Layer 4,Tb,0.35,0.2,0.55,steel_melt,shredder,"step 3-4: to the ferrous fraction and into the steel melt. The rare earth reports to slag and is LOST as rare earth -- step 4's 0.01 recoverable is not taken [RAWCLIC_BEV_Motor_Recycling_TC_V1.xlsx, TC_2030/2060_Shredder_Route]",2020
F_ndfeb_stream_shr,Layer 2,magnet,F_ree_in_nonferrous_shr,Layer 4,Tb,0.15,0.1,0.2,nonferrous_sorting,shredder,"step 3: fragments carried into the non-ferrous concentrate [RAWCLIC_BEV_Motor_Recycling_TC_V1.xlsx, TC_2030/2060_Shredder_Route]",2020
F_ndfeb_stream_shr,Layer 2,magnet,F_ree_in_asr_shr,Layer 4,Tb,0.4,0.3,0.5,shredder_residue,shredder,"step 3: fines into automotive shredder residue [RAWCLIC_BEV_Motor_Recycling_TC_V1.xlsx, TC_2030/2060_Shredder_Route]",2020
F_ndfeb_stream_shr,Layer 2,magnet,F_loss_shredding_shr,Layer 4,Tb,0.08,0.0,0.4,ree_recovery,shredder,"the fates the sheet does not assign [RAWCLIC_BEV_Motor_Recycling_TC_V1.xlsx, TC_2030/2060_Shredder_Route]",2020
F_ndfeb_stream_shr,Layer 2,magnet,F_loss_shredding_shr,Layer 4,rest,1.0,1.0,1.0,ree_recovery,shredder,"Fe, B, Co and the rest of the magnet: not a recovery target here [RAWCLIC_BEV_Motor_Recycling_TC_V1.xlsx, TC_2030/2060_Shredder_Route]",2020
F_cu_stream_shr,Layer 2,copper,F_cu_recovered_shr,Layer 3,copper,0.75,0.6,0.85,cu_recovery,shredder,"step 3: copper to the non-ferrous fraction [RAWCLIC_BEV_Motor_Recycling_TC_V1.xlsx, TC_2030/2060_Shredder_Route]",2020
F_cu_stream_shr,Layer 2,copper,F_loss_metals_shr,Layer 3,copper,0.25,0.15,0.4,cu_recovery,shredder,"lost to residue, mixing and melt [RAWCLIC_BEV_Motor_Recycling_TC_V1.xlsx, TC_2030/2060_Shredder_Route]",2020
F_al_stream_shr,Layer 2,aluminium,F_al_recovered_shr,Layer 3,aluminium,0.78,0.65,0.88,al_recovery,shredder,"step 3: aluminium to the non-ferrous fraction [RAWCLIC_BEV_Motor_Recycling_TC_V1.xlsx, TC_2030/2060_Shredder_Route]",2020
F_al_stream_shr,Layer 2,aluminium,F_loss_metals_shr,Layer 3,aluminium,0.22,0.12,0.35,al_recovery,shredder,"lost to residue, mixing and melt [RAWCLIC_BEV_Motor_Recycling_TC_V1.xlsx, TC_2030/2060_Shredder_Route]",2020
F_steel_stream_shr,Layer 2,lamination,F_steel_recovered_shr,Layer 3,lamination,0.92,0.85,0.97,steel_recovery,shredder,"step 3: laminations to the ferrous fraction [RAWCLIC_BEV_Motor_Recycling_TC_V1.xlsx, TC_2030/2060_Shredder_Route]",2020
F_steel_stream_shr,Layer 2,lamination,F_loss_metals_shr,Layer 3,lamination,0.08,0.03,0.15,steel_recovery,shredder,"lost to residue, mixing and melt [RAWCLIC_BEV_Motor_Recycling_TC_V1.xlsx, TC_2030/2060_Shredder_Route]",2020
F_steel_stream_shr,Layer 2,steel,F_steel_recovered_shr,Layer 3,steel,0.92,0.85,0.97,steel_recovery,shredder,"step 3: shaft and gearbox steel to ferrous [RAWCLIC_BEV_Motor_Recycling_TC_V1.xlsx, TC_2030/2060_Shredder_Route]",2020
F_steel_stream_shr,Layer 2,steel,F_loss_metals_shr,Layer 3,steel,0.08,0.03,0.15,steel_recovery,shredder,"lost to residue, mixing and melt [RAWCLIC_BEV_Motor_Recycling_TC_V1.xlsx, TC_2030/2060_Shredder_Route]",2020
F_collected,Layer 1,BEV,F_captured,Layer 2,magnet,0.8,0.7,0.9,collection,dismantling,"step 1: EoL vehicle collection in 2030 [RAWCLIC_BEV_Motor_Recycling_TC_V1.xlsx, TC_2030/2060_Disassembly_Route]",2025
F_collected,Layer 1,BEV,F_captured,Layer 2,copper,0.8,0.7,0.9,collection,dismantling,"step 1: EoL vehicle collection in 2030 [RAWCLIC_BEV_Motor_Recycling_TC_V1.xlsx, TC_2030/2060_Disassembly_Route]",2025
F_collected,Layer 1,BEV,F_captured,Layer 2,aluminium,0.8,0.7,0.9,collection,dismantling,"step 1: EoL vehicle collection in 2030 [RAWCLIC_BEV_Motor_Recycling_TC_V1.xlsx, TC_2030/2060_Disassembly_Route]",2025
F_collected,Layer 1,BEV,F_captured,Layer 2,lamination,0.8,0.7,0.9,collection,dismantling,"step 1: EoL vehicle collection in 2030 [RAWCLIC_BEV_Motor_Recycling_TC_V1.xlsx, TC_2030/2060_Disassembly_Route]",2025
F_collected,Layer 1,BEV,F_captured,Layer 2,steel,0.8,0.7,0.9,collection,dismantling,"step 1: EoL vehicle collection in 2030 [RAWCLIC_BEV_Motor_Recycling_TC_V1.xlsx, TC_2030/2060_Disassembly_Route]",2025
F_collected,Layer 1,BEV,F_uncollected,Layer 2,magnet,0.2,0.1,0.3,collection,dismantling,"not collected: never reaches any treatment [RAWCLIC_BEV_Motor_Recycling_TC_V1.xlsx, TC_2030/2060_Disassembly_Route]",2025
F_collected,Layer 1,BEV,F_uncollected,Layer 2,copper,0.2,0.1,0.3,collection,dismantling,"not collected: never reaches any treatment [RAWCLIC_BEV_Motor_Recycling_TC_V1.xlsx, TC_2030/2060_Disassembly_Route]",2025
F_collected,Layer 1,BEV,F_uncollected,Layer 2,aluminium,0.2,0.1,0.3,collection,dismantling,"not collected: never reaches any treatment [RAWCLIC_BEV_Motor_Recycling_TC_V1.xlsx, TC_2030/2060_Disassembly_Route]",2025
F_collected,Layer 1,BEV,F_uncollected,Layer 2,lamination,0.2,0.1,0.3,collection,dismantling,"not collected: never reaches any treatment [RAWCLIC_BEV_Motor_Recycling_TC_V1.xlsx, TC_2030/2060_Disassembly_Route]",2025
F_collected,Layer 1,BEV,F_uncollected,Layer 2,steel,0.2,0.1,0.3,collection,dismantling,"not collected: never reaches any treatment [RAWCLIC_BEV_Motor_Recycling_TC_V1.xlsx, TC_2030/2060_Disassembly_Route]",2025
F_captured,Layer 1,BEV,F_removed,Layer 2,magnet,0.93,0.85,0.98,motor_removal,dismantling,"step 2: motor removed from the vehicle in 2030. THIS IS THE FORK -- the share of collected motors taken out whole [RAWCLIC_BEV_Motor_Recycling_TC_V1.xlsx, TC_2030/2060_Disassembly_Route]",2025
F_captured,Layer 1,BEV,F_removed,Layer 2,copper,0.93,0.85,0.98,motor_removal,dismantling,"step 2: motor removed from the vehicle in 2030. THIS IS THE FORK -- the share of collected motors taken out whole [RAWCLIC_BEV_Motor_Recycling_TC_V1.xlsx, TC_2030/2060_Disassembly_Route]",2025
F_captured,Layer 1,BEV,F_removed,Layer 2,aluminium,0.93,0.85,0.98,motor_removal,dismantling,"step 2: motor removed from the vehicle in 2030. THIS IS THE FORK -- the share of collected motors taken out whole [RAWCLIC_BEV_Motor_Recycling_TC_V1.xlsx, TC_2030/2060_Disassembly_Route]",2025
F_captured,Layer 1,BEV,F_removed,Layer 2,lamination,0.93,0.85,0.98,motor_removal,dismantling,"step 2: motor removed from the vehicle in 2030. THIS IS THE FORK -- the share of collected motors taken out whole [RAWCLIC_BEV_Motor_Recycling_TC_V1.xlsx, TC_2030/2060_Disassembly_Route]",2025
F_captured,Layer 1,BEV,F_removed,Layer 2,steel,0.93,0.85,0.98,motor_removal,dismantling,"step 2: motor removed from the vehicle in 2030. THIS IS THE FORK -- the share of collected motors taken out whole [RAWCLIC_BEV_Motor_Recycling_TC_V1.xlsx, TC_2030/2060_Disassembly_Route]",2025
F_captured,Layer 1,BEV,F_shredded,Layer 2,magnet,0.07,0.02,0.15,motor_removal,dismantling,"step 2, the other side: NOT removed, so it stays in the hulk and goes to the shredder. Not a loss -- it travels the other road [RAWCLIC_BEV_Motor_Recycling_TC_V1.xlsx, TC_2030/2060_Disassembly_Route]",2025
F_captured,Layer 1,BEV,F_shredded,Layer 2,copper,0.07,0.02,0.15,motor_removal,dismantling,"step 2, the other side: NOT removed, so it stays in the hulk and goes to the shredder. Not a loss -- it travels the other road [RAWCLIC_BEV_Motor_Recycling_TC_V1.xlsx, TC_2030/2060_Disassembly_Route]",2025
F_captured,Layer 1,BEV,F_shredded,Layer 2,aluminium,0.07,0.02,0.15,motor_removal,dismantling,"step 2, the other side: NOT removed, so it stays in the hulk and goes to the shredder. Not a loss -- it travels the other road [RAWCLIC_BEV_Motor_Recycling_TC_V1.xlsx, TC_2030/2060_Disassembly_Route]",2025
F_captured,Layer 1,BEV,F_shredded,Layer 2,lamination,0.07,0.02,0.15,motor_removal,dismantling,"step 2, the other side: NOT removed, so it stays in the hulk and goes to the shredder. Not a loss -- it travels the other road [RAWCLIC_BEV_Motor_Recycling_TC_V1.xlsx, TC_2030/2060_Disassembly_Route]",2025
F_captured,Layer 1,BEV,F_shredded,Layer 2,steel,0.07,0.02,0.15,motor_removal,dismantling,"step 2, the other side: NOT removed, so it stays in the hulk and goes to the shredder. Not a loss -- it travels the other road [RAWCLIC_BEV_Motor_Recycling_TC_V1.xlsx, TC_2030/2060_Disassembly_Route]",2025
F_removed,Layer 1,BEV,F_magnet_rotor_dis,Layer 2,magnet,0.88,0.8,0.95,magnet_extraction,disassembly,"step 3: dehousing, demagnetisation, stream separation [RAWCLIC_BEV_Motor_Recycling_TC_V1.xlsx, TC_2030/2060_Disassembly_Route]",2025
F_removed,Layer 1,BEV,F_loss_preprocessing_dis,Layer 2,magnet,0.12,0.05,0.2,magnet_extraction,disassembly,"not separated at pre-processing [RAWCLIC_BEV_Motor_Recycling_TC_V1.xlsx, TC_2030/2060_Disassembly_Route]",2025
F_removed,Layer 1,BEV,F_cu_stream_dis,Layer 2,copper,0.95,0.9,0.98,winding_separation,disassembly,"step 3: dehousing, demagnetisation, stream separation [RAWCLIC_BEV_Motor_Recycling_TC_V1.xlsx, TC_2030/2060_Disassembly_Route]",2025
F_removed,Layer 1,BEV,F_loss_preprocessing_dis,Layer 2,copper,0.05,0.02,0.1,winding_separation,disassembly,"not separated at pre-processing [RAWCLIC_BEV_Motor_Recycling_TC_V1.xlsx, TC_2030/2060_Disassembly_Route]",2025
F_removed,Layer 1,BEV,F_al_stream_dis,Layer 2,aluminium,0.96,0.92,0.99,housing_recovery,disassembly,"step 3: dehousing, demagnetisation, stream separation [RAWCLIC_BEV_Motor_Recycling_TC_V1.xlsx, TC_2030/2060_Disassembly_Route]",2025
F_removed,Layer 1,BEV,F_loss_preprocessing_dis,Layer 2,aluminium,0.04,0.01,0.08,housing_recovery,disassembly,"not separated at pre-processing [RAWCLIC_BEV_Motor_Recycling_TC_V1.xlsx, TC_2030/2060_Disassembly_Route]",2025
F_removed,Layer 1,BEV,F_steel_stream_dis,Layer 2,lamination,0.92,0.85,0.97,lamination_recovery,disassembly,"step 3: dehousing, demagnetisation, stream separation [RAWCLIC_BEV_Motor_Recycling_TC_V1.xlsx, TC_2030/2060_Disassembly_Route]",2025
F_removed,Layer 1,BEV,F_loss_preprocessing_dis,Layer 2,lamination,0.08,0.03,0.15,lamination_recovery,disassembly,"not separated at pre-processing [RAWCLIC_BEV_Motor_Recycling_TC_V1.xlsx, TC_2030/2060_Disassembly_Route]",2025
F_removed,Layer 1,BEV,F_steel_stream_dis,Layer 2,steel,0.92,0.85,0.97,lamination_recovery,disassembly,"step 3: dehousing, demagnetisation, stream separation [RAWCLIC_BEV_Motor_Recycling_TC_V1.xlsx, TC_2030/2060_Disassembly_Route]",2025
F_removed,Layer 1,BEV,F_loss_preprocessing_dis,Layer 2,steel,0.08,0.03,0.15,lamination_recovery,disassembly,"not separated at pre-processing [RAWCLIC_BEV_Motor_Recycling_TC_V1.xlsx, TC_2030/2060_Disassembly_Route]",2025
F_magnet_rotor_dis,Layer 1,BEV,F_magnet_feed_dis,Layer 2,magnet,0.7626,0.616,0.8924,magnet_extraction,disassembly,"steps 4a-5: extraction x decoat and mill [RAWCLIC_BEV_Motor_Recycling_TC_V1.xlsx, TC_2030/2060_Disassembly_Route]",2025
F_magnet_rotor_dis,Layer 1,BEV,F_loss_extraction_dis,Layer 2,magnet,0.2374,0.1076,0.384,magnet_extraction,disassembly,"magnet not liberated [RAWCLIC_BEV_Motor_Recycling_TC_V1.xlsx, TC_2030/2060_Disassembly_Route]",2025
F_magnet_feed_dis,Layer 2,magnet,F_nd_dis,Layer 4,Nd,0.81282,0.6732,0.931588,ree_recovery,hydrometallurgical,"steps 6b-8: leach x solvent extraction x oxide/metal [RAWCLIC_BEV_Motor_Recycling_TC_V1.xlsx, TC_2030/2060_Disassembly_Route]",2025
F_magnet_feed_dis,Layer 2,magnet,F_loss_ree_dis,Layer 4,Nd,0.18718,0.068412,0.3268,ree_recovery,hydrometallurgical,"lost in the long loop [RAWCLIC_BEV_Motor_Recycling_TC_V1.xlsx, TC_2030/2060_Disassembly_Route]",2025
F_magnet_feed_dis,Layer 2,magnet,F_pr_dis,Layer 4,Pr,0.77805,0.64242,0.912576,ree_recovery,hydrometallurgical,"steps 6b-8: leach x solvent extraction x oxide/metal [RAWCLIC_BEV_Motor_Recycling_TC_V1.xlsx, TC_2030/2060_Disassembly_Route]",2025
F_magnet_feed_dis,Layer 2,magnet,F_loss_ree_dis,Layer 4,Pr,0.22195,0.087424,0.35758,ree_recovery,hydrometallurgical,"lost in the long loop [RAWCLIC_BEV_Motor_Recycling_TC_V1.xlsx, TC_2030/2060_Disassembly_Route]",2025
F_magnet_feed_dis,Layer 2,magnet,F_dy_dis,Layer 4,Dy,0.76076,0.612,0.90307,ree_recovery,hydrometallurgical,"steps 6b-8: leach x solvent extraction x oxide/metal [RAWCLIC_BEV_Motor_Recycling_TC_V1.xlsx, TC_2030/2060_Disassembly_Route]",2025
F_magnet_feed_dis,Layer 2,magnet,F_loss_ree_dis,Layer 4,Dy,0.23924,0.09693,0.388,ree_recovery,hydrometallurgical,"lost in the long loop [RAWCLIC_BEV_Motor_Recycling_TC_V1.xlsx, TC_2030/2060_Disassembly_Route]",2025
F_magnet_feed_dis,Layer 2,magnet,F_tb_dis,Layer 4,Tb,0.72713,0.58266,0.884352,ree_recovery,hydrometallurgical,"steps 6b-8: leach x solvent extraction x oxide/metal [RAWCLIC_BEV_Motor_Recycling_TC_V1.xlsx, TC_2030/2060_Disassembly_Route]",2025
F_magnet_feed_dis,Layer 2,magnet,F_loss_ree_dis,Layer 4,Tb,0.27287,0.115648,0.41734,ree_recovery,hydrometallurgical,"lost in the long loop [RAWCLIC_BEV_Motor_Recycling_TC_V1.xlsx, TC_2030/2060_Disassembly_Route]",2025
F_magnet_feed_dis,Layer 2,magnet,F_loss_ree_dis,Layer 4,rest,1.0,1.0,1.0,ree_recovery,hydrometallurgical,"Fe, B, Co and the rest of the magnet: not a recovery target here [RAWCLIC_BEV_Motor_Recycling_TC_V1.xlsx, TC_2030/2060_Disassembly_Route]",2025
F_cu_stream_dis,Layer 2,copper,F_cu_recovered_dis,Layer 3,copper,0.9,0.82,0.96,cu_recovery,metallurgical,"step 9: winding separation and refining [RAWCLIC_BEV_Motor_Recycling_TC_V1.xlsx, TC_2030/2060_Disassembly_Route]",2025
F_cu_stream_dis,Layer 2,copper,F_loss_metals_dis,Layer 3,copper,0.1,0.04,0.18,cu_recovery,metallurgical,"lost in separation and melting [RAWCLIC_BEV_Motor_Recycling_TC_V1.xlsx, TC_2030/2060_Disassembly_Route]",2025
F_al_stream_dis,Layer 2,aluminium,F_al_recovered_dis,Layer 3,aluminium,0.93,0.88,0.97,al_recovery,metallurgical,"step 10: housing to secondary aluminium [RAWCLIC_BEV_Motor_Recycling_TC_V1.xlsx, TC_2030/2060_Disassembly_Route]",2025
F_al_stream_dis,Layer 2,aluminium,F_loss_metals_dis,Layer 3,aluminium,0.07,0.03,0.12,al_recovery,metallurgical,"lost in separation and melting [RAWCLIC_BEV_Motor_Recycling_TC_V1.xlsx, TC_2030/2060_Disassembly_Route]",2025
F_steel_stream_dis,Layer 2,lamination,F_steel_recovered_dis,Layer 3,lamination,0.88,0.8,0.95,steel_recovery,metallurgical,"step 11: laminations to ferrous scrap [RAWCLIC_BEV_Motor_Recycling_TC_V1.xlsx, TC_2030/2060_Disassembly_Route]",2025
F_steel_stream_dis,Layer 2,lamination,F_loss_metals_dis,Layer 3,lamination,0.12,0.05,0.2,steel_recovery,metallurgical,"lost in separation and melting [RAWCLIC_BEV_Motor_Recycling_TC_V1.xlsx, TC_2030/2060_Disassembly_Route]",2025
F_steel_stream_dis,Layer 2,steel,F_steel_recovered_dis,Layer 3,steel,0.88,0.8,0.95,steel_recovery,metallurgical,"step 11: shaft and gearbox steel to ferrous scrap [RAWCLIC_BEV_Motor_Recycling_TC_V1.xlsx, TC_2030/2060_Disassembly_Route]",2025
F_steel_stream_dis,Layer 2,steel,F_loss_metals_dis,Layer 3,steel,0.12,0.05,0.2,steel_recovery,metallurgical,"lost in separation and melting [RAWCLIC_BEV_Motor_Recycling_TC_V1.xlsx, TC_2030/2060_Disassembly_Route]",2025
F_shredded,Layer 1,BEV,F_ndfeb_stream_shr,Layer 2,magnet,0.98,0.95,1.0,shredder_feed,shredder,"step 2, shredder route: motor to shredder feed, then sorted, in 2030 [RAWCLIC_BEV_Motor_Recycling_TC_V1.xlsx, TC_2030/2060_Shredder_Route]",2025
F_shredded,Layer 1,BEV,F_loss_unfed_shr,Layer 2,magnet,0.02,0.0,0.05,shredder_feed,shredder,"not fed to the shredder [RAWCLIC_BEV_Motor_Recycling_TC_V1.xlsx, TC_2030/2060_Shredder_Route]",2025
F_shredded,Layer 1,BEV,F_cu_stream_shr,Layer 2,copper,0.98,0.95,1.0,shredder_feed,shredder,"step 2, shredder route: motor to shredder feed, then sorted, in 2030 [RAWCLIC_BEV_Motor_Recycling_TC_V1.xlsx, TC_2030/2060_Shredder_Route]",2025
F_shredded,Layer 1,BEV,F_loss_unfed_shr,Layer 2,copper,0.02,0.0,0.05,shredder_feed,shredder,"not fed to the shredder [RAWCLIC_BEV_Motor_Recycling_TC_V1.xlsx, TC_2030/2060_Shredder_Route]",2025
F_shredded,Layer 1,BEV,F_al_stream_shr,Layer 2,aluminium,0.98,0.95,1.0,shredder_feed,shredder,"step 2, shredder route: motor to shredder feed, then sorted, in 2030 [RAWCLIC_BEV_Motor_Recycling_TC_V1.xlsx, TC_2030/2060_Shredder_Route]",2025
F_shredded,Layer 1,BEV,F_loss_unfed_shr,Layer 2,aluminium,0.02,0.0,0.05,shredder_feed,shredder,"not fed to the shredder [RAWCLIC_BEV_Motor_Recycling_TC_V1.xlsx, TC_2030/2060_Shredder_Route]",2025
F_shredded,Layer 1,BEV,F_steel_stream_shr,Layer 2,lamination,0.98,0.95,1.0,shredder_feed,shredder,"step 2, shredder route: motor to shredder feed, then sorted, in 2030 [RAWCLIC_BEV_Motor_Recycling_TC_V1.xlsx, TC_2030/2060_Shredder_Route]",2025
F_shredded,Layer 1,BEV,F_loss_unfed_shr,Layer 2,lamination,0.02,0.0,0.05,shredder_feed,shredder,"not fed to the shredder [RAWCLIC_BEV_Motor_Recycling_TC_V1.xlsx, TC_2030/2060_Shredder_Route]",2025
F_shredded,Layer 1,BEV,F_steel_stream_shr,Layer 2,steel,0.98,0.95,1.0,shredder_feed,shredder,"step 2, shredder route: motor to shredder feed, then sorted, in 2030 [RAWCLIC_BEV_Motor_Recycling_TC_V1.xlsx, TC_2030/2060_Shredder_Route]",2025
F_shredded,Layer 1,BEV,F_loss_unfed_shr,Layer 2,steel,0.02,0.0,0.05,shredder_feed,shredder,"not fed to the shredder [RAWCLIC_BEV_Motor_Recycling_TC_V1.xlsx, TC_2030/2060_Shredder_Route]",2025
F_ndfeb_stream_shr,Layer 2,magnet,F_nd_shr,Layer 4,Nd,0.02,0.0,0.05,ree_recovery,shredder,"step 3: NdFeB to recovered rare earth, end to end [RAWCLIC_BEV_Motor_Recycling_TC_V1.xlsx, TC_2030/2060_Shredder_Route]",2025
F_ndfeb_stream_shr,Layer 2,magnet,F_ree_in_steel_shr,Layer 4,Nd,0.35,0.2,0.55,steel_melt,shredder,"step 3-4: to the ferrous fraction and into the steel melt. The rare earth reports to slag and is LOST as rare earth -- step 4's 0.01 recoverable is not taken [RAWCLIC_BEV_Motor_Recycling_TC_V1.xlsx, TC_2030/2060_Shredder_Route]",2025
F_ndfeb_stream_shr,Layer 2,magnet,F_ree_in_nonferrous_shr,Layer 4,Nd,0.15,0.1,0.2,nonferrous_sorting,shredder,"step 3: fragments carried into the non-ferrous concentrate [RAWCLIC_BEV_Motor_Recycling_TC_V1.xlsx, TC_2030/2060_Shredder_Route]",2025
F_ndfeb_stream_shr,Layer 2,magnet,F_ree_in_asr_shr,Layer 4,Nd,0.4,0.3,0.5,shredder_residue,shredder,"step 3: fines into automotive shredder residue [RAWCLIC_BEV_Motor_Recycling_TC_V1.xlsx, TC_2030/2060_Shredder_Route]",2025
F_ndfeb_stream_shr,Layer 2,magnet,F_loss_shredding_shr,Layer 4,Nd,0.08,0.0,0.4,ree_recovery,shredder,"the fates the sheet does not assign [RAWCLIC_BEV_Motor_Recycling_TC_V1.xlsx, TC_2030/2060_Shredder_Route]",2025
F_ndfeb_stream_shr,Layer 2,magnet,F_pr_shr,Layer 4,Pr,0.02,0.0,0.05,ree_recovery,shredder,"step 3: NdFeB to recovered rare earth, end to end [RAWCLIC_BEV_Motor_Recycling_TC_V1.xlsx, TC_2030/2060_Shredder_Route]",2025
F_ndfeb_stream_shr,Layer 2,magnet,F_ree_in_steel_shr,Layer 4,Pr,0.35,0.2,0.55,steel_melt,shredder,"step 3-4: to the ferrous fraction and into the steel melt. The rare earth reports to slag and is LOST as rare earth -- step 4's 0.01 recoverable is not taken [RAWCLIC_BEV_Motor_Recycling_TC_V1.xlsx, TC_2030/2060_Shredder_Route]",2025
F_ndfeb_stream_shr,Layer 2,magnet,F_ree_in_nonferrous_shr,Layer 4,Pr,0.15,0.1,0.2,nonferrous_sorting,shredder,"step 3: fragments carried into the non-ferrous concentrate [RAWCLIC_BEV_Motor_Recycling_TC_V1.xlsx, TC_2030/2060_Shredder_Route]",2025
F_ndfeb_stream_shr,Layer 2,magnet,F_ree_in_asr_shr,Layer 4,Pr,0.4,0.3,0.5,shredder_residue,shredder,"step 3: fines into automotive shredder residue [RAWCLIC_BEV_Motor_Recycling_TC_V1.xlsx, TC_2030/2060_Shredder_Route]",2025
F_ndfeb_stream_shr,Layer 2,magnet,F_loss_shredding_shr,Layer 4,Pr,0.08,0.0,0.4,ree_recovery,shredder,"the fates the sheet does not assign [RAWCLIC_BEV_Motor_Recycling_TC_V1.xlsx, TC_2030/2060_Shredder_Route]",2025
F_ndfeb_stream_shr,Layer 2,magnet,F_dy_shr,Layer 4,Dy,0.02,0.0,0.05,ree_recovery,shredder,"step 3: NdFeB to recovered rare earth, end to end [RAWCLIC_BEV_Motor_Recycling_TC_V1.xlsx, TC_2030/2060_Shredder_Route]",2025
F_ndfeb_stream_shr,Layer 2,magnet,F_ree_in_steel_shr,Layer 4,Dy,0.35,0.2,0.55,steel_melt,shredder,"step 3-4: to the ferrous fraction and into the steel melt. The rare earth reports to slag and is LOST as rare earth -- step 4's 0.01 recoverable is not taken [RAWCLIC_BEV_Motor_Recycling_TC_V1.xlsx, TC_2030/2060_Shredder_Route]",2025
F_ndfeb_stream_shr,Layer 2,magnet,F_ree_in_nonferrous_shr,Layer 4,Dy,0.15,0.1,0.2,nonferrous_sorting,shredder,"step 3: fragments carried into the non-ferrous concentrate [RAWCLIC_BEV_Motor_Recycling_TC_V1.xlsx, TC_2030/2060_Shredder_Route]",2025
F_ndfeb_stream_shr,Layer 2,magnet,F_ree_in_asr_shr,Layer 4,Dy,0.4,0.3,0.5,shredder_residue,shredder,"step 3: fines into automotive shredder residue [RAWCLIC_BEV_Motor_Recycling_TC_V1.xlsx, TC_2030/2060_Shredder_Route]",2025
F_ndfeb_stream_shr,Layer 2,magnet,F_loss_shredding_shr,Layer 4,Dy,0.08,0.0,0.4,ree_recovery,shredder,"the fates the sheet does not assign [RAWCLIC_BEV_Motor_Recycling_TC_V1.xlsx, TC_2030/2060_Shredder_Route]",2025
F_ndfeb_stream_shr,Layer 2,magnet,F_tb_shr,Layer 4,Tb,0.02,0.0,0.05,ree_recovery,shredder,"step 3: NdFeB to recovered rare earth, end to end [RAWCLIC_BEV_Motor_Recycling_TC_V1.xlsx, TC_2030/2060_Shredder_Route]",2025
F_ndfeb_stream_shr,Layer 2,magnet,F_ree_in_steel_shr,Layer 4,Tb,0.35,0.2,0.55,steel_melt,shredder,"step 3-4: to the ferrous fraction and into the steel melt. The rare earth reports to slag and is LOST as rare earth -- step 4's 0.01 recoverable is not taken [RAWCLIC_BEV_Motor_Recycling_TC_V1.xlsx, TC_2030/2060_Shredder_Route]",2025
F_ndfeb_stream_shr,Layer 2,magnet,F_ree_in_nonferrous_shr,Layer 4,Tb,0.15,0.1,0.2,nonferrous_sorting,shredder,"step 3: fragments carried into the non-ferrous concentrate [RAWCLIC_BEV_Motor_Recycling_TC_V1.xlsx, TC_2030/2060_Shredder_Route]",2025
F_ndfeb_stream_shr,Layer 2,magnet,F_ree_in_asr_shr,Layer 4,Tb,0.4,0.3,0.5,shredder_residue,shredder,"step 3: fines into automotive shredder residue [RAWCLIC_BEV_Motor_Recycling_TC_V1.xlsx, TC_2030/2060_Shredder_Route]",2025
F_ndfeb_stream_shr,Layer 2,magnet,F_loss_shredding_shr,Layer 4,Tb,0.08,0.0,0.4,ree_recovery,shredder,"the fates the sheet does not assign [RAWCLIC_BEV_Motor_Recycling_TC_V1.xlsx, TC_2030/2060_Shredder_Route]",2025
F_ndfeb_stream_shr,Layer 2,magnet,F_loss_shredding_shr,Layer 4,rest,1.0,1.0,1.0,ree_recovery,shredder,"Fe, B, Co and the rest of the magnet: not a recovery target here [RAWCLIC_BEV_Motor_Recycling_TC_V1.xlsx, TC_2030/2060_Shredder_Route]",2025
F_cu_stream_shr,Layer 2,copper,F_cu_recovered_shr,Layer 3,copper,0.75,0.6,0.85,cu_recovery,shredder,"step 3: copper to the non-ferrous fraction [RAWCLIC_BEV_Motor_Recycling_TC_V1.xlsx, TC_2030/2060_Shredder_Route]",2025
F_cu_stream_shr,Layer 2,copper,F_loss_metals_shr,Layer 3,copper,0.25,0.15,0.4,cu_recovery,shredder,"lost to residue, mixing and melt [RAWCLIC_BEV_Motor_Recycling_TC_V1.xlsx, TC_2030/2060_Shredder_Route]",2025
F_al_stream_shr,Layer 2,aluminium,F_al_recovered_shr,Layer 3,aluminium,0.78,0.65,0.88,al_recovery,shredder,"step 3: aluminium to the non-ferrous fraction [RAWCLIC_BEV_Motor_Recycling_TC_V1.xlsx, TC_2030/2060_Shredder_Route]",2025
F_al_stream_shr,Layer 2,aluminium,F_loss_metals_shr,Layer 3,aluminium,0.22,0.12,0.35,al_recovery,shredder,"lost to residue, mixing and melt [RAWCLIC_BEV_Motor_Recycling_TC_V1.xlsx, TC_2030/2060_Shredder_Route]",2025
F_steel_stream_shr,Layer 2,lamination,F_steel_recovered_shr,Layer 3,lamination,0.92,0.85,0.97,steel_recovery,shredder,"step 3: laminations to the ferrous fraction [RAWCLIC_BEV_Motor_Recycling_TC_V1.xlsx, TC_2030/2060_Shredder_Route]",2025
F_steel_stream_shr,Layer 2,lamination,F_loss_metals_shr,Layer 3,lamination,0.08,0.03,0.15,steel_recovery,shredder,"lost to residue, mixing and melt [RAWCLIC_BEV_Motor_Recycling_TC_V1.xlsx, TC_2030/2060_Shredder_Route]",2025
F_steel_stream_shr,Layer 2,steel,F_steel_recovered_shr,Layer 3,steel,0.92,0.85,0.97,steel_recovery,shredder,"step 3: shaft and gearbox steel to ferrous [RAWCLIC_BEV_Motor_Recycling_TC_V1.xlsx, TC_2030/2060_Shredder_Route]",2025
F_steel_stream_shr,Layer 2,steel,F_loss_metals_shr,Layer 3,steel,0.08,0.03,0.15,steel_recovery,shredder,"lost to residue, mixing and melt [RAWCLIC_BEV_Motor_Recycling_TC_V1.xlsx, TC_2030/2060_Shredder_Route]",2025
F_collected,Layer 1,BEV,F_captured,Layer 2,magnet,0.8,0.7,0.9,collection,dismantling,"step 1: EoL vehicle collection in 2030 [RAWCLIC_BEV_Motor_Recycling_TC_V1.xlsx, TC_2030/2060_Disassembly_Route]",2030
F_collected,Layer 1,BEV,F_captured,Layer 2,copper,0.8,0.7,0.9,collection,dismantling,"step 1: EoL vehicle collection in 2030 [RAWCLIC_BEV_Motor_Recycling_TC_V1.xlsx, TC_2030/2060_Disassembly_Route]",2030
F_collected,Layer 1,BEV,F_captured,Layer 2,aluminium,0.8,0.7,0.9,collection,dismantling,"step 1: EoL vehicle collection in 2030 [RAWCLIC_BEV_Motor_Recycling_TC_V1.xlsx, TC_2030/2060_Disassembly_Route]",2030
F_collected,Layer 1,BEV,F_captured,Layer 2,lamination,0.8,0.7,0.9,collection,dismantling,"step 1: EoL vehicle collection in 2030 [RAWCLIC_BEV_Motor_Recycling_TC_V1.xlsx, TC_2030/2060_Disassembly_Route]",2030
F_collected,Layer 1,BEV,F_captured,Layer 2,steel,0.8,0.7,0.9,collection,dismantling,"step 1: EoL vehicle collection in 2030 [RAWCLIC_BEV_Motor_Recycling_TC_V1.xlsx, TC_2030/2060_Disassembly_Route]",2030
F_collected,Layer 1,BEV,F_uncollected,Layer 2,magnet,0.2,0.1,0.3,collection,dismantling,"not collected: never reaches any treatment [RAWCLIC_BEV_Motor_Recycling_TC_V1.xlsx, TC_2030/2060_Disassembly_Route]",2030
F_collected,Layer 1,BEV,F_uncollected,Layer 2,copper,0.2,0.1,0.3,collection,dismantling,"not collected: never reaches any treatment [RAWCLIC_BEV_Motor_Recycling_TC_V1.xlsx, TC_2030/2060_Disassembly_Route]",2030
F_collected,Layer 1,BEV,F_uncollected,Layer 2,aluminium,0.2,0.1,0.3,collection,dismantling,"not collected: never reaches any treatment [RAWCLIC_BEV_Motor_Recycling_TC_V1.xlsx, TC_2030/2060_Disassembly_Route]",2030
F_collected,Layer 1,BEV,F_uncollected,Layer 2,lamination,0.2,0.1,0.3,collection,dismantling,"not collected: never reaches any treatment [RAWCLIC_BEV_Motor_Recycling_TC_V1.xlsx, TC_2030/2060_Disassembly_Route]",2030
F_collected,Layer 1,BEV,F_uncollected,Layer 2,steel,0.2,0.1,0.3,collection,dismantling,"not collected: never reaches any treatment [RAWCLIC_BEV_Motor_Recycling_TC_V1.xlsx, TC_2030/2060_Disassembly_Route]",2030
F_captured,Layer 1,BEV,F_removed,Layer 2,magnet,0.93,0.85,0.98,motor_removal,dismantling,"step 2: motor removed from the vehicle in 2030. THIS IS THE FORK -- the share of collected motors taken out whole [RAWCLIC_BEV_Motor_Recycling_TC_V1.xlsx, TC_2030/2060_Disassembly_Route]",2030
F_captured,Layer 1,BEV,F_removed,Layer 2,copper,0.93,0.85,0.98,motor_removal,dismantling,"step 2: motor removed from the vehicle in 2030. THIS IS THE FORK -- the share of collected motors taken out whole [RAWCLIC_BEV_Motor_Recycling_TC_V1.xlsx, TC_2030/2060_Disassembly_Route]",2030
F_captured,Layer 1,BEV,F_removed,Layer 2,aluminium,0.93,0.85,0.98,motor_removal,dismantling,"step 2: motor removed from the vehicle in 2030. THIS IS THE FORK -- the share of collected motors taken out whole [RAWCLIC_BEV_Motor_Recycling_TC_V1.xlsx, TC_2030/2060_Disassembly_Route]",2030
F_captured,Layer 1,BEV,F_removed,Layer 2,lamination,0.93,0.85,0.98,motor_removal,dismantling,"step 2: motor removed from the vehicle in 2030. THIS IS THE FORK -- the share of collected motors taken out whole [RAWCLIC_BEV_Motor_Recycling_TC_V1.xlsx, TC_2030/2060_Disassembly_Route]",2030
F_captured,Layer 1,BEV,F_removed,Layer 2,steel,0.93,0.85,0.98,motor_removal,dismantling,"step 2: motor removed from the vehicle in 2030. THIS IS THE FORK -- the share of collected motors taken out whole [RAWCLIC_BEV_Motor_Recycling_TC_V1.xlsx, TC_2030/2060_Disassembly_Route]",2030
F_captured,Layer 1,BEV,F_shredded,Layer 2,magnet,0.07,0.02,0.15,motor_removal,dismantling,"step 2, the other side: NOT removed, so it stays in the hulk and goes to the shredder. Not a loss -- it travels the other road [RAWCLIC_BEV_Motor_Recycling_TC_V1.xlsx, TC_2030/2060_Disassembly_Route]",2030
F_captured,Layer 1,BEV,F_shredded,Layer 2,copper,0.07,0.02,0.15,motor_removal,dismantling,"step 2, the other side: NOT removed, so it stays in the hulk and goes to the shredder. Not a loss -- it travels the other road [RAWCLIC_BEV_Motor_Recycling_TC_V1.xlsx, TC_2030/2060_Disassembly_Route]",2030
F_captured,Layer 1,BEV,F_shredded,Layer 2,aluminium,0.07,0.02,0.15,motor_removal,dismantling,"step 2, the other side: NOT removed, so it stays in the hulk and goes to the shredder. Not a loss -- it travels the other road [RAWCLIC_BEV_Motor_Recycling_TC_V1.xlsx, TC_2030/2060_Disassembly_Route]",2030
F_captured,Layer 1,BEV,F_shredded,Layer 2,lamination,0.07,0.02,0.15,motor_removal,dismantling,"step 2, the other side: NOT removed, so it stays in the hulk and goes to the shredder. Not a loss -- it travels the other road [RAWCLIC_BEV_Motor_Recycling_TC_V1.xlsx, TC_2030/2060_Disassembly_Route]",2030
F_captured,Layer 1,BEV,F_shredded,Layer 2,steel,0.07,0.02,0.15,motor_removal,dismantling,"step 2, the other side: NOT removed, so it stays in the hulk and goes to the shredder. Not a loss -- it travels the other road [RAWCLIC_BEV_Motor_Recycling_TC_V1.xlsx, TC_2030/2060_Disassembly_Route]",2030
F_removed,Layer 1,BEV,F_magnet_rotor_dis,Layer 2,magnet,0.88,0.8,0.95,magnet_extraction,disassembly,"step 3: dehousing, demagnetisation, stream separation [RAWCLIC_BEV_Motor_Recycling_TC_V1.xlsx, TC_2030/2060_Disassembly_Route]",2030
F_removed,Layer 1,BEV,F_loss_preprocessing_dis,Layer 2,magnet,0.12,0.05,0.2,magnet_extraction,disassembly,"not separated at pre-processing [RAWCLIC_BEV_Motor_Recycling_TC_V1.xlsx, TC_2030/2060_Disassembly_Route]",2030
F_removed,Layer 1,BEV,F_cu_stream_dis,Layer 2,copper,0.95,0.9,0.98,winding_separation,disassembly,"step 3: dehousing, demagnetisation, stream separation [RAWCLIC_BEV_Motor_Recycling_TC_V1.xlsx, TC_2030/2060_Disassembly_Route]",2030
F_removed,Layer 1,BEV,F_loss_preprocessing_dis,Layer 2,copper,0.05,0.02,0.1,winding_separation,disassembly,"not separated at pre-processing [RAWCLIC_BEV_Motor_Recycling_TC_V1.xlsx, TC_2030/2060_Disassembly_Route]",2030
F_removed,Layer 1,BEV,F_al_stream_dis,Layer 2,aluminium,0.96,0.92,0.99,housing_recovery,disassembly,"step 3: dehousing, demagnetisation, stream separation [RAWCLIC_BEV_Motor_Recycling_TC_V1.xlsx, TC_2030/2060_Disassembly_Route]",2030
F_removed,Layer 1,BEV,F_loss_preprocessing_dis,Layer 2,aluminium,0.04,0.01,0.08,housing_recovery,disassembly,"not separated at pre-processing [RAWCLIC_BEV_Motor_Recycling_TC_V1.xlsx, TC_2030/2060_Disassembly_Route]",2030
F_removed,Layer 1,BEV,F_steel_stream_dis,Layer 2,lamination,0.92,0.85,0.97,lamination_recovery,disassembly,"step 3: dehousing, demagnetisation, stream separation [RAWCLIC_BEV_Motor_Recycling_TC_V1.xlsx, TC_2030/2060_Disassembly_Route]",2030
F_removed,Layer 1,BEV,F_loss_preprocessing_dis,Layer 2,lamination,0.08,0.03,0.15,lamination_recovery,disassembly,"not separated at pre-processing [RAWCLIC_BEV_Motor_Recycling_TC_V1.xlsx, TC_2030/2060_Disassembly_Route]",2030
F_removed,Layer 1,BEV,F_steel_stream_dis,Layer 2,steel,0.92,0.85,0.97,lamination_recovery,disassembly,"step 3: dehousing, demagnetisation, stream separation [RAWCLIC_BEV_Motor_Recycling_TC_V1.xlsx, TC_2030/2060_Disassembly_Route]",2030
F_removed,Layer 1,BEV,F_loss_preprocessing_dis,Layer 2,steel,0.08,0.03,0.15,lamination_recovery,disassembly,"not separated at pre-processing [RAWCLIC_BEV_Motor_Recycling_TC_V1.xlsx, TC_2030/2060_Disassembly_Route]",2030
F_magnet_rotor_dis,Layer 1,BEV,F_magnet_feed_dis,Layer 2,magnet,0.7626,0.616,0.8924,magnet_extraction,disassembly,"steps 4a-5: extraction x decoat and mill [RAWCLIC_BEV_Motor_Recycling_TC_V1.xlsx, TC_2030/2060_Disassembly_Route]",2030
F_magnet_rotor_dis,Layer 1,BEV,F_loss_extraction_dis,Layer 2,magnet,0.2374,0.1076,0.384,magnet_extraction,disassembly,"magnet not liberated [RAWCLIC_BEV_Motor_Recycling_TC_V1.xlsx, TC_2030/2060_Disassembly_Route]",2030
F_magnet_feed_dis,Layer 2,magnet,F_nd_dis,Layer 4,Nd,0.81282,0.6732,0.931588,ree_recovery,hydrometallurgical,"steps 6b-8: leach x solvent extraction x oxide/metal [RAWCLIC_BEV_Motor_Recycling_TC_V1.xlsx, TC_2030/2060_Disassembly_Route]",2030
F_magnet_feed_dis,Layer 2,magnet,F_loss_ree_dis,Layer 4,Nd,0.18718,0.068412,0.3268,ree_recovery,hydrometallurgical,"lost in the long loop [RAWCLIC_BEV_Motor_Recycling_TC_V1.xlsx, TC_2030/2060_Disassembly_Route]",2030
F_magnet_feed_dis,Layer 2,magnet,F_pr_dis,Layer 4,Pr,0.77805,0.64242,0.912576,ree_recovery,hydrometallurgical,"steps 6b-8: leach x solvent extraction x oxide/metal [RAWCLIC_BEV_Motor_Recycling_TC_V1.xlsx, TC_2030/2060_Disassembly_Route]",2030
F_magnet_feed_dis,Layer 2,magnet,F_loss_ree_dis,Layer 4,Pr,0.22195,0.087424,0.35758,ree_recovery,hydrometallurgical,"lost in the long loop [RAWCLIC_BEV_Motor_Recycling_TC_V1.xlsx, TC_2030/2060_Disassembly_Route]",2030
F_magnet_feed_dis,Layer 2,magnet,F_dy_dis,Layer 4,Dy,0.76076,0.612,0.90307,ree_recovery,hydrometallurgical,"steps 6b-8: leach x solvent extraction x oxide/metal [RAWCLIC_BEV_Motor_Recycling_TC_V1.xlsx, TC_2030/2060_Disassembly_Route]",2030
F_magnet_feed_dis,Layer 2,magnet,F_loss_ree_dis,Layer 4,Dy,0.23924,0.09693,0.388,ree_recovery,hydrometallurgical,"lost in the long loop [RAWCLIC_BEV_Motor_Recycling_TC_V1.xlsx, TC_2030/2060_Disassembly_Route]",2030
F_magnet_feed_dis,Layer 2,magnet,F_tb_dis,Layer 4,Tb,0.72713,0.58266,0.884352,ree_recovery,hydrometallurgical,"steps 6b-8: leach x solvent extraction x oxide/metal [RAWCLIC_BEV_Motor_Recycling_TC_V1.xlsx, TC_2030/2060_Disassembly_Route]",2030
F_magnet_feed_dis,Layer 2,magnet,F_loss_ree_dis,Layer 4,Tb,0.27287,0.115648,0.41734,ree_recovery,hydrometallurgical,"lost in the long loop [RAWCLIC_BEV_Motor_Recycling_TC_V1.xlsx, TC_2030/2060_Disassembly_Route]",2030
F_magnet_feed_dis,Layer 2,magnet,F_loss_ree_dis,Layer 4,rest,1.0,1.0,1.0,ree_recovery,hydrometallurgical,"Fe, B, Co and the rest of the magnet: not a recovery target here [RAWCLIC_BEV_Motor_Recycling_TC_V1.xlsx, TC_2030/2060_Disassembly_Route]",2030
F_cu_stream_dis,Layer 2,copper,F_cu_recovered_dis,Layer 3,copper,0.9,0.82,0.96,cu_recovery,metallurgical,"step 9: winding separation and refining [RAWCLIC_BEV_Motor_Recycling_TC_V1.xlsx, TC_2030/2060_Disassembly_Route]",2030
F_cu_stream_dis,Layer 2,copper,F_loss_metals_dis,Layer 3,copper,0.1,0.04,0.18,cu_recovery,metallurgical,"lost in separation and melting [RAWCLIC_BEV_Motor_Recycling_TC_V1.xlsx, TC_2030/2060_Disassembly_Route]",2030
F_al_stream_dis,Layer 2,aluminium,F_al_recovered_dis,Layer 3,aluminium,0.93,0.88,0.97,al_recovery,metallurgical,"step 10: housing to secondary aluminium [RAWCLIC_BEV_Motor_Recycling_TC_V1.xlsx, TC_2030/2060_Disassembly_Route]",2030
F_al_stream_dis,Layer 2,aluminium,F_loss_metals_dis,Layer 3,aluminium,0.07,0.03,0.12,al_recovery,metallurgical,"lost in separation and melting [RAWCLIC_BEV_Motor_Recycling_TC_V1.xlsx, TC_2030/2060_Disassembly_Route]",2030
F_steel_stream_dis,Layer 2,lamination,F_steel_recovered_dis,Layer 3,lamination,0.88,0.8,0.95,steel_recovery,metallurgical,"step 11: laminations to ferrous scrap [RAWCLIC_BEV_Motor_Recycling_TC_V1.xlsx, TC_2030/2060_Disassembly_Route]",2030
F_steel_stream_dis,Layer 2,lamination,F_loss_metals_dis,Layer 3,lamination,0.12,0.05,0.2,steel_recovery,metallurgical,"lost in separation and melting [RAWCLIC_BEV_Motor_Recycling_TC_V1.xlsx, TC_2030/2060_Disassembly_Route]",2030
F_steel_stream_dis,Layer 2,steel,F_steel_recovered_dis,Layer 3,steel,0.88,0.8,0.95,steel_recovery,metallurgical,"step 11: shaft and gearbox steel to ferrous scrap [RAWCLIC_BEV_Motor_Recycling_TC_V1.xlsx, TC_2030/2060_Disassembly_Route]",2030
F_steel_stream_dis,Layer 2,steel,F_loss_metals_dis,Layer 3,steel,0.12,0.05,0.2,steel_recovery,metallurgical,"lost in separation and melting [RAWCLIC_BEV_Motor_Recycling_TC_V1.xlsx, TC_2030/2060_Disassembly_Route]",2030
F_shredded,Layer 1,BEV,F_ndfeb_stream_shr,Layer 2,magnet,0.98,0.95,1.0,shredder_feed,shredder,"step 2, shredder route: motor to shredder feed, then sorted, in 2030 [RAWCLIC_BEV_Motor_Recycling_TC_V1.xlsx, TC_2030/2060_Shredder_Route]",2030
F_shredded,Layer 1,BEV,F_loss_unfed_shr,Layer 2,magnet,0.02,0.0,0.05,shredder_feed,shredder,"not fed to the shredder [RAWCLIC_BEV_Motor_Recycling_TC_V1.xlsx, TC_2030/2060_Shredder_Route]",2030
F_shredded,Layer 1,BEV,F_cu_stream_shr,Layer 2,copper,0.98,0.95,1.0,shredder_feed,shredder,"step 2, shredder route: motor to shredder feed, then sorted, in 2030 [RAWCLIC_BEV_Motor_Recycling_TC_V1.xlsx, TC_2030/2060_Shredder_Route]",2030
F_shredded,Layer 1,BEV,F_loss_unfed_shr,Layer 2,copper,0.02,0.0,0.05,shredder_feed,shredder,"not fed to the shredder [RAWCLIC_BEV_Motor_Recycling_TC_V1.xlsx, TC_2030/2060_Shredder_Route]",2030
F_shredded,Layer 1,BEV,F_al_stream_shr,Layer 2,aluminium,0.98,0.95,1.0,shredder_feed,shredder,"step 2, shredder route: motor to shredder feed, then sorted, in 2030 [RAWCLIC_BEV_Motor_Recycling_TC_V1.xlsx, TC_2030/2060_Shredder_Route]",2030
F_shredded,Layer 1,BEV,F_loss_unfed_shr,Layer 2,aluminium,0.02,0.0,0.05,shredder_feed,shredder,"not fed to the shredder [RAWCLIC_BEV_Motor_Recycling_TC_V1.xlsx, TC_2030/2060_Shredder_Route]",2030
F_shredded,Layer 1,BEV,F_steel_stream_shr,Layer 2,lamination,0.98,0.95,1.0,shredder_feed,shredder,"step 2, shredder route: motor to shredder feed, then sorted, in 2030 [RAWCLIC_BEV_Motor_Recycling_TC_V1.xlsx, TC_2030/2060_Shredder_Route]",2030
F_shredded,Layer 1,BEV,F_loss_unfed_shr,Layer 2,lamination,0.02,0.0,0.05,shredder_feed,shredder,"not fed to the shredder [RAWCLIC_BEV_Motor_Recycling_TC_V1.xlsx, TC_2030/2060_Shredder_Route]",2030
F_shredded,Layer 1,BEV,F_steel_stream_shr,Layer 2,steel,0.98,0.95,1.0,shredder_feed,shredder,"step 2, shredder route: motor to shredder feed, then sorted, in 2030 [RAWCLIC_BEV_Motor_Recycling_TC_V1.xlsx, TC_2030/2060_Shredder_Route]",2030
F_shredded,Layer 1,BEV,F_loss_unfed_shr,Layer 2,steel,0.02,0.0,0.05,shredder_feed,shredder,"not fed to the shredder [RAWCLIC_BEV_Motor_Recycling_TC_V1.xlsx, TC_2030/2060_Shredder_Route]",2030
F_ndfeb_stream_shr,Layer 2,magnet,F_nd_shr,Layer 4,Nd,0.02,0.0,0.05,ree_recovery,shredder,"step 3: NdFeB to recovered rare earth, end to end [RAWCLIC_BEV_Motor_Recycling_TC_V1.xlsx, TC_2030/2060_Shredder_Route]",2030
F_ndfeb_stream_shr,Layer 2,magnet,F_ree_in_steel_shr,Layer 4,Nd,0.35,0.2,0.55,steel_melt,shredder,"step 3-4: to the ferrous fraction and into the steel melt. The rare earth reports to slag and is LOST as rare earth -- step 4's 0.01 recoverable is not taken [RAWCLIC_BEV_Motor_Recycling_TC_V1.xlsx, TC_2030/2060_Shredder_Route]",2030
F_ndfeb_stream_shr,Layer 2,magnet,F_ree_in_nonferrous_shr,Layer 4,Nd,0.15,0.1,0.2,nonferrous_sorting,shredder,"step 3: fragments carried into the non-ferrous concentrate [RAWCLIC_BEV_Motor_Recycling_TC_V1.xlsx, TC_2030/2060_Shredder_Route]",2030
F_ndfeb_stream_shr,Layer 2,magnet,F_ree_in_asr_shr,Layer 4,Nd,0.4,0.3,0.5,shredder_residue,shredder,"step 3: fines into automotive shredder residue [RAWCLIC_BEV_Motor_Recycling_TC_V1.xlsx, TC_2030/2060_Shredder_Route]",2030
F_ndfeb_stream_shr,Layer 2,magnet,F_loss_shredding_shr,Layer 4,Nd,0.08,0.0,0.4,ree_recovery,shredder,"the fates the sheet does not assign [RAWCLIC_BEV_Motor_Recycling_TC_V1.xlsx, TC_2030/2060_Shredder_Route]",2030
F_ndfeb_stream_shr,Layer 2,magnet,F_pr_shr,Layer 4,Pr,0.02,0.0,0.05,ree_recovery,shredder,"step 3: NdFeB to recovered rare earth, end to end [RAWCLIC_BEV_Motor_Recycling_TC_V1.xlsx, TC_2030/2060_Shredder_Route]",2030
F_ndfeb_stream_shr,Layer 2,magnet,F_ree_in_steel_shr,Layer 4,Pr,0.35,0.2,0.55,steel_melt,shredder,"step 3-4: to the ferrous fraction and into the steel melt. The rare earth reports to slag and is LOST as rare earth -- step 4's 0.01 recoverable is not taken [RAWCLIC_BEV_Motor_Recycling_TC_V1.xlsx, TC_2030/2060_Shredder_Route]",2030
F_ndfeb_stream_shr,Layer 2,magnet,F_ree_in_nonferrous_shr,Layer 4,Pr,0.15,0.1,0.2,nonferrous_sorting,shredder,"step 3: fragments carried into the non-ferrous concentrate [RAWCLIC_BEV_Motor_Recycling_TC_V1.xlsx, TC_2030/2060_Shredder_Route]",2030
F_ndfeb_stream_shr,Layer 2,magnet,F_ree_in_asr_shr,Layer 4,Pr,0.4,0.3,0.5,shredder_residue,shredder,"step 3: fines into automotive shredder residue [RAWCLIC_BEV_Motor_Recycling_TC_V1.xlsx, TC_2030/2060_Shredder_Route]",2030
F_ndfeb_stream_shr,Layer 2,magnet,F_loss_shredding_shr,Layer 4,Pr,0.08,0.0,0.4,ree_recovery,shredder,"the fates the sheet does not assign [RAWCLIC_BEV_Motor_Recycling_TC_V1.xlsx, TC_2030/2060_Shredder_Route]",2030
F_ndfeb_stream_shr,Layer 2,magnet,F_dy_shr,Layer 4,Dy,0.02,0.0,0.05,ree_recovery,shredder,"step 3: NdFeB to recovered rare earth, end to end [RAWCLIC_BEV_Motor_Recycling_TC_V1.xlsx, TC_2030/2060_Shredder_Route]",2030
F_ndfeb_stream_shr,Layer 2,magnet,F_ree_in_steel_shr,Layer 4,Dy,0.35,0.2,0.55,steel_melt,shredder,"step 3-4: to the ferrous fraction and into the steel melt. The rare earth reports to slag and is LOST as rare earth -- step 4's 0.01 recoverable is not taken [RAWCLIC_BEV_Motor_Recycling_TC_V1.xlsx, TC_2030/2060_Shredder_Route]",2030
F_ndfeb_stream_shr,Layer 2,magnet,F_ree_in_nonferrous_shr,Layer 4,Dy,0.15,0.1,0.2,nonferrous_sorting,shredder,"step 3: fragments carried into the non-ferrous concentrate [RAWCLIC_BEV_Motor_Recycling_TC_V1.xlsx, TC_2030/2060_Shredder_Route]",2030
F_ndfeb_stream_shr,Layer 2,magnet,F_ree_in_asr_shr,Layer 4,Dy,0.4,0.3,0.5,shredder_residue,shredder,"step 3: fines into automotive shredder residue [RAWCLIC_BEV_Motor_Recycling_TC_V1.xlsx, TC_2030/2060_Shredder_Route]",2030
F_ndfeb_stream_shr,Layer 2,magnet,F_loss_shredding_shr,Layer 4,Dy,0.08,0.0,0.4,ree_recovery,shredder,"the fates the sheet does not assign [RAWCLIC_BEV_Motor_Recycling_TC_V1.xlsx, TC_2030/2060_Shredder_Route]",2030
F_ndfeb_stream_shr,Layer 2,magnet,F_tb_shr,Layer 4,Tb,0.02,0.0,0.05,ree_recovery,shredder,"step 3: NdFeB to recovered rare earth, end to end [RAWCLIC_BEV_Motor_Recycling_TC_V1.xlsx, TC_2030/2060_Shredder_Route]",2030
F_ndfeb_stream_shr,Layer 2,magnet,F_ree_in_steel_shr,Layer 4,Tb,0.35,0.2,0.55,steel_melt,shredder,"step 3-4: to the ferrous fraction and into the steel melt. The rare earth reports to slag and is LOST as rare earth -- step 4's 0.01 recoverable is not taken [RAWCLIC_BEV_Motor_Recycling_TC_V1.xlsx, TC_2030/2060_Shredder_Route]",2030
F_ndfeb_stream_shr,Layer 2,magnet,F_ree_in_nonferrous_shr,Layer 4,Tb,0.15,0.1,0.2,nonferrous_sorting,shredder,"step 3: fragments carried into the non-ferrous concentrate [RAWCLIC_BEV_Motor_Recycling_TC_V1.xlsx, TC_2030/2060_Shredder_Route]",2030
F_ndfeb_stream_shr,Layer 2,magnet,F_ree_in_asr_shr,Layer 4,Tb,0.4,0.3,0.5,shredder_residue,shredder,"step 3: fines into automotive shredder residue [RAWCLIC_BEV_Motor_Recycling_TC_V1.xlsx, TC_2030/2060_Shredder_Route]",2030
F_ndfeb_stream_shr,Layer 2,magnet,F_loss_shredding_shr,Layer 4,Tb,0.08,0.0,0.4,ree_recovery,shredder,"the fates the sheet does not assign [RAWCLIC_BEV_Motor_Recycling_TC_V1.xlsx, TC_2030/2060_Shredder_Route]",2030
F_ndfeb_stream_shr,Layer 2,magnet,F_loss_shredding_shr,Layer 4,rest,1.0,1.0,1.0,ree_recovery,shredder,"Fe, B, Co and the rest of the magnet: not a recovery target here [RAWCLIC_BEV_Motor_Recycling_TC_V1.xlsx, TC_2030/2060_Shredder_Route]",2030
F_cu_stream_shr,Layer 2,copper,F_cu_recovered_shr,Layer 3,copper,0.75,0.6,0.85,cu_recovery,shredder,"step 3: copper to the non-ferrous fraction [RAWCLIC_BEV_Motor_Recycling_TC_V1.xlsx, TC_2030/2060_Shredder_Route]",2030
F_cu_stream_shr,Layer 2,copper,F_loss_metals_shr,Layer 3,copper,0.25,0.15,0.4,cu_recovery,shredder,"lost to residue, mixing and melt [RAWCLIC_BEV_Motor_Recycling_TC_V1.xlsx, TC_2030/2060_Shredder_Route]",2030
F_al_stream_shr,Layer 2,aluminium,F_al_recovered_shr,Layer 3,aluminium,0.78,0.65,0.88,al_recovery,shredder,"step 3: aluminium to the non-ferrous fraction [RAWCLIC_BEV_Motor_Recycling_TC_V1.xlsx, TC_2030/2060_Shredder_Route]",2030
F_al_stream_shr,Layer 2,aluminium,F_loss_metals_shr,Layer 3,aluminium,0.22,0.12,0.35,al_recovery,shredder,"lost to residue, mixing and melt [RAWCLIC_BEV_Motor_Recycling_TC_V1.xlsx, TC_2030/2060_Shredder_Route]",2030
F_steel_stream_shr,Layer 2,lamination,F_steel_recovered_shr,Layer 3,lamination,0.92,0.85,0.97,steel_recovery,shredder,"step 3: laminations to the ferrous fraction [RAWCLIC_BEV_Motor_Recycling_TC_V1.xlsx, TC_2030/2060_Shredder_Route]",2030
F_steel_stream_shr,Layer 2,lamination,F_loss_metals_shr,Layer 3,lamination,0.08,0.03,0.15,steel_recovery,shredder,"lost to residue, mixing and melt [RAWCLIC_BEV_Motor_Recycling_TC_V1.xlsx, TC_2030/2060_Shredder_Route]",2030
F_steel_stream_shr,Layer 2,steel,F_steel_recovered_shr,Layer 3,steel,0.92,0.85,0.97,steel_recovery,shredder,"step 3: shaft and gearbox steel to ferrous [RAWCLIC_BEV_Motor_Recycling_TC_V1.xlsx, TC_2030/2060_Shredder_Route]",2030
F_steel_stream_shr,Layer 2,steel,F_loss_metals_shr,Layer 3,steel,0.08,0.03,0.15,steel_recovery,shredder,"lost to residue, mixing and melt [RAWCLIC_BEV_Motor_Recycling_TC_V1.xlsx, TC_2030/2060_Shredder_Route]",2030
F_collected,Layer 1,BEV,F_captured,Layer 2,magnet,0.8166666666666667,0.72,0.91,collection,dismantling,"step 1: EoL vehicle collection in 2030 [RAWCLIC_BEV_Motor_Recycling_TC_V1.xlsx, TC_2030/2060_Disassembly_Route]",2035
F_collected,Layer 1,BEV,F_captured,Layer 2,copper,0.8166666666666667,0.72,0.91,collection,dismantling,"step 1: EoL vehicle collection in 2030 [RAWCLIC_BEV_Motor_Recycling_TC_V1.xlsx, TC_2030/2060_Disassembly_Route]",2035
F_collected,Layer 1,BEV,F_captured,Layer 2,aluminium,0.8166666666666667,0.72,0.91,collection,dismantling,"step 1: EoL vehicle collection in 2030 [RAWCLIC_BEV_Motor_Recycling_TC_V1.xlsx, TC_2030/2060_Disassembly_Route]",2035
F_collected,Layer 1,BEV,F_captured,Layer 2,lamination,0.8166666666666667,0.72,0.91,collection,dismantling,"step 1: EoL vehicle collection in 2030 [RAWCLIC_BEV_Motor_Recycling_TC_V1.xlsx, TC_2030/2060_Disassembly_Route]",2035
F_collected,Layer 1,BEV,F_captured,Layer 2,steel,0.8166666666666667,0.72,0.91,collection,dismantling,"step 1: EoL vehicle collection in 2030 [RAWCLIC_BEV_Motor_Recycling_TC_V1.xlsx, TC_2030/2060_Disassembly_Route]",2035
F_collected,Layer 1,BEV,F_uncollected,Layer 2,magnet,0.18333333333333335,0.09000000000000001,0.27999999999999997,collection,dismantling,"not collected: never reaches any treatment [RAWCLIC_BEV_Motor_Recycling_TC_V1.xlsx, TC_2030/2060_Disassembly_Route]",2035
F_collected,Layer 1,BEV,F_uncollected,Layer 2,copper,0.18333333333333335,0.09000000000000001,0.27999999999999997,collection,dismantling,"not collected: never reaches any treatment [RAWCLIC_BEV_Motor_Recycling_TC_V1.xlsx, TC_2030/2060_Disassembly_Route]",2035
F_collected,Layer 1,BEV,F_uncollected,Layer 2,aluminium,0.18333333333333335,0.09000000000000001,0.27999999999999997,collection,dismantling,"not collected: never reaches any treatment [RAWCLIC_BEV_Motor_Recycling_TC_V1.xlsx, TC_2030/2060_Disassembly_Route]",2035
F_collected,Layer 1,BEV,F_uncollected,Layer 2,lamination,0.18333333333333335,0.09000000000000001,0.27999999999999997,collection,dismantling,"not collected: never reaches any treatment [RAWCLIC_BEV_Motor_Recycling_TC_V1.xlsx, TC_2030/2060_Disassembly_Route]",2035
F_collected,Layer 1,BEV,F_uncollected,Layer 2,steel,0.18333333333333335,0.09000000000000001,0.27999999999999997,collection,dismantling,"not collected: never reaches any treatment [RAWCLIC_BEV_Motor_Recycling_TC_V1.xlsx, TC_2030/2060_Disassembly_Route]",2035
F_captured,Layer 1,BEV,F_removed,Layer 2,magnet,0.9366666666666668,0.8616666666666667,0.9816666666666667,motor_removal,dismantling,"step 2: motor removed from the vehicle in 2030. THIS IS THE FORK -- the share of collected motors taken out whole [RAWCLIC_BEV_Motor_Recycling_TC_V1.xlsx, TC_2030/2060_Disassembly_Route]",2035
F_captured,Layer 1,BEV,F_removed,Layer 2,copper,0.9366666666666668,0.8616666666666667,0.9816666666666667,motor_removal,dismantling,"step 2: motor removed from the vehicle in 2030. THIS IS THE FORK -- the share of collected motors taken out whole [RAWCLIC_BEV_Motor_Recycling_TC_V1.xlsx, TC_2030/2060_Disassembly_Route]",2035
F_captured,Layer 1,BEV,F_removed,Layer 2,aluminium,0.9366666666666668,0.8616666666666667,0.9816666666666667,motor_removal,dismantling,"step 2: motor removed from the vehicle in 2030. THIS IS THE FORK -- the share of collected motors taken out whole [RAWCLIC_BEV_Motor_Recycling_TC_V1.xlsx, TC_2030/2060_Disassembly_Route]",2035
F_captured,Layer 1,BEV,F_removed,Layer 2,lamination,0.9366666666666668,0.8616666666666667,0.9816666666666667,motor_removal,dismantling,"step 2: motor removed from the vehicle in 2030. THIS IS THE FORK -- the share of collected motors taken out whole [RAWCLIC_BEV_Motor_Recycling_TC_V1.xlsx, TC_2030/2060_Disassembly_Route]",2035
F_captured,Layer 1,BEV,F_removed,Layer 2,steel,0.9366666666666668,0.8616666666666667,0.9816666666666667,motor_removal,dismantling,"step 2: motor removed from the vehicle in 2030. THIS IS THE FORK -- the share of collected motors taken out whole [RAWCLIC_BEV_Motor_Recycling_TC_V1.xlsx, TC_2030/2060_Disassembly_Route]",2035
F_captured,Layer 1,BEV,F_shredded,Layer 2,magnet,0.06333333333333334,0.018333333333333333,0.13833333333333334,motor_removal,dismantling,"step 2, the other side: NOT removed, so it stays in the hulk and goes to the shredder. Not a loss -- it travels the other road [RAWCLIC_BEV_Motor_Recycling_TC_V1.xlsx, TC_2030/2060_Disassembly_Route]",2035
F_captured,Layer 1,BEV,F_shredded,Layer 2,copper,0.06333333333333334,0.018333333333333333,0.13833333333333334,motor_removal,dismantling,"step 2, the other side: NOT removed, so it stays in the hulk and goes to the shredder. Not a loss -- it travels the other road [RAWCLIC_BEV_Motor_Recycling_TC_V1.xlsx, TC_2030/2060_Disassembly_Route]",2035
F_captured,Layer 1,BEV,F_shredded,Layer 2,aluminium,0.06333333333333334,0.018333333333333333,0.13833333333333334,motor_removal,dismantling,"step 2, the other side: NOT removed, so it stays in the hulk and goes to the shredder. Not a loss -- it travels the other road [RAWCLIC_BEV_Motor_Recycling_TC_V1.xlsx, TC_2030/2060_Disassembly_Route]",2035
F_captured,Layer 1,BEV,F_shredded,Layer 2,lamination,0.06333333333333334,0.018333333333333333,0.13833333333333334,motor_removal,dismantling,"step 2, the other side: NOT removed, so it stays in the hulk and goes to the shredder. Not a loss -- it travels the other road [RAWCLIC_BEV_Motor_Recycling_TC_V1.xlsx, TC_2030/2060_Disassembly_Route]",2035
F_captured,Layer 1,BEV,F_shredded,Layer 2,steel,0.06333333333333334,0.018333333333333333,0.13833333333333334,motor_removal,dismantling,"step 2, the other side: NOT removed, so it stays in the hulk and goes to the shredder. Not a loss -- it travels the other road [RAWCLIC_BEV_Motor_Recycling_TC_V1.xlsx, TC_2030/2060_Disassembly_Route]",2035
F_removed,Layer 1,BEV,F_magnet_rotor_dis,Layer 2,magnet,0.89,0.8133333333333334,0.955,magnet_extraction,disassembly,"step 3: dehousing, demagnetisation, stream separation [RAWCLIC_BEV_Motor_Recycling_TC_V1.xlsx, TC_2030/2060_Disassembly_Route]",2035
F_removed,Layer 1,BEV,F_loss_preprocessing_dis,Layer 2,magnet,0.11,0.045000000000000005,0.18666666666666668,magnet_extraction,disassembly,"not separated at pre-processing [RAWCLIC_BEV_Motor_Recycling_TC_V1.xlsx, TC_2030/2060_Disassembly_Route]",2035
F_removed,Layer 1,BEV,F_cu_stream_dis,Layer 2,copper,0.9533333333333333,0.905,0.9816666666666667,winding_separation,disassembly,"step 3: dehousing, demagnetisation, stream separation [RAWCLIC_BEV_Motor_Recycling_TC_V1.xlsx, TC_2030/2060_Disassembly_Route]",2035
F_removed,Layer 1,BEV,F_loss_preprocessing_dis,Layer 2,copper,0.04666666666666667,0.018333333333333333,0.095,winding_separation,disassembly,"not separated at pre-processing [RAWCLIC_BEV_Motor_Recycling_TC_V1.xlsx, TC_2030/2060_Disassembly_Route]",2035
F_removed,Layer 1,BEV,F_al_stream_dis,Layer 2,aluminium,0.9633333333333333,0.925,0.99,housing_recovery,disassembly,"step 3: dehousing, demagnetisation, stream separation [RAWCLIC_BEV_Motor_Recycling_TC_V1.xlsx, TC_2030/2060_Disassembly_Route]",2035
F_removed,Layer 1,BEV,F_loss_preprocessing_dis,Layer 2,aluminium,0.03666666666666667,0.01,0.075,housing_recovery,disassembly,"not separated at pre-processing [RAWCLIC_BEV_Motor_Recycling_TC_V1.xlsx, TC_2030/2060_Disassembly_Route]",2035
F_removed,Layer 1,BEV,F_steel_stream_dis,Layer 2,lamination,0.925,0.8583333333333333,0.9716666666666667,lamination_recovery,disassembly,"step 3: dehousing, demagnetisation, stream separation [RAWCLIC_BEV_Motor_Recycling_TC_V1.xlsx, TC_2030/2060_Disassembly_Route]",2035
F_removed,Layer 1,BEV,F_loss_preprocessing_dis,Layer 2,lamination,0.075,0.028333333333333332,0.14166666666666666,lamination_recovery,disassembly,"not separated at pre-processing [RAWCLIC_BEV_Motor_Recycling_TC_V1.xlsx, TC_2030/2060_Disassembly_Route]",2035
F_removed,Layer 1,BEV,F_steel_stream_dis,Layer 2,steel,0.925,0.8583333333333333,0.9716666666666667,lamination_recovery,disassembly,"step 3: dehousing, demagnetisation, stream separation [RAWCLIC_BEV_Motor_Recycling_TC_V1.xlsx, TC_2030/2060_Disassembly_Route]",2035
F_removed,Layer 1,BEV,F_loss_preprocessing_dis,Layer 2,steel,0.075,0.028333333333333332,0.14166666666666666,lamination_recovery,disassembly,"not separated at pre-processing [RAWCLIC_BEV_Motor_Recycling_TC_V1.xlsx, TC_2030/2060_Disassembly_Route]",2035
F_magnet_rotor_dis,Layer 1,BEV,F_magnet_feed_dis,Layer 2,magnet,0.7827,0.6390666666666667,0.9037166666666666,magnet_extraction,disassembly,"steps 4a-5: extraction x decoat and mill [RAWCLIC_BEV_Motor_Recycling_TC_V1.xlsx, TC_2030/2060_Disassembly_Route]",2035
F_magnet_rotor_dis,Layer 1,BEV,F_loss_extraction_dis,Layer 2,magnet,0.2173,0.09628333333333333,0.36093333333333333,magnet_extraction,disassembly,"magnet not liberated [RAWCLIC_BEV_Motor_Recycling_TC_V1.xlsx, TC_2030/2060_Disassembly_Route]",2035
F_magnet_feed_dis,Layer 2,magnet,F_nd_dis,Layer 4,Nd,0.826342,0.6893400000000001,0.9380398333333333,ree_recovery,hydrometallurgical,"steps 6b-8: leach x solvent extraction x oxide/metal [RAWCLIC_BEV_Motor_Recycling_TC_V1.xlsx, TC_2030/2060_Disassembly_Route]",2035
F_magnet_feed_dis,Layer 2,magnet,F_loss_ree_dis,Layer 4,Nd,0.173658,0.06196016666666667,0.31066,ree_recovery,hydrometallurgical,"lost in the long loop [RAWCLIC_BEV_Motor_Recycling_TC_V1.xlsx, TC_2030/2060_Disassembly_Route]",2035
F_magnet_feed_dis,Layer 2,magnet,F_pr_dis,Layer 4,Pr,0.7927433333333334,0.65811,0.920563,ree_recovery,hydrometallurgical,"steps 6b-8: leach x solvent extraction x oxide/metal [RAWCLIC_BEV_Motor_Recycling_TC_V1.xlsx, TC_2030/2060_Disassembly_Route]",2035
F_magnet_feed_dis,Layer 2,magnet,F_loss_ree_dis,Layer 4,Pr,0.20725666666666667,0.07943700000000001,0.34189,ree_recovery,hydrometallurgical,"lost in the long loop [RAWCLIC_BEV_Motor_Recycling_TC_V1.xlsx, TC_2030/2060_Disassembly_Route]",2035
F_magnet_feed_dis,Layer 2,magnet,F_dy_dis,Layer 4,Dy,0.7767991666666667,0.62997,0.9094073333333333,ree_recovery,hydrometallurgical,"steps 6b-8: leach x solvent extraction x oxide/metal [RAWCLIC_BEV_Motor_Recycling_TC_V1.xlsx, TC_2030/2060_Disassembly_Route]",2035
F_magnet_feed_dis,Layer 2,magnet,F_loss_ree_dis,Layer 4,Dy,0.22320083333333335,0.09059266666666667,0.37003,ree_recovery,hydrometallurgical,"lost in the long loop [RAWCLIC_BEV_Motor_Recycling_TC_V1.xlsx, TC_2030/2060_Disassembly_Route]",2035
F_magnet_feed_dis,Layer 2,magnet,F_tb_dis,Layer 4,Tb,0.745751,0.6001259999999999,0.8938090000000001,ree_recovery,hydrometallurgical,"steps 6b-8: leach x solvent extraction x oxide/metal [RAWCLIC_BEV_Motor_Recycling_TC_V1.xlsx, TC_2030/2060_Disassembly_Route]",2035
F_magnet_feed_dis,Layer 2,magnet,F_loss_ree_dis,Layer 4,Tb,0.254249,0.10619100000000001,0.399874,ree_recovery,hydrometallurgical,"lost in the long loop [RAWCLIC_BEV_Motor_Recycling_TC_V1.xlsx, TC_2030/2060_Disassembly_Route]",2035
F_magnet_feed_dis,Layer 2,magnet,F_loss_ree_dis,Layer 4,rest,1.0,1.0,1.0,ree_recovery,hydrometallurgical,"Fe, B, Co and the rest of the magnet: not a recovery target here [RAWCLIC_BEV_Motor_Recycling_TC_V1.xlsx, TC_2030/2060_Disassembly_Route]",2035
F_cu_stream_dis,Layer 2,copper,F_cu_recovered_dis,Layer 3,copper,0.9066666666666667,0.83,0.9633333333333333,cu_recovery,metallurgical,"step 9: winding separation and refining [RAWCLIC_BEV_Motor_Recycling_TC_V1.xlsx, TC_2030/2060_Disassembly_Route]",2035
F_cu_stream_dis,Layer 2,copper,F_loss_metals_dis,Layer 3,copper,0.09333333333333334,0.03666666666666667,0.16999999999999998,cu_recovery,metallurgical,"lost in separation and melting [RAWCLIC_BEV_Motor_Recycling_TC_V1.xlsx, TC_2030/2060_Disassembly_Route]",2035
F_al_stream_dis,Layer 2,aluminium,F_al_recovered_dis,Layer 3,aluminium,0.935,0.8866666666666667,0.9733333333333333,al_recovery,metallurgical,"step 10: housing to secondary aluminium [RAWCLIC_BEV_Motor_Recycling_TC_V1.xlsx, TC_2030/2060_Disassembly_Route]",2035
F_al_stream_dis,Layer 2,aluminium,F_loss_metals_dis,Layer 3,aluminium,0.065,0.026666666666666665,0.11333333333333333,al_recovery,metallurgical,"lost in separation and melting [RAWCLIC_BEV_Motor_Recycling_TC_V1.xlsx, TC_2030/2060_Disassembly_Route]",2035
F_steel_stream_dis,Layer 2,lamination,F_steel_recovered_dis,Layer 3,lamination,0.8866666666666667,0.8083333333333333,0.9533333333333333,steel_recovery,metallurgical,"step 11: laminations to ferrous scrap [RAWCLIC_BEV_Motor_Recycling_TC_V1.xlsx, TC_2030/2060_Disassembly_Route]",2035
F_steel_stream_dis,Layer 2,lamination,F_loss_metals_dis,Layer 3,lamination,0.11333333333333333,0.04666666666666667,0.19166666666666668,steel_recovery,metallurgical,"lost in separation and melting [RAWCLIC_BEV_Motor_Recycling_TC_V1.xlsx, TC_2030/2060_Disassembly_Route]",2035
F_steel_stream_dis,Layer 2,steel,F_steel_recovered_dis,Layer 3,steel,0.8866666666666667,0.8083333333333333,0.9533333333333333,steel_recovery,metallurgical,"step 11: shaft and gearbox steel to ferrous scrap [RAWCLIC_BEV_Motor_Recycling_TC_V1.xlsx, TC_2030/2060_Disassembly_Route]",2035
F_steel_stream_dis,Layer 2,steel,F_loss_metals_dis,Layer 3,steel,0.11333333333333333,0.04666666666666667,0.19166666666666668,steel_recovery,metallurgical,"lost in separation and melting [RAWCLIC_BEV_Motor_Recycling_TC_V1.xlsx, TC_2030/2060_Disassembly_Route]",2035
F_shredded,Layer 1,BEV,F_ndfeb_stream_shr,Layer 2,magnet,0.98,0.95,1.0,shredder_feed,shredder,"step 2, shredder route: motor to shredder feed, then sorted, in 2030 [RAWCLIC_BEV_Motor_Recycling_TC_V1.xlsx, TC_2030/2060_Shredder_Route]",2035
F_shredded,Layer 1,BEV,F_loss_unfed_shr,Layer 2,magnet,0.02,0.0,0.05,shredder_feed,shredder,"not fed to the shredder [RAWCLIC_BEV_Motor_Recycling_TC_V1.xlsx, TC_2030/2060_Shredder_Route]",2035
F_shredded,Layer 1,BEV,F_cu_stream_shr,Layer 2,copper,0.98,0.95,1.0,shredder_feed,shredder,"step 2, shredder route: motor to shredder feed, then sorted, in 2030 [RAWCLIC_BEV_Motor_Recycling_TC_V1.xlsx, TC_2030/2060_Shredder_Route]",2035
F_shredded,Layer 1,BEV,F_loss_unfed_shr,Layer 2,copper,0.02,0.0,0.05,shredder_feed,shredder,"not fed to the shredder [RAWCLIC_BEV_Motor_Recycling_TC_V1.xlsx, TC_2030/2060_Shredder_Route]",2035
F_shredded,Layer 1,BEV,F_al_stream_shr,Layer 2,aluminium,0.98,0.95,1.0,shredder_feed,shredder,"step 2, shredder route: motor to shredder feed, then sorted, in 2030 [RAWCLIC_BEV_Motor_Recycling_TC_V1.xlsx, TC_2030/2060_Shredder_Route]",2035
F_shredded,Layer 1,BEV,F_loss_unfed_shr,Layer 2,aluminium,0.02,0.0,0.05,shredder_feed,shredder,"not fed to the shredder [RAWCLIC_BEV_Motor_Recycling_TC_V1.xlsx, TC_2030/2060_Shredder_Route]",2035
F_shredded,Layer 1,BEV,F_steel_stream_shr,Layer 2,lamination,0.98,0.95,1.0,shredder_feed,shredder,"step 2, shredder route: motor to shredder feed, then sorted, in 2030 [RAWCLIC_BEV_Motor_Recycling_TC_V1.xlsx, TC_2030/2060_Shredder_Route]",2035
F_shredded,Layer 1,BEV,F_loss_unfed_shr,Layer 2,lamination,0.02,0.0,0.05,shredder_feed,shredder,"not fed to the shredder [RAWCLIC_BEV_Motor_Recycling_TC_V1.xlsx, TC_2030/2060_Shredder_Route]",2035
F_shredded,Layer 1,BEV,F_steel_stream_shr,Layer 2,steel,0.98,0.95,1.0,shredder_feed,shredder,"step 2, shredder route: motor to shredder feed, then sorted, in 2030 [RAWCLIC_BEV_Motor_Recycling_TC_V1.xlsx, TC_2030/2060_Shredder_Route]",2035
F_shredded,Layer 1,BEV,F_loss_unfed_shr,Layer 2,steel,0.02,0.0,0.05,shredder_feed,shredder,"not fed to the shredder [RAWCLIC_BEV_Motor_Recycling_TC_V1.xlsx, TC_2030/2060_Shredder_Route]",2035
F_ndfeb_stream_shr,Layer 2,magnet,F_nd_shr,Layer 4,Nd,0.06666666666666667,0.024999999999999998,0.125,ree_recovery,shredder,"step 3: NdFeB to recovered rare earth, end to end [RAWCLIC_BEV_Motor_Recycling_TC_V1.xlsx, TC_2030/2060_Shredder_Route]",2035
F_ndfeb_stream_shr,Layer 2,magnet,F_ree_in_steel_shr,Layer 4,Nd,0.3441666666666666,0.19,0.5416666666666667,steel_melt,shredder,"step 3-4: to the ferrous fraction and into the steel melt. The rare earth reports to slag and is LOST as rare earth -- step 4's 0.01 recoverable is not taken [RAWCLIC_BEV_Motor_Recycling_TC_V1.xlsx, TC_2030/2060_Shredder_Route]",2035
F_ndfeb_stream_shr,Layer 2,magnet,F_ree_in_nonferrous_shr,Layer 4,Nd,0.1475,0.09333333333333334,0.20166666666666666,nonferrous_sorting,shredder,"step 3: fragments carried into the non-ferrous concentrate [RAWCLIC_BEV_Motor_Recycling_TC_V1.xlsx, TC_2030/2060_Shredder_Route]",2035
F_ndfeb_stream_shr,Layer 2,magnet,F_ree_in_asr_shr,Layer 4,Nd,0.375,0.27499999999999997,0.48333333333333334,shredder_residue,shredder,"step 3: fines into automotive shredder residue [RAWCLIC_BEV_Motor_Recycling_TC_V1.xlsx, TC_2030/2060_Shredder_Route]",2035
F_ndfeb_stream_shr,Layer 2,magnet,F_loss_shredding_shr,Layer 4,Nd,0.06666666666666667,0.0,0.4166666666666667,ree_recovery,shredder,"the fates the sheet does not assign [RAWCLIC_BEV_Motor_Recycling_TC_V1.xlsx, TC_2030/2060_Shredder_Route]",2035
F_ndfeb_stream_shr,Layer 2,magnet,F_pr_shr,Layer 4,Pr,0.06666666666666667,0.024999999999999998,0.125,ree_recovery,shredder,"step 3: NdFeB to recovered rare earth, end to end [RAWCLIC_BEV_Motor_Recycling_TC_V1.xlsx, TC_2030/2060_Shredder_Route]",2035
F_ndfeb_stream_shr,Layer 2,magnet,F_ree_in_steel_shr,Layer 4,Pr,0.3441666666666666,0.19,0.5416666666666667,steel_melt,shredder,"step 3-4: to the ferrous fraction and into the steel melt. The rare earth reports to slag and is LOST as rare earth -- step 4's 0.01 recoverable is not taken [RAWCLIC_BEV_Motor_Recycling_TC_V1.xlsx, TC_2030/2060_Shredder_Route]",2035
F_ndfeb_stream_shr,Layer 2,magnet,F_ree_in_nonferrous_shr,Layer 4,Pr,0.1475,0.09333333333333334,0.20166666666666666,nonferrous_sorting,shredder,"step 3: fragments carried into the non-ferrous concentrate [RAWCLIC_BEV_Motor_Recycling_TC_V1.xlsx, TC_2030/2060_Shredder_Route]",2035
F_ndfeb_stream_shr,Layer 2,magnet,F_ree_in_asr_shr,Layer 4,Pr,0.375,0.27499999999999997,0.48333333333333334,shredder_residue,shredder,"step 3: fines into automotive shredder residue [RAWCLIC_BEV_Motor_Recycling_TC_V1.xlsx, TC_2030/2060_Shredder_Route]",2035
F_ndfeb_stream_shr,Layer 2,magnet,F_loss_shredding_shr,Layer 4,Pr,0.06666666666666667,0.0,0.4166666666666667,ree_recovery,shredder,"the fates the sheet does not assign [RAWCLIC_BEV_Motor_Recycling_TC_V1.xlsx, TC_2030/2060_Shredder_Route]",2035
F_ndfeb_stream_shr,Layer 2,magnet,F_dy_shr,Layer 4,Dy,0.06666666666666667,0.024999999999999998,0.125,ree_recovery,shredder,"step 3: NdFeB to recovered rare earth, end to end [RAWCLIC_BEV_Motor_Recycling_TC_V1.xlsx, TC_2030/2060_Shredder_Route]",2035
F_ndfeb_stream_shr,Layer 2,magnet,F_ree_in_steel_shr,Layer 4,Dy,0.3441666666666666,0.19,0.5416666666666667,steel_melt,shredder,"step 3-4: to the ferrous fraction and into the steel melt. The rare earth reports to slag and is LOST as rare earth -- step 4's 0.01 recoverable is not taken [RAWCLIC_BEV_Motor_Recycling_TC_V1.xlsx, TC_2030/2060_Shredder_Route]",2035
F_ndfeb_stream_shr,Layer 2,magnet,F_ree_in_nonferrous_shr,Layer 4,Dy,0.1475,0.09333333333333334,0.20166666666666666,nonferrous_sorting,shredder,"step 3: fragments carried into the non-ferrous concentrate [RAWCLIC_BEV_Motor_Recycling_TC_V1.xlsx, TC_2030/2060_Shredder_Route]",2035
F_ndfeb_stream_shr,Layer 2,magnet,F_ree_in_asr_shr,Layer 4,Dy,0.375,0.27499999999999997,0.48333333333333334,shredder_residue,shredder,"step 3: fines into automotive shredder residue [RAWCLIC_BEV_Motor_Recycling_TC_V1.xlsx, TC_2030/2060_Shredder_Route]",2035
F_ndfeb_stream_shr,Layer 2,magnet,F_loss_shredding_shr,Layer 4,Dy,0.06666666666666667,0.0,0.4166666666666667,ree_recovery,shredder,"the fates the sheet does not assign [RAWCLIC_BEV_Motor_Recycling_TC_V1.xlsx, TC_2030/2060_Shredder_Route]",2035
F_ndfeb_stream_shr,Layer 2,magnet,F_tb_shr,Layer 4,Tb,0.06666666666666667,0.024999999999999998,0.125,ree_recovery,shredder,"step 3: NdFeB to recovered rare earth, end to end [RAWCLIC_BEV_Motor_Recycling_TC_V1.xlsx, TC_2030/2060_Shredder_Route]",2035
F_ndfeb_stream_shr,Layer 2,magnet,F_ree_in_steel_shr,Layer 4,Tb,0.3441666666666666,0.19,0.5416666666666667,steel_melt,shredder,"step 3-4: to the ferrous fraction and into the steel melt. The rare earth reports to slag and is LOST as rare earth -- step 4's 0.01 recoverable is not taken [RAWCLIC_BEV_Motor_Recycling_TC_V1.xlsx, TC_2030/2060_Shredder_Route]",2035
F_ndfeb_stream_shr,Layer 2,magnet,F_ree_in_nonferrous_shr,Layer 4,Tb,0.1475,0.09333333333333334,0.20166666666666666,nonferrous_sorting,shredder,"step 3: fragments carried into the non-ferrous concentrate [RAWCLIC_BEV_Motor_Recycling_TC_V1.xlsx, TC_2030/2060_Shredder_Route]",2035
F_ndfeb_stream_shr,Layer 2,magnet,F_ree_in_asr_shr,Layer 4,Tb,0.375,0.27499999999999997,0.48333333333333334,shredder_residue,shredder,"step 3: fines into automotive shredder residue [RAWCLIC_BEV_Motor_Recycling_TC_V1.xlsx, TC_2030/2060_Shredder_Route]",2035
F_ndfeb_stream_shr,Layer 2,magnet,F_loss_shredding_shr,Layer 4,Tb,0.06666666666666667,0.0,0.4166666666666667,ree_recovery,shredder,"the fates the sheet does not assign [RAWCLIC_BEV_Motor_Recycling_TC_V1.xlsx, TC_2030/2060_Shredder_Route]",2035
F_ndfeb_stream_shr,Layer 2,magnet,F_loss_shredding_shr,Layer 4,rest,1.0,1.0,1.0,ree_recovery,shredder,"Fe, B, Co and the rest of the magnet: not a recovery target here [RAWCLIC_BEV_Motor_Recycling_TC_V1.xlsx, TC_2030/2060_Shredder_Route]",2035
F_cu_stream_shr,Layer 2,copper,F_cu_recovered_shr,Layer 3,copper,0.7583333333333333,0.6133333333333333,0.8583333333333333,cu_recovery,shredder,"step 3: copper to the non-ferrous fraction [RAWCLIC_BEV_Motor_Recycling_TC_V1.xlsx, TC_2030/2060_Shredder_Route]",2035
F_cu_stream_shr,Layer 2,copper,F_loss_metals_shr,Layer 3,copper,0.24166666666666667,0.14166666666666666,0.3866666666666667,cu_recovery,shredder,"lost to residue, mixing and melt [RAWCLIC_BEV_Motor_Recycling_TC_V1.xlsx, TC_2030/2060_Shredder_Route]",2035
F_al_stream_shr,Layer 2,aluminium,F_al_recovered_shr,Layer 3,aluminium,0.7883333333333333,0.6616666666666666,0.8866666666666667,al_recovery,shredder,"step 3: aluminium to the non-ferrous fraction [RAWCLIC_BEV_Motor_Recycling_TC_V1.xlsx, TC_2030/2060_Shredder_Route]",2035
F_al_stream_shr,Layer 2,aluminium,F_loss_metals_shr,Layer 3,aluminium,0.21166666666666667,0.11333333333333333,0.3383333333333333,al_recovery,shredder,"lost to residue, mixing and melt [RAWCLIC_BEV_Motor_Recycling_TC_V1.xlsx, TC_2030/2060_Shredder_Route]",2035
F_steel_stream_shr,Layer 2,lamination,F_steel_recovered_shr,Layer 3,lamination,0.9233333333333333,0.855,0.9716666666666667,steel_recovery,shredder,"step 3: laminations to the ferrous fraction [RAWCLIC_BEV_Motor_Recycling_TC_V1.xlsx, TC_2030/2060_Shredder_Route]",2035
F_steel_stream_shr,Layer 2,lamination,F_loss_metals_shr,Layer 3,lamination,0.07666666666666666,0.028333333333333332,0.145,steel_recovery,shredder,"lost to residue, mixing and melt [RAWCLIC_BEV_Motor_Recycling_TC_V1.xlsx, TC_2030/2060_Shredder_Route]",2035
F_steel_stream_shr,Layer 2,steel,F_steel_recovered_shr,Layer 3,steel,0.9233333333333333,0.855,0.9716666666666667,steel_recovery,shredder,"step 3: shaft and gearbox steel to ferrous [RAWCLIC_BEV_Motor_Recycling_TC_V1.xlsx, TC_2030/2060_Shredder_Route]",2035
F_steel_stream_shr,Layer 2,steel,F_loss_metals_shr,Layer 3,steel,0.07666666666666666,0.028333333333333332,0.145,steel_recovery,shredder,"lost to residue, mixing and melt [RAWCLIC_BEV_Motor_Recycling_TC_V1.xlsx, TC_2030/2060_Shredder_Route]",2035
F_collected,Layer 1,BEV,F_captured,Layer 2,magnet,0.8333333333333334,0.74,0.92,collection,dismantling,"step 1: EoL vehicle collection in 2030 [RAWCLIC_BEV_Motor_Recycling_TC_V1.xlsx, TC_2030/2060_Disassembly_Route]",2040
F_collected,Layer 1,BEV,F_captured,Layer 2,copper,0.8333333333333334,0.74,0.92,collection,dismantling,"step 1: EoL vehicle collection in 2030 [RAWCLIC_BEV_Motor_Recycling_TC_V1.xlsx, TC_2030/2060_Disassembly_Route]",2040
F_collected,Layer 1,BEV,F_captured,Layer 2,aluminium,0.8333333333333334,0.74,0.92,collection,dismantling,"step 1: EoL vehicle collection in 2030 [RAWCLIC_BEV_Motor_Recycling_TC_V1.xlsx, TC_2030/2060_Disassembly_Route]",2040
F_collected,Layer 1,BEV,F_captured,Layer 2,lamination,0.8333333333333334,0.74,0.92,collection,dismantling,"step 1: EoL vehicle collection in 2030 [RAWCLIC_BEV_Motor_Recycling_TC_V1.xlsx, TC_2030/2060_Disassembly_Route]",2040
F_collected,Layer 1,BEV,F_captured,Layer 2,steel,0.8333333333333334,0.74,0.92,collection,dismantling,"step 1: EoL vehicle collection in 2030 [RAWCLIC_BEV_Motor_Recycling_TC_V1.xlsx, TC_2030/2060_Disassembly_Route]",2040
F_collected,Layer 1,BEV,F_uncollected,Layer 2,magnet,0.16666666666666669,0.08,0.26,collection,dismantling,"not collected: never reaches any treatment [RAWCLIC_BEV_Motor_Recycling_TC_V1.xlsx, TC_2030/2060_Disassembly_Route]",2040
F_collected,Layer 1,BEV,F_uncollected,Layer 2,copper,0.16666666666666669,0.08,0.26,collection,dismantling,"not collected: never reaches any treatment [RAWCLIC_BEV_Motor_Recycling_TC_V1.xlsx, TC_2030/2060_Disassembly_Route]",2040
F_collected,Layer 1,BEV,F_uncollected,Layer 2,aluminium,0.16666666666666669,0.08,0.26,collection,dismantling,"not collected: never reaches any treatment [RAWCLIC_BEV_Motor_Recycling_TC_V1.xlsx, TC_2030/2060_Disassembly_Route]",2040
F_collected,Layer 1,BEV,F_uncollected,Layer 2,lamination,0.16666666666666669,0.08,0.26,collection,dismantling,"not collected: never reaches any treatment [RAWCLIC_BEV_Motor_Recycling_TC_V1.xlsx, TC_2030/2060_Disassembly_Route]",2040
F_collected,Layer 1,BEV,F_uncollected,Layer 2,steel,0.16666666666666669,0.08,0.26,collection,dismantling,"not collected: never reaches any treatment [RAWCLIC_BEV_Motor_Recycling_TC_V1.xlsx, TC_2030/2060_Disassembly_Route]",2040
F_captured,Layer 1,BEV,F_removed,Layer 2,magnet,0.9433333333333334,0.8733333333333333,0.9833333333333333,motor_removal,dismantling,"step 2: motor removed from the vehicle in 2030. THIS IS THE FORK -- the share of collected motors taken out whole [RAWCLIC_BEV_Motor_Recycling_TC_V1.xlsx, TC_2030/2060_Disassembly_Route]",2040
F_captured,Layer 1,BEV,F_removed,Layer 2,copper,0.9433333333333334,0.8733333333333333,0.9833333333333333,motor_removal,dismantling,"step 2: motor removed from the vehicle in 2030. THIS IS THE FORK -- the share of collected motors taken out whole [RAWCLIC_BEV_Motor_Recycling_TC_V1.xlsx, TC_2030/2060_Disassembly_Route]",2040
F_captured,Layer 1,BEV,F_removed,Layer 2,aluminium,0.9433333333333334,0.8733333333333333,0.9833333333333333,motor_removal,dismantling,"step 2: motor removed from the vehicle in 2030. THIS IS THE FORK -- the share of collected motors taken out whole [RAWCLIC_BEV_Motor_Recycling_TC_V1.xlsx, TC_2030/2060_Disassembly_Route]",2040
F_captured,Layer 1,BEV,F_removed,Layer 2,lamination,0.9433333333333334,0.8733333333333333,0.9833333333333333,motor_removal,dismantling,"step 2: motor removed from the vehicle in 2030. THIS IS THE FORK -- the share of collected motors taken out whole [RAWCLIC_BEV_Motor_Recycling_TC_V1.xlsx, TC_2030/2060_Disassembly_Route]",2040
F_captured,Layer 1,BEV,F_removed,Layer 2,steel,0.9433333333333334,0.8733333333333333,0.9833333333333333,motor_removal,dismantling,"step 2: motor removed from the vehicle in 2030. THIS IS THE FORK -- the share of collected motors taken out whole [RAWCLIC_BEV_Motor_Recycling_TC_V1.xlsx, TC_2030/2060_Disassembly_Route]",2040
F_captured,Layer 1,BEV,F_shredded,Layer 2,magnet,0.05666666666666667,0.016666666666666666,0.12666666666666665,motor_removal,dismantling,"step 2, the other side: NOT removed, so it stays in the hulk and goes to the shredder. Not a loss -- it travels the other road [RAWCLIC_BEV_Motor_Recycling_TC_V1.xlsx, TC_2030/2060_Disassembly_Route]",2040
F_captured,Layer 1,BEV,F_shredded,Layer 2,copper,0.05666666666666667,0.016666666666666666,0.12666666666666665,motor_removal,dismantling,"step 2, the other side: NOT removed, so it stays in the hulk and goes to the shredder. Not a loss -- it travels the other road [RAWCLIC_BEV_Motor_Recycling_TC_V1.xlsx, TC_2030/2060_Disassembly_Route]",2040
F_captured,Layer 1,BEV,F_shredded,Layer 2,aluminium,0.05666666666666667,0.016666666666666666,0.12666666666666665,motor_removal,dismantling,"step 2, the other side: NOT removed, so it stays in the hulk and goes to the shredder. Not a loss -- it travels the other road [RAWCLIC_BEV_Motor_Recycling_TC_V1.xlsx, TC_2030/2060_Disassembly_Route]",2040
F_captured,Layer 1,BEV,F_shredded,Layer 2,lamination,0.05666666666666667,0.016666666666666666,0.12666666666666665,motor_removal,dismantling,"step 2, the other side: NOT removed, so it stays in the hulk and goes to the shredder. Not a loss -- it travels the other road [RAWCLIC_BEV_Motor_Recycling_TC_V1.xlsx, TC_2030/2060_Disassembly_Route]",2040
F_captured,Layer 1,BEV,F_shredded,Layer 2,steel,0.05666666666666667,0.016666666666666666,0.12666666666666665,motor_removal,dismantling,"step 2, the other side: NOT removed, so it stays in the hulk and goes to the shredder. Not a loss -- it travels the other road [RAWCLIC_BEV_Motor_Recycling_TC_V1.xlsx, TC_2030/2060_Disassembly_Route]",2040
F_removed,Layer 1,BEV,F_magnet_rotor_dis,Layer 2,magnet,0.9,0.8266666666666667,0.96,magnet_extraction,disassembly,"step 3: dehousing, demagnetisation, stream separation [RAWCLIC_BEV_Motor_Recycling_TC_V1.xlsx, TC_2030/2060_Disassembly_Route]",2040
F_removed,Layer 1,BEV,F_loss_preprocessing_dis,Layer 2,magnet,0.1,0.04,0.17333333333333334,magnet_extraction,disassembly,"not separated at pre-processing [RAWCLIC_BEV_Motor_Recycling_TC_V1.xlsx, TC_2030/2060_Disassembly_Route]",2040
F_removed,Layer 1,BEV,F_cu_stream_dis,Layer 2,copper,0.9566666666666667,0.91,0.9833333333333333,winding_separation,disassembly,"step 3: dehousing, demagnetisation, stream separation [RAWCLIC_BEV_Motor_Recycling_TC_V1.xlsx, TC_2030/2060_Disassembly_Route]",2040
F_removed,Layer 1,BEV,F_loss_preprocessing_dis,Layer 2,copper,0.043333333333333335,0.016666666666666666,0.09000000000000001,winding_separation,disassembly,"not separated at pre-processing [RAWCLIC_BEV_Motor_Recycling_TC_V1.xlsx, TC_2030/2060_Disassembly_Route]",2040
F_removed,Layer 1,BEV,F_al_stream_dis,Layer 2,aluminium,0.9666666666666667,0.93,0.99,housing_recovery,disassembly,"step 3: dehousing, demagnetisation, stream separation [RAWCLIC_BEV_Motor_Recycling_TC_V1.xlsx, TC_2030/2060_Disassembly_Route]",2040
F_removed,Layer 1,BEV,F_loss_preprocessing_dis,Layer 2,aluminium,0.03333333333333333,0.01,0.07,housing_recovery,disassembly,"not separated at pre-processing [RAWCLIC_BEV_Motor_Recycling_TC_V1.xlsx, TC_2030/2060_Disassembly_Route]",2040
F_removed,Layer 1,BEV,F_steel_stream_dis,Layer 2,lamination,0.93,0.8666666666666667,0.9733333333333333,lamination_recovery,disassembly,"step 3: dehousing, demagnetisation, stream separation [RAWCLIC_BEV_Motor_Recycling_TC_V1.xlsx, TC_2030/2060_Disassembly_Route]",2040
F_removed,Layer 1,BEV,F_loss_preprocessing_dis,Layer 2,lamination,0.07,0.026666666666666665,0.13333333333333333,lamination_recovery,disassembly,"not separated at pre-processing [RAWCLIC_BEV_Motor_Recycling_TC_V1.xlsx, TC_2030/2060_Disassembly_Route]",2040
F_removed,Layer 1,BEV,F_steel_stream_dis,Layer 2,steel,0.93,0.8666666666666667,0.9733333333333333,lamination_recovery,disassembly,"step 3: dehousing, demagnetisation, stream separation [RAWCLIC_BEV_Motor_Recycling_TC_V1.xlsx, TC_2030/2060_Disassembly_Route]",2040
F_removed,Layer 1,BEV,F_loss_preprocessing_dis,Layer 2,steel,0.07,0.026666666666666665,0.13333333333333333,lamination_recovery,disassembly,"not separated at pre-processing [RAWCLIC_BEV_Motor_Recycling_TC_V1.xlsx, TC_2030/2060_Disassembly_Route]",2040
F_magnet_rotor_dis,Layer 1,BEV,F_magnet_feed_dis,Layer 2,magnet,0.8028,0.6621333333333334,0.9150333333333334,magnet_extraction,disassembly,"steps 4a-5: extraction x decoat and mill [RAWCLIC_BEV_Motor_Recycling_TC_V1.xlsx, TC_2030/2060_Disassembly_Route]",2040
F_magnet_rotor_dis,Layer 1,BEV,F_loss_extraction_dis,Layer 2,magnet,0.1972,0.08496666666666666,0.33786666666666665,magnet_extraction,disassembly,"magnet not liberated [RAWCLIC_BEV_Motor_Recycling_TC_V1.xlsx, TC_2030/2060_Disassembly_Route]",2040
F_magnet_feed_dis,Layer 2,magnet,F_nd_dis,Layer 4,Nd,0.8398639999999999,0.70548,0.9444916666666666,ree_recovery,hydrometallurgical,"steps 6b-8: leach x solvent extraction x oxide/metal [RAWCLIC_BEV_Motor_Recycling_TC_V1.xlsx, TC_2030/2060_Disassembly_Route]",2040
F_magnet_feed_dis,Layer 2,magnet,F_loss_ree_dis,Layer 4,Nd,0.160136,0.05550833333333334,0.29452,ree_recovery,hydrometallurgical,"lost in the long loop [RAWCLIC_BEV_Motor_Recycling_TC_V1.xlsx, TC_2030/2060_Disassembly_Route]",2040
F_magnet_feed_dis,Layer 2,magnet,F_pr_dis,Layer 4,Pr,0.8074366666666667,0.6738,0.92855,ree_recovery,hydrometallurgical,"steps 6b-8: leach x solvent extraction x oxide/metal [RAWCLIC_BEV_Motor_Recycling_TC_V1.xlsx, TC_2030/2060_Disassembly_Route]",2040
F_magnet_feed_dis,Layer 2,magnet,F_loss_ree_dis,Layer 4,Pr,0.19256333333333334,0.07145,0.3262,ree_recovery,hydrometallurgical,"lost in the long loop [RAWCLIC_BEV_Motor_Recycling_TC_V1.xlsx, TC_2030/2060_Disassembly_Route]",2040
F_magnet_feed_dis,Layer 2,magnet,F_dy_dis,Layer 4,Dy,0.7928383333333333,0.64794,0.9157446666666667,ree_recovery,hydrometallurgical,"steps 6b-8: leach x solvent extraction x oxide/metal [RAWCLIC_BEV_Motor_Recycling_TC_V1.xlsx, TC_2030/2060_Disassembly_Route]",2040
F_magnet_feed_dis,Layer 2,magnet,F_loss_ree_dis,Layer 4,Dy,0.2071616666666667,0.08425533333333333,0.35206,ree_recovery,hydrometallurgical,"lost in the long loop [RAWCLIC_BEV_Motor_Recycling_TC_V1.xlsx, TC_2030/2060_Disassembly_Route]",2040
F_magnet_feed_dis,Layer 2,magnet,F_tb_dis,Layer 4,Tb,0.764372,0.6175919999999999,0.903266,ree_recovery,hydrometallurgical,"steps 6b-8: leach x solvent extraction x oxide/metal [RAWCLIC_BEV_Motor_Recycling_TC_V1.xlsx, TC_2030/2060_Disassembly_Route]",2040
F_magnet_feed_dis,Layer 2,magnet,F_loss_ree_dis,Layer 4,Tb,0.235628,0.096734,0.38240799999999997,ree_recovery,hydrometallurgical,"lost in the long loop [RAWCLIC_BEV_Motor_Recycling_TC_V1.xlsx, TC_2030/2060_Disassembly_Route]",2040
F_magnet_feed_dis,Layer 2,magnet,F_loss_ree_dis,Layer 4,rest,1.0,1.0,1.0,ree_recovery,hydrometallurgical,"Fe, B, Co and the rest of the magnet: not a recovery target here [RAWCLIC_BEV_Motor_Recycling_TC_V1.xlsx, TC_2030/2060_Disassembly_Route]",2040
F_cu_stream_dis,Layer 2,copper,F_cu_recovered_dis,Layer 3,copper,0.9133333333333333,0.84,0.9666666666666667,cu_recovery,metallurgical,"step 9: winding separation and refining [RAWCLIC_BEV_Motor_Recycling_TC_V1.xlsx, TC_2030/2060_Disassembly_Route]",2040
F_cu_stream_dis,Layer 2,copper,F_loss_metals_dis,Layer 3,copper,0.08666666666666667,0.03333333333333333,0.16,cu_recovery,metallurgical,"lost in separation and melting [RAWCLIC_BEV_Motor_Recycling_TC_V1.xlsx, TC_2030/2060_Disassembly_Route]",2040
F_al_stream_dis,Layer 2,aluminium,F_al_recovered_dis,Layer 3,aluminium,0.9400000000000001,0.8933333333333333,0.9766666666666667,al_recovery,metallurgical,"step 10: housing to secondary aluminium [RAWCLIC_BEV_Motor_Recycling_TC_V1.xlsx, TC_2030/2060_Disassembly_Route]",2040
F_al_stream_dis,Layer 2,aluminium,F_loss_metals_dis,Layer 3,aluminium,0.060000000000000005,0.023333333333333334,0.10666666666666666,al_recovery,metallurgical,"lost in separation and melting [RAWCLIC_BEV_Motor_Recycling_TC_V1.xlsx, TC_2030/2060_Disassembly_Route]",2040
F_steel_stream_dis,Layer 2,lamination,F_steel_recovered_dis,Layer 3,lamination,0.8933333333333333,0.8166666666666667,0.9566666666666667,steel_recovery,metallurgical,"step 11: laminations to ferrous scrap [RAWCLIC_BEV_Motor_Recycling_TC_V1.xlsx, TC_2030/2060_Disassembly_Route]",2040
F_steel_stream_dis,Layer 2,lamination,F_loss_metals_dis,Layer 3,lamination,0.10666666666666666,0.043333333333333335,0.18333333333333335,steel_recovery,metallurgical,"lost in separation and melting [RAWCLIC_BEV_Motor_Recycling_TC_V1.xlsx, TC_2030/2060_Disassembly_Route]",2040
F_steel_stream_dis,Layer 2,steel,F_steel_recovered_dis,Layer 3,steel,0.8933333333333333,0.8166666666666667,0.9566666666666667,steel_recovery,metallurgical,"step 11: shaft and gearbox steel to ferrous scrap [RAWCLIC_BEV_Motor_Recycling_TC_V1.xlsx, TC_2030/2060_Disassembly_Route]",2040
F_steel_stream_dis,Layer 2,steel,F_loss_metals_dis,Layer 3,steel,0.10666666666666666,0.043333333333333335,0.18333333333333335,steel_recovery,metallurgical,"lost in separation and melting [RAWCLIC_BEV_Motor_Recycling_TC_V1.xlsx, TC_2030/2060_Disassembly_Route]",2040
F_shredded,Layer 1,BEV,F_ndfeb_stream_shr,Layer 2,magnet,0.98,0.95,1.0,shredder_feed,shredder,"step 2, shredder route: motor to shredder feed, then sorted, in 2030 [RAWCLIC_BEV_Motor_Recycling_TC_V1.xlsx, TC_2030/2060_Shredder_Route]",2040
F_shredded,Layer 1,BEV,F_loss_unfed_shr,Layer 2,magnet,0.02,0.0,0.05,shredder_feed,shredder,"not fed to the shredder [RAWCLIC_BEV_Motor_Recycling_TC_V1.xlsx, TC_2030/2060_Shredder_Route]",2040
F_shredded,Layer 1,BEV,F_cu_stream_shr,Layer 2,copper,0.98,0.95,1.0,shredder_feed,shredder,"step 2, shredder route: motor to shredder feed, then sorted, in 2030 [RAWCLIC_BEV_Motor_Recycling_TC_V1.xlsx, TC_2030/2060_Shredder_Route]",2040
F_shredded,Layer 1,BEV,F_loss_unfed_shr,Layer 2,copper,0.02,0.0,0.05,shredder_feed,shredder,"not fed to the shredder [RAWCLIC_BEV_Motor_Recycling_TC_V1.xlsx, TC_2030/2060_Shredder_Route]",2040
F_shredded,Layer 1,BEV,F_al_stream_shr,Layer 2,aluminium,0.98,0.95,1.0,shredder_feed,shredder,"step 2, shredder route: motor to shredder feed, then sorted, in 2030 [RAWCLIC_BEV_Motor_Recycling_TC_V1.xlsx, TC_2030/2060_Shredder_Route]",2040
F_shredded,Layer 1,BEV,F_loss_unfed_shr,Layer 2,aluminium,0.02,0.0,0.05,shredder_feed,shredder,"not fed to the shredder [RAWCLIC_BEV_Motor_Recycling_TC_V1.xlsx, TC_2030/2060_Shredder_Route]",2040
F_shredded,Layer 1,BEV,F_steel_stream_shr,Layer 2,lamination,0.98,0.95,1.0,shredder_feed,shredder,"step 2, shredder route: motor to shredder feed, then sorted, in 2030 [RAWCLIC_BEV_Motor_Recycling_TC_V1.xlsx, TC_2030/2060_Shredder_Route]",2040
F_shredded,Layer 1,BEV,F_loss_unfed_shr,Layer 2,lamination,0.02,0.0,0.05,shredder_feed,shredder,"not fed to the shredder [RAWCLIC_BEV_Motor_Recycling_TC_V1.xlsx, TC_2030/2060_Shredder_Route]",2040
F_shredded,Layer 1,BEV,F_steel_stream_shr,Layer 2,steel,0.98,0.95,1.0,shredder_feed,shredder,"step 2, shredder route: motor to shredder feed, then sorted, in 2030 [RAWCLIC_BEV_Motor_Recycling_TC_V1.xlsx, TC_2030/2060_Shredder_Route]",2040
F_shredded,Layer 1,BEV,F_loss_unfed_shr,Layer 2,steel,0.02,0.0,0.05,shredder_feed,shredder,"not fed to the shredder [RAWCLIC_BEV_Motor_Recycling_TC_V1.xlsx, TC_2030/2060_Shredder_Route]",2040
F_ndfeb_stream_shr,Layer 2,magnet,F_nd_shr,Layer 4,Nd,0.11333333333333333,0.049999999999999996,0.2,ree_recovery,shredder,"step 3: NdFeB to recovered rare earth, end to end [RAWCLIC_BEV_Motor_Recycling_TC_V1.xlsx, TC_2030/2060_Shredder_Route]",2040
F_ndfeb_stream_shr,Layer 2,magnet,F_ree_in_steel_shr,Layer 4,Nd,0.3383333333333333,0.18000000000000002,0.5333333333333333,steel_melt,shredder,"step 3-4: to the ferrous fraction and into the steel melt. The rare earth reports to slag and is LOST as rare earth -- step 4's 0.01 recoverable is not taken [RAWCLIC_BEV_Motor_Recycling_TC_V1.xlsx, TC_2030/2060_Shredder_Route]",2040
F_ndfeb_stream_shr,Layer 2,magnet,F_ree_in_nonferrous_shr,Layer 4,Nd,0.145,0.08666666666666667,0.20333333333333334,nonferrous_sorting,shredder,"step 3: fragments carried into the non-ferrous concentrate [RAWCLIC_BEV_Motor_Recycling_TC_V1.xlsx, TC_2030/2060_Shredder_Route]",2040
F_ndfeb_stream_shr,Layer 2,magnet,F_ree_in_asr_shr,Layer 4,Nd,0.35000000000000003,0.25,0.4666666666666667,shredder_residue,shredder,"step 3: fines into automotive shredder residue [RAWCLIC_BEV_Motor_Recycling_TC_V1.xlsx, TC_2030/2060_Shredder_Route]",2040
F_ndfeb_stream_shr,Layer 2,magnet,F_loss_shredding_shr,Layer 4,Nd,0.05333333333333334,0.0,0.43333333333333335,ree_recovery,shredder,"the fates the sheet does not assign [RAWCLIC_BEV_Motor_Recycling_TC_V1.xlsx, TC_2030/2060_Shredder_Route]",2040
F_ndfeb_stream_shr,Layer 2,magnet,F_pr_shr,Layer 4,Pr,0.11333333333333333,0.049999999999999996,0.2,ree_recovery,shredder,"step 3: NdFeB to recovered rare earth, end to end [RAWCLIC_BEV_Motor_Recycling_TC_V1.xlsx, TC_2030/2060_Shredder_Route]",2040
F_ndfeb_stream_shr,Layer 2,magnet,F_ree_in_steel_shr,Layer 4,Pr,0.3383333333333333,0.18000000000000002,0.5333333333333333,steel_melt,shredder,"step 3-4: to the ferrous fraction and into the steel melt. The rare earth reports to slag and is LOST as rare earth -- step 4's 0.01 recoverable is not taken [RAWCLIC_BEV_Motor_Recycling_TC_V1.xlsx, TC_2030/2060_Shredder_Route]",2040
F_ndfeb_stream_shr,Layer 2,magnet,F_ree_in_nonferrous_shr,Layer 4,Pr,0.145,0.08666666666666667,0.20333333333333334,nonferrous_sorting,shredder,"step 3: fragments carried into the non-ferrous concentrate [RAWCLIC_BEV_Motor_Recycling_TC_V1.xlsx, TC_2030/2060_Shredder_Route]",2040
F_ndfeb_stream_shr,Layer 2,magnet,F_ree_in_asr_shr,Layer 4,Pr,0.35000000000000003,0.25,0.4666666666666667,shredder_residue,shredder,"step 3: fines into automotive shredder residue [RAWCLIC_BEV_Motor_Recycling_TC_V1.xlsx, TC_2030/2060_Shredder_Route]",2040
F_ndfeb_stream_shr,Layer 2,magnet,F_loss_shredding_shr,Layer 4,Pr,0.05333333333333334,0.0,0.43333333333333335,ree_recovery,shredder,"the fates the sheet does not assign [RAWCLIC_BEV_Motor_Recycling_TC_V1.xlsx, TC_2030/2060_Shredder_Route]",2040
F_ndfeb_stream_shr,Layer 2,magnet,F_dy_shr,Layer 4,Dy,0.11333333333333333,0.049999999999999996,0.2,ree_recovery,shredder,"step 3: NdFeB to recovered rare earth, end to end [RAWCLIC_BEV_Motor_Recycling_TC_V1.xlsx, TC_2030/2060_Shredder_Route]",2040
F_ndfeb_stream_shr,Layer 2,magnet,F_ree_in_steel_shr,Layer 4,Dy,0.3383333333333333,0.18000000000000002,0.5333333333333333,steel_melt,shredder,"step 3-4: to the ferrous fraction and into the steel melt. The rare earth reports to slag and is LOST as rare earth -- step 4's 0.01 recoverable is not taken [RAWCLIC_BEV_Motor_Recycling_TC_V1.xlsx, TC_2030/2060_Shredder_Route]",2040
F_ndfeb_stream_shr,Layer 2,magnet,F_ree_in_nonferrous_shr,Layer 4,Dy,0.145,0.08666666666666667,0.20333333333333334,nonferrous_sorting,shredder,"step 3: fragments carried into the non-ferrous concentrate [RAWCLIC_BEV_Motor_Recycling_TC_V1.xlsx, TC_2030/2060_Shredder_Route]",2040
F_ndfeb_stream_shr,Layer 2,magnet,F_ree_in_asr_shr,Layer 4,Dy,0.35000000000000003,0.25,0.4666666666666667,shredder_residue,shredder,"step 3: fines into automotive shredder residue [RAWCLIC_BEV_Motor_Recycling_TC_V1.xlsx, TC_2030/2060_Shredder_Route]",2040
F_ndfeb_stream_shr,Layer 2,magnet,F_loss_shredding_shr,Layer 4,Dy,0.05333333333333334,0.0,0.43333333333333335,ree_recovery,shredder,"the fates the sheet does not assign [RAWCLIC_BEV_Motor_Recycling_TC_V1.xlsx, TC_2030/2060_Shredder_Route]",2040
F_ndfeb_stream_shr,Layer 2,magnet,F_tb_shr,Layer 4,Tb,0.11333333333333333,0.049999999999999996,0.2,ree_recovery,shredder,"step 3: NdFeB to recovered rare earth, end to end [RAWCLIC_BEV_Motor_Recycling_TC_V1.xlsx, TC_2030/2060_Shredder_Route]",2040
F_ndfeb_stream_shr,Layer 2,magnet,F_ree_in_steel_shr,Layer 4,Tb,0.3383333333333333,0.18000000000000002,0.5333333333333333,steel_melt,shredder,"step 3-4: to the ferrous fraction and into the steel melt. The rare earth reports to slag and is LOST as rare earth -- step 4's 0.01 recoverable is not taken [RAWCLIC_BEV_Motor_Recycling_TC_V1.xlsx, TC_2030/2060_Shredder_Route]",2040
F_ndfeb_stream_shr,Layer 2,magnet,F_ree_in_nonferrous_shr,Layer 4,Tb,0.145,0.08666666666666667,0.20333333333333334,nonferrous_sorting,shredder,"step 3: fragments carried into the non-ferrous concentrate [RAWCLIC_BEV_Motor_Recycling_TC_V1.xlsx, TC_2030/2060_Shredder_Route]",2040
F_ndfeb_stream_shr,Layer 2,magnet,F_ree_in_asr_shr,Layer 4,Tb,0.35000000000000003,0.25,0.4666666666666667,shredder_residue,shredder,"step 3: fines into automotive shredder residue [RAWCLIC_BEV_Motor_Recycling_TC_V1.xlsx, TC_2030/2060_Shredder_Route]",2040
F_ndfeb_stream_shr,Layer 2,magnet,F_loss_shredding_shr,Layer 4,Tb,0.05333333333333334,0.0,0.43333333333333335,ree_recovery,shredder,"the fates the sheet does not assign [RAWCLIC_BEV_Motor_Recycling_TC_V1.xlsx, TC_2030/2060_Shredder_Route]",2040
F_ndfeb_stream_shr,Layer 2,magnet,F_loss_shredding_shr,Layer 4,rest,1.0,1.0,1.0,ree_recovery,shredder,"Fe, B, Co and the rest of the magnet: not a recovery target here [RAWCLIC_BEV_Motor_Recycling_TC_V1.xlsx, TC_2030/2060_Shredder_Route]",2040
F_cu_stream_shr,Layer 2,copper,F_cu_recovered_shr,Layer 3,copper,0.7666666666666667,0.6266666666666667,0.8666666666666667,cu_recovery,shredder,"step 3: copper to the non-ferrous fraction [RAWCLIC_BEV_Motor_Recycling_TC_V1.xlsx, TC_2030/2060_Shredder_Route]",2040
F_cu_stream_shr,Layer 2,copper,F_loss_metals_shr,Layer 3,copper,0.23333333333333334,0.13333333333333333,0.37333333333333335,cu_recovery,shredder,"lost to residue, mixing and melt [RAWCLIC_BEV_Motor_Recycling_TC_V1.xlsx, TC_2030/2060_Shredder_Route]",2040
F_al_stream_shr,Layer 2,aluminium,F_al_recovered_shr,Layer 3,aluminium,0.7966666666666666,0.6733333333333333,0.8933333333333333,al_recovery,shredder,"step 3: aluminium to the non-ferrous fraction [RAWCLIC_BEV_Motor_Recycling_TC_V1.xlsx, TC_2030/2060_Shredder_Route]",2040
F_al_stream_shr,Layer 2,aluminium,F_loss_metals_shr,Layer 3,aluminium,0.20333333333333334,0.10666666666666666,0.32666666666666666,al_recovery,shredder,"lost to residue, mixing and melt [RAWCLIC_BEV_Motor_Recycling_TC_V1.xlsx, TC_2030/2060_Shredder_Route]",2040
F_steel_stream_shr,Layer 2,lamination,F_steel_recovered_shr,Layer 3,lamination,0.9266666666666666,0.86,0.9733333333333333,steel_recovery,shredder,"step 3: laminations to the ferrous fraction [RAWCLIC_BEV_Motor_Recycling_TC_V1.xlsx, TC_2030/2060_Shredder_Route]",2040
F_steel_stream_shr,Layer 2,lamination,F_loss_metals_shr,Layer 3,lamination,0.07333333333333333,0.026666666666666665,0.13999999999999999,steel_recovery,shredder,"lost to residue, mixing and melt [RAWCLIC_BEV_Motor_Recycling_TC_V1.xlsx, TC_2030/2060_Shredder_Route]",2040
F_steel_stream_shr,Layer 2,steel,F_steel_recovered_shr,Layer 3,steel,0.9266666666666666,0.86,0.9733333333333333,steel_recovery,shredder,"step 3: shaft and gearbox steel to ferrous [RAWCLIC_BEV_Motor_Recycling_TC_V1.xlsx, TC_2030/2060_Shredder_Route]",2040
F_steel_stream_shr,Layer 2,steel,F_loss_metals_shr,Layer 3,steel,0.07333333333333333,0.026666666666666665,0.13999999999999999,steel_recovery,shredder,"lost to residue, mixing and melt [RAWCLIC_BEV_Motor_Recycling_TC_V1.xlsx, TC_2030/2060_Shredder_Route]",2040
F_collected,Layer 1,BEV,F_captured,Layer 2,magnet,0.8500000000000001,0.76,0.9299999999999999,collection,dismantling,"step 1: EoL vehicle collection in 2030 [RAWCLIC_BEV_Motor_Recycling_TC_V1.xlsx, TC_2030/2060_Disassembly_Route]",2045
F_collected,Layer 1,BEV,F_captured,Layer 2,copper,0.8500000000000001,0.76,0.9299999999999999,collection,dismantling,"step 1: EoL vehicle collection in 2030 [RAWCLIC_BEV_Motor_Recycling_TC_V1.xlsx, TC_2030/2060_Disassembly_Route]",2045
F_collected,Layer 1,BEV,F_captured,Layer 2,aluminium,0.8500000000000001,0.76,0.9299999999999999,collection,dismantling,"step 1: EoL vehicle collection in 2030 [RAWCLIC_BEV_Motor_Recycling_TC_V1.xlsx, TC_2030/2060_Disassembly_Route]",2045
F_collected,Layer 1,BEV,F_captured,Layer 2,lamination,0.8500000000000001,0.76,0.9299999999999999,collection,dismantling,"step 1: EoL vehicle collection in 2030 [RAWCLIC_BEV_Motor_Recycling_TC_V1.xlsx, TC_2030/2060_Disassembly_Route]",2045
F_collected,Layer 1,BEV,F_captured,Layer 2,steel,0.8500000000000001,0.76,0.9299999999999999,collection,dismantling,"step 1: EoL vehicle collection in 2030 [RAWCLIC_BEV_Motor_Recycling_TC_V1.xlsx, TC_2030/2060_Disassembly_Route]",2045
F_collected,Layer 1,BEV,F_uncollected,Layer 2,magnet,0.15000000000000002,0.07,0.24,collection,dismantling,"not collected: never reaches any treatment [RAWCLIC_BEV_Motor_Recycling_TC_V1.xlsx, TC_2030/2060_Disassembly_Route]",2045
F_collected,Layer 1,BEV,F_uncollected,Layer 2,copper,0.15000000000000002,0.07,0.24,collection,dismantling,"not collected: never reaches any treatment [RAWCLIC_BEV_Motor_Recycling_TC_V1.xlsx, TC_2030/2060_Disassembly_Route]",2045
F_collected,Layer 1,BEV,F_uncollected,Layer 2,aluminium,0.15000000000000002,0.07,0.24,collection,dismantling,"not collected: never reaches any treatment [RAWCLIC_BEV_Motor_Recycling_TC_V1.xlsx, TC_2030/2060_Disassembly_Route]",2045
F_collected,Layer 1,BEV,F_uncollected,Layer 2,lamination,0.15000000000000002,0.07,0.24,collection,dismantling,"not collected: never reaches any treatment [RAWCLIC_BEV_Motor_Recycling_TC_V1.xlsx, TC_2030/2060_Disassembly_Route]",2045
F_collected,Layer 1,BEV,F_uncollected,Layer 2,steel,0.15000000000000002,0.07,0.24,collection,dismantling,"not collected: never reaches any treatment [RAWCLIC_BEV_Motor_Recycling_TC_V1.xlsx, TC_2030/2060_Disassembly_Route]",2045
F_captured,Layer 1,BEV,F_removed,Layer 2,magnet,0.95,0.885,0.985,motor_removal,dismantling,"step 2: motor removed from the vehicle in 2030. THIS IS THE FORK -- the share of collected motors taken out whole [RAWCLIC_BEV_Motor_Recycling_TC_V1.xlsx, TC_2030/2060_Disassembly_Route]",2045
F_captured,Layer 1,BEV,F_removed,Layer 2,copper,0.95,0.885,0.985,motor_removal,dismantling,"step 2: motor removed from the vehicle in 2030. THIS IS THE FORK -- the share of collected motors taken out whole [RAWCLIC_BEV_Motor_Recycling_TC_V1.xlsx, TC_2030/2060_Disassembly_Route]",2045
F_captured,Layer 1,BEV,F_removed,Layer 2,aluminium,0.95,0.885,0.985,motor_removal,dismantling,"step 2: motor removed from the vehicle in 2030. THIS IS THE FORK -- the share of collected motors taken out whole [RAWCLIC_BEV_Motor_Recycling_TC_V1.xlsx, TC_2030/2060_Disassembly_Route]",2045
F_captured,Layer 1,BEV,F_removed,Layer 2,lamination,0.95,0.885,0.985,motor_removal,dismantling,"step 2: motor removed from the vehicle in 2030. THIS IS THE FORK -- the share of collected motors taken out whole [RAWCLIC_BEV_Motor_Recycling_TC_V1.xlsx, TC_2030/2060_Disassembly_Route]",2045
F_captured,Layer 1,BEV,F_removed,Layer 2,steel,0.95,0.885,0.985,motor_removal,dismantling,"step 2: motor removed from the vehicle in 2030. THIS IS THE FORK -- the share of collected motors taken out whole [RAWCLIC_BEV_Motor_Recycling_TC_V1.xlsx, TC_2030/2060_Disassembly_Route]",2045
F_captured,Layer 1,BEV,F_shredded,Layer 2,magnet,0.05,0.015,0.11499999999999999,motor_removal,dismantling,"step 2, the other side: NOT removed, so it stays in the hulk and goes to the shredder. Not a loss -- it travels the other road [RAWCLIC_BEV_Motor_Recycling_TC_V1.xlsx, TC_2030/2060_Disassembly_Route]",2045
F_captured,Layer 1,BEV,F_shredded,Layer 2,copper,0.05,0.015,0.11499999999999999,motor_removal,dismantling,"step 2, the other side: NOT removed, so it stays in the hulk and goes to the shredder. Not a loss -- it travels the other road [RAWCLIC_BEV_Motor_Recycling_TC_V1.xlsx, TC_2030/2060_Disassembly_Route]",2045
F_captured,Layer 1,BEV,F_shredded,Layer 2,aluminium,0.05,0.015,0.11499999999999999,motor_removal,dismantling,"step 2, the other side: NOT removed, so it stays in the hulk and goes to the shredder. Not a loss -- it travels the other road [RAWCLIC_BEV_Motor_Recycling_TC_V1.xlsx, TC_2030/2060_Disassembly_Route]",2045
F_captured,Layer 1,BEV,F_shredded,Layer 2,lamination,0.05,0.015,0.11499999999999999,motor_removal,dismantling,"step 2, the other side: NOT removed, so it stays in the hulk and goes to the shredder. Not a loss -- it travels the other road [RAWCLIC_BEV_Motor_Recycling_TC_V1.xlsx, TC_2030/2060_Disassembly_Route]",2045
F_captured,Layer 1,BEV,F_shredded,Layer 2,steel,0.05,0.015,0.11499999999999999,motor_removal,dismantling,"step 2, the other side: NOT removed, so it stays in the hulk and goes to the shredder. Not a loss -- it travels the other road [RAWCLIC_BEV_Motor_Recycling_TC_V1.xlsx, TC_2030/2060_Disassembly_Route]",2045
F_removed,Layer 1,BEV,F_magnet_rotor_dis,Layer 2,magnet,0.9099999999999999,0.8400000000000001,0.965,magnet_extraction,disassembly,"step 3: dehousing, demagnetisation, stream separation [RAWCLIC_BEV_Motor_Recycling_TC_V1.xlsx, TC_2030/2060_Disassembly_Route]",2045
F_removed,Layer 1,BEV,F_loss_preprocessing_dis,Layer 2,magnet,0.09,0.035,0.16,magnet_extraction,disassembly,"not separated at pre-processing [RAWCLIC_BEV_Motor_Recycling_TC_V1.xlsx, TC_2030/2060_Disassembly_Route]",2045
F_removed,Layer 1,BEV,F_cu_stream_dis,Layer 2,copper,0.96,0.915,0.985,winding_separation,disassembly,"step 3: dehousing, demagnetisation, stream separation [RAWCLIC_BEV_Motor_Recycling_TC_V1.xlsx, TC_2030/2060_Disassembly_Route]",2045
F_removed,Layer 1,BEV,F_loss_preprocessing_dis,Layer 2,copper,0.04,0.015,0.085,winding_separation,disassembly,"not separated at pre-processing [RAWCLIC_BEV_Motor_Recycling_TC_V1.xlsx, TC_2030/2060_Disassembly_Route]",2045
F_removed,Layer 1,BEV,F_al_stream_dis,Layer 2,aluminium,0.97,0.935,0.99,housing_recovery,disassembly,"step 3: dehousing, demagnetisation, stream separation [RAWCLIC_BEV_Motor_Recycling_TC_V1.xlsx, TC_2030/2060_Disassembly_Route]",2045
F_removed,Layer 1,BEV,F_loss_preprocessing_dis,Layer 2,aluminium,0.03,0.01,0.065,housing_recovery,disassembly,"not separated at pre-processing [RAWCLIC_BEV_Motor_Recycling_TC_V1.xlsx, TC_2030/2060_Disassembly_Route]",2045
F_removed,Layer 1,BEV,F_steel_stream_dis,Layer 2,lamination,0.935,0.875,0.975,lamination_recovery,disassembly,"step 3: dehousing, demagnetisation, stream separation [RAWCLIC_BEV_Motor_Recycling_TC_V1.xlsx, TC_2030/2060_Disassembly_Route]",2045
F_removed,Layer 1,BEV,F_loss_preprocessing_dis,Layer 2,lamination,0.065,0.025,0.125,lamination_recovery,disassembly,"not separated at pre-processing [RAWCLIC_BEV_Motor_Recycling_TC_V1.xlsx, TC_2030/2060_Disassembly_Route]",2045
F_removed,Layer 1,BEV,F_steel_stream_dis,Layer 2,steel,0.935,0.875,0.975,lamination_recovery,disassembly,"step 3: dehousing, demagnetisation, stream separation [RAWCLIC_BEV_Motor_Recycling_TC_V1.xlsx, TC_2030/2060_Disassembly_Route]",2045
F_removed,Layer 1,BEV,F_loss_preprocessing_dis,Layer 2,steel,0.065,0.025,0.125,lamination_recovery,disassembly,"not separated at pre-processing [RAWCLIC_BEV_Motor_Recycling_TC_V1.xlsx, TC_2030/2060_Disassembly_Route]",2045
F_magnet_rotor_dis,Layer 1,BEV,F_magnet_feed_dis,Layer 2,magnet,0.8229,0.6852,0.92635,magnet_extraction,disassembly,"steps 4a-5: extraction x decoat and mill [RAWCLIC_BEV_Motor_Recycling_TC_V1.xlsx, TC_2030/2060_Disassembly_Route]",2045
F_magnet_rotor_dis,Layer 1,BEV,F_loss_extraction_dis,Layer 2,magnet,0.1771,0.07365,0.3148,magnet_extraction,disassembly,"magnet not liberated [RAWCLIC_BEV_Motor_Recycling_TC_V1.xlsx, TC_2030/2060_Disassembly_Route]",2045
F_magnet_feed_dis,Layer 2,magnet,F_nd_dis,Layer 4,Nd,0.853386,0.7216199999999999,0.9509434999999999,ree_recovery,hydrometallurgical,"steps 6b-8: leach x solvent extraction x oxide/metal [RAWCLIC_BEV_Motor_Recycling_TC_V1.xlsx, TC_2030/2060_Disassembly_Route]",2045
F_magnet_feed_dis,Layer 2,magnet,F_loss_ree_dis,Layer 4,Nd,0.14661400000000002,0.0490565,0.27837999999999996,ree_recovery,hydrometallurgical,"lost in the long loop [RAWCLIC_BEV_Motor_Recycling_TC_V1.xlsx, TC_2030/2060_Disassembly_Route]",2045
F_magnet_feed_dis,Layer 2,magnet,F_pr_dis,Layer 4,Pr,0.82213,0.6894899999999999,0.936537,ree_recovery,hydrometallurgical,"steps 6b-8: leach x solvent extraction x oxide/metal [RAWCLIC_BEV_Motor_Recycling_TC_V1.xlsx, TC_2030/2060_Disassembly_Route]",2045
F_magnet_feed_dis,Layer 2,magnet,F_loss_ree_dis,Layer 4,Pr,0.17787,0.063463,0.31051,ree_recovery,hydrometallurgical,"lost in the long loop [RAWCLIC_BEV_Motor_Recycling_TC_V1.xlsx, TC_2030/2060_Disassembly_Route]",2045
F_magnet_feed_dis,Layer 2,magnet,F_dy_dis,Layer 4,Dy,0.8088774999999999,0.66591,0.9220820000000001,ree_recovery,hydrometallurgical,"steps 6b-8: leach x solvent extraction x oxide/metal [RAWCLIC_BEV_Motor_Recycling_TC_V1.xlsx, TC_2030/2060_Disassembly_Route]",2045
F_magnet_feed_dis,Layer 2,magnet,F_loss_ree_dis,Layer 4,Dy,0.1911225,0.077918,0.33409,ree_recovery,hydrometallurgical,"lost in the long loop [RAWCLIC_BEV_Motor_Recycling_TC_V1.xlsx, TC_2030/2060_Disassembly_Route]",2045
F_magnet_feed_dis,Layer 2,magnet,F_tb_dis,Layer 4,Tb,0.782993,0.6350579999999999,0.912723,ree_recovery,hydrometallurgical,"steps 6b-8: leach x solvent extraction x oxide/metal [RAWCLIC_BEV_Motor_Recycling_TC_V1.xlsx, TC_2030/2060_Disassembly_Route]",2045
F_magnet_feed_dis,Layer 2,magnet,F_loss_ree_dis,Layer 4,Tb,0.217007,0.087277,0.364942,ree_recovery,hydrometallurgical,"lost in the long loop [RAWCLIC_BEV_Motor_Recycling_TC_V1.xlsx, TC_2030/2060_Disassembly_Route]",2045
F_magnet_feed_dis,Layer 2,magnet,F_loss_ree_dis,Layer 4,rest,1.0,1.0,1.0,ree_recovery,hydrometallurgical,"Fe, B, Co and the rest of the magnet: not a recovery target here [RAWCLIC_BEV_Motor_Recycling_TC_V1.xlsx, TC_2030/2060_Disassembly_Route]",2045
F_cu_stream_dis,Layer 2,copper,F_cu_recovered_dis,Layer 3,copper,0.9199999999999999,0.85,0.97,cu_recovery,metallurgical,"step 9: winding separation and refining [RAWCLIC_BEV_Motor_Recycling_TC_V1.xlsx, TC_2030/2060_Disassembly_Route]",2045
F_cu_stream_dis,Layer 2,copper,F_loss_metals_dis,Layer 3,copper,0.08,0.03,0.15,cu_recovery,metallurgical,"lost in separation and melting [RAWCLIC_BEV_Motor_Recycling_TC_V1.xlsx, TC_2030/2060_Disassembly_Route]",2045
F_al_stream_dis,Layer 2,aluminium,F_al_recovered_dis,Layer 3,aluminium,0.9450000000000001,0.9,0.98,al_recovery,metallurgical,"step 10: housing to secondary aluminium [RAWCLIC_BEV_Motor_Recycling_TC_V1.xlsx, TC_2030/2060_Disassembly_Route]",2045
F_al_stream_dis,Layer 2,aluminium,F_loss_metals_dis,Layer 3,aluminium,0.05500000000000001,0.02,0.1,al_recovery,metallurgical,"lost in separation and melting [RAWCLIC_BEV_Motor_Recycling_TC_V1.xlsx, TC_2030/2060_Disassembly_Route]",2045
F_steel_stream_dis,Layer 2,lamination,F_steel_recovered_dis,Layer 3,lamination,0.9,0.825,0.96,steel_recovery,metallurgical,"step 11: laminations to ferrous scrap [RAWCLIC_BEV_Motor_Recycling_TC_V1.xlsx, TC_2030/2060_Disassembly_Route]",2045
F_steel_stream_dis,Layer 2,lamination,F_loss_metals_dis,Layer 3,lamination,0.1,0.04,0.175,steel_recovery,metallurgical,"lost in separation and melting [RAWCLIC_BEV_Motor_Recycling_TC_V1.xlsx, TC_2030/2060_Disassembly_Route]",2045
F_steel_stream_dis,Layer 2,steel,F_steel_recovered_dis,Layer 3,steel,0.9,0.825,0.96,steel_recovery,metallurgical,"step 11: shaft and gearbox steel to ferrous scrap [RAWCLIC_BEV_Motor_Recycling_TC_V1.xlsx, TC_2030/2060_Disassembly_Route]",2045
F_steel_stream_dis,Layer 2,steel,F_loss_metals_dis,Layer 3,steel,0.1,0.04,0.175,steel_recovery,metallurgical,"lost in separation and melting [RAWCLIC_BEV_Motor_Recycling_TC_V1.xlsx, TC_2030/2060_Disassembly_Route]",2045
F_shredded,Layer 1,BEV,F_ndfeb_stream_shr,Layer 2,magnet,0.98,0.95,1.0,shredder_feed,shredder,"step 2, shredder route: motor to shredder feed, then sorted, in 2030 [RAWCLIC_BEV_Motor_Recycling_TC_V1.xlsx, TC_2030/2060_Shredder_Route]",2045
F_shredded,Layer 1,BEV,F_loss_unfed_shr,Layer 2,magnet,0.02,0.0,0.05,shredder_feed,shredder,"not fed to the shredder [RAWCLIC_BEV_Motor_Recycling_TC_V1.xlsx, TC_2030/2060_Shredder_Route]",2045
F_shredded,Layer 1,BEV,F_cu_stream_shr,Layer 2,copper,0.98,0.95,1.0,shredder_feed,shredder,"step 2, shredder route: motor to shredder feed, then sorted, in 2030 [RAWCLIC_BEV_Motor_Recycling_TC_V1.xlsx, TC_2030/2060_Shredder_Route]",2045
F_shredded,Layer 1,BEV,F_loss_unfed_shr,Layer 2,copper,0.02,0.0,0.05,shredder_feed,shredder,"not fed to the shredder [RAWCLIC_BEV_Motor_Recycling_TC_V1.xlsx, TC_2030/2060_Shredder_Route]",2045
F_shredded,Layer 1,BEV,F_al_stream_shr,Layer 2,aluminium,0.98,0.95,1.0,shredder_feed,shredder,"step 2, shredder route: motor to shredder feed, then sorted, in 2030 [RAWCLIC_BEV_Motor_Recycling_TC_V1.xlsx, TC_2030/2060_Shredder_Route]",2045
F_shredded,Layer 1,BEV,F_loss_unfed_shr,Layer 2,aluminium,0.02,0.0,0.05,shredder_feed,shredder,"not fed to the shredder [RAWCLIC_BEV_Motor_Recycling_TC_V1.xlsx, TC_2030/2060_Shredder_Route]",2045
F_shredded,Layer 1,BEV,F_steel_stream_shr,Layer 2,lamination,0.98,0.95,1.0,shredder_feed,shredder,"step 2, shredder route: motor to shredder feed, then sorted, in 2030 [RAWCLIC_BEV_Motor_Recycling_TC_V1.xlsx, TC_2030/2060_Shredder_Route]",2045
F_shredded,Layer 1,BEV,F_loss_unfed_shr,Layer 2,lamination,0.02,0.0,0.05,shredder_feed,shredder,"not fed to the shredder [RAWCLIC_BEV_Motor_Recycling_TC_V1.xlsx, TC_2030/2060_Shredder_Route]",2045
F_shredded,Layer 1,BEV,F_steel_stream_shr,Layer 2,steel,0.98,0.95,1.0,shredder_feed,shredder,"step 2, shredder route: motor to shredder feed, then sorted, in 2030 [RAWCLIC_BEV_Motor_Recycling_TC_V1.xlsx, TC_2030/2060_Shredder_Route]",2045
F_shredded,Layer 1,BEV,F_loss_unfed_shr,Layer 2,steel,0.02,0.0,0.05,shredder_feed,shredder,"not fed to the shredder [RAWCLIC_BEV_Motor_Recycling_TC_V1.xlsx, TC_2030/2060_Shredder_Route]",2045
F_ndfeb_stream_shr,Layer 2,magnet,F_nd_shr,Layer 4,Nd,0.15999999999999998,0.075,0.275,ree_recovery,shredder,"step 3: NdFeB to recovered rare earth, end to end [RAWCLIC_BEV_Motor_Recycling_TC_V1.xlsx, TC_2030/2060_Shredder_Route]",2045
F_ndfeb_stream_shr,Layer 2,magnet,F_ree_in_steel_shr,Layer 4,Nd,0.3325,0.17,0.525,steel_melt,shredder,"step 3-4: to the ferrous fraction and into the steel melt. The rare earth reports to slag and is LOST as rare earth -- step 4's 0.01 recoverable is not taken [RAWCLIC_BEV_Motor_Recycling_TC_V1.xlsx, TC_2030/2060_Shredder_Route]",2045
F_ndfeb_stream_shr,Layer 2,magnet,F_ree_in_nonferrous_shr,Layer 4,Nd,0.14250000000000002,0.08,0.20500000000000002,nonferrous_sorting,shredder,"step 3: fragments carried into the non-ferrous concentrate [RAWCLIC_BEV_Motor_Recycling_TC_V1.xlsx, TC_2030/2060_Shredder_Route]",2045
F_ndfeb_stream_shr,Layer 2,magnet,F_ree_in_asr_shr,Layer 4,Nd,0.325,0.22499999999999998,0.45,shredder_residue,shredder,"step 3: fines into automotive shredder residue [RAWCLIC_BEV_Motor_Recycling_TC_V1.xlsx, TC_2030/2060_Shredder_Route]",2045
F_ndfeb_stream_shr,Layer 2,magnet,F_loss_shredding_shr,Layer 4,Nd,0.04,0.0,0.45,ree_recovery,shredder,"the fates the sheet does not assign [RAWCLIC_BEV_Motor_Recycling_TC_V1.xlsx, TC_2030/2060_Shredder_Route]",2045
F_ndfeb_stream_shr,Layer 2,magnet,F_pr_shr,Layer 4,Pr,0.15999999999999998,0.075,0.275,ree_recovery,shredder,"step 3: NdFeB to recovered rare earth, end to end [RAWCLIC_BEV_Motor_Recycling_TC_V1.xlsx, TC_2030/2060_Shredder_Route]",2045
F_ndfeb_stream_shr,Layer 2,magnet,F_ree_in_steel_shr,Layer 4,Pr,0.3325,0.17,0.525,steel_melt,shredder,"step 3-4: to the ferrous fraction and into the steel melt. The rare earth reports to slag and is LOST as rare earth -- step 4's 0.01 recoverable is not taken [RAWCLIC_BEV_Motor_Recycling_TC_V1.xlsx, TC_2030/2060_Shredder_Route]",2045
F_ndfeb_stream_shr,Layer 2,magnet,F_ree_in_nonferrous_shr,Layer 4,Pr,0.14250000000000002,0.08,0.20500000000000002,nonferrous_sorting,shredder,"step 3: fragments carried into the non-ferrous concentrate [RAWCLIC_BEV_Motor_Recycling_TC_V1.xlsx, TC_2030/2060_Shredder_Route]",2045
F_ndfeb_stream_shr,Layer 2,magnet,F_ree_in_asr_shr,Layer 4,Pr,0.325,0.22499999999999998,0.45,shredder_residue,shredder,"step 3: fines into automotive shredder residue [RAWCLIC_BEV_Motor_Recycling_TC_V1.xlsx, TC_2030/2060_Shredder_Route]",2045
F_ndfeb_stream_shr,Layer 2,magnet,F_loss_shredding_shr,Layer 4,Pr,0.04,0.0,0.45,ree_recovery,shredder,"the fates the sheet does not assign [RAWCLIC_BEV_Motor_Recycling_TC_V1.xlsx, TC_2030/2060_Shredder_Route]",2045
F_ndfeb_stream_shr,Layer 2,magnet,F_dy_shr,Layer 4,Dy,0.15999999999999998,0.075,0.275,ree_recovery,shredder,"step 3: NdFeB to recovered rare earth, end to end [RAWCLIC_BEV_Motor_Recycling_TC_V1.xlsx, TC_2030/2060_Shredder_Route]",2045
F_ndfeb_stream_shr,Layer 2,magnet,F_ree_in_steel_shr,Layer 4,Dy,0.3325,0.17,0.525,steel_melt,shredder,"step 3-4: to the ferrous fraction and into the steel melt. The rare earth reports to slag and is LOST as rare earth -- step 4's 0.01 recoverable is not taken [RAWCLIC_BEV_Motor_Recycling_TC_V1.xlsx, TC_2030/2060_Shredder_Route]",2045
F_ndfeb_stream_shr,Layer 2,magnet,F_ree_in_nonferrous_shr,Layer 4,Dy,0.14250000000000002,0.08,0.20500000000000002,nonferrous_sorting,shredder,"step 3: fragments carried into the non-ferrous concentrate [RAWCLIC_BEV_Motor_Recycling_TC_V1.xlsx, TC_2030/2060_Shredder_Route]",2045
F_ndfeb_stream_shr,Layer 2,magnet,F_ree_in_asr_shr,Layer 4,Dy,0.325,0.22499999999999998,0.45,shredder_residue,shredder,"step 3: fines into automotive shredder residue [RAWCLIC_BEV_Motor_Recycling_TC_V1.xlsx, TC_2030/2060_Shredder_Route]",2045
F_ndfeb_stream_shr,Layer 2,magnet,F_loss_shredding_shr,Layer 4,Dy,0.04,0.0,0.45,ree_recovery,shredder,"the fates the sheet does not assign [RAWCLIC_BEV_Motor_Recycling_TC_V1.xlsx, TC_2030/2060_Shredder_Route]",2045
F_ndfeb_stream_shr,Layer 2,magnet,F_tb_shr,Layer 4,Tb,0.15999999999999998,0.075,0.275,ree_recovery,shredder,"step 3: NdFeB to recovered rare earth, end to end [RAWCLIC_BEV_Motor_Recycling_TC_V1.xlsx, TC_2030/2060_Shredder_Route]",2045
F_ndfeb_stream_shr,Layer 2,magnet,F_ree_in_steel_shr,Layer 4,Tb,0.3325,0.17,0.525,steel_melt,shredder,"step 3-4: to the ferrous fraction and into the steel melt. The rare earth reports to slag and is LOST as rare earth -- step 4's 0.01 recoverable is not taken [RAWCLIC_BEV_Motor_Recycling_TC_V1.xlsx, TC_2030/2060_Shredder_Route]",2045
F_ndfeb_stream_shr,Layer 2,magnet,F_ree_in_nonferrous_shr,Layer 4,Tb,0.14250000000000002,0.08,0.20500000000000002,nonferrous_sorting,shredder,"step 3: fragments carried into the non-ferrous concentrate [RAWCLIC_BEV_Motor_Recycling_TC_V1.xlsx, TC_2030/2060_Shredder_Route]",2045
F_ndfeb_stream_shr,Layer 2,magnet,F_ree_in_asr_shr,Layer 4,Tb,0.325,0.22499999999999998,0.45,shredder_residue,shredder,"step 3: fines into automotive shredder residue [RAWCLIC_BEV_Motor_Recycling_TC_V1.xlsx, TC_2030/2060_Shredder_Route]",2045
F_ndfeb_stream_shr,Layer 2,magnet,F_loss_shredding_shr,Layer 4,Tb,0.04,0.0,0.45,ree_recovery,shredder,"the fates the sheet does not assign [RAWCLIC_BEV_Motor_Recycling_TC_V1.xlsx, TC_2030/2060_Shredder_Route]",2045
F_ndfeb_stream_shr,Layer 2,magnet,F_loss_shredding_shr,Layer 4,rest,1.0,1.0,1.0,ree_recovery,shredder,"Fe, B, Co and the rest of the magnet: not a recovery target here [RAWCLIC_BEV_Motor_Recycling_TC_V1.xlsx, TC_2030/2060_Shredder_Route]",2045
F_cu_stream_shr,Layer 2,copper,F_cu_recovered_shr,Layer 3,copper,0.775,0.64,0.875,cu_recovery,shredder,"step 3: copper to the non-ferrous fraction [RAWCLIC_BEV_Motor_Recycling_TC_V1.xlsx, TC_2030/2060_Shredder_Route]",2045
F_cu_stream_shr,Layer 2,copper,F_loss_metals_shr,Layer 3,copper,0.225,0.125,0.36,cu_recovery,shredder,"lost to residue, mixing and melt [RAWCLIC_BEV_Motor_Recycling_TC_V1.xlsx, TC_2030/2060_Shredder_Route]",2045
F_al_stream_shr,Layer 2,aluminium,F_al_recovered_shr,Layer 3,aluminium,0.8049999999999999,0.685,0.9,al_recovery,shredder,"step 3: aluminium to the non-ferrous fraction [RAWCLIC_BEV_Motor_Recycling_TC_V1.xlsx, TC_2030/2060_Shredder_Route]",2045
F_al_stream_shr,Layer 2,aluminium,F_loss_metals_shr,Layer 3,aluminium,0.195,0.1,0.315,al_recovery,shredder,"lost to residue, mixing and melt [RAWCLIC_BEV_Motor_Recycling_TC_V1.xlsx, TC_2030/2060_Shredder_Route]",2045
F_steel_stream_shr,Layer 2,lamination,F_steel_recovered_shr,Layer 3,lamination,0.9299999999999999,0.865,0.975,steel_recovery,shredder,"step 3: laminations to the ferrous fraction [RAWCLIC_BEV_Motor_Recycling_TC_V1.xlsx, TC_2030/2060_Shredder_Route]",2045
F_steel_stream_shr,Layer 2,lamination,F_loss_metals_shr,Layer 3,lamination,0.07,0.025,0.135,steel_recovery,shredder,"lost to residue, mixing and melt [RAWCLIC_BEV_Motor_Recycling_TC_V1.xlsx, TC_2030/2060_Shredder_Route]",2045
F_steel_stream_shr,Layer 2,steel,F_steel_recovered_shr,Layer 3,steel,0.9299999999999999,0.865,0.975,steel_recovery,shredder,"step 3: shaft and gearbox steel to ferrous [RAWCLIC_BEV_Motor_Recycling_TC_V1.xlsx, TC_2030/2060_Shredder_Route]",2045
F_steel_stream_shr,Layer 2,steel,F_loss_metals_shr,Layer 3,steel,0.07,0.025,0.135,steel_recovery,shredder,"lost to residue, mixing and melt [RAWCLIC_BEV_Motor_Recycling_TC_V1.xlsx, TC_2030/2060_Shredder_Route]",2045
F_collected,Layer 1,BEV,F_captured,Layer 2,magnet,0.8666666666666667,0.7799999999999999,0.94,collection,dismantling,"step 1: EoL vehicle collection in 2030 [RAWCLIC_BEV_Motor_Recycling_TC_V1.xlsx, TC_2030/2060_Disassembly_Route]",2050
F_collected,Layer 1,BEV,F_captured,Layer 2,copper,0.8666666666666667,0.7799999999999999,0.94,collection,dismantling,"step 1: EoL vehicle collection in 2030 [RAWCLIC_BEV_Motor_Recycling_TC_V1.xlsx, TC_2030/2060_Disassembly_Route]",2050
F_collected,Layer 1,BEV,F_captured,Layer 2,aluminium,0.8666666666666667,0.7799999999999999,0.94,collection,dismantling,"step 1: EoL vehicle collection in 2030 [RAWCLIC_BEV_Motor_Recycling_TC_V1.xlsx, TC_2030/2060_Disassembly_Route]",2050
F_collected,Layer 1,BEV,F_captured,Layer 2,lamination,0.8666666666666667,0.7799999999999999,0.94,collection,dismantling,"step 1: EoL vehicle collection in 2030 [RAWCLIC_BEV_Motor_Recycling_TC_V1.xlsx, TC_2030/2060_Disassembly_Route]",2050
F_collected,Layer 1,BEV,F_captured,Layer 2,steel,0.8666666666666667,0.7799999999999999,0.94,collection,dismantling,"step 1: EoL vehicle collection in 2030 [RAWCLIC_BEV_Motor_Recycling_TC_V1.xlsx, TC_2030/2060_Disassembly_Route]",2050
F_collected,Layer 1,BEV,F_uncollected,Layer 2,magnet,0.13333333333333336,0.060000000000000005,0.22,collection,dismantling,"not collected: never reaches any treatment [RAWCLIC_BEV_Motor_Recycling_TC_V1.xlsx, TC_2030/2060_Disassembly_Route]",2050
F_collected,Layer 1,BEV,F_uncollected,Layer 2,copper,0.13333333333333336,0.060000000000000005,0.22,collection,dismantling,"not collected: never reaches any treatment [RAWCLIC_BEV_Motor_Recycling_TC_V1.xlsx, TC_2030/2060_Disassembly_Route]",2050
F_collected,Layer 1,BEV,F_uncollected,Layer 2,aluminium,0.13333333333333336,0.060000000000000005,0.22,collection,dismantling,"not collected: never reaches any treatment [RAWCLIC_BEV_Motor_Recycling_TC_V1.xlsx, TC_2030/2060_Disassembly_Route]",2050
F_collected,Layer 1,BEV,F_uncollected,Layer 2,lamination,0.13333333333333336,0.060000000000000005,0.22,collection,dismantling,"not collected: never reaches any treatment [RAWCLIC_BEV_Motor_Recycling_TC_V1.xlsx, TC_2030/2060_Disassembly_Route]",2050
F_collected,Layer 1,BEV,F_uncollected,Layer 2,steel,0.13333333333333336,0.060000000000000005,0.22,collection,dismantling,"not collected: never reaches any treatment [RAWCLIC_BEV_Motor_Recycling_TC_V1.xlsx, TC_2030/2060_Disassembly_Route]",2050
F_captured,Layer 1,BEV,F_removed,Layer 2,magnet,0.9566666666666667,0.8966666666666667,0.9866666666666667,motor_removal,dismantling,"step 2: motor removed from the vehicle in 2030. THIS IS THE FORK -- the share of collected motors taken out whole [RAWCLIC_BEV_Motor_Recycling_TC_V1.xlsx, TC_2030/2060_Disassembly_Route]",2050
F_captured,Layer 1,BEV,F_removed,Layer 2,copper,0.9566666666666667,0.8966666666666667,0.9866666666666667,motor_removal,dismantling,"step 2: motor removed from the vehicle in 2030. THIS IS THE FORK -- the share of collected motors taken out whole [RAWCLIC_BEV_Motor_Recycling_TC_V1.xlsx, TC_2030/2060_Disassembly_Route]",2050
F_captured,Layer 1,BEV,F_removed,Layer 2,aluminium,0.9566666666666667,0.8966666666666667,0.9866666666666667,motor_removal,dismantling,"step 2: motor removed from the vehicle in 2030. THIS IS THE FORK -- the share of collected motors taken out whole [RAWCLIC_BEV_Motor_Recycling_TC_V1.xlsx, TC_2030/2060_Disassembly_Route]",2050
F_captured,Layer 1,BEV,F_removed,Layer 2,lamination,0.9566666666666667,0.8966666666666667,0.9866666666666667,motor_removal,dismantling,"step 2: motor removed from the vehicle in 2030. THIS IS THE FORK -- the share of collected motors taken out whole [RAWCLIC_BEV_Motor_Recycling_TC_V1.xlsx, TC_2030/2060_Disassembly_Route]",2050
F_captured,Layer 1,BEV,F_removed,Layer 2,steel,0.9566666666666667,0.8966666666666667,0.9866666666666667,motor_removal,dismantling,"step 2: motor removed from the vehicle in 2030. THIS IS THE FORK -- the share of collected motors taken out whole [RAWCLIC_BEV_Motor_Recycling_TC_V1.xlsx, TC_2030/2060_Disassembly_Route]",2050
F_captured,Layer 1,BEV,F_shredded,Layer 2,magnet,0.043333333333333335,0.013333333333333334,0.10333333333333333,motor_removal,dismantling,"step 2, the other side: NOT removed, so it stays in the hulk and goes to the shredder. Not a loss -- it travels the other road [RAWCLIC_BEV_Motor_Recycling_TC_V1.xlsx, TC_2030/2060_Disassembly_Route]",2050
F_captured,Layer 1,BEV,F_shredded,Layer 2,copper,0.043333333333333335,0.013333333333333334,0.10333333333333333,motor_removal,dismantling,"step 2, the other side: NOT removed, so it stays in the hulk and goes to the shredder. Not a loss -- it travels the other road [RAWCLIC_BEV_Motor_Recycling_TC_V1.xlsx, TC_2030/2060_Disassembly_Route]",2050
F_captured,Layer 1,BEV,F_shredded,Layer 2,aluminium,0.043333333333333335,0.013333333333333334,0.10333333333333333,motor_removal,dismantling,"step 2, the other side: NOT removed, so it stays in the hulk and goes to the shredder. Not a loss -- it travels the other road [RAWCLIC_BEV_Motor_Recycling_TC_V1.xlsx, TC_2030/2060_Disassembly_Route]",2050
F_captured,Layer 1,BEV,F_shredded,Layer 2,lamination,0.043333333333333335,0.013333333333333334,0.10333333333333333,motor_removal,dismantling,"step 2, the other side: NOT removed, so it stays in the hulk and goes to the shredder. Not a loss -- it travels the other road [RAWCLIC_BEV_Motor_Recycling_TC_V1.xlsx, TC_2030/2060_Disassembly_Route]",2050
F_captured,Layer 1,BEV,F_shredded,Layer 2,steel,0.043333333333333335,0.013333333333333334,0.10333333333333333,motor_removal,dismantling,"step 2, the other side: NOT removed, so it stays in the hulk and goes to the shredder. Not a loss -- it travels the other road [RAWCLIC_BEV_Motor_Recycling_TC_V1.xlsx, TC_2030/2060_Disassembly_Route]",2050
F_removed,Layer 1,BEV,F_magnet_rotor_dis,Layer 2,magnet,0.9199999999999999,0.8533333333333334,0.97,magnet_extraction,disassembly,"step 3: dehousing, demagnetisation, stream separation [RAWCLIC_BEV_Motor_Recycling_TC_V1.xlsx, TC_2030/2060_Disassembly_Route]",2050
F_removed,Layer 1,BEV,F_loss_preprocessing_dis,Layer 2,magnet,0.08,0.030000000000000002,0.14666666666666667,magnet_extraction,disassembly,"not separated at pre-processing [RAWCLIC_BEV_Motor_Recycling_TC_V1.xlsx, TC_2030/2060_Disassembly_Route]",2050
F_removed,Layer 1,BEV,F_cu_stream_dis,Layer 2,copper,0.9633333333333333,0.92,0.9866666666666667,winding_separation,disassembly,"step 3: dehousing, demagnetisation, stream separation [RAWCLIC_BEV_Motor_Recycling_TC_V1.xlsx, TC_2030/2060_Disassembly_Route]",2050
F_removed,Layer 1,BEV,F_loss_preprocessing_dis,Layer 2,copper,0.03666666666666667,0.013333333333333334,0.08000000000000002,winding_separation,disassembly,"not separated at pre-processing [RAWCLIC_BEV_Motor_Recycling_TC_V1.xlsx, TC_2030/2060_Disassembly_Route]",2050
F_removed,Layer 1,BEV,F_al_stream_dis,Layer 2,aluminium,0.9733333333333333,0.94,0.99,housing_recovery,disassembly,"step 3: dehousing, demagnetisation, stream separation [RAWCLIC_BEV_Motor_Recycling_TC_V1.xlsx, TC_2030/2060_Disassembly_Route]",2050
F_removed,Layer 1,BEV,F_loss_preprocessing_dis,Layer 2,aluminium,0.02666666666666667,0.01,0.060000000000000005,housing_recovery,disassembly,"not separated at pre-processing [RAWCLIC_BEV_Motor_Recycling_TC_V1.xlsx, TC_2030/2060_Disassembly_Route]",2050
F_removed,Layer 1,BEV,F_steel_stream_dis,Layer 2,lamination,0.94,0.8833333333333333,0.9766666666666667,lamination_recovery,disassembly,"step 3: dehousing, demagnetisation, stream separation [RAWCLIC_BEV_Motor_Recycling_TC_V1.xlsx, TC_2030/2060_Disassembly_Route]",2050
F_removed,Layer 1,BEV,F_loss_preprocessing_dis,Layer 2,lamination,0.060000000000000005,0.023333333333333334,0.11666666666666667,lamination_recovery,disassembly,"not separated at pre-processing [RAWCLIC_BEV_Motor_Recycling_TC_V1.xlsx, TC_2030/2060_Disassembly_Route]",2050
F_removed,Layer 1,BEV,F_steel_stream_dis,Layer 2,steel,0.94,0.8833333333333333,0.9766666666666667,lamination_recovery,disassembly,"step 3: dehousing, demagnetisation, stream separation [RAWCLIC_BEV_Motor_Recycling_TC_V1.xlsx, TC_2030/2060_Disassembly_Route]",2050
F_removed,Layer 1,BEV,F_loss_preprocessing_dis,Layer 2,steel,0.060000000000000005,0.023333333333333334,0.11666666666666667,lamination_recovery,disassembly,"not separated at pre-processing [RAWCLIC_BEV_Motor_Recycling_TC_V1.xlsx, TC_2030/2060_Disassembly_Route]",2050
F_magnet_rotor_dis,Layer 1,BEV,F_magnet_feed_dis,Layer 2,magnet,0.843,0.7082666666666666,0.9376666666666666,magnet_extraction,disassembly,"steps 4a-5: extraction x decoat and mill [RAWCLIC_BEV_Motor_Recycling_TC_V1.xlsx, TC_2030/2060_Disassembly_Route]",2050
F_magnet_rotor_dis,Layer 1,BEV,F_loss_extraction_dis,Layer 2,magnet,0.157,0.06233333333333334,0.29173333333333334,magnet_extraction,disassembly,"magnet not liberated [RAWCLIC_BEV_Motor_Recycling_TC_V1.xlsx, TC_2030/2060_Disassembly_Route]",2050
F_magnet_feed_dis,Layer 2,magnet,F_nd_dis,Layer 4,Nd,0.866908,0.73776,0.9573953333333334,ree_recovery,hydrometallurgical,"steps 6b-8: leach x solvent extraction x oxide/metal [RAWCLIC_BEV_Motor_Recycling_TC_V1.xlsx, TC_2030/2060_Disassembly_Route]",2050
F_magnet_feed_dis,Layer 2,magnet,F_loss_ree_dis,Layer 4,Nd,0.13309200000000002,0.04260466666666667,0.26224000000000003,ree_recovery,hydrometallurgical,"lost in the long loop [RAWCLIC_BEV_Motor_Recycling_TC_V1.xlsx, TC_2030/2060_Disassembly_Route]",2050
F_magnet_feed_dis,Layer 2,magnet,F_pr_dis,Layer 4,Pr,0.8368233333333334,0.70518,0.944524,ree_recovery,hydrometallurgical,"steps 6b-8: leach x solvent extraction x oxide/metal [RAWCLIC_BEV_Motor_Recycling_TC_V1.xlsx, TC_2030/2060_Disassembly_Route]",2050
F_magnet_feed_dis,Layer 2,magnet,F_loss_ree_dis,Layer 4,Pr,0.16317666666666666,0.055476000000000004,0.29482,ree_recovery,hydrometallurgical,"lost in the long loop [RAWCLIC_BEV_Motor_Recycling_TC_V1.xlsx, TC_2030/2060_Disassembly_Route]",2050
F_magnet_feed_dis,Layer 2,magnet,F_dy_dis,Layer 4,Dy,0.8249166666666666,0.68388,0.9284193333333334,ree_recovery,hydrometallurgical,"steps 6b-8: leach x solvent extraction x oxide/metal [RAWCLIC_BEV_Motor_Recycling_TC_V1.xlsx, TC_2030/2060_Disassembly_Route]",2050
F_magnet_feed_dis,Layer 2,magnet,F_loss_ree_dis,Layer 4,Dy,0.17508333333333334,0.07158066666666667,0.31612,ree_recovery,hydrometallurgical,"lost in the long loop [RAWCLIC_BEV_Motor_Recycling_TC_V1.xlsx, TC_2030/2060_Disassembly_Route]",2050
F_magnet_feed_dis,Layer 2,magnet,F_tb_dis,Layer 4,Tb,0.801614,0.652524,0.92218,ree_recovery,hydrometallurgical,"steps 6b-8: leach x solvent extraction x oxide/metal [RAWCLIC_BEV_Motor_Recycling_TC_V1.xlsx, TC_2030/2060_Disassembly_Route]",2050
F_magnet_feed_dis,Layer 2,magnet,F_loss_ree_dis,Layer 4,Tb,0.198386,0.07782,0.347476,ree_recovery,hydrometallurgical,"lost in the long loop [RAWCLIC_BEV_Motor_Recycling_TC_V1.xlsx, TC_2030/2060_Disassembly_Route]",2050
F_magnet_feed_dis,Layer 2,magnet,F_loss_ree_dis,Layer 4,rest,1.0,1.0,1.0,ree_recovery,hydrometallurgical,"Fe, B, Co and the rest of the magnet: not a recovery target here [RAWCLIC_BEV_Motor_Recycling_TC_V1.xlsx, TC_2030/2060_Disassembly_Route]",2050
F_cu_stream_dis,Layer 2,copper,F_cu_recovered_dis,Layer 3,copper,0.9266666666666666,0.86,0.9733333333333333,cu_recovery,metallurgical,"step 9: winding separation and refining [RAWCLIC_BEV_Motor_Recycling_TC_V1.xlsx, TC_2030/2060_Disassembly_Route]",2050
F_cu_stream_dis,Layer 2,copper,F_loss_metals_dis,Layer 3,copper,0.07333333333333333,0.02666666666666667,0.14,cu_recovery,metallurgical,"lost in separation and melting [RAWCLIC_BEV_Motor_Recycling_TC_V1.xlsx, TC_2030/2060_Disassembly_Route]",2050
F_al_stream_dis,Layer 2,aluminium,F_al_recovered_dis,Layer 3,aluminium,0.95,0.9066666666666667,0.9833333333333333,al_recovery,metallurgical,"step 10: housing to secondary aluminium [RAWCLIC_BEV_Motor_Recycling_TC_V1.xlsx, TC_2030/2060_Disassembly_Route]",2050
F_al_stream_dis,Layer 2,aluminium,F_loss_metals_dis,Layer 3,aluminium,0.05,0.01666666666666667,0.09333333333333334,al_recovery,metallurgical,"lost in separation and melting [RAWCLIC_BEV_Motor_Recycling_TC_V1.xlsx, TC_2030/2060_Disassembly_Route]",2050
F_steel_stream_dis,Layer 2,lamination,F_steel_recovered_dis,Layer 3,lamination,0.9066666666666667,0.8333333333333334,0.9633333333333333,steel_recovery,metallurgical,"step 11: laminations to ferrous scrap [RAWCLIC_BEV_Motor_Recycling_TC_V1.xlsx, TC_2030/2060_Disassembly_Route]",2050
F_steel_stream_dis,Layer 2,lamination,F_loss_metals_dis,Layer 3,lamination,0.09333333333333334,0.03666666666666667,0.16666666666666669,steel_recovery,metallurgical,"lost in separation and melting [RAWCLIC_BEV_Motor_Recycling_TC_V1.xlsx, TC_2030/2060_Disassembly_Route]",2050
F_steel_stream_dis,Layer 2,steel,F_steel_recovered_dis,Layer 3,steel,0.9066666666666667,0.8333333333333334,0.9633333333333333,steel_recovery,metallurgical,"step 11: shaft and gearbox steel to ferrous scrap [RAWCLIC_BEV_Motor_Recycling_TC_V1.xlsx, TC_2030/2060_Disassembly_Route]",2050
F_steel_stream_dis,Layer 2,steel,F_loss_metals_dis,Layer 3,steel,0.09333333333333334,0.03666666666666667,0.16666666666666669,steel_recovery,metallurgical,"lost in separation and melting [RAWCLIC_BEV_Motor_Recycling_TC_V1.xlsx, TC_2030/2060_Disassembly_Route]",2050
F_shredded,Layer 1,BEV,F_ndfeb_stream_shr,Layer 2,magnet,0.98,0.95,1.0,shredder_feed,shredder,"step 2, shredder route: motor to shredder feed, then sorted, in 2030 [RAWCLIC_BEV_Motor_Recycling_TC_V1.xlsx, TC_2030/2060_Shredder_Route]",2050
F_shredded,Layer 1,BEV,F_loss_unfed_shr,Layer 2,magnet,0.02,0.0,0.05,shredder_feed,shredder,"not fed to the shredder [RAWCLIC_BEV_Motor_Recycling_TC_V1.xlsx, TC_2030/2060_Shredder_Route]",2050
F_shredded,Layer 1,BEV,F_cu_stream_shr,Layer 2,copper,0.98,0.95,1.0,shredder_feed,shredder,"step 2, shredder route: motor to shredder feed, then sorted, in 2030 [RAWCLIC_BEV_Motor_Recycling_TC_V1.xlsx, TC_2030/2060_Shredder_Route]",2050
F_shredded,Layer 1,BEV,F_loss_unfed_shr,Layer 2,copper,0.02,0.0,0.05,shredder_feed,shredder,"not fed to the shredder [RAWCLIC_BEV_Motor_Recycling_TC_V1.xlsx, TC_2030/2060_Shredder_Route]",2050
F_shredded,Layer 1,BEV,F_al_stream_shr,Layer 2,aluminium,0.98,0.95,1.0,shredder_feed,shredder,"step 2, shredder route: motor to shredder feed, then sorted, in 2030 [RAWCLIC_BEV_Motor_Recycling_TC_V1.xlsx, TC_2030/2060_Shredder_Route]",2050
F_shredded,Layer 1,BEV,F_loss_unfed_shr,Layer 2,aluminium,0.02,0.0,0.05,shredder_feed,shredder,"not fed to the shredder [RAWCLIC_BEV_Motor_Recycling_TC_V1.xlsx, TC_2030/2060_Shredder_Route]",2050
F_shredded,Layer 1,BEV,F_steel_stream_shr,Layer 2,lamination,0.98,0.95,1.0,shredder_feed,shredder,"step 2, shredder route: motor to shredder feed, then sorted, in 2030 [RAWCLIC_BEV_Motor_Recycling_TC_V1.xlsx, TC_2030/2060_Shredder_Route]",2050
F_shredded,Layer 1,BEV,F_loss_unfed_shr,Layer 2,lamination,0.02,0.0,0.05,shredder_feed,shredder,"not fed to the shredder [RAWCLIC_BEV_Motor_Recycling_TC_V1.xlsx, TC_2030/2060_Shredder_Route]",2050
F_shredded,Layer 1,BEV,F_steel_stream_shr,Layer 2,steel,0.98,0.95,1.0,shredder_feed,shredder,"step 2, shredder route: motor to shredder feed, then sorted, in 2030 [RAWCLIC_BEV_Motor_Recycling_TC_V1.xlsx, TC_2030/2060_Shredder_Route]",2050
F_shredded,Layer 1,BEV,F_loss_unfed_shr,Layer 2,steel,0.02,0.0,0.05,shredder_feed,shredder,"not fed to the shredder [RAWCLIC_BEV_Motor_Recycling_TC_V1.xlsx, TC_2030/2060_Shredder_Route]",2050
F_ndfeb_stream_shr,Layer 2,magnet,F_nd_shr,Layer 4,Nd,0.20666666666666664,0.09999999999999999,0.35,ree_recovery,shredder,"step 3: NdFeB to recovered rare earth, end to end [RAWCLIC_BEV_Motor_Recycling_TC_V1.xlsx, TC_2030/2060_Shredder_Route]",2050
F_ndfeb_stream_shr,Layer 2,magnet,F_ree_in_steel_shr,Layer 4,Nd,0.32666666666666666,0.16000000000000003,0.5166666666666667,steel_melt,shredder,"step 3-4: to the ferrous fraction and into the steel melt. The rare earth reports to slag and is LOST as rare earth -- step 4's 0.01 recoverable is not taken [RAWCLIC_BEV_Motor_Recycling_TC_V1.xlsx, TC_2030/2060_Shredder_Route]",2050
F_ndfeb_stream_shr,Layer 2,magnet,F_ree_in_nonferrous_shr,Layer 4,Nd,0.14,0.07333333333333333,0.20666666666666667,nonferrous_sorting,shredder,"step 3: fragments carried into the non-ferrous concentrate [RAWCLIC_BEV_Motor_Recycling_TC_V1.xlsx, TC_2030/2060_Shredder_Route]",2050
F_ndfeb_stream_shr,Layer 2,magnet,F_ree_in_asr_shr,Layer 4,Nd,0.30000000000000004,0.2,0.43333333333333335,shredder_residue,shredder,"step 3: fines into automotive shredder residue [RAWCLIC_BEV_Motor_Recycling_TC_V1.xlsx, TC_2030/2060_Shredder_Route]",2050
F_ndfeb_stream_shr,Layer 2,magnet,F_loss_shredding_shr,Layer 4,Nd,0.026666666666666672,0.0,0.4666666666666667,ree_recovery,shredder,"the fates the sheet does not assign [RAWCLIC_BEV_Motor_Recycling_TC_V1.xlsx, TC_2030/2060_Shredder_Route]",2050
F_ndfeb_stream_shr,Layer 2,magnet,F_pr_shr,Layer 4,Pr,0.20666666666666664,0.09999999999999999,0.35,ree_recovery,shredder,"step 3: NdFeB to recovered rare earth, end to end [RAWCLIC_BEV_Motor_Recycling_TC_V1.xlsx, TC_2030/2060_Shredder_Route]",2050
F_ndfeb_stream_shr,Layer 2,magnet,F_ree_in_steel_shr,Layer 4,Pr,0.32666666666666666,0.16000000000000003,0.5166666666666667,steel_melt,shredder,"step 3-4: to the ferrous fraction and into the steel melt. The rare earth reports to slag and is LOST as rare earth -- step 4's 0.01 recoverable is not taken [RAWCLIC_BEV_Motor_Recycling_TC_V1.xlsx, TC_2030/2060_Shredder_Route]",2050
F_ndfeb_stream_shr,Layer 2,magnet,F_ree_in_nonferrous_shr,Layer 4,Pr,0.14,0.07333333333333333,0.20666666666666667,nonferrous_sorting,shredder,"step 3: fragments carried into the non-ferrous concentrate [RAWCLIC_BEV_Motor_Recycling_TC_V1.xlsx, TC_2030/2060_Shredder_Route]",2050
F_ndfeb_stream_shr,Layer 2,magnet,F_ree_in_asr_shr,Layer 4,Pr,0.30000000000000004,0.2,0.43333333333333335,shredder_residue,shredder,"step 3: fines into automotive shredder residue [RAWCLIC_BEV_Motor_Recycling_TC_V1.xlsx, TC_2030/2060_Shredder_Route]",2050
F_ndfeb_stream_shr,Layer 2,magnet,F_loss_shredding_shr,Layer 4,Pr,0.026666666666666672,0.0,0.4666666666666667,ree_recovery,shredder,"the fates the sheet does not assign [RAWCLIC_BEV_Motor_Recycling_TC_V1.xlsx, TC_2030/2060_Shredder_Route]",2050
F_ndfeb_stream_shr,Layer 2,magnet,F_dy_shr,Layer 4,Dy,0.20666666666666664,0.09999999999999999,0.35,ree_recovery,shredder,"step 3: NdFeB to recovered rare earth, end to end [RAWCLIC_BEV_Motor_Recycling_TC_V1.xlsx, TC_2030/2060_Shredder_Route]",2050
F_ndfeb_stream_shr,Layer 2,magnet,F_ree_in_steel_shr,Layer 4,Dy,0.32666666666666666,0.16000000000000003,0.5166666666666667,steel_melt,shredder,"step 3-4: to the ferrous fraction and into the steel melt. The rare earth reports to slag and is LOST as rare earth -- step 4's 0.01 recoverable is not taken [RAWCLIC_BEV_Motor_Recycling_TC_V1.xlsx, TC_2030/2060_Shredder_Route]",2050
F_ndfeb_stream_shr,Layer 2,magnet,F_ree_in_nonferrous_shr,Layer 4,Dy,0.14,0.07333333333333333,0.20666666666666667,nonferrous_sorting,shredder,"step 3: fragments carried into the non-ferrous concentrate [RAWCLIC_BEV_Motor_Recycling_TC_V1.xlsx, TC_2030/2060_Shredder_Route]",2050
F_ndfeb_stream_shr,Layer 2,magnet,F_ree_in_asr_shr,Layer 4,Dy,0.30000000000000004,0.2,0.43333333333333335,shredder_residue,shredder,"step 3: fines into automotive shredder residue [RAWCLIC_BEV_Motor_Recycling_TC_V1.xlsx, TC_2030/2060_Shredder_Route]",2050
F_ndfeb_stream_shr,Layer 2,magnet,F_loss_shredding_shr,Layer 4,Dy,0.026666666666666672,0.0,0.4666666666666667,ree_recovery,shredder,"the fates the sheet does not assign [RAWCLIC_BEV_Motor_Recycling_TC_V1.xlsx, TC_2030/2060_Shredder_Route]",2050
F_ndfeb_stream_shr,Layer 2,magnet,F_tb_shr,Layer 4,Tb,0.20666666666666664,0.09999999999999999,0.35,ree_recovery,shredder,"step 3: NdFeB to recovered rare earth, end to end [RAWCLIC_BEV_Motor_Recycling_TC_V1.xlsx, TC_2030/2060_Shredder_Route]",2050
F_ndfeb_stream_shr,Layer 2,magnet,F_ree_in_steel_shr,Layer 4,Tb,0.32666666666666666,0.16000000000000003,0.5166666666666667,steel_melt,shredder,"step 3-4: to the ferrous fraction and into the steel melt. The rare earth reports to slag and is LOST as rare earth -- step 4's 0.01 recoverable is not taken [RAWCLIC_BEV_Motor_Recycling_TC_V1.xlsx, TC_2030/2060_Shredder_Route]",2050
F_ndfeb_stream_shr,Layer 2,magnet,F_ree_in_nonferrous_shr,Layer 4,Tb,0.14,0.07333333333333333,0.20666666666666667,nonferrous_sorting,shredder,"step 3: fragments carried into the non-ferrous concentrate [RAWCLIC_BEV_Motor_Recycling_TC_V1.xlsx, TC_2030/2060_Shredder_Route]",2050
F_ndfeb_stream_shr,Layer 2,magnet,F_ree_in_asr_shr,Layer 4,Tb,0.30000000000000004,0.2,0.43333333333333335,shredder_residue,shredder,"step 3: fines into automotive shredder residue [RAWCLIC_BEV_Motor_Recycling_TC_V1.xlsx, TC_2030/2060_Shredder_Route]",2050
F_ndfeb_stream_shr,Layer 2,magnet,F_loss_shredding_shr,Layer 4,Tb,0.026666666666666672,0.0,0.4666666666666667,ree_recovery,shredder,"the fates the sheet does not assign [RAWCLIC_BEV_Motor_Recycling_TC_V1.xlsx, TC_2030/2060_Shredder_Route]",2050
F_ndfeb_stream_shr,Layer 2,magnet,F_loss_shredding_shr,Layer 4,rest,1.0,1.0,1.0,ree_recovery,shredder,"Fe, B, Co and the rest of the magnet: not a recovery target here [RAWCLIC_BEV_Motor_Recycling_TC_V1.xlsx, TC_2030/2060_Shredder_Route]",2050
F_cu_stream_shr,Layer 2,copper,F_cu_recovered_shr,Layer 3,copper,0.7833333333333333,0.6533333333333333,0.8833333333333333,cu_recovery,shredder,"step 3: copper to the non-ferrous fraction [RAWCLIC_BEV_Motor_Recycling_TC_V1.xlsx, TC_2030/2060_Shredder_Route]",2050
F_cu_stream_shr,Layer 2,copper,F_loss_metals_shr,Layer 3,copper,0.21666666666666667,0.11666666666666667,0.3466666666666667,cu_recovery,shredder,"lost to residue, mixing and melt [RAWCLIC_BEV_Motor_Recycling_TC_V1.xlsx, TC_2030/2060_Shredder_Route]",2050
F_al_stream_shr,Layer 2,aluminium,F_al_recovered_shr,Layer 3,aluminium,0.8133333333333334,0.6966666666666667,0.9066666666666667,al_recovery,shredder,"step 3: aluminium to the non-ferrous fraction [RAWCLIC_BEV_Motor_Recycling_TC_V1.xlsx, TC_2030/2060_Shredder_Route]",2050
F_al_stream_shr,Layer 2,aluminium,F_loss_metals_shr,Layer 3,aluminium,0.18666666666666668,0.09333333333333334,0.30333333333333334,al_recovery,shredder,"lost to residue, mixing and melt [RAWCLIC_BEV_Motor_Recycling_TC_V1.xlsx, TC_2030/2060_Shredder_Route]",2050
F_steel_stream_shr,Layer 2,lamination,F_steel_recovered_shr,Layer 3,lamination,0.9333333333333333,0.87,0.9766666666666667,steel_recovery,shredder,"step 3: laminations to the ferrous fraction [RAWCLIC_BEV_Motor_Recycling_TC_V1.xlsx, TC_2030/2060_Shredder_Route]",2050
F_steel_stream_shr,Layer 2,lamination,F_loss_metals_shr,Layer 3,lamination,0.06666666666666667,0.023333333333333334,0.13,steel_recovery,shredder,"lost to residue, mixing and melt [RAWCLIC_BEV_Motor_Recycling_TC_V1.xlsx, TC_2030/2060_Shredder_Route]",2050
F_steel_stream_shr,Layer 2,steel,F_steel_recovered_shr,Layer 3,steel,0.9333333333333333,0.87,0.9766666666666667,steel_recovery,shredder,"step 3: shaft and gearbox steel to ferrous [RAWCLIC_BEV_Motor_Recycling_TC_V1.xlsx, TC_2030/2060_Shredder_Route]",2050
F_steel_stream_shr,Layer 2,steel,F_loss_metals_shr,Layer 3,steel,0.06666666666666667,0.023333333333333334,0.13,steel_recovery,shredder,"lost to residue, mixing and melt [RAWCLIC_BEV_Motor_Recycling_TC_V1.xlsx, TC_2030/2060_Shredder_Route]",2050
F_collected,Layer 1,BEV,F_captured,Layer 2,magnet,0.8833333333333333,0.7999999999999999,0.95,collection,dismantling,"step 1: EoL vehicle collection in 2030 [RAWCLIC_BEV_Motor_Recycling_TC_V1.xlsx, TC_2030/2060_Disassembly_Route]",2055
F_collected,Layer 1,BEV,F_captured,Layer 2,copper,0.8833333333333333,0.7999999999999999,0.95,collection,dismantling,"step 1: EoL vehicle collection in 2030 [RAWCLIC_BEV_Motor_Recycling_TC_V1.xlsx, TC_2030/2060_Disassembly_Route]",2055
F_collected,Layer 1,BEV,F_captured,Layer 2,aluminium,0.8833333333333333,0.7999999999999999,0.95,collection,dismantling,"step 1: EoL vehicle collection in 2030 [RAWCLIC_BEV_Motor_Recycling_TC_V1.xlsx, TC_2030/2060_Disassembly_Route]",2055
F_collected,Layer 1,BEV,F_captured,Layer 2,lamination,0.8833333333333333,0.7999999999999999,0.95,collection,dismantling,"step 1: EoL vehicle collection in 2030 [RAWCLIC_BEV_Motor_Recycling_TC_V1.xlsx, TC_2030/2060_Disassembly_Route]",2055
F_collected,Layer 1,BEV,F_captured,Layer 2,steel,0.8833333333333333,0.7999999999999999,0.95,collection,dismantling,"step 1: EoL vehicle collection in 2030 [RAWCLIC_BEV_Motor_Recycling_TC_V1.xlsx, TC_2030/2060_Disassembly_Route]",2055
F_collected,Layer 1,BEV,F_uncollected,Layer 2,magnet,0.11666666666666667,0.05,0.19999999999999998,collection,dismantling,"not collected: never reaches any treatment [RAWCLIC_BEV_Motor_Recycling_TC_V1.xlsx, TC_2030/2060_Disassembly_Route]",2055
F_collected,Layer 1,BEV,F_uncollected,Layer 2,copper,0.11666666666666667,0.05,0.19999999999999998,collection,dismantling,"not collected: never reaches any treatment [RAWCLIC_BEV_Motor_Recycling_TC_V1.xlsx, TC_2030/2060_Disassembly_Route]",2055
F_collected,Layer 1,BEV,F_uncollected,Layer 2,aluminium,0.11666666666666667,0.05,0.19999999999999998,collection,dismantling,"not collected: never reaches any treatment [RAWCLIC_BEV_Motor_Recycling_TC_V1.xlsx, TC_2030/2060_Disassembly_Route]",2055
F_collected,Layer 1,BEV,F_uncollected,Layer 2,lamination,0.11666666666666667,0.05,0.19999999999999998,collection,dismantling,"not collected: never reaches any treatment [RAWCLIC_BEV_Motor_Recycling_TC_V1.xlsx, TC_2030/2060_Disassembly_Route]",2055
F_collected,Layer 1,BEV,F_uncollected,Layer 2,steel,0.11666666666666667,0.05,0.19999999999999998,collection,dismantling,"not collected: never reaches any treatment [RAWCLIC_BEV_Motor_Recycling_TC_V1.xlsx, TC_2030/2060_Disassembly_Route]",2055
F_captured,Layer 1,BEV,F_removed,Layer 2,magnet,0.9633333333333334,0.9083333333333333,0.9883333333333333,motor_removal,dismantling,"step 2: motor removed from the vehicle in 2030. THIS IS THE FORK -- the share of collected motors taken out whole [RAWCLIC_BEV_Motor_Recycling_TC_V1.xlsx, TC_2030/2060_Disassembly_Route]",2055
F_captured,Layer 1,BEV,F_removed,Layer 2,copper,0.9633333333333334,0.9083333333333333,0.9883333333333333,motor_removal,dismantling,"step 2: motor removed from the vehicle in 2030. THIS IS THE FORK -- the share of collected motors taken out whole [RAWCLIC_BEV_Motor_Recycling_TC_V1.xlsx, TC_2030/2060_Disassembly_Route]",2055
F_captured,Layer 1,BEV,F_removed,Layer 2,aluminium,0.9633333333333334,0.9083333333333333,0.9883333333333333,motor_removal,dismantling,"step 2: motor removed from the vehicle in 2030. THIS IS THE FORK -- the share of collected motors taken out whole [RAWCLIC_BEV_Motor_Recycling_TC_V1.xlsx, TC_2030/2060_Disassembly_Route]",2055
F_captured,Layer 1,BEV,F_removed,Layer 2,lamination,0.9633333333333334,0.9083333333333333,0.9883333333333333,motor_removal,dismantling,"step 2: motor removed from the vehicle in 2030. THIS IS THE FORK -- the share of collected motors taken out whole [RAWCLIC_BEV_Motor_Recycling_TC_V1.xlsx, TC_2030/2060_Disassembly_Route]",2055
F_captured,Layer 1,BEV,F_removed,Layer 2,steel,0.9633333333333334,0.9083333333333333,0.9883333333333333,motor_removal,dismantling,"step 2: motor removed from the vehicle in 2030. THIS IS THE FORK -- the share of collected motors taken out whole [RAWCLIC_BEV_Motor_Recycling_TC_V1.xlsx, TC_2030/2060_Disassembly_Route]",2055
F_captured,Layer 1,BEV,F_shredded,Layer 2,magnet,0.03666666666666667,0.011666666666666667,0.09166666666666667,motor_removal,dismantling,"step 2, the other side: NOT removed, so it stays in the hulk and goes to the shredder. Not a loss -- it travels the other road [RAWCLIC_BEV_Motor_Recycling_TC_V1.xlsx, TC_2030/2060_Disassembly_Route]",2055
F_captured,Layer 1,BEV,F_shredded,Layer 2,copper,0.03666666666666667,0.011666666666666667,0.09166666666666667,motor_removal,dismantling,"step 2, the other side: NOT removed, so it stays in the hulk and goes to the shredder. Not a loss -- it travels the other road [RAWCLIC_BEV_Motor_Recycling_TC_V1.xlsx, TC_2030/2060_Disassembly_Route]",2055
F_captured,Layer 1,BEV,F_shredded,Layer 2,aluminium,0.03666666666666667,0.011666666666666667,0.09166666666666667,motor_removal,dismantling,"step 2, the other side: NOT removed, so it stays in the hulk and goes to the shredder. Not a loss -- it travels the other road [RAWCLIC_BEV_Motor_Recycling_TC_V1.xlsx, TC_2030/2060_Disassembly_Route]",2055
F_captured,Layer 1,BEV,F_shredded,Layer 2,lamination,0.03666666666666667,0.011666666666666667,0.09166666666666667,motor_removal,dismantling,"step 2, the other side: NOT removed, so it stays in the hulk and goes to the shredder. Not a loss -- it travels the other road [RAWCLIC_BEV_Motor_Recycling_TC_V1.xlsx, TC_2030/2060_Disassembly_Route]",2055
F_captured,Layer 1,BEV,F_shredded,Layer 2,steel,0.03666666666666667,0.011666666666666667,0.09166666666666667,motor_removal,dismantling,"step 2, the other side: NOT removed, so it stays in the hulk and goes to the shredder. Not a loss -- it travels the other road [RAWCLIC_BEV_Motor_Recycling_TC_V1.xlsx, TC_2030/2060_Disassembly_Route]",2055
F_removed,Layer 1,BEV,F_magnet_rotor_dis,Layer 2,magnet,0.9299999999999999,0.8666666666666667,0.975,magnet_extraction,disassembly,"step 3: dehousing, demagnetisation, stream separation [RAWCLIC_BEV_Motor_Recycling_TC_V1.xlsx, TC_2030/2060_Disassembly_Route]",2055
F_removed,Layer 1,BEV,F_loss_preprocessing_dis,Layer 2,magnet,0.06999999999999999,0.025,0.13333333333333333,magnet_extraction,disassembly,"not separated at pre-processing [RAWCLIC_BEV_Motor_Recycling_TC_V1.xlsx, TC_2030/2060_Disassembly_Route]",2055
F_removed,Layer 1,BEV,F_cu_stream_dis,Layer 2,copper,0.9666666666666667,0.925,0.9883333333333333,winding_separation,disassembly,"step 3: dehousing, demagnetisation, stream separation [RAWCLIC_BEV_Motor_Recycling_TC_V1.xlsx, TC_2030/2060_Disassembly_Route]",2055
F_removed,Layer 1,BEV,F_loss_preprocessing_dis,Layer 2,copper,0.03333333333333333,0.011666666666666667,0.07500000000000001,winding_separation,disassembly,"not separated at pre-processing [RAWCLIC_BEV_Motor_Recycling_TC_V1.xlsx, TC_2030/2060_Disassembly_Route]",2055
F_removed,Layer 1,BEV,F_al_stream_dis,Layer 2,aluminium,0.9766666666666667,0.945,0.99,housing_recovery,disassembly,"step 3: dehousing, demagnetisation, stream separation [RAWCLIC_BEV_Motor_Recycling_TC_V1.xlsx, TC_2030/2060_Disassembly_Route]",2055
F_removed,Layer 1,BEV,F_loss_preprocessing_dis,Layer 2,aluminium,0.023333333333333334,0.01,0.055,housing_recovery,disassembly,"not separated at pre-processing [RAWCLIC_BEV_Motor_Recycling_TC_V1.xlsx, TC_2030/2060_Disassembly_Route]",2055
F_removed,Layer 1,BEV,F_steel_stream_dis,Layer 2,lamination,0.945,0.8916666666666667,0.9783333333333333,lamination_recovery,disassembly,"step 3: dehousing, demagnetisation, stream separation [RAWCLIC_BEV_Motor_Recycling_TC_V1.xlsx, TC_2030/2060_Disassembly_Route]",2055
F_removed,Layer 1,BEV,F_loss_preprocessing_dis,Layer 2,lamination,0.055,0.021666666666666667,0.10833333333333334,lamination_recovery,disassembly,"not separated at pre-processing [RAWCLIC_BEV_Motor_Recycling_TC_V1.xlsx, TC_2030/2060_Disassembly_Route]",2055
F_removed,Layer 1,BEV,F_steel_stream_dis,Layer 2,steel,0.945,0.8916666666666667,0.9783333333333333,lamination_recovery,disassembly,"step 3: dehousing, demagnetisation, stream separation [RAWCLIC_BEV_Motor_Recycling_TC_V1.xlsx, TC_2030/2060_Disassembly_Route]",2055
F_removed,Layer 1,BEV,F_loss_preprocessing_dis,Layer 2,steel,0.055,0.021666666666666667,0.10833333333333334,lamination_recovery,disassembly,"not separated at pre-processing [RAWCLIC_BEV_Motor_Recycling_TC_V1.xlsx, TC_2030/2060_Disassembly_Route]",2055
F_magnet_rotor_dis,Layer 1,BEV,F_magnet_feed_dis,Layer 2,magnet,0.8631,0.7313333333333333,0.9489833333333334,magnet_extraction,disassembly,"steps 4a-5: extraction x decoat and mill [RAWCLIC_BEV_Motor_Recycling_TC_V1.xlsx, TC_2030/2060_Disassembly_Route]",2055
F_magnet_rotor_dis,Layer 1,BEV,F_loss_extraction_dis,Layer 2,magnet,0.1369,0.05101666666666666,0.26866666666666666,magnet_extraction,disassembly,"magnet not liberated [RAWCLIC_BEV_Motor_Recycling_TC_V1.xlsx, TC_2030/2060_Disassembly_Route]",2055
F_magnet_feed_dis,Layer 2,magnet,F_nd_dis,Layer 4,Nd,0.8804299999999999,0.7539,0.9638471666666667,ree_recovery,hydrometallurgical,"steps 6b-8: leach x solvent extraction x oxide/metal [RAWCLIC_BEV_Motor_Recycling_TC_V1.xlsx, TC_2030/2060_Disassembly_Route]",2055
F_magnet_feed_dis,Layer 2,magnet,F_loss_ree_dis,Layer 4,Nd,0.11957,0.036152833333333335,0.24609999999999999,ree_recovery,hydrometallurgical,"lost in the long loop [RAWCLIC_BEV_Motor_Recycling_TC_V1.xlsx, TC_2030/2060_Disassembly_Route]",2055
F_magnet_feed_dis,Layer 2,magnet,F_pr_dis,Layer 4,Pr,0.8515166666666667,0.72087,0.952511,ree_recovery,hydrometallurgical,"steps 6b-8: leach x solvent extraction x oxide/metal [RAWCLIC_BEV_Motor_Recycling_TC_V1.xlsx, TC_2030/2060_Disassembly_Route]",2055
F_magnet_feed_dis,Layer 2,magnet,F_loss_ree_dis,Layer 4,Pr,0.14848333333333333,0.047489,0.27913,ree_recovery,hydrometallurgical,"lost in the long loop [RAWCLIC_BEV_Motor_Recycling_TC_V1.xlsx, TC_2030/2060_Disassembly_Route]",2055
F_magnet_feed_dis,Layer 2,magnet,F_dy_dis,Layer 4,Dy,0.8409558333333333,0.70185,0.9347566666666667,ree_recovery,hydrometallurgical,"steps 6b-8: leach x solvent extraction x oxide/metal [RAWCLIC_BEV_Motor_Recycling_TC_V1.xlsx, TC_2030/2060_Disassembly_Route]",2055
F_magnet_feed_dis,Layer 2,magnet,F_loss_ree_dis,Layer 4,Dy,0.15904416666666665,0.06524333333333333,0.29814999999999997,ree_recovery,hydrometallurgical,"lost in the long loop [RAWCLIC_BEV_Motor_Recycling_TC_V1.xlsx, TC_2030/2060_Disassembly_Route]",2055
F_magnet_feed_dis,Layer 2,magnet,F_tb_dis,Layer 4,Tb,0.820235,0.66999,0.931637,ree_recovery,hydrometallurgical,"steps 6b-8: leach x solvent extraction x oxide/metal [RAWCLIC_BEV_Motor_Recycling_TC_V1.xlsx, TC_2030/2060_Disassembly_Route]",2055
F_magnet_feed_dis,Layer 2,magnet,F_loss_ree_dis,Layer 4,Tb,0.179765,0.06836300000000001,0.33000999999999997,ree_recovery,hydrometallurgical,"lost in the long loop [RAWCLIC_BEV_Motor_Recycling_TC_V1.xlsx, TC_2030/2060_Disassembly_Route]",2055
F_magnet_feed_dis,Layer 2,magnet,F_loss_ree_dis,Layer 4,rest,1.0,1.0,1.0,ree_recovery,hydrometallurgical,"Fe, B, Co and the rest of the magnet: not a recovery target here [RAWCLIC_BEV_Motor_Recycling_TC_V1.xlsx, TC_2030/2060_Disassembly_Route]",2055
F_cu_stream_dis,Layer 2,copper,F_cu_recovered_dis,Layer 3,copper,0.9333333333333333,0.87,0.9766666666666667,cu_recovery,metallurgical,"step 9: winding separation and refining [RAWCLIC_BEV_Motor_Recycling_TC_V1.xlsx, TC_2030/2060_Disassembly_Route]",2055
F_cu_stream_dis,Layer 2,copper,F_loss_metals_dis,Layer 3,copper,0.06666666666666667,0.023333333333333334,0.13,cu_recovery,metallurgical,"lost in separation and melting [RAWCLIC_BEV_Motor_Recycling_TC_V1.xlsx, TC_2030/2060_Disassembly_Route]",2055
F_al_stream_dis,Layer 2,aluminium,F_al_recovered_dis,Layer 3,aluminium,0.955,0.9133333333333333,0.9866666666666667,al_recovery,metallurgical,"step 10: housing to secondary aluminium [RAWCLIC_BEV_Motor_Recycling_TC_V1.xlsx, TC_2030/2060_Disassembly_Route]",2055
F_al_stream_dis,Layer 2,aluminium,F_loss_metals_dis,Layer 3,aluminium,0.045,0.013333333333333332,0.08666666666666667,al_recovery,metallurgical,"lost in separation and melting [RAWCLIC_BEV_Motor_Recycling_TC_V1.xlsx, TC_2030/2060_Disassembly_Route]",2055
F_steel_stream_dis,Layer 2,lamination,F_steel_recovered_dis,Layer 3,lamination,0.9133333333333333,0.8416666666666667,0.9666666666666667,steel_recovery,metallurgical,"step 11: laminations to ferrous scrap [RAWCLIC_BEV_Motor_Recycling_TC_V1.xlsx, TC_2030/2060_Disassembly_Route]",2055
F_steel_stream_dis,Layer 2,lamination,F_loss_metals_dis,Layer 3,lamination,0.08666666666666667,0.03333333333333333,0.15833333333333333,steel_recovery,metallurgical,"lost in separation and melting [RAWCLIC_BEV_Motor_Recycling_TC_V1.xlsx, TC_2030/2060_Disassembly_Route]",2055
F_steel_stream_dis,Layer 2,steel,F_steel_recovered_dis,Layer 3,steel,0.9133333333333333,0.8416666666666667,0.9666666666666667,steel_recovery,metallurgical,"step 11: shaft and gearbox steel to ferrous scrap [RAWCLIC_BEV_Motor_Recycling_TC_V1.xlsx, TC_2030/2060_Disassembly_Route]",2055
F_steel_stream_dis,Layer 2,steel,F_loss_metals_dis,Layer 3,steel,0.08666666666666667,0.03333333333333333,0.15833333333333333,steel_recovery,metallurgical,"lost in separation and melting [RAWCLIC_BEV_Motor_Recycling_TC_V1.xlsx, TC_2030/2060_Disassembly_Route]",2055
F_shredded,Layer 1,BEV,F_ndfeb_stream_shr,Layer 2,magnet,0.98,0.95,1.0,shredder_feed,shredder,"step 2, shredder route: motor to shredder feed, then sorted, in 2030 [RAWCLIC_BEV_Motor_Recycling_TC_V1.xlsx, TC_2030/2060_Shredder_Route]",2055
F_shredded,Layer 1,BEV,F_loss_unfed_shr,Layer 2,magnet,0.02,0.0,0.05,shredder_feed,shredder,"not fed to the shredder [RAWCLIC_BEV_Motor_Recycling_TC_V1.xlsx, TC_2030/2060_Shredder_Route]",2055
F_shredded,Layer 1,BEV,F_cu_stream_shr,Layer 2,copper,0.98,0.95,1.0,shredder_feed,shredder,"step 2, shredder route: motor to shredder feed, then sorted, in 2030 [RAWCLIC_BEV_Motor_Recycling_TC_V1.xlsx, TC_2030/2060_Shredder_Route]",2055
F_shredded,Layer 1,BEV,F_loss_unfed_shr,Layer 2,copper,0.02,0.0,0.05,shredder_feed,shredder,"not fed to the shredder [RAWCLIC_BEV_Motor_Recycling_TC_V1.xlsx, TC_2030/2060_Shredder_Route]",2055
F_shredded,Layer 1,BEV,F_al_stream_shr,Layer 2,aluminium,0.98,0.95,1.0,shredder_feed,shredder,"step 2, shredder route: motor to shredder feed, then sorted, in 2030 [RAWCLIC_BEV_Motor_Recycling_TC_V1.xlsx, TC_2030/2060_Shredder_Route]",2055
F_shredded,Layer 1,BEV,F_loss_unfed_shr,Layer 2,aluminium,0.02,0.0,0.05,shredder_feed,shredder,"not fed to the shredder [RAWCLIC_BEV_Motor_Recycling_TC_V1.xlsx, TC_2030/2060_Shredder_Route]",2055
F_shredded,Layer 1,BEV,F_steel_stream_shr,Layer 2,lamination,0.98,0.95,1.0,shredder_feed,shredder,"step 2, shredder route: motor to shredder feed, then sorted, in 2030 [RAWCLIC_BEV_Motor_Recycling_TC_V1.xlsx, TC_2030/2060_Shredder_Route]",2055
F_shredded,Layer 1,BEV,F_loss_unfed_shr,Layer 2,lamination,0.02,0.0,0.05,shredder_feed,shredder,"not fed to the shredder [RAWCLIC_BEV_Motor_Recycling_TC_V1.xlsx, TC_2030/2060_Shredder_Route]",2055
F_shredded,Layer 1,BEV,F_steel_stream_shr,Layer 2,steel,0.98,0.95,1.0,shredder_feed,shredder,"step 2, shredder route: motor to shredder feed, then sorted, in 2030 [RAWCLIC_BEV_Motor_Recycling_TC_V1.xlsx, TC_2030/2060_Shredder_Route]",2055
F_shredded,Layer 1,BEV,F_loss_unfed_shr,Layer 2,steel,0.02,0.0,0.05,shredder_feed,shredder,"not fed to the shredder [RAWCLIC_BEV_Motor_Recycling_TC_V1.xlsx, TC_2030/2060_Shredder_Route]",2055
F_ndfeb_stream_shr,Layer 2,magnet,F_nd_shr,Layer 4,Nd,0.2533333333333333,0.125,0.425,ree_recovery,shredder,"step 3: NdFeB to recovered rare earth, end to end [RAWCLIC_BEV_Motor_Recycling_TC_V1.xlsx, TC_2030/2060_Shredder_Route]",2055
F_ndfeb_stream_shr,Layer 2,magnet,F_ree_in_steel_shr,Layer 4,Nd,0.3208333333333333,0.15000000000000002,0.5083333333333333,steel_melt,shredder,"step 3-4: to the ferrous fraction and into the steel melt. The rare earth reports to slag and is LOST as rare earth -- step 4's 0.01 recoverable is not taken [RAWCLIC_BEV_Motor_Recycling_TC_V1.xlsx, TC_2030/2060_Shredder_Route]",2055
F_ndfeb_stream_shr,Layer 2,magnet,F_ree_in_nonferrous_shr,Layer 4,Nd,0.1375,0.06666666666666667,0.20833333333333331,nonferrous_sorting,shredder,"step 3: fragments carried into the non-ferrous concentrate [RAWCLIC_BEV_Motor_Recycling_TC_V1.xlsx, TC_2030/2060_Shredder_Route]",2055
F_ndfeb_stream_shr,Layer 2,magnet,F_ree_in_asr_shr,Layer 4,Nd,0.275,0.175,0.4166666666666667,shredder_residue,shredder,"step 3: fines into automotive shredder residue [RAWCLIC_BEV_Motor_Recycling_TC_V1.xlsx, TC_2030/2060_Shredder_Route]",2055
F_ndfeb_stream_shr,Layer 2,magnet,F_loss_shredding_shr,Layer 4,Nd,0.013333333333333336,0.0,0.48333333333333334,ree_recovery,shredder,"the fates the sheet does not assign [RAWCLIC_BEV_Motor_Recycling_TC_V1.xlsx, TC_2030/2060_Shredder_Route]",2055
F_ndfeb_stream_shr,Layer 2,magnet,F_pr_shr,Layer 4,Pr,0.2533333333333333,0.125,0.425,ree_recovery,shredder,"step 3: NdFeB to recovered rare earth, end to end [RAWCLIC_BEV_Motor_Recycling_TC_V1.xlsx, TC_2030/2060_Shredder_Route]",2055
F_ndfeb_stream_shr,Layer 2,magnet,F_ree_in_steel_shr,Layer 4,Pr,0.3208333333333333,0.15000000000000002,0.5083333333333333,steel_melt,shredder,"step 3-4: to the ferrous fraction and into the steel melt. The rare earth reports to slag and is LOST as rare earth -- step 4's 0.01 recoverable is not taken [RAWCLIC_BEV_Motor_Recycling_TC_V1.xlsx, TC_2030/2060_Shredder_Route]",2055
F_ndfeb_stream_shr,Layer 2,magnet,F_ree_in_nonferrous_shr,Layer 4,Pr,0.1375,0.06666666666666667,0.20833333333333331,nonferrous_sorting,shredder,"step 3: fragments carried into the non-ferrous concentrate [RAWCLIC_BEV_Motor_Recycling_TC_V1.xlsx, TC_2030/2060_Shredder_Route]",2055
F_ndfeb_stream_shr,Layer 2,magnet,F_ree_in_asr_shr,Layer 4,Pr,0.275,0.175,0.4166666666666667,shredder_residue,shredder,"step 3: fines into automotive shredder residue [RAWCLIC_BEV_Motor_Recycling_TC_V1.xlsx, TC_2030/2060_Shredder_Route]",2055
F_ndfeb_stream_shr,Layer 2,magnet,F_loss_shredding_shr,Layer 4,Pr,0.013333333333333336,0.0,0.48333333333333334,ree_recovery,shredder,"the fates the sheet does not assign [RAWCLIC_BEV_Motor_Recycling_TC_V1.xlsx, TC_2030/2060_Shredder_Route]",2055
F_ndfeb_stream_shr,Layer 2,magnet,F_dy_shr,Layer 4,Dy,0.2533333333333333,0.125,0.425,ree_recovery,shredder,"step 3: NdFeB to recovered rare earth, end to end [RAWCLIC_BEV_Motor_Recycling_TC_V1.xlsx, TC_2030/2060_Shredder_Route]",2055
F_ndfeb_stream_shr,Layer 2,magnet,F_ree_in_steel_shr,Layer 4,Dy,0.3208333333333333,0.15000000000000002,0.5083333333333333,steel_melt,shredder,"step 3-4: to the ferrous fraction and into the steel melt. The rare earth reports to slag and is LOST as rare earth -- step 4's 0.01 recoverable is not taken [RAWCLIC_BEV_Motor_Recycling_TC_V1.xlsx, TC_2030/2060_Shredder_Route]",2055
F_ndfeb_stream_shr,Layer 2,magnet,F_ree_in_nonferrous_shr,Layer 4,Dy,0.1375,0.06666666666666667,0.20833333333333331,nonferrous_sorting,shredder,"step 3: fragments carried into the non-ferrous concentrate [RAWCLIC_BEV_Motor_Recycling_TC_V1.xlsx, TC_2030/2060_Shredder_Route]",2055
F_ndfeb_stream_shr,Layer 2,magnet,F_ree_in_asr_shr,Layer 4,Dy,0.275,0.175,0.4166666666666667,shredder_residue,shredder,"step 3: fines into automotive shredder residue [RAWCLIC_BEV_Motor_Recycling_TC_V1.xlsx, TC_2030/2060_Shredder_Route]",2055
F_ndfeb_stream_shr,Layer 2,magnet,F_loss_shredding_shr,Layer 4,Dy,0.013333333333333336,0.0,0.48333333333333334,ree_recovery,shredder,"the fates the sheet does not assign [RAWCLIC_BEV_Motor_Recycling_TC_V1.xlsx, TC_2030/2060_Shredder_Route]",2055
F_ndfeb_stream_shr,Layer 2,magnet,F_tb_shr,Layer 4,Tb,0.2533333333333333,0.125,0.425,ree_recovery,shredder,"step 3: NdFeB to recovered rare earth, end to end [RAWCLIC_BEV_Motor_Recycling_TC_V1.xlsx, TC_2030/2060_Shredder_Route]",2055
F_ndfeb_stream_shr,Layer 2,magnet,F_ree_in_steel_shr,Layer 4,Tb,0.3208333333333333,0.15000000000000002,0.5083333333333333,steel_melt,shredder,"step 3-4: to the ferrous fraction and into the steel melt. The rare earth reports to slag and is LOST as rare earth -- step 4's 0.01 recoverable is not taken [RAWCLIC_BEV_Motor_Recycling_TC_V1.xlsx, TC_2030/2060_Shredder_Route]",2055
F_ndfeb_stream_shr,Layer 2,magnet,F_ree_in_nonferrous_shr,Layer 4,Tb,0.1375,0.06666666666666667,0.20833333333333331,nonferrous_sorting,shredder,"step 3: fragments carried into the non-ferrous concentrate [RAWCLIC_BEV_Motor_Recycling_TC_V1.xlsx, TC_2030/2060_Shredder_Route]",2055
F_ndfeb_stream_shr,Layer 2,magnet,F_ree_in_asr_shr,Layer 4,Tb,0.275,0.175,0.4166666666666667,shredder_residue,shredder,"step 3: fines into automotive shredder residue [RAWCLIC_BEV_Motor_Recycling_TC_V1.xlsx, TC_2030/2060_Shredder_Route]",2055
F_ndfeb_stream_shr,Layer 2,magnet,F_loss_shredding_shr,Layer 4,Tb,0.013333333333333336,0.0,0.48333333333333334,ree_recovery,shredder,"the fates the sheet does not assign [RAWCLIC_BEV_Motor_Recycling_TC_V1.xlsx, TC_2030/2060_Shredder_Route]",2055
F_ndfeb_stream_shr,Layer 2,magnet,F_loss_shredding_shr,Layer 4,rest,1.0,1.0,1.0,ree_recovery,shredder,"Fe, B, Co and the rest of the magnet: not a recovery target here [RAWCLIC_BEV_Motor_Recycling_TC_V1.xlsx, TC_2030/2060_Shredder_Route]",2055
F_cu_stream_shr,Layer 2,copper,F_cu_recovered_shr,Layer 3,copper,0.7916666666666667,0.6666666666666667,0.8916666666666667,cu_recovery,shredder,"step 3: copper to the non-ferrous fraction [RAWCLIC_BEV_Motor_Recycling_TC_V1.xlsx, TC_2030/2060_Shredder_Route]",2055
F_cu_stream_shr,Layer 2,copper,F_loss_metals_shr,Layer 3,copper,0.20833333333333334,0.10833333333333334,0.33333333333333337,cu_recovery,shredder,"lost to residue, mixing and melt [RAWCLIC_BEV_Motor_Recycling_TC_V1.xlsx, TC_2030/2060_Shredder_Route]",2055
F_al_stream_shr,Layer 2,aluminium,F_al_recovered_shr,Layer 3,aluminium,0.8216666666666667,0.7083333333333333,0.9133333333333333,al_recovery,shredder,"step 3: aluminium to the non-ferrous fraction [RAWCLIC_BEV_Motor_Recycling_TC_V1.xlsx, TC_2030/2060_Shredder_Route]",2055
F_al_stream_shr,Layer 2,aluminium,F_loss_metals_shr,Layer 3,aluminium,0.17833333333333334,0.08666666666666667,0.2916666666666667,al_recovery,shredder,"lost to residue, mixing and melt [RAWCLIC_BEV_Motor_Recycling_TC_V1.xlsx, TC_2030/2060_Shredder_Route]",2055
F_steel_stream_shr,Layer 2,lamination,F_steel_recovered_shr,Layer 3,lamination,0.9366666666666666,0.875,0.9783333333333333,steel_recovery,shredder,"step 3: laminations to the ferrous fraction [RAWCLIC_BEV_Motor_Recycling_TC_V1.xlsx, TC_2030/2060_Shredder_Route]",2055
F_steel_stream_shr,Layer 2,lamination,F_loss_metals_shr,Layer 3,lamination,0.06333333333333332,0.021666666666666667,0.125,steel_recovery,shredder,"lost to residue, mixing and melt [RAWCLIC_BEV_Motor_Recycling_TC_V1.xlsx, TC_2030/2060_Shredder_Route]",2055
F_steel_stream_shr,Layer 2,steel,F_steel_recovered_shr,Layer 3,steel,0.9366666666666666,0.875,0.9783333333333333,steel_recovery,shredder,"step 3: shaft and gearbox steel to ferrous [RAWCLIC_BEV_Motor_Recycling_TC_V1.xlsx, TC_2030/2060_Shredder_Route]",2055
F_steel_stream_shr,Layer 2,steel,F_loss_metals_shr,Layer 3,steel,0.06333333333333332,0.021666666666666667,0.125,steel_recovery,shredder,"lost to residue, mixing and melt [RAWCLIC_BEV_Motor_Recycling_TC_V1.xlsx, TC_2030/2060_Shredder_Route]",2055
F_collected,Layer 1,BEV,F_captured,Layer 2,magnet,0.9,0.82,0.96,collection,dismantling,"step 1: EoL vehicle collection in 2030 [RAWCLIC_BEV_Motor_Recycling_TC_V1.xlsx, TC_2030/2060_Disassembly_Route]",2060
F_collected,Layer 1,BEV,F_captured,Layer 2,copper,0.9,0.82,0.96,collection,dismantling,"step 1: EoL vehicle collection in 2030 [RAWCLIC_BEV_Motor_Recycling_TC_V1.xlsx, TC_2030/2060_Disassembly_Route]",2060
F_collected,Layer 1,BEV,F_captured,Layer 2,aluminium,0.9,0.82,0.96,collection,dismantling,"step 1: EoL vehicle collection in 2030 [RAWCLIC_BEV_Motor_Recycling_TC_V1.xlsx, TC_2030/2060_Disassembly_Route]",2060
F_collected,Layer 1,BEV,F_captured,Layer 2,lamination,0.9,0.82,0.96,collection,dismantling,"step 1: EoL vehicle collection in 2030 [RAWCLIC_BEV_Motor_Recycling_TC_V1.xlsx, TC_2030/2060_Disassembly_Route]",2060
F_collected,Layer 1,BEV,F_captured,Layer 2,steel,0.9,0.82,0.96,collection,dismantling,"step 1: EoL vehicle collection in 2030 [RAWCLIC_BEV_Motor_Recycling_TC_V1.xlsx, TC_2030/2060_Disassembly_Route]",2060
F_collected,Layer 1,BEV,F_uncollected,Layer 2,magnet,0.1,0.04,0.18,collection,dismantling,"not collected: never reaches any treatment [RAWCLIC_BEV_Motor_Recycling_TC_V1.xlsx, TC_2030/2060_Disassembly_Route]",2060
F_collected,Layer 1,BEV,F_uncollected,Layer 2,copper,0.1,0.04,0.18,collection,dismantling,"not collected: never reaches any treatment [RAWCLIC_BEV_Motor_Recycling_TC_V1.xlsx, TC_2030/2060_Disassembly_Route]",2060
F_collected,Layer 1,BEV,F_uncollected,Layer 2,aluminium,0.1,0.04,0.18,collection,dismantling,"not collected: never reaches any treatment [RAWCLIC_BEV_Motor_Recycling_TC_V1.xlsx, TC_2030/2060_Disassembly_Route]",2060
F_collected,Layer 1,BEV,F_uncollected,Layer 2,lamination,0.1,0.04,0.18,collection,dismantling,"not collected: never reaches any treatment [RAWCLIC_BEV_Motor_Recycling_TC_V1.xlsx, TC_2030/2060_Disassembly_Route]",2060
F_collected,Layer 1,BEV,F_uncollected,Layer 2,steel,0.1,0.04,0.18,collection,dismantling,"not collected: never reaches any treatment [RAWCLIC_BEV_Motor_Recycling_TC_V1.xlsx, TC_2030/2060_Disassembly_Route]",2060
F_captured,Layer 1,BEV,F_removed,Layer 2,magnet,0.97,0.92,0.99,motor_removal,dismantling,"step 2: motor removed from the vehicle in 2030. THIS IS THE FORK -- the share of collected motors taken out whole [RAWCLIC_BEV_Motor_Recycling_TC_V1.xlsx, TC_2030/2060_Disassembly_Route]",2060
F_captured,Layer 1,BEV,F_removed,Layer 2,copper,0.97,0.92,0.99,motor_removal,dismantling,"step 2: motor removed from the vehicle in 2030. THIS IS THE FORK -- the share of collected motors taken out whole [RAWCLIC_BEV_Motor_Recycling_TC_V1.xlsx, TC_2030/2060_Disassembly_Route]",2060
F_captured,Layer 1,BEV,F_removed,Layer 2,aluminium,0.97,0.92,0.99,motor_removal,dismantling,"step 2: motor removed from the vehicle in 2030. THIS IS THE FORK -- the share of collected motors taken out whole [RAWCLIC_BEV_Motor_Recycling_TC_V1.xlsx, TC_2030/2060_Disassembly_Route]",2060
F_captured,Layer 1,BEV,F_removed,Layer 2,lamination,0.97,0.92,0.99,motor_removal,dismantling,"step 2: motor removed from the vehicle in 2030. THIS IS THE FORK -- the share of collected motors taken out whole [RAWCLIC_BEV_Motor_Recycling_TC_V1.xlsx, TC_2030/2060_Disassembly_Route]",2060
F_captured,Layer 1,BEV,F_removed,Layer 2,steel,0.97,0.92,0.99,motor_removal,dismantling,"step 2: motor removed from the vehicle in 2030. THIS IS THE FORK -- the share of collected motors taken out whole [RAWCLIC_BEV_Motor_Recycling_TC_V1.xlsx, TC_2030/2060_Disassembly_Route]",2060
F_captured,Layer 1,BEV,F_shredded,Layer 2,magnet,0.03,0.01,0.08,motor_removal,dismantling,"step 2, the other side: NOT removed, so it stays in the hulk and goes to the shredder. Not a loss -- it travels the other road [RAWCLIC_BEV_Motor_Recycling_TC_V1.xlsx, TC_2030/2060_Disassembly_Route]",2060
F_captured,Layer 1,BEV,F_shredded,Layer 2,copper,0.03,0.01,0.08,motor_removal,dismantling,"step 2, the other side: NOT removed, so it stays in the hulk and goes to the shredder. Not a loss -- it travels the other road [RAWCLIC_BEV_Motor_Recycling_TC_V1.xlsx, TC_2030/2060_Disassembly_Route]",2060
F_captured,Layer 1,BEV,F_shredded,Layer 2,aluminium,0.03,0.01,0.08,motor_removal,dismantling,"step 2, the other side: NOT removed, so it stays in the hulk and goes to the shredder. Not a loss -- it travels the other road [RAWCLIC_BEV_Motor_Recycling_TC_V1.xlsx, TC_2030/2060_Disassembly_Route]",2060
F_captured,Layer 1,BEV,F_shredded,Layer 2,lamination,0.03,0.01,0.08,motor_removal,dismantling,"step 2, the other side: NOT removed, so it stays in the hulk and goes to the shredder. Not a loss -- it travels the other road [RAWCLIC_BEV_Motor_Recycling_TC_V1.xlsx, TC_2030/2060_Disassembly_Route]",2060
F_captured,Layer 1,BEV,F_shredded,Layer 2,steel,0.03,0.01,0.08,motor_removal,dismantling,"step 2, the other side: NOT removed, so it stays in the hulk and goes to the shredder. Not a loss -- it travels the other road [RAWCLIC_BEV_Motor_Recycling_TC_V1.xlsx, TC_2030/2060_Disassembly_Route]",2060
F_removed,Layer 1,BEV,F_magnet_rotor_dis,Layer 2,magnet,0.94,0.88,0.98,magnet_extraction,disassembly,"step 3: dehousing, demagnetisation, stream separation [RAWCLIC_BEV_Motor_Recycling_TC_V1.xlsx, TC_2030/2060_Disassembly_Route]",2060
F_removed,Layer 1,BEV,F_loss_preprocessing_dis,Layer 2,magnet,0.06,0.02,0.12,magnet_extraction,disassembly,"not separated at pre-processing [RAWCLIC_BEV_Motor_Recycling_TC_V1.xlsx, TC_2030/2060_Disassembly_Route]",2060
F_removed,Layer 1,BEV,F_cu_stream_dis,Layer 2,copper,0.97,0.93,0.99,winding_separation,disassembly,"step 3: dehousing, demagnetisation, stream separation [RAWCLIC_BEV_Motor_Recycling_TC_V1.xlsx, TC_2030/2060_Disassembly_Route]",2060
F_removed,Layer 1,BEV,F_loss_preprocessing_dis,Layer 2,copper,0.03,0.01,0.07,winding_separation,disassembly,"not separated at pre-processing [RAWCLIC_BEV_Motor_Recycling_TC_V1.xlsx, TC_2030/2060_Disassembly_Route]",2060
F_removed,Layer 1,BEV,F_al_stream_dis,Layer 2,aluminium,0.98,0.95,0.99,housing_recovery,disassembly,"step 3: dehousing, demagnetisation, stream separation [RAWCLIC_BEV_Motor_Recycling_TC_V1.xlsx, TC_2030/2060_Disassembly_Route]",2060
F_removed,Layer 1,BEV,F_loss_preprocessing_dis,Layer 2,aluminium,0.02,0.01,0.05,housing_recovery,disassembly,"not separated at pre-processing [RAWCLIC_BEV_Motor_Recycling_TC_V1.xlsx, TC_2030/2060_Disassembly_Route]",2060
F_removed,Layer 1,BEV,F_steel_stream_dis,Layer 2,lamination,0.95,0.9,0.98,lamination_recovery,disassembly,"step 3: dehousing, demagnetisation, stream separation [RAWCLIC_BEV_Motor_Recycling_TC_V1.xlsx, TC_2030/2060_Disassembly_Route]",2060
F_removed,Layer 1,BEV,F_loss_preprocessing_dis,Layer 2,lamination,0.05,0.02,0.1,lamination_recovery,disassembly,"not separated at pre-processing [RAWCLIC_BEV_Motor_Recycling_TC_V1.xlsx, TC_2030/2060_Disassembly_Route]",2060
F_removed,Layer 1,BEV,F_steel_stream_dis,Layer 2,steel,0.95,0.9,0.98,lamination_recovery,disassembly,"step 3: dehousing, demagnetisation, stream separation [RAWCLIC_BEV_Motor_Recycling_TC_V1.xlsx, TC_2030/2060_Disassembly_Route]",2060
F_removed,Layer 1,BEV,F_loss_preprocessing_dis,Layer 2,steel,0.05,0.02,0.1,lamination_recovery,disassembly,"not separated at pre-processing [RAWCLIC_BEV_Motor_Recycling_TC_V1.xlsx, TC_2030/2060_Disassembly_Route]",2060
F_magnet_rotor_dis,Layer 1,BEV,F_magnet_feed_dis,Layer 2,magnet,0.8832,0.7544,0.9603,magnet_extraction,disassembly,"steps 4a-5: extraction x decoat and mill [RAWCLIC_BEV_Motor_Recycling_TC_V1.xlsx, TC_2030/2060_Disassembly_Route]",2060
F_magnet_rotor_dis,Layer 1,BEV,F_loss_extraction_dis,Layer 2,magnet,0.1168,0.0397,0.2456,magnet_extraction,disassembly,"magnet not liberated [RAWCLIC_BEV_Motor_Recycling_TC_V1.xlsx, TC_2030/2060_Disassembly_Route]",2060
F_magnet_feed_dis,Layer 2,magnet,F_nd_dis,Layer 4,Nd,0.893952,0.77004,0.970299,ree_recovery,hydrometallurgical,"steps 6b-8: leach x solvent extraction x oxide/metal [RAWCLIC_BEV_Motor_Recycling_TC_V1.xlsx, TC_2030/2060_Disassembly_Route]",2060
F_magnet_feed_dis,Layer 2,magnet,F_loss_ree_dis,Layer 4,Nd,0.106048,0.029701000000000005,0.22996,ree_recovery,hydrometallurgical,"lost in the long loop [RAWCLIC_BEV_Motor_Recycling_TC_V1.xlsx, TC_2030/2060_Disassembly_Route]",2060
F_magnet_feed_dis,Layer 2,magnet,F_pr_dis,Layer 4,Pr,0.86621,0.73656,0.960498,ree_recovery,hydrometallurgical,"steps 6b-8: leach x solvent extraction x oxide/metal [RAWCLIC_BEV_Motor_Recycling_TC_V1.xlsx, TC_2030/2060_Disassembly_Route]",2060
F_magnet_feed_dis,Layer 2,magnet,F_loss_ree_dis,Layer 4,Pr,0.13379,0.039502,0.26344,ree_recovery,hydrometallurgical,"lost in the long loop [RAWCLIC_BEV_Motor_Recycling_TC_V1.xlsx, TC_2030/2060_Disassembly_Route]",2060
F_magnet_feed_dis,Layer 2,magnet,F_dy_dis,Layer 4,Dy,0.856995,0.71982,0.941094,ree_recovery,hydrometallurgical,"steps 6b-8: leach x solvent extraction x oxide/metal [RAWCLIC_BEV_Motor_Recycling_TC_V1.xlsx, TC_2030/2060_Disassembly_Route]",2060
F_magnet_feed_dis,Layer 2,magnet,F_loss_ree_dis,Layer 4,Dy,0.143005,0.058906,0.28018,ree_recovery,hydrometallurgical,"lost in the long loop [RAWCLIC_BEV_Motor_Recycling_TC_V1.xlsx, TC_2030/2060_Disassembly_Route]",2060
F_magnet_feed_dis,Layer 2,magnet,F_tb_dis,Layer 4,Tb,0.838856,0.687456,0.941094,ree_recovery,hydrometallurgical,"steps 6b-8: leach x solvent extraction x oxide/metal [RAWCLIC_BEV_Motor_Recycling_TC_V1.xlsx, TC_2030/2060_Disassembly_Route]",2060
F_magnet_feed_dis,Layer 2,magnet,F_loss_ree_dis,Layer 4,Tb,0.161144,0.058906,0.312544,ree_recovery,hydrometallurgical,"lost in the long loop [RAWCLIC_BEV_Motor_Recycling_TC_V1.xlsx, TC_2030/2060_Disassembly_Route]",2060
F_magnet_feed_dis,Layer 2,magnet,F_loss_ree_dis,Layer 4,rest,1.0,1.0,1.0,ree_recovery,hydrometallurgical,"Fe, B, Co and the rest of the magnet: not a recovery target here [RAWCLIC_BEV_Motor_Recycling_TC_V1.xlsx, TC_2030/2060_Disassembly_Route]",2060
F_cu_stream_dis,Layer 2,copper,F_cu_recovered_dis,Layer 3,copper,0.94,0.88,0.98,cu_recovery,metallurgical,"step 9: winding separation and refining [RAWCLIC_BEV_Motor_Recycling_TC_V1.xlsx, TC_2030/2060_Disassembly_Route]",2060
F_cu_stream_dis,Layer 2,copper,F_loss_metals_dis,Layer 3,copper,0.06,0.02,0.12,cu_recovery,metallurgical,"lost in separation and melting [RAWCLIC_BEV_Motor_Recycling_TC_V1.xlsx, TC_2030/2060_Disassembly_Route]",2060
F_al_stream_dis,Layer 2,aluminium,F_al_recovered_dis,Layer 3,aluminium,0.96,0.92,0.99,al_recovery,metallurgical,"step 10: housing to secondary aluminium [RAWCLIC_BEV_Motor_Recycling_TC_V1.xlsx, TC_2030/2060_Disassembly_Route]",2060
F_al_stream_dis,Layer 2,aluminium,F_loss_metals_dis,Layer 3,aluminium,0.04,0.010000000000000002,0.08,al_recovery,metallurgical,"lost in separation and melting [RAWCLIC_BEV_Motor_Recycling_TC_V1.xlsx, TC_2030/2060_Disassembly_Route]",2060
F_steel_stream_dis,Layer 2,lamination,F_steel_recovered_dis,Layer 3,lamination,0.92,0.85,0.97,steel_recovery,metallurgical,"step 11: laminations to ferrous scrap [RAWCLIC_BEV_Motor_Recycling_TC_V1.xlsx, TC_2030/2060_Disassembly_Route]",2060
F_steel_stream_dis,Layer 2,lamination,F_loss_metals_dis,Layer 3,lamination,0.08,0.03,0.15,steel_recovery,metallurgical,"lost in separation and melting [RAWCLIC_BEV_Motor_Recycling_TC_V1.xlsx, TC_2030/2060_Disassembly_Route]",2060
F_steel_stream_dis,Layer 2,steel,F_steel_recovered_dis,Layer 3,steel,0.92,0.85,0.97,steel_recovery,metallurgical,"step 11: shaft and gearbox steel to ferrous scrap [RAWCLIC_BEV_Motor_Recycling_TC_V1.xlsx, TC_2030/2060_Disassembly_Route]",2060
F_steel_stream_dis,Layer 2,steel,F_loss_metals_dis,Layer 3,steel,0.08,0.03,0.15,steel_recovery,metallurgical,"lost in separation and melting [RAWCLIC_BEV_Motor_Recycling_TC_V1.xlsx, TC_2030/2060_Disassembly_Route]",2060
F_shredded,Layer 1,BEV,F_ndfeb_stream_shr,Layer 2,magnet,0.98,0.95,1.0,shredder_feed,shredder,"step 2, shredder route: motor to shredder feed, then sorted, in 2030 [RAWCLIC_BEV_Motor_Recycling_TC_V1.xlsx, TC_2030/2060_Shredder_Route]",2060
F_shredded,Layer 1,BEV,F_loss_unfed_shr,Layer 2,magnet,0.02,0.0,0.05,shredder_feed,shredder,"not fed to the shredder [RAWCLIC_BEV_Motor_Recycling_TC_V1.xlsx, TC_2030/2060_Shredder_Route]",2060
F_shredded,Layer 1,BEV,F_cu_stream_shr,Layer 2,copper,0.98,0.95,1.0,shredder_feed,shredder,"step 2, shredder route: motor to shredder feed, then sorted, in 2030 [RAWCLIC_BEV_Motor_Recycling_TC_V1.xlsx, TC_2030/2060_Shredder_Route]",2060
F_shredded,Layer 1,BEV,F_loss_unfed_shr,Layer 2,copper,0.02,0.0,0.05,shredder_feed,shredder,"not fed to the shredder [RAWCLIC_BEV_Motor_Recycling_TC_V1.xlsx, TC_2030/2060_Shredder_Route]",2060
F_shredded,Layer 1,BEV,F_al_stream_shr,Layer 2,aluminium,0.98,0.95,1.0,shredder_feed,shredder,"step 2, shredder route: motor to shredder feed, then sorted, in 2030 [RAWCLIC_BEV_Motor_Recycling_TC_V1.xlsx, TC_2030/2060_Shredder_Route]",2060
F_shredded,Layer 1,BEV,F_loss_unfed_shr,Layer 2,aluminium,0.02,0.0,0.05,shredder_feed,shredder,"not fed to the shredder [RAWCLIC_BEV_Motor_Recycling_TC_V1.xlsx, TC_2030/2060_Shredder_Route]",2060
F_shredded,Layer 1,BEV,F_steel_stream_shr,Layer 2,lamination,0.98,0.95,1.0,shredder_feed,shredder,"step 2, shredder route: motor to shredder feed, then sorted, in 2030 [RAWCLIC_BEV_Motor_Recycling_TC_V1.xlsx, TC_2030/2060_Shredder_Route]",2060
F_shredded,Layer 1,BEV,F_loss_unfed_shr,Layer 2,lamination,0.02,0.0,0.05,shredder_feed,shredder,"not fed to the shredder [RAWCLIC_BEV_Motor_Recycling_TC_V1.xlsx, TC_2030/2060_Shredder_Route]",2060
F_shredded,Layer 1,BEV,F_steel_stream_shr,Layer 2,steel,0.98,0.95,1.0,shredder_feed,shredder,"step 2, shredder route: motor to shredder feed, then sorted, in 2030 [RAWCLIC_BEV_Motor_Recycling_TC_V1.xlsx, TC_2030/2060_Shredder_Route]",2060
F_shredded,Layer 1,BEV,F_loss_unfed_shr,Layer 2,steel,0.02,0.0,0.05,shredder_feed,shredder,"not fed to the shredder [RAWCLIC_BEV_Motor_Recycling_TC_V1.xlsx, TC_2030/2060_Shredder_Route]",2060
F_ndfeb_stream_shr,Layer 2,magnet,F_nd_shr,Layer 4,Nd,0.3,0.15,0.5,ree_recovery,shredder,"step 3: NdFeB to recovered rare earth, end to end [RAWCLIC_BEV_Motor_Recycling_TC_V1.xlsx, TC_2030/2060_Shredder_Route]",2060
F_ndfeb_stream_shr,Layer 2,magnet,F_ree_in_steel_shr,Layer 4,Nd,0.315,0.14,0.5,steel_melt,shredder,"step 3-4: to the ferrous fraction and into the steel melt. The rare earth reports to slag and is LOST as rare earth -- step 4's 0.01 recoverable is not taken [RAWCLIC_BEV_Motor_Recycling_TC_V1.xlsx, TC_2030/2060_Shredder_Route]",2060
F_ndfeb_stream_shr,Layer 2,magnet,F_ree_in_nonferrous_shr,Layer 4,Nd,0.135,0.06,0.21,nonferrous_sorting,shredder,"step 3: fragments carried into the non-ferrous concentrate [RAWCLIC_BEV_Motor_Recycling_TC_V1.xlsx, TC_2030/2060_Shredder_Route]",2060
F_ndfeb_stream_shr,Layer 2,magnet,F_ree_in_asr_shr,Layer 4,Nd,0.25,0.15,0.4,shredder_residue,shredder,"step 3: fines into automotive shredder residue [RAWCLIC_BEV_Motor_Recycling_TC_V1.xlsx, TC_2030/2060_Shredder_Route]",2060
F_ndfeb_stream_shr,Layer 2,magnet,F_loss_shredding_shr,Layer 4,Nd,0.0,0.0,0.5,ree_recovery,shredder,"the fates the sheet does not assign [RAWCLIC_BEV_Motor_Recycling_TC_V1.xlsx, TC_2030/2060_Shredder_Route]",2060
F_ndfeb_stream_shr,Layer 2,magnet,F_pr_shr,Layer 4,Pr,0.3,0.15,0.5,ree_recovery,shredder,"step 3: NdFeB to recovered rare earth, end to end [RAWCLIC_BEV_Motor_Recycling_TC_V1.xlsx, TC_2030/2060_Shredder_Route]",2060
F_ndfeb_stream_shr,Layer 2,magnet,F_ree_in_steel_shr,Layer 4,Pr,0.315,0.14,0.5,steel_melt,shredder,"step 3-4: to the ferrous fraction and into the steel melt. The rare earth reports to slag and is LOST as rare earth -- step 4's 0.01 recoverable is not taken [RAWCLIC_BEV_Motor_Recycling_TC_V1.xlsx, TC_2030/2060_Shredder_Route]",2060
F_ndfeb_stream_shr,Layer 2,magnet,F_ree_in_nonferrous_shr,Layer 4,Pr,0.135,0.06,0.21,nonferrous_sorting,shredder,"step 3: fragments carried into the non-ferrous concentrate [RAWCLIC_BEV_Motor_Recycling_TC_V1.xlsx, TC_2030/2060_Shredder_Route]",2060
F_ndfeb_stream_shr,Layer 2,magnet,F_ree_in_asr_shr,Layer 4,Pr,0.25,0.15,0.4,shredder_residue,shredder,"step 3: fines into automotive shredder residue [RAWCLIC_BEV_Motor_Recycling_TC_V1.xlsx, TC_2030/2060_Shredder_Route]",2060
F_ndfeb_stream_shr,Layer 2,magnet,F_loss_shredding_shr,Layer 4,Pr,0.0,0.0,0.5,ree_recovery,shredder,"the fates the sheet does not assign [RAWCLIC_BEV_Motor_Recycling_TC_V1.xlsx, TC_2030/2060_Shredder_Route]",2060
F_ndfeb_stream_shr,Layer 2,magnet,F_dy_shr,Layer 4,Dy,0.3,0.15,0.5,ree_recovery,shredder,"step 3: NdFeB to recovered rare earth, end to end [RAWCLIC_BEV_Motor_Recycling_TC_V1.xlsx, TC_2030/2060_Shredder_Route]",2060
F_ndfeb_stream_shr,Layer 2,magnet,F_ree_in_steel_shr,Layer 4,Dy,0.315,0.14,0.5,steel_melt,shredder,"step 3-4: to the ferrous fraction and into the steel melt. The rare earth reports to slag and is LOST as rare earth -- step 4's 0.01 recoverable is not taken [RAWCLIC_BEV_Motor_Recycling_TC_V1.xlsx, TC_2030/2060_Shredder_Route]",2060
F_ndfeb_stream_shr,Layer 2,magnet,F_ree_in_nonferrous_shr,Layer 4,Dy,0.135,0.06,0.21,nonferrous_sorting,shredder,"step 3: fragments carried into the non-ferrous concentrate [RAWCLIC_BEV_Motor_Recycling_TC_V1.xlsx, TC_2030/2060_Shredder_Route]",2060
F_ndfeb_stream_shr,Layer 2,magnet,F_ree_in_asr_shr,Layer 4,Dy,0.25,0.15,0.4,shredder_residue,shredder,"step 3: fines into automotive shredder residue [RAWCLIC_BEV_Motor_Recycling_TC_V1.xlsx, TC_2030/2060_Shredder_Route]",2060
F_ndfeb_stream_shr,Layer 2,magnet,F_loss_shredding_shr,Layer 4,Dy,0.0,0.0,0.5,ree_recovery,shredder,"the fates the sheet does not assign [RAWCLIC_BEV_Motor_Recycling_TC_V1.xlsx, TC_2030/2060_Shredder_Route]",2060
F_ndfeb_stream_shr,Layer 2,magnet,F_tb_shr,Layer 4,Tb,0.3,0.15,0.5,ree_recovery,shredder,"step 3: NdFeB to recovered rare earth, end to end [RAWCLIC_BEV_Motor_Recycling_TC_V1.xlsx, TC_2030/2060_Shredder_Route]",2060
F_ndfeb_stream_shr,Layer 2,magnet,F_ree_in_steel_shr,Layer 4,Tb,0.315,0.14,0.5,steel_melt,shredder,"step 3-4: to the ferrous fraction and into the steel melt. The rare earth reports to slag and is LOST as rare earth -- step 4's 0.01 recoverable is not taken [RAWCLIC_BEV_Motor_Recycling_TC_V1.xlsx, TC_2030/2060_Shredder_Route]",2060
F_ndfeb_stream_shr,Layer 2,magnet,F_ree_in_nonferrous_shr,Layer 4,Tb,0.135,0.06,0.21,nonferrous_sorting,shredder,"step 3: fragments carried into the non-ferrous concentrate [RAWCLIC_BEV_Motor_Recycling_TC_V1.xlsx, TC_2030/2060_Shredder_Route]",2060
F_ndfeb_stream_shr,Layer 2,magnet,F_ree_in_asr_shr,Layer 4,Tb,0.25,0.15,0.4,shredder_residue,shredder,"step 3: fines into automotive shredder residue [RAWCLIC_BEV_Motor_Recycling_TC_V1.xlsx, TC_2030/2060_Shredder_Route]",2060
F_ndfeb_stream_shr,Layer 2,magnet,F_loss_shredding_shr,Layer 4,Tb,0.0,0.0,0.5,ree_recovery,shredder,"the fates the sheet does not assign [RAWCLIC_BEV_Motor_Recycling_TC_V1.xlsx, TC_2030/2060_Shredder_Route]",2060
F_ndfeb_stream_shr,Layer 2,magnet,F_loss_shredding_shr,Layer 4,rest,1.0,1.0,1.0,ree_recovery,shredder,"Fe, B, Co and the rest of the magnet: not a recovery target here [RAWCLIC_BEV_Motor_Recycling_TC_V1.xlsx, TC_2030/2060_Shredder_Route]",2060
F_cu_stream_shr,Layer 2,copper,F_cu_recovered_shr,Layer 3,copper,0.8,0.68,0.9,cu_recovery,shredder,"step 3: copper to the non-ferrous fraction [RAWCLIC_BEV_Motor_Recycling_TC_V1.xlsx, TC_2030/2060_Shredder_Route]",2060
F_cu_stream_shr,Layer 2,copper,F_loss_metals_shr,Layer 3,copper,0.2,0.1,0.32,cu_recovery,shredder,"lost to residue, mixing and melt [RAWCLIC_BEV_Motor_Recycling_TC_V1.xlsx, TC_2030/2060_Shredder_Route]",2060
F_al_stream_shr,Layer 2,aluminium,F_al_recovered_shr,Layer 3,aluminium,0.83,0.72,0.92,al_recovery,shredder,"step 3: aluminium to the non-ferrous fraction [RAWCLIC_BEV_Motor_Recycling_TC_V1.xlsx, TC_2030/2060_Shredder_Route]",2060
F_al_stream_shr,Layer 2,aluminium,F_loss_metals_shr,Layer 3,aluminium,0.17,0.08,0.28,al_recovery,shredder,"lost to residue, mixing and melt [RAWCLIC_BEV_Motor_Recycling_TC_V1.xlsx, TC_2030/2060_Shredder_Route]",2060
F_steel_stream_shr,Layer 2,lamination,F_steel_recovered_shr,Layer 3,lamination,0.94,0.88,0.98,steel_recovery,shredder,"step 3: laminations to the ferrous fraction [RAWCLIC_BEV_Motor_Recycling_TC_V1.xlsx, TC_2030/2060_Shredder_Route]",2060
F_steel_stream_shr,Layer 2,lamination,F_loss_metals_shr,Layer 3,lamination,0.06,0.02,0.12,steel_recovery,shredder,"lost to residue, mixing and melt [RAWCLIC_BEV_Motor_Recycling_TC_V1.xlsx, TC_2030/2060_Shredder_Route]",2060
F_steel_stream_shr,Layer 2,steel,F_steel_recovered_shr,Layer 3,steel,0.94,0.88,0.98,steel_recovery,shredder,"step 3: shaft and gearbox steel to ferrous [RAWCLIC_BEV_Motor_Recycling_TC_V1.xlsx, TC_2030/2060_Shredder_Route]",2060
F_steel_stream_shr,Layer 2,steel,F_loss_metals_shr,Layer 3,steel,0.06,0.02,0.12,steel_recovery,shredder,"lost to residue, mixing and melt [RAWCLIC_BEV_Motor_Recycling_TC_V1.xlsx, TC_2030/2060_Shredder_Route]",2060
F_collected,Layer 1,BEV,F_captured,Layer 2,magnet,0.9166666666666667,0.84,0.97,collection,dismantling,"step 1: EoL vehicle collection in 2030 [RAWCLIC_BEV_Motor_Recycling_TC_V1.xlsx, TC_2030/2060_Disassembly_Route]",2065
F_collected,Layer 1,BEV,F_captured,Layer 2,copper,0.9166666666666667,0.84,0.97,collection,dismantling,"step 1: EoL vehicle collection in 2030 [RAWCLIC_BEV_Motor_Recycling_TC_V1.xlsx, TC_2030/2060_Disassembly_Route]",2065
F_collected,Layer 1,BEV,F_captured,Layer 2,aluminium,0.9166666666666667,0.84,0.97,collection,dismantling,"step 1: EoL vehicle collection in 2030 [RAWCLIC_BEV_Motor_Recycling_TC_V1.xlsx, TC_2030/2060_Disassembly_Route]",2065
F_collected,Layer 1,BEV,F_captured,Layer 2,lamination,0.9166666666666667,0.84,0.97,collection,dismantling,"step 1: EoL vehicle collection in 2030 [RAWCLIC_BEV_Motor_Recycling_TC_V1.xlsx, TC_2030/2060_Disassembly_Route]",2065
F_collected,Layer 1,BEV,F_captured,Layer 2,steel,0.9166666666666667,0.84,0.97,collection,dismantling,"step 1: EoL vehicle collection in 2030 [RAWCLIC_BEV_Motor_Recycling_TC_V1.xlsx, TC_2030/2060_Disassembly_Route]",2065
F_collected,Layer 1,BEV,F_uncollected,Layer 2,magnet,0.08333333333333333,0.03,0.15999999999999998,collection,dismantling,"not collected: never reaches any treatment [RAWCLIC_BEV_Motor_Recycling_TC_V1.xlsx, TC_2030/2060_Disassembly_Route]",2065
F_collected,Layer 1,BEV,F_uncollected,Layer 2,copper,0.08333333333333333,0.03,0.15999999999999998,collection,dismantling,"not collected: never reaches any treatment [RAWCLIC_BEV_Motor_Recycling_TC_V1.xlsx, TC_2030/2060_Disassembly_Route]",2065
F_collected,Layer 1,BEV,F_uncollected,Layer 2,aluminium,0.08333333333333333,0.03,0.15999999999999998,collection,dismantling,"not collected: never reaches any treatment [RAWCLIC_BEV_Motor_Recycling_TC_V1.xlsx, TC_2030/2060_Disassembly_Route]",2065
F_collected,Layer 1,BEV,F_uncollected,Layer 2,lamination,0.08333333333333333,0.03,0.15999999999999998,collection,dismantling,"not collected: never reaches any treatment [RAWCLIC_BEV_Motor_Recycling_TC_V1.xlsx, TC_2030/2060_Disassembly_Route]",2065
F_collected,Layer 1,BEV,F_uncollected,Layer 2,steel,0.08333333333333333,0.03,0.15999999999999998,collection,dismantling,"not collected: never reaches any treatment [RAWCLIC_BEV_Motor_Recycling_TC_V1.xlsx, TC_2030/2060_Disassembly_Route]",2065
F_captured,Layer 1,BEV,F_removed,Layer 2,magnet,0.9766666666666666,0.9316666666666668,0.9916666666666667,motor_removal,dismantling,"step 2: motor removed from the vehicle in 2030. THIS IS THE FORK -- the share of collected motors taken out whole [RAWCLIC_BEV_Motor_Recycling_TC_V1.xlsx, TC_2030/2060_Disassembly_Route]",2065
F_captured,Layer 1,BEV,F_removed,Layer 2,copper,0.9766666666666666,0.9316666666666668,0.9916666666666667,motor_removal,dismantling,"step 2: motor removed from the vehicle in 2030. THIS IS THE FORK -- the share of collected motors taken out whole [RAWCLIC_BEV_Motor_Recycling_TC_V1.xlsx, TC_2030/2060_Disassembly_Route]",2065
F_captured,Layer 1,BEV,F_removed,Layer 2,aluminium,0.9766666666666666,0.9316666666666668,0.9916666666666667,motor_removal,dismantling,"step 2: motor removed from the vehicle in 2030. THIS IS THE FORK -- the share of collected motors taken out whole [RAWCLIC_BEV_Motor_Recycling_TC_V1.xlsx, TC_2030/2060_Disassembly_Route]",2065
F_captured,Layer 1,BEV,F_removed,Layer 2,lamination,0.9766666666666666,0.9316666666666668,0.9916666666666667,motor_removal,dismantling,"step 2: motor removed from the vehicle in 2030. THIS IS THE FORK -- the share of collected motors taken out whole [RAWCLIC_BEV_Motor_Recycling_TC_V1.xlsx, TC_2030/2060_Disassembly_Route]",2065
F_captured,Layer 1,BEV,F_removed,Layer 2,steel,0.9766666666666666,0.9316666666666668,0.9916666666666667,motor_removal,dismantling,"step 2: motor removed from the vehicle in 2030. THIS IS THE FORK -- the share of collected motors taken out whole [RAWCLIC_BEV_Motor_Recycling_TC_V1.xlsx, TC_2030/2060_Disassembly_Route]",2065
F_captured,Layer 1,BEV,F_shredded,Layer 2,magnet,0.02333333333333333,0.008333333333333333,0.06833333333333333,motor_removal,dismantling,"step 2, the other side: NOT removed, so it stays in the hulk and goes to the shredder. Not a loss -- it travels the other road [RAWCLIC_BEV_Motor_Recycling_TC_V1.xlsx, TC_2030/2060_Disassembly_Route]",2065
F_captured,Layer 1,BEV,F_shredded,Layer 2,copper,0.02333333333333333,0.008333333333333333,0.06833333333333333,motor_removal,dismantling,"step 2, the other side: NOT removed, so it stays in the hulk and goes to the shredder. Not a loss -- it travels the other road [RAWCLIC_BEV_Motor_Recycling_TC_V1.xlsx, TC_2030/2060_Disassembly_Route]",2065
F_captured,Layer 1,BEV,F_shredded,Layer 2,aluminium,0.02333333333333333,0.008333333333333333,0.06833333333333333,motor_removal,dismantling,"step 2, the other side: NOT removed, so it stays in the hulk and goes to the shredder. Not a loss -- it travels the other road [RAWCLIC_BEV_Motor_Recycling_TC_V1.xlsx, TC_2030/2060_Disassembly_Route]",2065
F_captured,Layer 1,BEV,F_shredded,Layer 2,lamination,0.02333333333333333,0.008333333333333333,0.06833333333333333,motor_removal,dismantling,"step 2, the other side: NOT removed, so it stays in the hulk and goes to the shredder. Not a loss -- it travels the other road [RAWCLIC_BEV_Motor_Recycling_TC_V1.xlsx, TC_2030/2060_Disassembly_Route]",2065
F_captured,Layer 1,BEV,F_shredded,Layer 2,steel,0.02333333333333333,0.008333333333333333,0.06833333333333333,motor_removal,dismantling,"step 2, the other side: NOT removed, so it stays in the hulk and goes to the shredder. Not a loss -- it travels the other road [RAWCLIC_BEV_Motor_Recycling_TC_V1.xlsx, TC_2030/2060_Disassembly_Route]",2065
F_removed,Layer 1,BEV,F_magnet_rotor_dis,Layer 2,magnet,0.95,0.8933333333333333,0.985,magnet_extraction,disassembly,"step 3: dehousing, demagnetisation, stream separation [RAWCLIC_BEV_Motor_Recycling_TC_V1.xlsx, TC_2030/2060_Disassembly_Route]",2065
F_removed,Layer 1,BEV,F_loss_preprocessing_dis,Layer 2,magnet,0.04999999999999999,0.015,0.10666666666666666,magnet_extraction,disassembly,"not separated at pre-processing [RAWCLIC_BEV_Motor_Recycling_TC_V1.xlsx, TC_2030/2060_Disassembly_Route]",2065
F_removed,Layer 1,BEV,F_cu_stream_dis,Layer 2,copper,0.9733333333333333,0.935,0.9916666666666667,winding_separation,disassembly,"step 3: dehousing, demagnetisation, stream separation [RAWCLIC_BEV_Motor_Recycling_TC_V1.xlsx, TC_2030/2060_Disassembly_Route]",2065
F_removed,Layer 1,BEV,F_loss_preprocessing_dis,Layer 2,copper,0.026666666666666665,0.008333333333333333,0.065,winding_separation,disassembly,"not separated at pre-processing [RAWCLIC_BEV_Motor_Recycling_TC_V1.xlsx, TC_2030/2060_Disassembly_Route]",2065
F_removed,Layer 1,BEV,F_al_stream_dis,Layer 2,aluminium,0.9833333333333333,0.955,0.99,housing_recovery,disassembly,"step 3: dehousing, demagnetisation, stream separation [RAWCLIC_BEV_Motor_Recycling_TC_V1.xlsx, TC_2030/2060_Disassembly_Route]",2065
F_removed,Layer 1,BEV,F_loss_preprocessing_dis,Layer 2,aluminium,0.016666666666666666,0.01,0.045,housing_recovery,disassembly,"not separated at pre-processing [RAWCLIC_BEV_Motor_Recycling_TC_V1.xlsx, TC_2030/2060_Disassembly_Route]",2065
F_removed,Layer 1,BEV,F_steel_stream_dis,Layer 2,lamination,0.955,0.9083333333333333,0.9816666666666667,lamination_recovery,disassembly,"step 3: dehousing, demagnetisation, stream separation [RAWCLIC_BEV_Motor_Recycling_TC_V1.xlsx, TC_2030/2060_Disassembly_Route]",2065
F_removed,Layer 1,BEV,F_loss_preprocessing_dis,Layer 2,lamination,0.045,0.018333333333333333,0.09166666666666667,lamination_recovery,disassembly,"not separated at pre-processing [RAWCLIC_BEV_Motor_Recycling_TC_V1.xlsx, TC_2030/2060_Disassembly_Route]",2065
F_removed,Layer 1,BEV,F_steel_stream_dis,Layer 2,steel,0.955,0.9083333333333333,0.9816666666666667,lamination_recovery,disassembly,"step 3: dehousing, demagnetisation, stream separation [RAWCLIC_BEV_Motor_Recycling_TC_V1.xlsx, TC_2030/2060_Disassembly_Route]",2065
F_removed,Layer 1,BEV,F_loss_preprocessing_dis,Layer 2,steel,0.045,0.018333333333333333,0.09166666666666667,lamination_recovery,disassembly,"not separated at pre-processing [RAWCLIC_BEV_Motor_Recycling_TC_V1.xlsx, TC_2030/2060_Disassembly_Route]",2065
F_magnet_rotor_dis,Layer 1,BEV,F_magnet_feed_dis,Layer 2,magnet,0.9033,0.7774666666666666,0.9716166666666667,magnet_extraction,disassembly,"steps 4a-5: extraction x decoat and mill [RAWCLIC_BEV_Motor_Recycling_TC_V1.xlsx, TC_2030/2060_Disassembly_Route]",2065
F_magnet_rotor_dis,Layer 1,BEV,F_loss_extraction_dis,Layer 2,magnet,0.09669999999999998,0.02838333333333333,0.22253333333333333,magnet_extraction,disassembly,"magnet not liberated [RAWCLIC_BEV_Motor_Recycling_TC_V1.xlsx, TC_2030/2060_Disassembly_Route]",2065
F_magnet_feed_dis,Layer 2,magnet,F_nd_dis,Layer 4,Nd,0.907474,0.78618,0.9767508333333333,ree_recovery,hydrometallurgical,"steps 6b-8: leach x solvent extraction x oxide/metal [RAWCLIC_BEV_Motor_Recycling_TC_V1.xlsx, TC_2030/2060_Disassembly_Route]",2065
F_magnet_feed_dis,Layer 2,magnet,F_loss_ree_dis,Layer 4,Nd,0.092526,0.023249166666666668,0.21382,ree_recovery,hydrometallurgical,"lost in the long loop [RAWCLIC_BEV_Motor_Recycling_TC_V1.xlsx, TC_2030/2060_Disassembly_Route]",2065
F_magnet_feed_dis,Layer 2,magnet,F_pr_dis,Layer 4,Pr,0.8809033333333334,0.75225,0.9684849999999999,ree_recovery,hydrometallurgical,"steps 6b-8: leach x solvent extraction x oxide/metal [RAWCLIC_BEV_Motor_Recycling_TC_V1.xlsx, TC_2030/2060_Disassembly_Route]",2065
F_magnet_feed_dis,Layer 2,magnet,F_loss_ree_dis,Layer 4,Pr,0.11909666666666666,0.031515,0.24775,ree_recovery,hydrometallurgical,"lost in the long loop [RAWCLIC_BEV_Motor_Recycling_TC_V1.xlsx, TC_2030/2060_Disassembly_Route]",2065
F_magnet_feed_dis,Layer 2,magnet,F_dy_dis,Layer 4,Dy,0.8730341666666667,0.7377900000000001,0.9474313333333333,ree_recovery,hydrometallurgical,"steps 6b-8: leach x solvent extraction x oxide/metal [RAWCLIC_BEV_Motor_Recycling_TC_V1.xlsx, TC_2030/2060_Disassembly_Route]",2065
F_magnet_feed_dis,Layer 2,magnet,F_loss_ree_dis,Layer 4,Dy,0.12696583333333333,0.052568666666666666,0.26220999999999994,ree_recovery,hydrometallurgical,"lost in the long loop [RAWCLIC_BEV_Motor_Recycling_TC_V1.xlsx, TC_2030/2060_Disassembly_Route]",2065
F_magnet_feed_dis,Layer 2,magnet,F_tb_dis,Layer 4,Tb,0.857477,0.7049219999999999,0.9505509999999999,ree_recovery,hydrometallurgical,"steps 6b-8: leach x solvent extraction x oxide/metal [RAWCLIC_BEV_Motor_Recycling_TC_V1.xlsx, TC_2030/2060_Disassembly_Route]",2065
F_magnet_feed_dis,Layer 2,magnet,F_loss_ree_dis,Layer 4,Tb,0.142523,0.04944899999999999,0.29507799999999995,ree_recovery,hydrometallurgical,"lost in the long loop [RAWCLIC_BEV_Motor_Recycling_TC_V1.xlsx, TC_2030/2060_Disassembly_Route]",2065
F_magnet_feed_dis,Layer 2,magnet,F_loss_ree_dis,Layer 4,rest,1.0,1.0,1.0,ree_recovery,hydrometallurgical,"Fe, B, Co and the rest of the magnet: not a recovery target here [RAWCLIC_BEV_Motor_Recycling_TC_V1.xlsx, TC_2030/2060_Disassembly_Route]",2065
F_cu_stream_dis,Layer 2,copper,F_cu_recovered_dis,Layer 3,copper,0.9466666666666665,0.89,0.9833333333333333,cu_recovery,metallurgical,"step 9: winding separation and refining [RAWCLIC_BEV_Motor_Recycling_TC_V1.xlsx, TC_2030/2060_Disassembly_Route]",2065
F_cu_stream_dis,Layer 2,copper,F_loss_metals_dis,Layer 3,copper,0.05333333333333333,0.016666666666666666,0.10999999999999999,cu_recovery,metallurgical,"lost in separation and melting [RAWCLIC_BEV_Motor_Recycling_TC_V1.xlsx, TC_2030/2060_Disassembly_Route]",2065
F_al_stream_dis,Layer 2,aluminium,F_al_recovered_dis,Layer 3,aluminium,0.965,0.9266666666666667,0.9933333333333333,al_recovery,metallurgical,"step 10: housing to secondary aluminium [RAWCLIC_BEV_Motor_Recycling_TC_V1.xlsx, TC_2030/2060_Disassembly_Route]",2065
F_al_stream_dis,Layer 2,aluminium,F_loss_metals_dis,Layer 3,aluminium,0.034999999999999996,0.006666666666666668,0.07333333333333333,al_recovery,metallurgical,"lost in separation and melting [RAWCLIC_BEV_Motor_Recycling_TC_V1.xlsx, TC_2030/2060_Disassembly_Route]",2065
F_steel_stream_dis,Layer 2,lamination,F_steel_recovered_dis,Layer 3,lamination,0.9266666666666667,0.8583333333333333,0.9733333333333333,steel_recovery,metallurgical,"step 11: laminations to ferrous scrap [RAWCLIC_BEV_Motor_Recycling_TC_V1.xlsx, TC_2030/2060_Disassembly_Route]",2065
F_steel_stream_dis,Layer 2,lamination,F_loss_metals_dis,Layer 3,lamination,0.07333333333333333,0.026666666666666665,0.14166666666666666,steel_recovery,metallurgical,"lost in separation and melting [RAWCLIC_BEV_Motor_Recycling_TC_V1.xlsx, TC_2030/2060_Disassembly_Route]",2065
F_steel_stream_dis,Layer 2,steel,F_steel_recovered_dis,Layer 3,steel,0.9266666666666667,0.8583333333333333,0.9733333333333333,steel_recovery,metallurgical,"step 11: shaft and gearbox steel to ferrous scrap [RAWCLIC_BEV_Motor_Recycling_TC_V1.xlsx, TC_2030/2060_Disassembly_Route]",2065
F_steel_stream_dis,Layer 2,steel,F_loss_metals_dis,Layer 3,steel,0.07333333333333333,0.026666666666666665,0.14166666666666666,steel_recovery,metallurgical,"lost in separation and melting [RAWCLIC_BEV_Motor_Recycling_TC_V1.xlsx, TC_2030/2060_Disassembly_Route]",2065
F_shredded,Layer 1,BEV,F_ndfeb_stream_shr,Layer 2,magnet,0.98,0.95,1.0,shredder_feed,shredder,"step 2, shredder route: motor to shredder feed, then sorted, in 2030 [RAWCLIC_BEV_Motor_Recycling_TC_V1.xlsx, TC_2030/2060_Shredder_Route]",2065
F_shredded,Layer 1,BEV,F_loss_unfed_shr,Layer 2,magnet,0.02,0.0,0.05,shredder_feed,shredder,"not fed to the shredder [RAWCLIC_BEV_Motor_Recycling_TC_V1.xlsx, TC_2030/2060_Shredder_Route]",2065
F_shredded,Layer 1,BEV,F_cu_stream_shr,Layer 2,copper,0.98,0.95,1.0,shredder_feed,shredder,"step 2, shredder route: motor to shredder feed, then sorted, in 2030 [RAWCLIC_BEV_Motor_Recycling_TC_V1.xlsx, TC_2030/2060_Shredder_Route]",2065
F_shredded,Layer 1,BEV,F_loss_unfed_shr,Layer 2,copper,0.02,0.0,0.05,shredder_feed,shredder,"not fed to the shredder [RAWCLIC_BEV_Motor_Recycling_TC_V1.xlsx, TC_2030/2060_Shredder_Route]",2065
F_shredded,Layer 1,BEV,F_al_stream_shr,Layer 2,aluminium,0.98,0.95,1.0,shredder_feed,shredder,"step 2, shredder route: motor to shredder feed, then sorted, in 2030 [RAWCLIC_BEV_Motor_Recycling_TC_V1.xlsx, TC_2030/2060_Shredder_Route]",2065
F_shredded,Layer 1,BEV,F_loss_unfed_shr,Layer 2,aluminium,0.02,0.0,0.05,shredder_feed,shredder,"not fed to the shredder [RAWCLIC_BEV_Motor_Recycling_TC_V1.xlsx, TC_2030/2060_Shredder_Route]",2065
F_shredded,Layer 1,BEV,F_steel_stream_shr,Layer 2,lamination,0.98,0.95,1.0,shredder_feed,shredder,"step 2, shredder route: motor to shredder feed, then sorted, in 2030 [RAWCLIC_BEV_Motor_Recycling_TC_V1.xlsx, TC_2030/2060_Shredder_Route]",2065
F_shredded,Layer 1,BEV,F_loss_unfed_shr,Layer 2,lamination,0.02,0.0,0.05,shredder_feed,shredder,"not fed to the shredder [RAWCLIC_BEV_Motor_Recycling_TC_V1.xlsx, TC_2030/2060_Shredder_Route]",2065
F_shredded,Layer 1,BEV,F_steel_stream_shr,Layer 2,steel,0.98,0.95,1.0,shredder_feed,shredder,"step 2, shredder route: motor to shredder feed, then sorted, in 2030 [RAWCLIC_BEV_Motor_Recycling_TC_V1.xlsx, TC_2030/2060_Shredder_Route]",2065
F_shredded,Layer 1,BEV,F_loss_unfed_shr,Layer 2,steel,0.02,0.0,0.05,shredder_feed,shredder,"not fed to the shredder [RAWCLIC_BEV_Motor_Recycling_TC_V1.xlsx, TC_2030/2060_Shredder_Route]",2065
F_ndfeb_stream_shr,Layer 2,magnet,F_nd_shr,Layer 4,Nd,0.34210526315789475,0.17500000000000002,0.5750000000000001,ree_recovery,shredder,"step 3: NdFeB to recovered rare earth, end to end [RAWCLIC_BEV_Motor_Recycling_TC_V1.xlsx, TC_2030/2060_Shredder_Route]",2065
F_ndfeb_stream_shr,Layer 2,magnet,F_ree_in_steel_shr,Layer 4,Nd,0.3050986842105263,0.13,0.49166666666666664,steel_melt,shredder,"step 3-4: to the ferrous fraction and into the steel melt. The rare earth reports to slag and is LOST as rare earth -- step 4's 0.01 recoverable is not taken [RAWCLIC_BEV_Motor_Recycling_TC_V1.xlsx, TC_2030/2060_Shredder_Route]",2065
F_ndfeb_stream_shr,Layer 2,magnet,F_ree_in_nonferrous_shr,Layer 4,Nd,0.13075657894736842,0.05333333333333333,0.21166666666666667,nonferrous_sorting,shredder,"step 3: fragments carried into the non-ferrous concentrate [RAWCLIC_BEV_Motor_Recycling_TC_V1.xlsx, TC_2030/2060_Shredder_Route]",2065
F_ndfeb_stream_shr,Layer 2,magnet,F_ree_in_asr_shr,Layer 4,Nd,0.22203947368421048,0.12499999999999997,0.38333333333333336,shredder_residue,shredder,"step 3: fines into automotive shredder residue [RAWCLIC_BEV_Motor_Recycling_TC_V1.xlsx, TC_2030/2060_Shredder_Route]",2065
F_ndfeb_stream_shr,Layer 2,magnet,F_loss_shredding_shr,Layer 4,Nd,0.0,0.0,0.5166666666666667,ree_recovery,shredder,"the fates the sheet does not assign [RAWCLIC_BEV_Motor_Recycling_TC_V1.xlsx, TC_2030/2060_Shredder_Route]",2065
F_ndfeb_stream_shr,Layer 2,magnet,F_pr_shr,Layer 4,Pr,0.34210526315789475,0.17500000000000002,0.5750000000000001,ree_recovery,shredder,"step 3: NdFeB to recovered rare earth, end to end [RAWCLIC_BEV_Motor_Recycling_TC_V1.xlsx, TC_2030/2060_Shredder_Route]",2065
F_ndfeb_stream_shr,Layer 2,magnet,F_ree_in_steel_shr,Layer 4,Pr,0.3050986842105263,0.13,0.49166666666666664,steel_melt,shredder,"step 3-4: to the ferrous fraction and into the steel melt. The rare earth reports to slag and is LOST as rare earth -- step 4's 0.01 recoverable is not taken [RAWCLIC_BEV_Motor_Recycling_TC_V1.xlsx, TC_2030/2060_Shredder_Route]",2065
F_ndfeb_stream_shr,Layer 2,magnet,F_ree_in_nonferrous_shr,Layer 4,Pr,0.13075657894736842,0.05333333333333333,0.21166666666666667,nonferrous_sorting,shredder,"step 3: fragments carried into the non-ferrous concentrate [RAWCLIC_BEV_Motor_Recycling_TC_V1.xlsx, TC_2030/2060_Shredder_Route]",2065
F_ndfeb_stream_shr,Layer 2,magnet,F_ree_in_asr_shr,Layer 4,Pr,0.22203947368421048,0.12499999999999997,0.38333333333333336,shredder_residue,shredder,"step 3: fines into automotive shredder residue [RAWCLIC_BEV_Motor_Recycling_TC_V1.xlsx, TC_2030/2060_Shredder_Route]",2065
F_ndfeb_stream_shr,Layer 2,magnet,F_loss_shredding_shr,Layer 4,Pr,0.0,0.0,0.5166666666666667,ree_recovery,shredder,"the fates the sheet does not assign [RAWCLIC_BEV_Motor_Recycling_TC_V1.xlsx, TC_2030/2060_Shredder_Route]",2065
F_ndfeb_stream_shr,Layer 2,magnet,F_dy_shr,Layer 4,Dy,0.34210526315789475,0.17500000000000002,0.5750000000000001,ree_recovery,shredder,"step 3: NdFeB to recovered rare earth, end to end [RAWCLIC_BEV_Motor_Recycling_TC_V1.xlsx, TC_2030/2060_Shredder_Route]",2065
F_ndfeb_stream_shr,Layer 2,magnet,F_ree_in_steel_shr,Layer 4,Dy,0.3050986842105263,0.13,0.49166666666666664,steel_melt,shredder,"step 3-4: to the ferrous fraction and into the steel melt. The rare earth reports to slag and is LOST as rare earth -- step 4's 0.01 recoverable is not taken [RAWCLIC_BEV_Motor_Recycling_TC_V1.xlsx, TC_2030/2060_Shredder_Route]",2065
F_ndfeb_stream_shr,Layer 2,magnet,F_ree_in_nonferrous_shr,Layer 4,Dy,0.13075657894736842,0.05333333333333333,0.21166666666666667,nonferrous_sorting,shredder,"step 3: fragments carried into the non-ferrous concentrate [RAWCLIC_BEV_Motor_Recycling_TC_V1.xlsx, TC_2030/2060_Shredder_Route]",2065
F_ndfeb_stream_shr,Layer 2,magnet,F_ree_in_asr_shr,Layer 4,Dy,0.22203947368421048,0.12499999999999997,0.38333333333333336,shredder_residue,shredder,"step 3: fines into automotive shredder residue [RAWCLIC_BEV_Motor_Recycling_TC_V1.xlsx, TC_2030/2060_Shredder_Route]",2065
F_ndfeb_stream_shr,Layer 2,magnet,F_loss_shredding_shr,Layer 4,Dy,0.0,0.0,0.5166666666666667,ree_recovery,shredder,"the fates the sheet does not assign [RAWCLIC_BEV_Motor_Recycling_TC_V1.xlsx, TC_2030/2060_Shredder_Route]",2065
F_ndfeb_stream_shr,Layer 2,magnet,F_tb_shr,Layer 4,Tb,0.34210526315789475,0.17500000000000002,0.5750000000000001,ree_recovery,shredder,"step 3: NdFeB to recovered rare earth, end to end [RAWCLIC_BEV_Motor_Recycling_TC_V1.xlsx, TC_2030/2060_Shredder_Route]",2065
F_ndfeb_stream_shr,Layer 2,magnet,F_ree_in_steel_shr,Layer 4,Tb,0.3050986842105263,0.13,0.49166666666666664,steel_melt,shredder,"step 3-4: to the ferrous fraction and into the steel melt. The rare earth reports to slag and is LOST as rare earth -- step 4's 0.01 recoverable is not taken [RAWCLIC_BEV_Motor_Recycling_TC_V1.xlsx, TC_2030/2060_Shredder_Route]",2065
F_ndfeb_stream_shr,Layer 2,magnet,F_ree_in_nonferrous_shr,Layer 4,Tb,0.13075657894736842,0.05333333333333333,0.21166666666666667,nonferrous_sorting,shredder,"step 3: fragments carried into the non-ferrous concentrate [RAWCLIC_BEV_Motor_Recycling_TC_V1.xlsx, TC_2030/2060_Shredder_Route]",2065
F_ndfeb_stream_shr,Layer 2,magnet,F_ree_in_asr_shr,Layer 4,Tb,0.22203947368421048,0.12499999999999997,0.38333333333333336,shredder_residue,shredder,"step 3: fines into automotive shredder residue [RAWCLIC_BEV_Motor_Recycling_TC_V1.xlsx, TC_2030/2060_Shredder_Route]",2065
F_ndfeb_stream_shr,Layer 2,magnet,F_loss_shredding_shr,Layer 4,Tb,0.0,0.0,0.5166666666666667,ree_recovery,shredder,"the fates the sheet does not assign [RAWCLIC_BEV_Motor_Recycling_TC_V1.xlsx, TC_2030/2060_Shredder_Route]",2065
F_ndfeb_stream_shr,Layer 2,magnet,F_loss_shredding_shr,Layer 4,rest,1.0,1.0,1.0,ree_recovery,shredder,"Fe, B, Co and the rest of the magnet: not a recovery target here [RAWCLIC_BEV_Motor_Recycling_TC_V1.xlsx, TC_2030/2060_Shredder_Route]",2065
F_cu_stream_shr,Layer 2,copper,F_cu_recovered_shr,Layer 3,copper,0.8083333333333333,0.6933333333333334,0.9083333333333333,cu_recovery,shredder,"step 3: copper to the non-ferrous fraction [RAWCLIC_BEV_Motor_Recycling_TC_V1.xlsx, TC_2030/2060_Shredder_Route]",2065
F_cu_stream_shr,Layer 2,copper,F_loss_metals_shr,Layer 3,copper,0.19166666666666668,0.09166666666666667,0.30666666666666664,cu_recovery,shredder,"lost to residue, mixing and melt [RAWCLIC_BEV_Motor_Recycling_TC_V1.xlsx, TC_2030/2060_Shredder_Route]",2065
F_al_stream_shr,Layer 2,aluminium,F_al_recovered_shr,Layer 3,aluminium,0.8383333333333333,0.7316666666666667,0.9266666666666667,al_recovery,shredder,"step 3: aluminium to the non-ferrous fraction [RAWCLIC_BEV_Motor_Recycling_TC_V1.xlsx, TC_2030/2060_Shredder_Route]",2065
F_al_stream_shr,Layer 2,aluminium,F_loss_metals_shr,Layer 3,aluminium,0.16166666666666668,0.07333333333333333,0.26833333333333337,al_recovery,shredder,"lost to residue, mixing and melt [RAWCLIC_BEV_Motor_Recycling_TC_V1.xlsx, TC_2030/2060_Shredder_Route]",2065
F_steel_stream_shr,Layer 2,lamination,F_steel_recovered_shr,Layer 3,lamination,0.9433333333333332,0.885,0.9816666666666667,steel_recovery,shredder,"step 3: laminations to the ferrous fraction [RAWCLIC_BEV_Motor_Recycling_TC_V1.xlsx, TC_2030/2060_Shredder_Route]",2065
F_steel_stream_shr,Layer 2,lamination,F_loss_metals_shr,Layer 3,lamination,0.056666666666666664,0.018333333333333333,0.11499999999999999,steel_recovery,shredder,"lost to residue, mixing and melt [RAWCLIC_BEV_Motor_Recycling_TC_V1.xlsx, TC_2030/2060_Shredder_Route]",2065
F_steel_stream_shr,Layer 2,steel,F_steel_recovered_shr,Layer 3,steel,0.9433333333333332,0.885,0.9816666666666667,steel_recovery,shredder,"step 3: shaft and gearbox steel to ferrous [RAWCLIC_BEV_Motor_Recycling_TC_V1.xlsx, TC_2030/2060_Shredder_Route]",2065
F_steel_stream_shr,Layer 2,steel,F_loss_metals_shr,Layer 3,steel,0.056666666666666664,0.018333333333333333,0.11499999999999999,steel_recovery,shredder,"lost to residue, mixing and melt [RAWCLIC_BEV_Motor_Recycling_TC_V1.xlsx, TC_2030/2060_Shredder_Route]",2065
F_collected,Layer 1,BEV,F_captured,Layer 2,magnet,0.9333333333333333,0.8599999999999999,0.98,collection,dismantling,"step 1: EoL vehicle collection in 2030 [RAWCLIC_BEV_Motor_Recycling_TC_V1.xlsx, TC_2030/2060_Disassembly_Route]",2070
F_collected,Layer 1,BEV,F_captured,Layer 2,copper,0.9333333333333333,0.8599999999999999,0.98,collection,dismantling,"step 1: EoL vehicle collection in 2030 [RAWCLIC_BEV_Motor_Recycling_TC_V1.xlsx, TC_2030/2060_Disassembly_Route]",2070
F_collected,Layer 1,BEV,F_captured,Layer 2,aluminium,0.9333333333333333,0.8599999999999999,0.98,collection,dismantling,"step 1: EoL vehicle collection in 2030 [RAWCLIC_BEV_Motor_Recycling_TC_V1.xlsx, TC_2030/2060_Disassembly_Route]",2070
F_collected,Layer 1,BEV,F_captured,Layer 2,lamination,0.9333333333333333,0.8599999999999999,0.98,collection,dismantling,"step 1: EoL vehicle collection in 2030 [RAWCLIC_BEV_Motor_Recycling_TC_V1.xlsx, TC_2030/2060_Disassembly_Route]",2070
F_collected,Layer 1,BEV,F_captured,Layer 2,steel,0.9333333333333333,0.8599999999999999,0.98,collection,dismantling,"step 1: EoL vehicle collection in 2030 [RAWCLIC_BEV_Motor_Recycling_TC_V1.xlsx, TC_2030/2060_Disassembly_Route]",2070
F_collected,Layer 1,BEV,F_uncollected,Layer 2,magnet,0.06666666666666668,0.020000000000000004,0.14,collection,dismantling,"not collected: never reaches any treatment [RAWCLIC_BEV_Motor_Recycling_TC_V1.xlsx, TC_2030/2060_Disassembly_Route]",2070
F_collected,Layer 1,BEV,F_uncollected,Layer 2,copper,0.06666666666666668,0.020000000000000004,0.14,collection,dismantling,"not collected: never reaches any treatment [RAWCLIC_BEV_Motor_Recycling_TC_V1.xlsx, TC_2030/2060_Disassembly_Route]",2070
F_collected,Layer 1,BEV,F_uncollected,Layer 2,aluminium,0.06666666666666668,0.020000000000000004,0.14,collection,dismantling,"not collected: never reaches any treatment [RAWCLIC_BEV_Motor_Recycling_TC_V1.xlsx, TC_2030/2060_Disassembly_Route]",2070
F_collected,Layer 1,BEV,F_uncollected,Layer 2,lamination,0.06666666666666668,0.020000000000000004,0.14,collection,dismantling,"not collected: never reaches any treatment [RAWCLIC_BEV_Motor_Recycling_TC_V1.xlsx, TC_2030/2060_Disassembly_Route]",2070
F_collected,Layer 1,BEV,F_uncollected,Layer 2,steel,0.06666666666666668,0.020000000000000004,0.14,collection,dismantling,"not collected: never reaches any treatment [RAWCLIC_BEV_Motor_Recycling_TC_V1.xlsx, TC_2030/2060_Disassembly_Route]",2070
F_captured,Layer 1,BEV,F_removed,Layer 2,magnet,0.9833333333333333,0.9433333333333334,0.9933333333333333,motor_removal,dismantling,"step 2: motor removed from the vehicle in 2030. THIS IS THE FORK -- the share of collected motors taken out whole [RAWCLIC_BEV_Motor_Recycling_TC_V1.xlsx, TC_2030/2060_Disassembly_Route]",2070
F_captured,Layer 1,BEV,F_removed,Layer 2,copper,0.9833333333333333,0.9433333333333334,0.9933333333333333,motor_removal,dismantling,"step 2: motor removed from the vehicle in 2030. THIS IS THE FORK -- the share of collected motors taken out whole [RAWCLIC_BEV_Motor_Recycling_TC_V1.xlsx, TC_2030/2060_Disassembly_Route]",2070
F_captured,Layer 1,BEV,F_removed,Layer 2,aluminium,0.9833333333333333,0.9433333333333334,0.9933333333333333,motor_removal,dismantling,"step 2: motor removed from the vehicle in 2030. THIS IS THE FORK -- the share of collected motors taken out whole [RAWCLIC_BEV_Motor_Recycling_TC_V1.xlsx, TC_2030/2060_Disassembly_Route]",2070
F_captured,Layer 1,BEV,F_removed,Layer 2,lamination,0.9833333333333333,0.9433333333333334,0.9933333333333333,motor_removal,dismantling,"step 2: motor removed from the vehicle in 2030. THIS IS THE FORK -- the share of collected motors taken out whole [RAWCLIC_BEV_Motor_Recycling_TC_V1.xlsx, TC_2030/2060_Disassembly_Route]",2070
F_captured,Layer 1,BEV,F_removed,Layer 2,steel,0.9833333333333333,0.9433333333333334,0.9933333333333333,motor_removal,dismantling,"step 2: motor removed from the vehicle in 2030. THIS IS THE FORK -- the share of collected motors taken out whole [RAWCLIC_BEV_Motor_Recycling_TC_V1.xlsx, TC_2030/2060_Disassembly_Route]",2070
F_captured,Layer 1,BEV,F_shredded,Layer 2,magnet,0.016666666666666663,0.006666666666666668,0.05666666666666667,motor_removal,dismantling,"step 2, the other side: NOT removed, so it stays in the hulk and goes to the shredder. Not a loss -- it travels the other road [RAWCLIC_BEV_Motor_Recycling_TC_V1.xlsx, TC_2030/2060_Disassembly_Route]",2070
F_captured,Layer 1,BEV,F_shredded,Layer 2,copper,0.016666666666666663,0.006666666666666668,0.05666666666666667,motor_removal,dismantling,"step 2, the other side: NOT removed, so it stays in the hulk and goes to the shredder. Not a loss -- it travels the other road [RAWCLIC_BEV_Motor_Recycling_TC_V1.xlsx, TC_2030/2060_Disassembly_Route]",2070
F_captured,Layer 1,BEV,F_shredded,Layer 2,aluminium,0.016666666666666663,0.006666666666666668,0.05666666666666667,motor_removal,dismantling,"step 2, the other side: NOT removed, so it stays in the hulk and goes to the shredder. Not a loss -- it travels the other road [RAWCLIC_BEV_Motor_Recycling_TC_V1.xlsx, TC_2030/2060_Disassembly_Route]",2070
F_captured,Layer 1,BEV,F_shredded,Layer 2,lamination,0.016666666666666663,0.006666666666666668,0.05666666666666667,motor_removal,dismantling,"step 2, the other side: NOT removed, so it stays in the hulk and goes to the shredder. Not a loss -- it travels the other road [RAWCLIC_BEV_Motor_Recycling_TC_V1.xlsx, TC_2030/2060_Disassembly_Route]",2070
F_captured,Layer 1,BEV,F_shredded,Layer 2,steel,0.016666666666666663,0.006666666666666668,0.05666666666666667,motor_removal,dismantling,"step 2, the other side: NOT removed, so it stays in the hulk and goes to the shredder. Not a loss -- it travels the other road [RAWCLIC_BEV_Motor_Recycling_TC_V1.xlsx, TC_2030/2060_Disassembly_Route]",2070
F_removed,Layer 1,BEV,F_magnet_rotor_dis,Layer 2,magnet,0.96,0.9066666666666666,0.99,magnet_extraction,disassembly,"step 3: dehousing, demagnetisation, stream separation [RAWCLIC_BEV_Motor_Recycling_TC_V1.xlsx, TC_2030/2060_Disassembly_Route]",2070
F_removed,Layer 1,BEV,F_loss_preprocessing_dis,Layer 2,magnet,0.04000000000000001,0.010000000000000002,0.09333333333333332,magnet_extraction,disassembly,"not separated at pre-processing [RAWCLIC_BEV_Motor_Recycling_TC_V1.xlsx, TC_2030/2060_Disassembly_Route]",2070
F_removed,Layer 1,BEV,F_cu_stream_dis,Layer 2,copper,0.9766666666666667,0.9400000000000001,0.9933333333333333,winding_separation,disassembly,"step 3: dehousing, demagnetisation, stream separation [RAWCLIC_BEV_Motor_Recycling_TC_V1.xlsx, TC_2030/2060_Disassembly_Route]",2070
F_removed,Layer 1,BEV,F_loss_preprocessing_dis,Layer 2,copper,0.02333333333333333,0.006666666666666668,0.06000000000000001,winding_separation,disassembly,"not separated at pre-processing [RAWCLIC_BEV_Motor_Recycling_TC_V1.xlsx, TC_2030/2060_Disassembly_Route]",2070
F_removed,Layer 1,BEV,F_al_stream_dis,Layer 2,aluminium,0.9866666666666667,0.96,0.99,housing_recovery,disassembly,"step 3: dehousing, demagnetisation, stream separation [RAWCLIC_BEV_Motor_Recycling_TC_V1.xlsx, TC_2030/2060_Disassembly_Route]",2070
F_removed,Layer 1,BEV,F_loss_preprocessing_dis,Layer 2,aluminium,0.013333333333333336,0.01,0.04000000000000001,housing_recovery,disassembly,"not separated at pre-processing [RAWCLIC_BEV_Motor_Recycling_TC_V1.xlsx, TC_2030/2060_Disassembly_Route]",2070
F_removed,Layer 1,BEV,F_steel_stream_dis,Layer 2,lamination,0.96,0.9166666666666667,0.9833333333333333,lamination_recovery,disassembly,"step 3: dehousing, demagnetisation, stream separation [RAWCLIC_BEV_Motor_Recycling_TC_V1.xlsx, TC_2030/2060_Disassembly_Route]",2070
F_removed,Layer 1,BEV,F_loss_preprocessing_dis,Layer 2,lamination,0.04000000000000001,0.01666666666666667,0.08333333333333334,lamination_recovery,disassembly,"not separated at pre-processing [RAWCLIC_BEV_Motor_Recycling_TC_V1.xlsx, TC_2030/2060_Disassembly_Route]",2070
F_removed,Layer 1,BEV,F_steel_stream_dis,Layer 2,steel,0.96,0.9166666666666667,0.9833333333333333,lamination_recovery,disassembly,"step 3: dehousing, demagnetisation, stream separation [RAWCLIC_BEV_Motor_Recycling_TC_V1.xlsx, TC_2030/2060_Disassembly_Route]",2070
F_removed,Layer 1,BEV,F_loss_preprocessing_dis,Layer 2,steel,0.04000000000000001,0.01666666666666667,0.08333333333333334,lamination_recovery,disassembly,"not separated at pre-processing [RAWCLIC_BEV_Motor_Recycling_TC_V1.xlsx, TC_2030/2060_Disassembly_Route]",2070
F_magnet_rotor_dis,Layer 1,BEV,F_magnet_feed_dis,Layer 2,magnet,0.9234,0.8005333333333333,0.9829333333333334,magnet_extraction,disassembly,"steps 4a-5: extraction x decoat and mill [RAWCLIC_BEV_Motor_Recycling_TC_V1.xlsx, TC_2030/2060_Disassembly_Route]",2070
F_magnet_rotor_dis,Layer 1,BEV,F_loss_extraction_dis,Layer 2,magnet,0.0766,0.017066666666666674,0.19946666666666668,magnet_extraction,disassembly,"magnet not liberated [RAWCLIC_BEV_Motor_Recycling_TC_V1.xlsx, TC_2030/2060_Disassembly_Route]",2070
F_magnet_feed_dis,Layer 2,magnet,F_nd_dis,Layer 4,Nd,0.9209959999999999,0.8023199999999999,0.9832026666666667,ree_recovery,hydrometallurgical,"steps 6b-8: leach x solvent extraction x oxide/metal [RAWCLIC_BEV_Motor_Recycling_TC_V1.xlsx, TC_2030/2060_Disassembly_Route]",2070
F_magnet_feed_dis,Layer 2,magnet,F_loss_ree_dis,Layer 4,Nd,0.079004,0.016797333333333345,0.19768000000000002,ree_recovery,hydrometallurgical,"lost in the long loop [RAWCLIC_BEV_Motor_Recycling_TC_V1.xlsx, TC_2030/2060_Disassembly_Route]",2070
F_magnet_feed_dis,Layer 2,magnet,F_pr_dis,Layer 4,Pr,0.8955966666666667,0.76794,0.9764719999999999,ree_recovery,hydrometallurgical,"steps 6b-8: leach x solvent extraction x oxide/metal [RAWCLIC_BEV_Motor_Recycling_TC_V1.xlsx, TC_2030/2060_Disassembly_Route]",2070
F_magnet_feed_dis,Layer 2,magnet,F_loss_ree_dis,Layer 4,Pr,0.10440333333333332,0.023528000000000007,0.23206000000000002,ree_recovery,hydrometallurgical,"lost in the long loop [RAWCLIC_BEV_Motor_Recycling_TC_V1.xlsx, TC_2030/2060_Disassembly_Route]",2070
F_magnet_feed_dis,Layer 2,magnet,F_dy_dis,Layer 4,Dy,0.8890733333333333,0.75576,0.9537686666666666,ree_recovery,hydrometallurgical,"steps 6b-8: leach x solvent extraction x oxide/metal [RAWCLIC_BEV_Motor_Recycling_TC_V1.xlsx, TC_2030/2060_Disassembly_Route]",2070
F_magnet_feed_dis,Layer 2,magnet,F_loss_ree_dis,Layer 4,Dy,0.11092666666666667,0.04623133333333333,0.24423999999999998,ree_recovery,hydrometallurgical,"lost in the long loop [RAWCLIC_BEV_Motor_Recycling_TC_V1.xlsx, TC_2030/2060_Disassembly_Route]",2070
F_magnet_feed_dis,Layer 2,magnet,F_tb_dis,Layer 4,Tb,0.876098,0.7223879999999999,0.960008,ree_recovery,hydrometallurgical,"steps 6b-8: leach x solvent extraction x oxide/metal [RAWCLIC_BEV_Motor_Recycling_TC_V1.xlsx, TC_2030/2060_Disassembly_Route]",2070
F_magnet_feed_dis,Layer 2,magnet,F_loss_ree_dis,Layer 4,Tb,0.12390200000000001,0.039992,0.27761199999999997,ree_recovery,hydrometallurgical,"lost in the long loop [RAWCLIC_BEV_Motor_Recycling_TC_V1.xlsx, TC_2030/2060_Disassembly_Route]",2070
F_magnet_feed_dis,Layer 2,magnet,F_loss_ree_dis,Layer 4,rest,1.0,1.0,1.0,ree_recovery,hydrometallurgical,"Fe, B, Co and the rest of the magnet: not a recovery target here [RAWCLIC_BEV_Motor_Recycling_TC_V1.xlsx, TC_2030/2060_Disassembly_Route]",2070
F_cu_stream_dis,Layer 2,copper,F_cu_recovered_dis,Layer 3,copper,0.9533333333333333,0.9,0.9866666666666667,cu_recovery,metallurgical,"step 9: winding separation and refining [RAWCLIC_BEV_Motor_Recycling_TC_V1.xlsx, TC_2030/2060_Disassembly_Route]",2070
F_cu_stream_dis,Layer 2,copper,F_loss_metals_dis,Layer 3,copper,0.04666666666666666,0.013333333333333336,0.1,cu_recovery,metallurgical,"lost in separation and melting [RAWCLIC_BEV_Motor_Recycling_TC_V1.xlsx, TC_2030/2060_Disassembly_Route]",2070
F_al_stream_dis,Layer 2,aluminium,F_al_recovered_dis,Layer 3,aluminium,0.97,0.9333333333333333,0.9966666666666667,al_recovery,metallurgical,"step 10: housing to secondary aluminium [RAWCLIC_BEV_Motor_Recycling_TC_V1.xlsx, TC_2030/2060_Disassembly_Route]",2070
F_al_stream_dis,Layer 2,aluminium,F_loss_metals_dis,Layer 3,aluminium,0.03,0.0033333333333333375,0.06666666666666668,al_recovery,metallurgical,"lost in separation and melting [RAWCLIC_BEV_Motor_Recycling_TC_V1.xlsx, TC_2030/2060_Disassembly_Route]",2070
F_steel_stream_dis,Layer 2,lamination,F_steel_recovered_dis,Layer 3,lamination,0.9333333333333333,0.8666666666666666,0.9766666666666667,steel_recovery,metallurgical,"step 11: laminations to ferrous scrap [RAWCLIC_BEV_Motor_Recycling_TC_V1.xlsx, TC_2030/2060_Disassembly_Route]",2070
F_steel_stream_dis,Layer 2,lamination,F_loss_metals_dis,Layer 3,lamination,0.06666666666666668,0.02333333333333333,0.13333333333333333,steel_recovery,metallurgical,"lost in separation and melting [RAWCLIC_BEV_Motor_Recycling_TC_V1.xlsx, TC_2030/2060_Disassembly_Route]",2070
F_steel_stream_dis,Layer 2,steel,F_steel_recovered_dis,Layer 3,steel,0.9333333333333333,0.8666666666666666,0.9766666666666667,steel_recovery,metallurgical,"step 11: shaft and gearbox steel to ferrous scrap [RAWCLIC_BEV_Motor_Recycling_TC_V1.xlsx, TC_2030/2060_Disassembly_Route]",2070
F_steel_stream_dis,Layer 2,steel,F_loss_metals_dis,Layer 3,steel,0.06666666666666668,0.02333333333333333,0.13333333333333333,steel_recovery,metallurgical,"lost in separation and melting [RAWCLIC_BEV_Motor_Recycling_TC_V1.xlsx, TC_2030/2060_Disassembly_Route]",2070
F_shredded,Layer 1,BEV,F_ndfeb_stream_shr,Layer 2,magnet,0.98,0.95,1.0,shredder_feed,shredder,"step 2, shredder route: motor to shredder feed, then sorted, in 2030 [RAWCLIC_BEV_Motor_Recycling_TC_V1.xlsx, TC_2030/2060_Shredder_Route]",2070
F_shredded,Layer 1,BEV,F_loss_unfed_shr,Layer 2,magnet,0.02,0.0,0.05,shredder_feed,shredder,"not fed to the shredder [RAWCLIC_BEV_Motor_Recycling_TC_V1.xlsx, TC_2030/2060_Shredder_Route]",2070
F_shredded,Layer 1,BEV,F_cu_stream_shr,Layer 2,copper,0.98,0.95,1.0,shredder_feed,shredder,"step 2, shredder route: motor to shredder feed, then sorted, in 2030 [RAWCLIC_BEV_Motor_Recycling_TC_V1.xlsx, TC_2030/2060_Shredder_Route]",2070
F_shredded,Layer 1,BEV,F_loss_unfed_shr,Layer 2,copper,0.02,0.0,0.05,shredder_feed,shredder,"not fed to the shredder [RAWCLIC_BEV_Motor_Recycling_TC_V1.xlsx, TC_2030/2060_Shredder_Route]",2070
F_shredded,Layer 1,BEV,F_al_stream_shr,Layer 2,aluminium,0.98,0.95,1.0,shredder_feed,shredder,"step 2, shredder route: motor to shredder feed, then sorted, in 2030 [RAWCLIC_BEV_Motor_Recycling_TC_V1.xlsx, TC_2030/2060_Shredder_Route]",2070
F_shredded,Layer 1,BEV,F_loss_unfed_shr,Layer 2,aluminium,0.02,0.0,0.05,shredder_feed,shredder,"not fed to the shredder [RAWCLIC_BEV_Motor_Recycling_TC_V1.xlsx, TC_2030/2060_Shredder_Route]",2070
F_shredded,Layer 1,BEV,F_steel_stream_shr,Layer 2,lamination,0.98,0.95,1.0,shredder_feed,shredder,"step 2, shredder route: motor to shredder feed, then sorted, in 2030 [RAWCLIC_BEV_Motor_Recycling_TC_V1.xlsx, TC_2030/2060_Shredder_Route]",2070
F_shredded,Layer 1,BEV,F_loss_unfed_shr,Layer 2,lamination,0.02,0.0,0.05,shredder_feed,shredder,"not fed to the shredder [RAWCLIC_BEV_Motor_Recycling_TC_V1.xlsx, TC_2030/2060_Shredder_Route]",2070
F_shredded,Layer 1,BEV,F_steel_stream_shr,Layer 2,steel,0.98,0.95,1.0,shredder_feed,shredder,"step 2, shredder route: motor to shredder feed, then sorted, in 2030 [RAWCLIC_BEV_Motor_Recycling_TC_V1.xlsx, TC_2030/2060_Shredder_Route]",2070
F_shredded,Layer 1,BEV,F_loss_unfed_shr,Layer 2,steel,0.02,0.0,0.05,shredder_feed,shredder,"not fed to the shredder [RAWCLIC_BEV_Motor_Recycling_TC_V1.xlsx, TC_2030/2060_Shredder_Route]",2070
F_ndfeb_stream_shr,Layer 2,magnet,F_nd_shr,Layer 4,Nd,0.38311688311688313,0.19999999999999998,0.65,ree_recovery,shredder,"step 3: NdFeB to recovered rare earth, end to end [RAWCLIC_BEV_Motor_Recycling_TC_V1.xlsx, TC_2030/2060_Shredder_Route]",2070
F_ndfeb_stream_shr,Layer 2,magnet,F_ree_in_steel_shr,Layer 4,Nd,0.29545454545454547,0.12000000000000002,0.48333333333333334,steel_melt,shredder,"step 3-4: to the ferrous fraction and into the steel melt. The rare earth reports to slag and is LOST as rare earth -- step 4's 0.01 recoverable is not taken [RAWCLIC_BEV_Motor_Recycling_TC_V1.xlsx, TC_2030/2060_Shredder_Route]",2070
F_ndfeb_stream_shr,Layer 2,magnet,F_ree_in_nonferrous_shr,Layer 4,Nd,0.12662337662337664,0.04666666666666666,0.21333333333333332,nonferrous_sorting,shredder,"step 3: fragments carried into the non-ferrous concentrate [RAWCLIC_BEV_Motor_Recycling_TC_V1.xlsx, TC_2030/2060_Shredder_Route]",2070
F_ndfeb_stream_shr,Layer 2,magnet,F_ree_in_asr_shr,Layer 4,Nd,0.19480519480519481,0.1,0.3666666666666667,shredder_residue,shredder,"step 3: fines into automotive shredder residue [RAWCLIC_BEV_Motor_Recycling_TC_V1.xlsx, TC_2030/2060_Shredder_Route]",2070
F_ndfeb_stream_shr,Layer 2,magnet,F_loss_shredding_shr,Layer 4,Nd,0.0,0.0,0.5333333333333333,ree_recovery,shredder,"the fates the sheet does not assign [RAWCLIC_BEV_Motor_Recycling_TC_V1.xlsx, TC_2030/2060_Shredder_Route]",2070
F_ndfeb_stream_shr,Layer 2,magnet,F_pr_shr,Layer 4,Pr,0.38311688311688313,0.19999999999999998,0.65,ree_recovery,shredder,"step 3: NdFeB to recovered rare earth, end to end [RAWCLIC_BEV_Motor_Recycling_TC_V1.xlsx, TC_2030/2060_Shredder_Route]",2070
F_ndfeb_stream_shr,Layer 2,magnet,F_ree_in_steel_shr,Layer 4,Pr,0.29545454545454547,0.12000000000000002,0.48333333333333334,steel_melt,shredder,"step 3-4: to the ferrous fraction and into the steel melt. The rare earth reports to slag and is LOST as rare earth -- step 4's 0.01 recoverable is not taken [RAWCLIC_BEV_Motor_Recycling_TC_V1.xlsx, TC_2030/2060_Shredder_Route]",2070
F_ndfeb_stream_shr,Layer 2,magnet,F_ree_in_nonferrous_shr,Layer 4,Pr,0.12662337662337664,0.04666666666666666,0.21333333333333332,nonferrous_sorting,shredder,"step 3: fragments carried into the non-ferrous concentrate [RAWCLIC_BEV_Motor_Recycling_TC_V1.xlsx, TC_2030/2060_Shredder_Route]",2070
F_ndfeb_stream_shr,Layer 2,magnet,F_ree_in_asr_shr,Layer 4,Pr,0.19480519480519481,0.1,0.3666666666666667,shredder_residue,shredder,"step 3: fines into automotive shredder residue [RAWCLIC_BEV_Motor_Recycling_TC_V1.xlsx, TC_2030/2060_Shredder_Route]",2070
F_ndfeb_stream_shr,Layer 2,magnet,F_loss_shredding_shr,Layer 4,Pr,0.0,0.0,0.5333333333333333,ree_recovery,shredder,"the fates the sheet does not assign [RAWCLIC_BEV_Motor_Recycling_TC_V1.xlsx, TC_2030/2060_Shredder_Route]",2070
F_ndfeb_stream_shr,Layer 2,magnet,F_dy_shr,Layer 4,Dy,0.38311688311688313,0.19999999999999998,0.65,ree_recovery,shredder,"step 3: NdFeB to recovered rare earth, end to end [RAWCLIC_BEV_Motor_Recycling_TC_V1.xlsx, TC_2030/2060_Shredder_Route]",2070
F_ndfeb_stream_shr,Layer 2,magnet,F_ree_in_steel_shr,Layer 4,Dy,0.29545454545454547,0.12000000000000002,0.48333333333333334,steel_melt,shredder,"step 3-4: to the ferrous fraction and into the steel melt. The rare earth reports to slag and is LOST as rare earth -- step 4's 0.01 recoverable is not taken [RAWCLIC_BEV_Motor_Recycling_TC_V1.xlsx, TC_2030/2060_Shredder_Route]",2070
F_ndfeb_stream_shr,Layer 2,magnet,F_ree_in_nonferrous_shr,Layer 4,Dy,0.12662337662337664,0.04666666666666666,0.21333333333333332,nonferrous_sorting,shredder,"step 3: fragments carried into the non-ferrous concentrate [RAWCLIC_BEV_Motor_Recycling_TC_V1.xlsx, TC_2030/2060_Shredder_Route]",2070
F_ndfeb_stream_shr,Layer 2,magnet,F_ree_in_asr_shr,Layer 4,Dy,0.19480519480519481,0.1,0.3666666666666667,shredder_residue,shredder,"step 3: fines into automotive shredder residue [RAWCLIC_BEV_Motor_Recycling_TC_V1.xlsx, TC_2030/2060_Shredder_Route]",2070
F_ndfeb_stream_shr,Layer 2,magnet,F_loss_shredding_shr,Layer 4,Dy,0.0,0.0,0.5333333333333333,ree_recovery,shredder,"the fates the sheet does not assign [RAWCLIC_BEV_Motor_Recycling_TC_V1.xlsx, TC_2030/2060_Shredder_Route]",2070
F_ndfeb_stream_shr,Layer 2,magnet,F_tb_shr,Layer 4,Tb,0.38311688311688313,0.19999999999999998,0.65,ree_recovery,shredder,"step 3: NdFeB to recovered rare earth, end to end [RAWCLIC_BEV_Motor_Recycling_TC_V1.xlsx, TC_2030/2060_Shredder_Route]",2070
F_ndfeb_stream_shr,Layer 2,magnet,F_ree_in_steel_shr,Layer 4,Tb,0.29545454545454547,0.12000000000000002,0.48333333333333334,steel_melt,shredder,"step 3-4: to the ferrous fraction and into the steel melt. The rare earth reports to slag and is LOST as rare earth -- step 4's 0.01 recoverable is not taken [RAWCLIC_BEV_Motor_Recycling_TC_V1.xlsx, TC_2030/2060_Shredder_Route]",2070
F_ndfeb_stream_shr,Layer 2,magnet,F_ree_in_nonferrous_shr,Layer 4,Tb,0.12662337662337664,0.04666666666666666,0.21333333333333332,nonferrous_sorting,shredder,"step 3: fragments carried into the non-ferrous concentrate [RAWCLIC_BEV_Motor_Recycling_TC_V1.xlsx, TC_2030/2060_Shredder_Route]",2070
F_ndfeb_stream_shr,Layer 2,magnet,F_ree_in_asr_shr,Layer 4,Tb,0.19480519480519481,0.1,0.3666666666666667,shredder_residue,shredder,"step 3: fines into automotive shredder residue [RAWCLIC_BEV_Motor_Recycling_TC_V1.xlsx, TC_2030/2060_Shredder_Route]",2070
F_ndfeb_stream_shr,Layer 2,magnet,F_loss_shredding_shr,Layer 4,Tb,0.0,0.0,0.5333333333333333,ree_recovery,shredder,"the fates the sheet does not assign [RAWCLIC_BEV_Motor_Recycling_TC_V1.xlsx, TC_2030/2060_Shredder_Route]",2070
F_ndfeb_stream_shr,Layer 2,magnet,F_loss_shredding_shr,Layer 4,rest,1.0,1.0,1.0,ree_recovery,shredder,"Fe, B, Co and the rest of the magnet: not a recovery target here [RAWCLIC_BEV_Motor_Recycling_TC_V1.xlsx, TC_2030/2060_Shredder_Route]",2070
F_cu_stream_shr,Layer 2,copper,F_cu_recovered_shr,Layer 3,copper,0.8166666666666668,0.7066666666666668,0.9166666666666667,cu_recovery,shredder,"step 3: copper to the non-ferrous fraction [RAWCLIC_BEV_Motor_Recycling_TC_V1.xlsx, TC_2030/2060_Shredder_Route]",2070
F_cu_stream_shr,Layer 2,copper,F_loss_metals_shr,Layer 3,copper,0.18333333333333335,0.08333333333333334,0.29333333333333333,cu_recovery,shredder,"lost to residue, mixing and melt [RAWCLIC_BEV_Motor_Recycling_TC_V1.xlsx, TC_2030/2060_Shredder_Route]",2070
F_al_stream_shr,Layer 2,aluminium,F_al_recovered_shr,Layer 3,aluminium,0.8466666666666666,0.7433333333333333,0.9333333333333333,al_recovery,shredder,"step 3: aluminium to the non-ferrous fraction [RAWCLIC_BEV_Motor_Recycling_TC_V1.xlsx, TC_2030/2060_Shredder_Route]",2070
F_al_stream_shr,Layer 2,aluminium,F_loss_metals_shr,Layer 3,aluminium,0.15333333333333335,0.06666666666666668,0.2566666666666667,al_recovery,shredder,"lost to residue, mixing and melt [RAWCLIC_BEV_Motor_Recycling_TC_V1.xlsx, TC_2030/2060_Shredder_Route]",2070
F_steel_stream_shr,Layer 2,lamination,F_steel_recovered_shr,Layer 3,lamination,0.9466666666666665,0.89,0.9833333333333333,steel_recovery,shredder,"step 3: laminations to the ferrous fraction [RAWCLIC_BEV_Motor_Recycling_TC_V1.xlsx, TC_2030/2060_Shredder_Route]",2070
F_steel_stream_shr,Layer 2,lamination,F_loss_metals_shr,Layer 3,lamination,0.05333333333333333,0.01666666666666667,0.11,steel_recovery,shredder,"lost to residue, mixing and melt [RAWCLIC_BEV_Motor_Recycling_TC_V1.xlsx, TC_2030/2060_Shredder_Route]",2070
F_steel_stream_shr,Layer 2,steel,F_steel_recovered_shr,Layer 3,steel,0.9466666666666665,0.89,0.9833333333333333,steel_recovery,shredder,"step 3: shaft and gearbox steel to ferrous [RAWCLIC_BEV_Motor_Recycling_TC_V1.xlsx, TC_2030/2060_Shredder_Route]",2070
F_steel_stream_shr,Layer 2,steel,F_loss_metals_shr,Layer 3,steel,0.05333333333333333,0.01666666666666667,0.11,steel_recovery,shredder,"lost to residue, mixing and melt [RAWCLIC_BEV_Motor_Recycling_TC_V1.xlsx, TC_2030/2060_Shredder_Route]",2070
