dataEntryID,processID,descriptionFromDataSource,processLevel,processKey,TCtype,Input_FlowID,Input_layer,Input_layer_key,Output_FlowID,TC_target_layer,TC_target_key,value,valueLowerLimit,uncertainty%,Factors that influence the TC,Year,dataQuality,valueGeneration,reference,referenceURL,family,scenario
1,1,Mechanical processing,ProcessLvl1,mechanical recovery processes,Fragmentation,BATT_ZnAlkaliSorted,BATT_ProductLvl1,battZn,BATT_2RM_mechRecZnAlkali,MaterialLvl1,ferrousMetals1,0.98,,±5%,OBS/BAU/REC/CIR,2010,1.0,calc,"[Rombach et al., 2016]",https://www.researchgate.net/publication/265974503_Recycling_Efficiency_of_the_reprocessing_of_primary_batteries,mechanical,OBS/BAU/REC/CIR
2,1,Mechanical processing,ProcessLvl1,mechanical recovery processes,Fragmentation,BATT_ZnAlkaliSorted,BATT_ProductLvl1,battZn,BATT_ZnAlkaliBlackMass,ElementLvl1,Mn,0.99,,±5%,OBS/BAU/REC/CIR,2010,1.0,calc,"[Rombach et al., 2016]",https://www.researchgate.net/publication/265974503_Recycling_Efficiency_of_the_reprocessing_of_primary_batteries,mechanical,OBS/BAU/REC/CIR
3,1,Mechanical processing,ProcessLvl1,mechanical recovery processes,Fragmentation,BATT_ZnAlkaliSorted,BATT_ProductLvl1,battZn,BATT_ZnAlkaliBlackMass,ElementLvl1,Zn,0.99,,±5%,OBS/BAU/REC/CIR,2010,1.0,calc,"[Rombach et al., 2016]",https://www.researchgate.net/publication/265974503_Recycling_Efficiency_of_the_reprocessing_of_primary_batteries,mechanical,OBS/BAU/REC/CIR
4,1,Mechanical processing,ProcessLvl1,mechanical recovery processes,Fragmentation,BATT_ZnAlkaliSorted,BATT_ProductLvl1,battZn,BATT_ZnAlkaliBlackMass,ElementLvl1,Hg,0.95,,±15%,OBS/BAU/REC/CIR,2010,2.5,est,"Assumption, no reference",,mechanical,OBS/BAU/REC/CIR
5,1,Mechanical processing,ProcessLvl1,mechanical recovery processes,Fragmentation,BATT_ZnAlkaliSorted,BATT_ProductLvl1,battZn,BATT_ZnAlkaliBlackMass,ElementLvl1,Ag,0.95,,±15%,OBS/BAU/REC/CIR,2010,2.5,est,"Assumption, no reference",,mechanical,OBS/BAU/REC/CIR
6,2,Waelz kiln process,ProcessLvl1,thermal recovery processes,Transformation,BATT_ZnAlkaliBlackMass,,,BATT_ZnAlkaliUnwashed,ElementLvl1,Mn,0.04,,±5%,OBS/BAU/REC/CIR,2010,1.0,calc,"[Rombach et al., 2016]",https://www.researchgate.net/publication/265974503_Recycling_Efficiency_of_the_reprocessing_of_primary_batteries,thermal,OBS/BAU/REC/CIR
7,2,Waelz kiln process,ProcessLvl1,thermal recovery processes,Transformation,BATT_ZnAlkaliBlackMass,,,BATT_ZnAlkaliUnwashed,ElementLvl1,Zn,0.95,,±5%,OBS/BAU/REC/CIR,2010,1.0,calc,"[Rombach et al., 2016]",https://www.researchgate.net/publication/265974503_Recycling_Efficiency_of_the_reprocessing_of_primary_batteries,thermal,OBS/BAU/REC/CIR
8,2,Waelz kiln process,ProcessLvl1,thermal recovery processes,Transformation,BATT_ZnAlkaliBlackMass,,,BATT_ZnAlkaliUnwashed,ElementLvl1,Ag,0.99,,±15%,OBS/BAU/REC/CIR,2010,2.5,est,"Assumption, no reference",,thermal,OBS/BAU/REC/CIR
9,2,Waelz kiln process,ProcessLvl1,thermal recovery processes,Transformation,BATT_ZnAlkaliBlackMass,,,BATT_slagsAndSludgesZnAlkali,ElementLvl1,Mn,0.96,,±5%,OBS/BAU/REC/CIR,2010,1.0,calc,"[Rombach et al., 2016]",https://www.researchgate.net/publication/265974503_Recycling_Efficiency_of_the_reprocessing_of_primary_batteries,thermal,OBS/BAU/REC/CIR
10,2,Waelz kiln process,ProcessLvl1,thermal recovery processes,Transformation,BATT_ZnAlkaliBlackMass,,,BATT_slagsAndSludgesZnAlkali,ElementLvl1,Zn,0.05,,±5%,OBS/BAU/REC/CIR,2010,1.0,calc,"[Rombach et al., 2016]",https://www.researchgate.net/publication/265974503_Recycling_Efficiency_of_the_reprocessing_of_primary_batteries,thermal,OBS/BAU/REC/CIR
11,2,Waelz kiln process,ProcessLvl1,thermal recovery processes,Transformation,BATT_ZnAlkaliBlackMass,,,BATT_2RM_therRecHg,ElementLvl1,Hg,0.99,,±15%,OBS/BAU/REC/CIR,2010,2.5,est,"Assumption, no reference",,thermal,OBS/BAU/REC/CIR
12,3,Zn-electrowinning,ProcessLvl1,chemical recovery processes,Transformation,BATT_ZnAlkaliUnwashed,,,BATT_2RM_refinedZn/Ag,ElementLvl1,Zn,0.98,,±5%,OBS/BAU/REC/CIR,2010,1.0,calc,"[Rombach et al., 2016]",https://www.researchgate.net/publication/265974503_Recycling_Efficiency_of_the_reprocessing_of_primary_batteries,hydro,OBS/BAU/REC/CIR
13,3,Zn-electrowinning,ProcessLvl1,chemical recovery processes,Transformation,BATT_ZnAlkaliUnwashed,,,BATT_2RM_refinedZn/Ag,ElementLvl1,Ag,0.985,,±10%,OBS/BAU/REC/CIR,2010,2.0,calc,"[Lundström et al., 2020]",https://pubs.acs.org/doi/abs/10.1021/acssuschemeng.0c04701,hydro,OBS/BAU/REC/CIR
14,1,Mechanical processing,ProcessLvl1,mechanical recovery processes,Fragmentation,BATT_ZnAlkaliSorted,BATT_ProductLvl1,battZn,BATT_Losses_mechRecZnAlkali,MaterialLvl1,ferrousMetals1,0.02,,±5%,OBS/BAU/REC/CIR,2010,1.0,calc,"[Rombach et al., 2016]",https://www.researchgate.net/publication/265974503_Recycling_Efficiency_of_the_reprocessing_of_primary_batteries,mechanical,OBS/BAU/REC/CIR
15,1,Mechanical processing,ProcessLvl1,mechanical recovery processes,Fragmentation,BATT_ZnAlkaliSorted,BATT_ProductLvl1,battZn,BATT_Losses_ZnAlkaliBlackMass,ElementLvl1,Mn,0.01,,±5%,OBS/BAU/REC/CIR,2010,1.0,calc,"[Rombach et al., 2016]",https://www.researchgate.net/publication/265974503_Recycling_Efficiency_of_the_reprocessing_of_primary_batteries,mechanical,OBS/BAU/REC/CIR
16,1,Mechanical processing,ProcessLvl1,mechanical recovery processes,Fragmentation,BATT_ZnAlkaliSorted,BATT_ProductLvl1,battZn,BATT_Losses_ZnAlkaliBlackMass,ElementLvl1,Zn,0.01,,±5%,OBS/BAU/REC/CIR,2010,1.0,calc,"[Rombach et al., 2016]",https://www.researchgate.net/publication/265974503_Recycling_Efficiency_of_the_reprocessing_of_primary_batteries,mechanical,OBS/BAU/REC/CIR
17,1,Mechanical processing,ProcessLvl1,mechanical recovery processes,Fragmentation,BATT_ZnAlkaliSorted,BATT_ProductLvl1,battZn,BATT_Losses_ZnAlkaliBlackMass,ElementLvl1,Hg,0.05,,±15%,OBS/BAU/REC/CIR,2010,2.5,est,"Assumption, no reference",,mechanical,OBS/BAU/REC/CIR
18,1,Mechanical processing,ProcessLvl1,mechanical recovery processes,Fragmentation,BATT_ZnAlkaliSorted,BATT_ProductLvl1,battZn,BATT_Losses_ZnAlkaliBlackMass,ElementLvl1,Ag,0.05,,±15%,OBS/BAU/REC/CIR,2010,2.5,est,"Assumption, no reference",,mechanical,OBS/BAU/REC/CIR
19,2,Waelz kiln process,ProcessLvl1,thermal recovery processes,Transformation,BATT_ZnAlkaliBlackMass,,,BATT_Losses_ZnAlkaliUnwashed,ElementLvl1,Ag,0.01,,±15%,OBS/BAU/REC/CIR,2010,2.5,est,"Assumption, no reference",,thermal,OBS/BAU/REC/CIR
20,2,Waelz kiln process,ProcessLvl1,thermal recovery processes,Transformation,BATT_ZnAlkaliBlackMass,,,BATT_Losses_therRecHg,ElementLvl1,Hg,0.01,,±15%,OBS/BAU/REC/CIR,2010,2.5,est,"Assumption, no reference",,thermal,OBS/BAU/REC/CIR
21,3,Zn-electrowinning,ProcessLvl1,chemical recovery processes,Transformation,BATT_ZnAlkaliUnwashed,,,BATT_Losses_refinedZn/Ag,ElementLvl1,Zn,0.02,,±5%,OBS/BAU/REC/CIR,2010,1.0,calc,"[Rombach et al., 2016]",https://www.researchgate.net/publication/265974503_Recycling_Efficiency_of_the_reprocessing_of_primary_batteries,hydro,OBS/BAU/REC/CIR
22,3,Zn-electrowinning,ProcessLvl1,chemical recovery processes,Transformation,BATT_ZnAlkaliUnwashed,,,BATT_Losses_refinedZn/Ag,ElementLvl1,Ag,0.015,,±10%,OBS/BAU/REC/CIR,2010,2.0,calc,Losses calculated from reference value [Lundström et al. 2020],https://pubs.acs.org/doi/abs/10.1021/acssuschemeng.0c04701,hydro,OBS/BAU/REC/CIR
23,1,Breaking and separating,ProcessLvl1,mechanical recovery processes,Fragmentation,BATT_LeadAcidSorted,BATT_ProductLvl1,battPb,BATT_2RM_mechRecLeadAcid,ComponentLvl1,batteryCellElectrolyte1,0.95,,±15%,OBS/BAU/REC/CIR,2010,2.5,est,"Assumption, no reference",,mechanical,OBS/BAU/REC/CIR
24,1,Breaking and separating,ProcessLvl1,mechanical recovery processes,Fragmentation,BATT_LeadAcidSorted,BATT_ProductLvl1,battPb,BATT_2RM_mechRecLeadAcid,ComponentLvl1,batteryCellCasing1,0.95,,±15%,OBS/BAU/REC/CIR,2010,2.5,est,"Assumption, no reference",,mechanical,OBS/BAU/REC/CIR
25,1,Breaking and separating,ProcessLvl1,mechanical recovery processes,Fragmentation,BATT_LeadAcidSorted,BATT_ProductLvl1,battPb,BATT_2RM_mechRecLeadAcid,ComponentLvl2,batteryCellSeparator2,0.0,,±15%,OBS/BAU/REC/CIR,2010,2.5,est,"Assumption, no reference",,mechanical,OBS/BAU/REC/CIR
26,1,Breaking and separating,ProcessLvl1,mechanical recovery processes,Fragmentation,BATT_LeadAcidSorted,BATT_ProductLvl1,battPb,BATT_LeadAcidPbPaste,ComponentLvl2,anodeActiveMaterial,0.95,,±15%,OBS/BAU/REC/CIR,2010,2.5,est,"Assumption, no reference",,mechanical,OBS/BAU/REC/CIR
27,1,Breaking and separating,ProcessLvl1,mechanical recovery processes,Fragmentation,BATT_LeadAcidSorted,BATT_ProductLvl1,battPb,BATT_LeadAcidPbPaste,ComponentLvl2,anodeAndCathodeActiveMaterial,0.95,,±15%,OBS/BAU/REC/CIR,2010,2.5,est,"Assumption, no reference",,mechanical,OBS/BAU/REC/CIR
28,1,Breaking and separating,ProcessLvl1,mechanical recovery processes,Fragmentation,BATT_LeadAcidSorted,BATT_ProductLvl1,battPb,BATT_LeadAcidPbPaste,ComponentLvl2,cathodeActiveMaterial,0.95,,±15%,OBS/BAU/REC/CIR,2010,2.5,est,"Assumption, no reference",,mechanical,OBS/BAU/REC/CIR
29,1,Breaking and separating,ProcessLvl1,mechanical recovery processes,Fragmentation,BATT_LeadAcidSorted,BATT_ProductLvl1,battPb,BATT_LeadAcidPbPaste,ComponentLvl2,currentCollectorAnodeAndCathode,0.95,,±15%,OBS/BAU/REC/CIR,2010,2.5,est,"Assumption, no reference",,mechanical,OBS/BAU/REC/CIR
30,2,Thermal recovery (rotary furnance),ProcessLvl1,thermal recovery processes,Transformation,BATT_LeadAcidPbPaste,,,BATT_2RM_crudeLeadAntimonyAlloy,ElementLvl1,Pb,0.98,,±5%,OBS/BAU/REC/CIR,2010,1.0,meas,"[Wu et al., 2017]",https://www.sciencedirect.com/science/article/abs/pii/S095965261632234X,thermal,OBS/BAU/REC/CIR
31,2,Thermal recovery (rotary furnance),ProcessLvl1,thermal recovery processes,Transformation,BATT_LeadAcidPbPaste,,,BATT_2RM_crudeLeadAntimonyAlloy,ElementLvl1,Sb,0.98,,±5%,OBS/BAU/REC/CIR,2010,1.0,meas,"[Wu et al., 2017]",https://www.sciencedirect.com/science/article/abs/pii/S095965261632234X,thermal,OBS/BAU/REC/CIR
32,2,Thermal recovery (rotary furnance),ProcessLvl1,thermal recovery processes,Transformation,BATT_LeadAcidPbPaste,,,BATT_slagsAndSludgesLeadAcid,ElementLvl1,Pb,0.015,,±5%,OBS/BAU/REC/CIR,2010,1.0,calc,"[Wu et al., 2017]",https://www.sciencedirect.com/science/article/abs/pii/S095965261632234X,thermal,OBS/BAU/REC/CIR
33,2,Thermal recovery (rotary furnance),ProcessLvl1,thermal recovery processes,Transformation,BATT_LeadAcidPbPaste,,,BATT_2RM_therRecLeadDust,ElementLvl1,Pb,0.005,,±5%,OBS/BAU/REC/CIR,2010,1.0,calc,"[Wu et al., 2017]",https://www.sciencedirect.com/science/article/abs/pii/S095965261632234X,thermal,OBS/BAU/REC/CIR
34,1,Breaking and separating,ProcessLvl1,mechanical recovery processes,Fragmentation,BATT_LeadAcidSorted,BATT_ProductLvl1,battPb,BATT_Losses_mechRecLeadAcid,ComponentLvl1,batteryCellElectrolyte1,0.05,,±15%,OBS/BAU/REC/CIR,2010,2.5,est,"Assumption, no reference",,mechanical,OBS/BAU/REC/CIR
35,1,Breaking and separating,ProcessLvl1,mechanical recovery processes,Fragmentation,BATT_LeadAcidSorted,BATT_ProductLvl1,battPb,BATT_Losses_mechRecLeadAcid,ComponentLvl1,batteryCellCasing1,0.05,,±15%,OBS/BAU/REC/CIR,2010,2.5,est,"Assumption, no reference",,mechanical,OBS/BAU/REC/CIR
36,1,Breaking and separating,ProcessLvl1,mechanical recovery processes,Fragmentation,BATT_LeadAcidSorted,BATT_ProductLvl1,battPb,BATT_Losses_LeadAcidPbPaste,ComponentLvl2,anodeActiveMaterial,0.05,,±15%,OBS/BAU/REC/CIR,2010,2.5,est,"Assumption, no reference",,mechanical,OBS/BAU/REC/CIR
37,1,Breaking and separating,ProcessLvl1,mechanical recovery processes,Fragmentation,BATT_LeadAcidSorted,BATT_ProductLvl1,battPb,BATT_Losses_LeadAcidPbPaste,ComponentLvl2,anodeAndCathodeActiveMaterial,0.05,,±15%,OBS/BAU/REC/CIR,2010,2.5,est,"Assumption, no reference",,mechanical,OBS/BAU/REC/CIR
38,1,Breaking and separating,ProcessLvl1,mechanical recovery processes,Fragmentation,BATT_LeadAcidSorted,BATT_ProductLvl1,battPb,BATT_Losses_LeadAcidPbPaste,ComponentLvl2,cathodeActiveMaterial,0.05,,±15%,OBS/BAU/REC/CIR,2010,2.5,est,"Assumption, no reference",,mechanical,OBS/BAU/REC/CIR
39,1,Breaking and separating,ProcessLvl1,mechanical recovery processes,Fragmentation,BATT_LeadAcidSorted,BATT_ProductLvl1,battPb,BATT_Losses_LeadAcidPbPaste,ComponentLvl2,currentCollectorAnodeAndCathode,0.05,,±15%,OBS/BAU/REC/CIR,2010,2.5,est,"Assumption, no reference",,mechanical,OBS/BAU/REC/CIR
40,2,Thermal recovery (rotary furnance),ProcessLvl1,thermal recovery processes,Transformation,BATT_LeadAcidPbPaste,,,BATT_Losses_crudeLeadAntimonyAlloy,ElementLvl1,Sb,0.02,,±5%,OBS/BAU/REC/CIR,2010,1.0,calc,"Losses calculated from reference value [Wu et al., 2017]",https://www.sciencedirect.com/science/article/abs/pii/S095965261632234X,thermal,OBS/BAU/REC/CIR
41,1,Breaking and separating,ProcessLvl1,mechanical recovery processes,Fragmentation,BATT_NiCdSorted,BATT_ProductLvl1,battNiCd,BATT_2RM_mechRecNiCd,ComponentLvl1,batteryCellCasing1,0.95,,±15%,OBS/BAU/REC/CIR,2010,2.5,est,"Assumption, no reference",,mechanical,OBS/BAU/REC/CIR
42,1,Breaking and separating,ProcessLvl1,mechanical recovery processes,Fragmentation,BATT_NiCdSorted,BATT_ProductLvl1,battNiCd,BATT_2RM_mechRecNiCd,ComponentLvl1,batteryCellElectrolyte1,0.0,,±15%,OBS/BAU/REC/CIR,2010,2.5,est,"Assumption, no reference",,mechanical,OBS/BAU/REC/CIR
43,1,Breaking and separating,ProcessLvl1,mechanical recovery processes,Fragmentation,BATT_NiCdSorted,BATT_ProductLvl1,battNiCd,BATT_NiCdBlackMass,ComponentLvl1,batteryCellAnode,0.95,,±15%,OBS/BAU/REC/CIR,2010,2.5,est,"Assumption, no reference",,mechanical,OBS/BAU/REC/CIR
44,1,Breaking and separating,ProcessLvl1,mechanical recovery processes,Fragmentation,BATT_NiCdSorted,BATT_ProductLvl1,battNiCd,BATT_NiCdBlackMass,ComponentLvl2,currentCollectorAnode,0.95,,±15%,OBS/BAU/REC/CIR,2010,2.5,est,"Assumption, no reference",,mechanical,OBS/BAU/REC/CIR
45,1,Breaking and separating,ProcessLvl1,mechanical recovery processes,Fragmentation,BATT_NiCdSorted,BATT_ProductLvl1,battNiCd,BATT_NiCdBlackMass,ComponentLvl2,cathodeAdditive,0.95,,±15%,OBS/BAU/REC/CIR,2010,2.5,est,"Assumption, no reference",,mechanical,OBS/BAU/REC/CIR
46,1,Breaking and separating,ProcessLvl1,mechanical recovery processes,Fragmentation,BATT_NiCdSorted,BATT_ProductLvl1,battNiCd,BATT_NiCdBlackMass,ComponentLvl2,currentCollectorCathode,0.95,,±15%,OBS/BAU/REC/CIR,2010,2.5,est,"Assumption, no reference",,mechanical,OBS/BAU/REC/CIR
47,1,Breaking and separating,ProcessLvl1,mechanical recovery processes,Fragmentation,BATT_NiCdSorted,BATT_ProductLvl1,battNiCd,BATT_NiCdBlackMass,ComponentLvl1,batteryCellCathode,0.95,,±15%,OBS/BAU/REC/CIR,2010,2.5,est,"Assumption, no reference",,mechanical,OBS/BAU/REC/CIR
48,1,Breaking and separating,ProcessLvl1,mechanical recovery processes,Fragmentation,BATT_NiCdSorted,BATT_ProductLvl1,battNiCd,BATT_2RM_mechRecNiCd,ComponentLvl1,batteryCellSeparator1,0.0,,±15%,OBS/BAU/REC/CIR,2010,2.5,est,"Assumption, no reference",,mechanical,OBS/BAU/REC/CIR
49,1,Breaking and separating,ProcessLvl1,mechanical recovery processes,Fragmentation,BATT_NiCdSorted,BATT_ProductLvl1,battNiCd,BATT_2RM_mechRecNiCd,ComponentLvl1,batteryCellBinder1,0.0,,±15%,OBS/BAU/REC/CIR,2010,2.5,est,"Assumption, no reference",,mechanical,OBS/BAU/REC/CIR
50,2,Vacuum Distillation,ProcessLvl1,thermal recovery processes,Transformation,BATT_NiCdBlackMass,,,BATT_2RM_therRecNiCd,ElementLvl1,Cd,0.99,,±15%,OBS/BAU/REC/CIR,2010,2.5,calc,"[Zhan and Xu, 2014]",https://pubs.acs.org/doi/10.1021/es5030383,thermal,OBS/BAU/REC/CIR
51,2,Vacuum Distillation,ProcessLvl1,thermal recovery processes,Transformation,BATT_NiCdBlackMass,,,BATT_2RM_therRecNiCd,ElementLvl1,Ni,0.99,,±5%,OBS/BAU/REC/CIR,2010,1.0,calc,"[Hämmer and Wambach, 2024]",https://www.mdpi.com/2071-1050/16/19/8735,thermal,OBS/BAU/REC/CIR
52,2,Vacuum Distillation,ProcessLvl1,thermal recovery processes,Transformation,BATT_NiCdBlackMass,,,BATT_2RM_therRecNiCd,ElementLvl1,Co,0.94,,±5%,OBS/BAU/REC/CIR,2010,1.0,calc,"[Hämmer and Wambach, 2024]",https://www.mdpi.com/2071-1050/16/19/8735,thermal,OBS/BAU/REC/CIR
53,2,Vacuum Distillation,ProcessLvl1,thermal recovery processes,Transformation,BATT_NiCdBlackMass,,,BATT_2RM_therRecNiCd,MaterialLvl0,ferrousMetals0,0.645,,±5%,OBS/BAU/REC/CIR,2010,1.0,calc,"[Hämmer and Wambach, 2024]",https://www.mdpi.com/2071-1050/16/19/8735,thermal,OBS/BAU/REC/CIR
54,2,Vacuum Distillation,ProcessLvl1,thermal recovery processes,Transformation,BATT_NiCdBlackMass,,,BATT_slagsAndSludgesNiCd,ElementLvl1,Ni,0.01,,±5%,OBS/BAU/REC/CIR,2010,1.0,calc,"[Hämmer and Wambach, 2024]",https://www.mdpi.com/2071-1050/16/19/8735,thermal,OBS/BAU/REC/CIR
55,2,Vacuum Distillation,ProcessLvl1,thermal recovery processes,Transformation,BATT_NiCdBlackMass,,,BATT_slagsAndSludgesNiCd,ElementLvl1,Co,0.06,,±5%,OBS/BAU/REC/CIR,2010,1.0,calc,"[Hämmer and Wambach, 2024]",https://www.mdpi.com/2071-1050/16/19/8735,thermal,OBS/BAU/REC/CIR
56,2,Vacuum Distillation,ProcessLvl1,thermal recovery processes,Transformation,BATT_NiCdBlackMass,,,BATT_slagsAndSludgesNiCd,MaterialLvl0,ferrousMetals0,0.355,,±5%,OBS/BAU/REC/CIR,2010,1.0,calc,"[Hämmer and Wambach, 2024]",https://www.mdpi.com/2071-1050/16/19/8735,thermal,OBS/BAU/REC/CIR
57,1,Breaking and separating,ProcessLvl1,mechanical recovery processes,Fragmentation,BATT_NiCdSorted,BATT_ProductLvl1,battNiCd,BATT_Losses_mechRecNiCd,ComponentLvl1,batteryCellCasing1,0.05,,±15%,OBS/BAU/REC/CIR,2010,2.5,est,"Assumption, no reference",,mechanical,OBS/BAU/REC/CIR
58,1,Breaking and separating,ProcessLvl1,mechanical recovery processes,Fragmentation,BATT_NiCdSorted,BATT_ProductLvl1,battNiCd,BATT_Losses_NiCdBlackMass,ComponentLvl1,batteryCellAnode,0.05,,±15%,OBS/BAU/REC/CIR,2010,2.5,est,"Assumption, no reference",,mechanical,OBS/BAU/REC/CIR
59,1,Breaking and separating,ProcessLvl1,mechanical recovery processes,Fragmentation,BATT_NiCdSorted,BATT_ProductLvl1,battNiCd,BATT_Losses_NiCdBlackMass,ComponentLvl2,currentCollectorAnode,0.05,,±15%,OBS/BAU/REC/CIR,2010,2.5,est,"Assumption, no reference",,mechanical,OBS/BAU/REC/CIR
60,1,Breaking and separating,ProcessLvl1,mechanical recovery processes,Fragmentation,BATT_NiCdSorted,BATT_ProductLvl1,battNiCd,BATT_Losses_NiCdBlackMass,ComponentLvl2,cathodeAdditive,0.05,,±15%,OBS/BAU/REC/CIR,2010,2.5,est,"Assumption, no reference",,mechanical,OBS/BAU/REC/CIR
61,1,Breaking and separating,ProcessLvl1,mechanical recovery processes,Fragmentation,BATT_NiCdSorted,BATT_ProductLvl1,battNiCd,BATT_Losses_NiCdBlackMass,ComponentLvl2,currentCollectorCathode,0.05,,±15%,OBS/BAU/REC/CIR,2010,2.5,est,"Assumption, no reference",,mechanical,OBS/BAU/REC/CIR
62,1,Breaking and separating,ProcessLvl1,mechanical recovery processes,Fragmentation,BATT_NiCdSorted,BATT_ProductLvl1,battNiCd,BATT_Losses_NiCdBlackMass,ComponentLvl1,batteryCellCathode,0.05,,±15%,OBS/BAU/REC/CIR,2010,2.5,est,"Assumption, no reference",,mechanical,OBS/BAU/REC/CIR
63,2,Vacuum Distillation,ProcessLvl1,thermal recovery processes,Transformation,BATT_NiCdBlackMass,,,BATT_Losses_therRecNiCd,ElementLvl1,Cd,0.01,,±15%,OBS/BAU/REC/CIR,2010,2.5,calc,"Losses calculated from referecne value [Zhan and Xu, 2014]",https://pubs.acs.org/doi/10.1021/es5030383,thermal,OBS/BAU/REC/CIR
64,1,Breaking and separating,ProcessLvl1,mechanical recovery processes,Fragmentation,BATT_NiMHSorted,BATT_ProductLvl1,battNiMH,BATT_2RM_mechRecNiMH,ComponentLvl1,batteryCellCasing1,0.95,,±15%,BAU,2010,2.5,est,"Assumption, no reference",,mechanical,BAU
65,1,Breaking and separating,ProcessLvl1,mechanical recovery processes,Fragmentation,BATT_NiMHSorted,BATT_ProductLvl1,battNiMH,BATT_2RM_mechRecNiMH,ComponentLvl1,batteryCellElectrolyte1,0.0,,±15%,BAU,2010,2.5,est,"Assumption, no reference",,mechanical,BAU
66,1,Breaking and separating,ProcessLvl1,mechanical recovery processes,Fragmentation,BATT_NiMHSorted,BATT_ProductLvl1,battNiMH,BATT_NiMHBlackMass,ComponentLvl1,batteryCellAnode,0.95,,±15%,BAU,2010,2.5,est,"Assumption, no reference",,mechanical,BAU
67,1,Breaking and separating,ProcessLvl1,mechanical recovery processes,Fragmentation,BATT_NiMHSorted,BATT_ProductLvl1,battNiMH,BATT_NiMHBlackMass,ComponentLvl2,currentCollectorAnode,0.95,,±15%,BAU,2010,2.5,est,"Assumption, no reference",,mechanical,BAU
68,1,Breaking and separating,ProcessLvl1,mechanical recovery processes,Fragmentation,BATT_NiMHSorted,BATT_ProductLvl1,battNiMH,BATT_NiMHBlackMass,ComponentLvl2,cathodeAdditive,0.95,,±15%,BAU,2010,2.5,est,"Assumption, no reference",,mechanical,BAU
69,1,Breaking and separating,ProcessLvl1,mechanical recovery processes,Fragmentation,BATT_NiMHSorted,BATT_ProductLvl1,battNiMH,BATT_NiMHBlackMass,ComponentLvl2,currentCollectorCathode,0.95,,±15%,BAU,2010,2.5,est,"Assumption, no reference",,mechanical,BAU
70,1,Breaking and separating,ProcessLvl1,mechanical recovery processes,Fragmentation,BATT_NiMHSorted,BATT_ProductLvl1,battNiMH,BATT_NiMHBlackMass,ComponentLvl1,batteryCellCathode,0.95,,±15%,BAU,2010,2.5,est,"Assumption, no reference",,mechanical,BAU
71,1,Breaking and separating,ProcessLvl1,mechanical recovery processes,Fragmentation,BATT_NiMHSorted,BATT_ProductLvl1,battNiMH,BATT_2RM_mechRecNiMH,ComponentLvl1,batteryCellSeparator1,0.0,,±15%,BAU,2010,2.5,est,"Assumption, no reference",,mechanical,BAU
72,1,Breaking and separating,ProcessLvl1,mechanical recovery processes,Fragmentation,BATT_NiMHSorted,BATT_ProductLvl1,battNiMH,BATT_2RM_mechRecNiMH,ComponentLvl1,batteryCellBinder1,0.0,,±15%,BAU,2010,2.5,est,"Assumption, no reference",,mechanical,BAU
73,2,Pyrometallurgical process,ProcessLvl1,thermal recovery processes,Transformation,BATT_NiMHBlackMass,,,BATT_2RM_therRecNiMH,ElementLvl1,Co,0.94,,±5%,BAU,2010,1.0,calc,"[Hämmer and Wambach, 2024]",https://www.mdpi.com/2071-1050/16/19/8735,thermal,BAU
74,2,Pyrometallurgical process,ProcessLvl1,thermal recovery processes,Transformation,BATT_NiMHBlackMass,,,BATT_2RM_therRecNiMH,ElementLvl1,Ni,0.99,,±5%,BAU,2010,1.0,calc,"[Hämmer and Wambach, 2024]",https://www.mdpi.com/2071-1050/16/19/8735,thermal,BAU
75,2,Pyrometallurgical process,ProcessLvl1,thermal recovery processes,Transformation,BATT_NiMHBlackMass,,,BATT_2RM_therRecNiMH,MaterialLvl0,ferrousMetals0,0.645,,±5%,BAU,2010,1.0,calc,"[Hämmer and Wambach, 2024]",https://www.mdpi.com/2071-1050/16/19/8735,thermal,BAU
76,2,Pyrometallurgical process,ProcessLvl1,thermal recovery processes,Transformation,BATT_NiMHBlackMass,,,BATT_slagsAndSludgesNiMH,ElementLvl1,Nd,1.0,,±15%,BAU,2010,2.5,est,"[Salehi et al., 2023]",https://pdf.sciencedirectassets.com/271969/1-s2.0-S1364032123X00057/1-s2.0-S1364032123001041/main.pdf?X-Amz-Security-Token=IQoJb3JpZ2luX2VjELv%2F%2F%2F%2F%2F%2F%2F%2F%2F%2FwEaCXVzLWVhc3QtMSJHMEUCIHYhdgpSfTmT9xM%2Bjb1xBcqgD4F8ijP9EyYXLOPhRDq2AiEA9KrFU9P0LTfAIP%2B%2FbI%2BqTXehqbXtYp%2B1hsLtKgwqemYqvAUI1P%2F%2F%2F%2F%2F%2F%2F%2F%2F%2FARAFGgwwNTkwMDM1NDY4NjUiDAkhu3XsvnXR6GqeOSqQBdutM67ETRO8Wr2uDNpIh3rNroti3%2B76GTgUG62oA1A9VgMnev1rZyM%2BW4nis4sgZLh2Amvkv0Y5gbmwXJ6XOz54A3WWKCASUcvu5y5hOtXK8jr7sdITeKOQPVdmCFJDTCqT1gLu21m19vyHqO8kw0Gr%2FkS2SP6%2BfX%2FY2h5o2DNP%2FxWhvPYVWMw2WkR2nQl7qcU1DJQo2igKKSt0%2F3y7WJ4pecDXQeYzFIH%2FDN5uwClEEjQeculMRfuLGYy4f7Y6ctKiisAxs3ia5GvwbifWrryuCwNjM7t8C2EWAUbidXI7IrgmQmHYXk%2FjGeiuIa1bioRjSqbg%2Fsq74pqytlNhaoYsIz7T8CQp3MkwWYV%2FoTPmnFBjtlYy%2BP0snbPJg0nyVhZO8ILi114FwJSOPxfFrozPes3i9GtNgtOjAZdslD8hoUeUSCiVXh44htDQ%2FGb%2F7eC%2FRJfRxmwbzrRJqjH44rbE8c5oOWIzUdpgSoRrcREw5MSsuCViBD5KER3DD%2BFqUMNRhapOoht7CCiZj778yJyB1GXFQsjmQTl%2B8yjjMhaXyjQZqkI5HTlV7GzrFU3CeEFQdDZkiCYemYuxdh9REJief49pjkdQSBsjTZ23oMwSa37sSToq1Y5Rjly2iejWFtVSTj8h5taPiic4UoTWzDkWgqLkRy3yrgSmm%2BploRW6quJdJpUjy1gU0O%2BPMwg57%2BnkIsJq5pFGdRXVigutNyoqfXthUV%2B2%2FghBcMYts7KT3L7t6rCJgLyW2R68c9dzAEkiF5erj9jknEQT2H%2Fe1rGjM690%2BuSsA9%2FtsIDEaNMWpQyh0hnnb920Xox%2BGMN1R2tQjswyyB1br8P2VFFuVcljqBnStQeBVL2WrpaOFFTBMN%2FJrL0GOrEBHTR6DA0IYd4T6a8oPkWWF9J18raylsN%2Fb5z6Jxh1E%2BzDW1kaU1OYleU0nrSqx9qKRIRWzL5%2BKllbt8FVyPLxgJviNlejitbcaUMnYlP4wDirWxWeV5KKy2an%2BmGZrTK%2Fe1E89E%2Frc%2FGdE4%2FDi3ir3Jh%2Ft%2BLswfMQ1%2Bc0r2QvVbo90QW630FBQ0DQ5MqdunSQSsbkKgQzo9qT86BMLz6IabMGidTj2uIZVU72a0CqHXab&X-Amz-Algorithm=AWS4-HMAC-SHA256&X-Amz-Date=20250211T110749Z&X-Amz-SignedHeaders=host&X-Amz-Expires=300&X-Amz-Credential=ASIAQ3PHCVTY4LVJN4IV%2F20250211%2Fus-east-1%2Fs3%2Faws4_request&X-Amz-Signature=9fa80d67f856563ca821e94e75c6df8ae16f8073c2a6c9a7ad504ed0bc89a59f&hash=0bda12ca3fdfe264f9a87e4bd5d4b3a0faf46f684c697f339a2ca7d667b6c5ce&host=68042c943591013ac2b2430a89b270f6af2c76d8dfd086a07176afe7c76c2c61&pii=S1364032123001041&tid=spdf-145f8cdc-0384-48c6-be00-9c0ef6b5f7fe&sid=3da86069855ea54b304b451388f334d02cb6gxrqb&type=client&tsoh=d3d3LnNjaWVuY2VkaXJlY3QuY29t&ua=01035d535f5202570154&rr=9103e0a3eea27a4e&cc=de,thermal,BAU
77,2,Pyrometallurgical process,ProcessLvl1,thermal recovery processes,Transformation,BATT_NiMHBlackMass,,,BATT_slagsAndSludgesNiMH,ElementLvl1,La,1.0,,±15%,BAU,2010,2.5,est,"[Salehi et al., 2023]",https://pdf.sciencedirectassets.com/271969/1-s2.0-S1364032123X00057/1-s2.0-S1364032123001041/main.pdf?X-Amz-Security-Token=IQoJb3JpZ2luX2VjELv%2F%2F%2F%2F%2F%2F%2F%2F%2F%2FwEaCXVzLWVhc3QtMSJHMEUCIHYhdgpSfTmT9xM%2Bjb1xBcqgD4F8ijP9EyYXLOPhRDq2AiEA9KrFU9P0LTfAIP%2B%2FbI%2BqTXehqbXtYp%2B1hsLtKgwqemYqvAUI1P%2F%2F%2F%2F%2F%2F%2F%2F%2F%2FARAFGgwwNTkwMDM1NDY4NjUiDAkhu3XsvnXR6GqeOSqQBdutM67ETRO8Wr2uDNpIh3rNroti3%2B76GTgUG62oA1A9VgMnev1rZyM%2BW4nis4sgZLh2Amvkv0Y5gbmwXJ6XOz54A3WWKCASUcvu5y5hOtXK8jr7sdITeKOQPVdmCFJDTCqT1gLu21m19vyHqO8kw0Gr%2FkS2SP6%2BfX%2FY2h5o2DNP%2FxWhvPYVWMw2WkR2nQl7qcU1DJQo2igKKSt0%2F3y7WJ4pecDXQeYzFIH%2FDN5uwClEEjQeculMRfuLGYy4f7Y6ctKiisAxs3ia5GvwbifWrryuCwNjM7t8C2EWAUbidXI7IrgmQmHYXk%2FjGeiuIa1bioRjSqbg%2Fsq74pqytlNhaoYsIz7T8CQp3MkwWYV%2FoTPmnFBjtlYy%2BP0snbPJg0nyVhZO8ILi114FwJSOPxfFrozPes3i9GtNgtOjAZdslD8hoUeUSCiVXh44htDQ%2FGb%2F7eC%2FRJfRxmwbzrRJqjH44rbE8c5oOWIzUdpgSoRrcREw5MSsuCViBD5KER3DD%2BFqUMNRhapOoht7CCiZj778yJyB1GXFQsjmQTl%2B8yjjMhaXyjQZqkI5HTlV7GzrFU3CeEFQdDZkiCYemYuxdh9REJief49pjkdQSBsjTZ23oMwSa37sSToq1Y5Rjly2iejWFtVSTj8h5taPiic4UoTWzDkWgqLkRy3yrgSmm%2BploRW6quJdJpUjy1gU0O%2BPMwg57%2BnkIsJq5pFGdRXVigutNyoqfXthUV%2B2%2FghBcMYts7KT3L7t6rCJgLyW2R68c9dzAEkiF5erj9jknEQT2H%2Fe1rGjM690%2BuSsA9%2FtsIDEaNMWpQyh0hnnb920Xox%2BGMN1R2tQjswyyB1br8P2VFFuVcljqBnStQeBVL2WrpaOFFTBMN%2FJrL0GOrEBHTR6DA0IYd4T6a8oPkWWF9J18raylsN%2Fb5z6Jxh1E%2BzDW1kaU1OYleU0nrSqx9qKRIRWzL5%2BKllbt8FVyPLxgJviNlejitbcaUMnYlP4wDirWxWeV5KKy2an%2BmGZrTK%2Fe1E89E%2Frc%2FGdE4%2FDi3ir3Jh%2Ft%2BLswfMQ1%2Bc0r2QvVbo90QW630FBQ0DQ5MqdunSQSsbkKgQzo9qT86BMLz6IabMGidTj2uIZVU72a0CqHXab&X-Amz-Algorithm=AWS4-HMAC-SHA256&X-Amz-Date=20250211T110749Z&X-Amz-SignedHeaders=host&X-Amz-Expires=300&X-Amz-Credential=ASIAQ3PHCVTY4LVJN4IV%2F20250211%2Fus-east-1%2Fs3%2Faws4_request&X-Amz-Signature=9fa80d67f856563ca821e94e75c6df8ae16f8073c2a6c9a7ad504ed0bc89a59f&hash=0bda12ca3fdfe264f9a87e4bd5d4b3a0faf46f684c697f339a2ca7d667b6c5ce&host=68042c943591013ac2b2430a89b270f6af2c76d8dfd086a07176afe7c76c2c61&pii=S1364032123001041&tid=spdf-145f8cdc-0384-48c6-be00-9c0ef6b5f7fe&sid=3da86069855ea54b304b451388f334d02cb6gxrqb&type=client&tsoh=d3d3LnNjaWVuY2VkaXJlY3QuY29t&ua=01035d535f5202570154&rr=9103e0a3eea27a4e&cc=de,thermal,BAU
78,2,Pyrometallurgical process,ProcessLvl1,thermal recovery processes,Transformation,BATT_NiMHBlackMass,,,BATT_slagsAndSludgesNiMH,ElementLvl1,Ce,1.0,,±15%,BAU,2010,2.5,est,"[Salehi et al., 2023]",https://pdf.sciencedirectassets.com/271969/1-s2.0-S1364032123X00057/1-s2.0-S1364032123001041/main.pdf?X-Amz-Security-Token=IQoJb3JpZ2luX2VjELv%2F%2F%2F%2F%2F%2F%2F%2F%2F%2FwEaCXVzLWVhc3QtMSJHMEUCIHYhdgpSfTmT9xM%2Bjb1xBcqgD4F8ijP9EyYXLOPhRDq2AiEA9KrFU9P0LTfAIP%2B%2FbI%2BqTXehqbXtYp%2B1hsLtKgwqemYqvAUI1P%2F%2F%2F%2F%2F%2F%2F%2F%2F%2FARAFGgwwNTkwMDM1NDY4NjUiDAkhu3XsvnXR6GqeOSqQBdutM67ETRO8Wr2uDNpIh3rNroti3%2B76GTgUG62oA1A9VgMnev1rZyM%2BW4nis4sgZLh2Amvkv0Y5gbmwXJ6XOz54A3WWKCASUcvu5y5hOtXK8jr7sdITeKOQPVdmCFJDTCqT1gLu21m19vyHqO8kw0Gr%2FkS2SP6%2BfX%2FY2h5o2DNP%2FxWhvPYVWMw2WkR2nQl7qcU1DJQo2igKKSt0%2F3y7WJ4pecDXQeYzFIH%2FDN5uwClEEjQeculMRfuLGYy4f7Y6ctKiisAxs3ia5GvwbifWrryuCwNjM7t8C2EWAUbidXI7IrgmQmHYXk%2FjGeiuIa1bioRjSqbg%2Fsq74pqytlNhaoYsIz7T8CQp3MkwWYV%2FoTPmnFBjtlYy%2BP0snbPJg0nyVhZO8ILi114FwJSOPxfFrozPes3i9GtNgtOjAZdslD8hoUeUSCiVXh44htDQ%2FGb%2F7eC%2FRJfRxmwbzrRJqjH44rbE8c5oOWIzUdpgSoRrcREw5MSsuCViBD5KER3DD%2BFqUMNRhapOoht7CCiZj778yJyB1GXFQsjmQTl%2B8yjjMhaXyjQZqkI5HTlV7GzrFU3CeEFQdDZkiCYemYuxdh9REJief49pjkdQSBsjTZ23oMwSa37sSToq1Y5Rjly2iejWFtVSTj8h5taPiic4UoTWzDkWgqLkRy3yrgSmm%2BploRW6quJdJpUjy1gU0O%2BPMwg57%2BnkIsJq5pFGdRXVigutNyoqfXthUV%2B2%2FghBcMYts7KT3L7t6rCJgLyW2R68c9dzAEkiF5erj9jknEQT2H%2Fe1rGjM690%2BuSsA9%2FtsIDEaNMWpQyh0hnnb920Xox%2BGMN1R2tQjswyyB1br8P2VFFuVcljqBnStQeBVL2WrpaOFFTBMN%2FJrL0GOrEBHTR6DA0IYd4T6a8oPkWWF9J18raylsN%2Fb5z6Jxh1E%2BzDW1kaU1OYleU0nrSqx9qKRIRWzL5%2BKllbt8FVyPLxgJviNlejitbcaUMnYlP4wDirWxWeV5KKy2an%2BmGZrTK%2Fe1E89E%2Frc%2FGdE4%2FDi3ir3Jh%2Ft%2BLswfMQ1%2Bc0r2QvVbo90QW630FBQ0DQ5MqdunSQSsbkKgQzo9qT86BMLz6IabMGidTj2uIZVU72a0CqHXab&X-Amz-Algorithm=AWS4-HMAC-SHA256&X-Amz-Date=20250211T110749Z&X-Amz-SignedHeaders=host&X-Amz-Expires=300&X-Amz-Credential=ASIAQ3PHCVTY4LVJN4IV%2F20250211%2Fus-east-1%2Fs3%2Faws4_request&X-Amz-Signature=9fa80d67f856563ca821e94e75c6df8ae16f8073c2a6c9a7ad504ed0bc89a59f&hash=0bda12ca3fdfe264f9a87e4bd5d4b3a0faf46f684c697f339a2ca7d667b6c5ce&host=68042c943591013ac2b2430a89b270f6af2c76d8dfd086a07176afe7c76c2c61&pii=S1364032123001041&tid=spdf-145f8cdc-0384-48c6-be00-9c0ef6b5f7fe&sid=3da86069855ea54b304b451388f334d02cb6gxrqb&type=client&tsoh=d3d3LnNjaWVuY2VkaXJlY3QuY29t&ua=01035d535f5202570154&rr=9103e0a3eea27a4e&cc=de,thermal,BAU
79,2,Pyrometallurgical process,ProcessLvl1,thermal recovery processes,Transformation,BATT_NiMHBlackMass,,,BATT_slagsAndSludgesNiMH,ElementLvl1,Pr,1.0,,±15%,BAU,2010,2.5,est,"[Salehi et al., 2023]",https://pdf.sciencedirectassets.com/271969/1-s2.0-S1364032123X00057/1-s2.0-S1364032123001041/main.pdf?X-Amz-Security-Token=IQoJb3JpZ2luX2VjELv%2F%2F%2F%2F%2F%2F%2F%2F%2F%2FwEaCXVzLWVhc3QtMSJHMEUCIHYhdgpSfTmT9xM%2Bjb1xBcqgD4F8ijP9EyYXLOPhRDq2AiEA9KrFU9P0LTfAIP%2B%2FbI%2BqTXehqbXtYp%2B1hsLtKgwqemYqvAUI1P%2F%2F%2F%2F%2F%2F%2F%2F%2F%2FARAFGgwwNTkwMDM1NDY4NjUiDAkhu3XsvnXR6GqeOSqQBdutM67ETRO8Wr2uDNpIh3rNroti3%2B76GTgUG62oA1A9VgMnev1rZyM%2BW4nis4sgZLh2Amvkv0Y5gbmwXJ6XOz54A3WWKCASUcvu5y5hOtXK8jr7sdITeKOQPVdmCFJDTCqT1gLu21m19vyHqO8kw0Gr%2FkS2SP6%2BfX%2FY2h5o2DNP%2FxWhvPYVWMw2WkR2nQl7qcU1DJQo2igKKSt0%2F3y7WJ4pecDXQeYzFIH%2FDN5uwClEEjQeculMRfuLGYy4f7Y6ctKiisAxs3ia5GvwbifWrryuCwNjM7t8C2EWAUbidXI7IrgmQmHYXk%2FjGeiuIa1bioRjSqbg%2Fsq74pqytlNhaoYsIz7T8CQp3MkwWYV%2FoTPmnFBjtlYy%2BP0snbPJg0nyVhZO8ILi114FwJSOPxfFrozPes3i9GtNgtOjAZdslD8hoUeUSCiVXh44htDQ%2FGb%2F7eC%2FRJfRxmwbzrRJqjH44rbE8c5oOWIzUdpgSoRrcREw5MSsuCViBD5KER3DD%2BFqUMNRhapOoht7CCiZj778yJyB1GXFQsjmQTl%2B8yjjMhaXyjQZqkI5HTlV7GzrFU3CeEFQdDZkiCYemYuxdh9REJief49pjkdQSBsjTZ23oMwSa37sSToq1Y5Rjly2iejWFtVSTj8h5taPiic4UoTWzDkWgqLkRy3yrgSmm%2BploRW6quJdJpUjy1gU0O%2BPMwg57%2BnkIsJq5pFGdRXVigutNyoqfXthUV%2B2%2FghBcMYts7KT3L7t6rCJgLyW2R68c9dzAEkiF5erj9jknEQT2H%2Fe1rGjM690%2BuSsA9%2FtsIDEaNMWpQyh0hnnb920Xox%2BGMN1R2tQjswyyB1br8P2VFFuVcljqBnStQeBVL2WrpaOFFTBMN%2FJrL0GOrEBHTR6DA0IYd4T6a8oPkWWF9J18raylsN%2Fb5z6Jxh1E%2BzDW1kaU1OYleU0nrSqx9qKRIRWzL5%2BKllbt8FVyPLxgJviNlejitbcaUMnYlP4wDirWxWeV5KKy2an%2BmGZrTK%2Fe1E89E%2Frc%2FGdE4%2FDi3ir3Jh%2Ft%2BLswfMQ1%2Bc0r2QvVbo90QW630FBQ0DQ5MqdunSQSsbkKgQzo9qT86BMLz6IabMGidTj2uIZVU72a0CqHXab&X-Amz-Algorithm=AWS4-HMAC-SHA256&X-Amz-Date=20250211T110749Z&X-Amz-SignedHeaders=host&X-Amz-Expires=300&X-Amz-Credential=ASIAQ3PHCVTY4LVJN4IV%2F20250211%2Fus-east-1%2Fs3%2Faws4_request&X-Amz-Signature=9fa80d67f856563ca821e94e75c6df8ae16f8073c2a6c9a7ad504ed0bc89a59f&hash=0bda12ca3fdfe264f9a87e4bd5d4b3a0faf46f684c697f339a2ca7d667b6c5ce&host=68042c943591013ac2b2430a89b270f6af2c76d8dfd086a07176afe7c76c2c61&pii=S1364032123001041&tid=spdf-145f8cdc-0384-48c6-be00-9c0ef6b5f7fe&sid=3da86069855ea54b304b451388f334d02cb6gxrqb&type=client&tsoh=d3d3LnNjaWVuY2VkaXJlY3QuY29t&ua=01035d535f5202570154&rr=9103e0a3eea27a4e&cc=de,thermal,BAU
80,2,Pyrometallurgical process,ProcessLvl1,thermal recovery processes,Transformation,BATT_NiMHBlackMass,,,BATT_slagsAndSludgesNiMH,ElementLvl1,Co,0.06,,±5%,BAU,2010,1.0,calc,"[Hämmer and Wambach, 2024]",https://www.mdpi.com/2071-1050/16/19/8735,thermal,BAU
81,2,Pyrometallurgical process,ProcessLvl1,thermal recovery processes,Transformation,BATT_NiMHBlackMass,,,BATT_slagsAndSludgesNiMH,ElementLvl1,Ni,0.01,,±5%,BAU,2010,1.0,calc,"[Hämmer and Wambach, 2024]",https://www.mdpi.com/2071-1050/16/19/8735,thermal,BAU
82,2,Pyrometallurgical process,ProcessLvl1,thermal recovery processes,Transformation,BATT_NiMHBlackMass,,,BATT_slagsAndSludgesNiMH,MaterialLvl0,ferrousMetals0,0.355,,±5%,BAU,2010,1.0,calc,"[Hämmer and Wambach, 2024]",https://www.mdpi.com/2071-1050/16/19/8735,thermal,BAU
83,1,Breaking and separating,ProcessLvl1,mechanical recovery processes,Fragmentation,BATT_NiMHSorted,BATT_ProductLvl1,battNiMH,BATT_Losses_mechRecNiMH,ComponentLvl1,batteryCellCasing1,0.05,,±15%,BAU,2010,2.5,est,"Assumption, no reference",,mechanical,BAU
84,1,Breaking and separating,ProcessLvl1,mechanical recovery processes,Fragmentation,BATT_NiMHSorted,BATT_ProductLvl1,battNiMH,BATT_Losses_NiMHBlackMass,ComponentLvl1,batteryCellAnode,0.05,,±15%,BAU,2010,2.5,est,"Assumption, no reference",,mechanical,BAU
85,1,Breaking and separating,ProcessLvl1,mechanical recovery processes,Fragmentation,BATT_NiMHSorted,BATT_ProductLvl1,battNiMH,BATT_Losses_NiMHBlackMass,ComponentLvl2,currentCollectorAnode,0.05,,±15%,BAU,2010,2.5,est,"Assumption, no reference",,mechanical,BAU
86,1,Breaking and separating,ProcessLvl1,mechanical recovery processes,Fragmentation,BATT_NiMHSorted,BATT_ProductLvl1,battNiMH,BATT_Losses_NiMHBlackMass,ComponentLvl2,cathodeAdditive,0.05,,±15%,BAU,2010,2.5,est,"Assumption, no reference",,mechanical,BAU
87,1,Breaking and separating,ProcessLvl1,mechanical recovery processes,Fragmentation,BATT_NiMHSorted,BATT_ProductLvl1,battNiMH,BATT_Losses_NiMHBlackMass,ComponentLvl2,currentCollectorCathode,0.05,,±15%,BAU,2010,2.5,est,"Assumption, no reference",,mechanical,BAU
88,1,Breaking and separating,ProcessLvl1,mechanical recovery processes,Fragmentation,BATT_NiMHSorted,BATT_ProductLvl1,battNiMH,BATT_Losses_NiMHBlackMass,ComponentLvl1,batteryCellCathode,0.05,,±15%,BAU,2010,2.5,est,"Assumption, no reference",,mechanical,BAU
89,1,Thermal recovery processes,ProcessLvl3,pyrometallurgy batteries ,Transformation,BATT_LIBToPyro1,BATT_ProductLvl1,battLiPrimary,BATT_LIBSlagToHydro1,ElementLvl1,Li,1.0,,±5%,OBS,2010,1.0,calc,"[Hämmer and Wambach, 2024]",https://www.mdpi.com/2071-1050/16/19/8735,thermal,OBS
90,1,Thermal recovery processes,ProcessLvl3,pyrometallurgy batteries ,Transformation,BATT_LIBToPyro1,BATT_ProductLvl1,battLiPrimary,BATT_LIBSlagToHydro1,ElementLvl1,Al,1.0,,±5%,OBS,2010,1.0,calc,"[Hämmer and Wambach, 2024]",https://www.mdpi.com/2071-1050/16/19/8735,thermal,OBS
91,1,Thermal recovery processes,ProcessLvl3,pyrometallurgy batteries ,Transformation,BATT_LIBToPyro1,BATT_ProductLvl1,battLiPrimary,BATT_LIBSlagToHydro1,ElementLvl1,Mn,1.0,,±5%,OBS,2010,1.0,calc,"[Hämmer and Wambach, 2024]",https://www.mdpi.com/2071-1050/16/19/8735,thermal,OBS
92,1,Thermal recovery processes,ProcessLvl3,pyrometallurgy batteries ,Transformation,BATT_LIBToPyro1,BATT_ProductLvl1,battLiPrimary,BATT_LIBSlagToHydro1,ElementLvl1,P,1.0,,±5%,OBS,2010,1.0,calc,"[Hämmer and Wambach, 2024]",https://www.mdpi.com/2071-1050/16/19/8728,thermal,OBS
93,1,Thermal recovery processes,ProcessLvl3,pyrometallurgy batteries ,Transformation,BATT_LIBToPyro1,BATT_ProductLvl1,battLiPrimary,BATT_LIBSlagToHydro1,ElementLvl1,Cu,0.072,,±5%,OBS,2010,1.0,calc,"[Hämmer and Wambach, 2024]",https://www.mdpi.com/2071-1050/16/19/8729,thermal,OBS
94,1,Thermal recovery processes,ProcessLvl3,pyrometallurgy batteries ,Transformation,BATT_LIBToPyro1,BATT_ProductLvl1,battLiPrimary,BATT_LIBSlagToHydro1,ElementLvl1,Ni,0.01,,±5%,OBS,2010,1.0,calc,"[Hämmer and Wambach, 2024]",https://www.mdpi.com/2071-1050/16/19/8730,thermal,OBS
95,1,Thermal recovery processes,ProcessLvl3,pyrometallurgy batteries ,Transformation,BATT_LIBToPyro1,BATT_ProductLvl1,battLiPrimary,BATT_LIBSlagToHydro1,ElementLvl1,Fe,0.355,,±5%,OBS,2010,1.0,calc,"[Hämmer and Wambach, 2024]",https://www.mdpi.com/2071-1050/16/19/8731,thermal,OBS
96,1,Thermal recovery processes,ProcessLvl3,pyrometallurgy batteries ,Transformation,BATT_LIBToPyro1,BATT_ProductLvl1,battLiPrimary,BATT_LIBSlagToHydro1,ElementLvl1,Co,0.06,,±5%,OBS,2010,1.0,calc,"[Hämmer and Wambach, 2024]",https://www.mdpi.com/2071-1050/16/19/8732,thermal,OBS
97,1,Thermal recovery processes,ProcessLvl3,pyrometallurgy batteries ,Transformation,BATT_LIBToPyro1,BATT_ProductLvl1,battLiPrimary,BATT_LIBAlloyToHydro1,ElementLvl1,Cu,0.928,,±5%,OBS,2010,1.0,calc,"[Hämmer and Wambach, 2024]",https://www.mdpi.com/2071-1050/16/19/8733,thermal,OBS
98,1,Thermal recovery processes,ProcessLvl3,pyrometallurgy batteries ,Transformation,BATT_LIBToPyro1,BATT_ProductLvl1,battLiPrimary,BATT_LIBAlloyToHydro1,ElementLvl1,Ni,0.99,,±5%,OBS,2010,1.0,calc,"[Hämmer and Wambach, 2024]",https://www.mdpi.com/2071-1050/16/19/8734,thermal,OBS
99,1,Thermal recovery processes,ProcessLvl3,pyrometallurgy batteries ,Transformation,BATT_LIBToPyro1,BATT_ProductLvl1,battLiPrimary,BATT_LIBAlloyToHydro1,ElementLvl1,Fe,0.645,,±5%,OBS,2010,1.0,calc,"[Hämmer and Wambach, 2024]",https://www.mdpi.com/2071-1050/16/19/8735,thermal,OBS
100,1,Thermal recovery processes,ProcessLvl3,pyrometallurgy batteries ,Transformation,BATT_LIBToPyro1,BATT_ProductLvl1,battLiPrimary,BATT_LIBAlloyToHydro1,ElementLvl1,Co,0.94,,±5%,OBS,2010,1.0,calc,"[Hämmer and Wambach, 2024]",https://www.mdpi.com/2071-1050/16/19/8736,thermal,OBS
101,2,Hydrometallurgy (Leaching/SolventExtraction/Priciptation&Crystallization),ProcessLvl3,hydrometallurgy batteries,Transformation,BATT_LIBAlloyToHydro1,,,BATT_2RM_chemRecLIB1,ElementLvl1,Cu,0.9604,,±5%,OBS,2010,1.0,calc,"[Hämmer and Wambach, 2024]",https://www.mdpi.com/2071-1050/16/19/8737,hydro,OBS
102,2,Hydrometallurgy (Leaching/SolventExtraction/Priciptation&Crystallization),ProcessLvl3,hydrometallurgy batteries,Transformation,BATT_LIBAlloyToHydro1,,,BATT_2RM_chemRecLIB1,ElementLvl1,Ni,0.9122,,±5%,OBS,2010,1.0,calc,"[Hämmer and Wambach, 2024]",https://www.mdpi.com/2071-1050/16/19/8738,hydro,OBS
103,2,Hydrometallurgy (Leaching/SolventExtraction/Priciptation&Crystallization),ProcessLvl3,hydrometallurgy batteries,Transformation,BATT_LIBAlloyToHydro1,,,BATT_2RM_chemRecLIB1,ElementLvl1,Fe,0.9604,,±5%,OBS,2010,1.0,calc,"[Hämmer and Wambach, 2024]",https://www.mdpi.com/2071-1050/16/19/8739,hydro,OBS
104,2,Hydrometallurgy (Leaching/SolventExtraction/Priciptation&Crystallization),ProcessLvl3,hydrometallurgy batteries,Transformation,BATT_LIBAlloyToHydro1,,,BATT_2RM_chemRecLIB1,ElementLvl1,Co,0.7942,,±5%,OBS,2010,1.0,calc,"[Hämmer and Wambach, 2024]",https://www.mdpi.com/2071-1050/16/19/8740,hydro,OBS
105,2,Hydrometallurgy (Leaching/SolventExtraction/Priciptation&Crystallization),ProcessLvl3,hydrometallurgy batteries,Transformation,BATT_LIBSlagToHydro1,,,BATT_slagsAndSludgesLIB1,ElementLvl1,Al,1.0,,±15%,OBS,2010,2.5,est,"Assumption, no reference",,hydro,OBS
106,2,Hydrometallurgy (Leaching/SolventExtraction/Priciptation&Crystallization),ProcessLvl3,hydrometallurgy batteries,Transformation,BATT_LIBSlagToHydro1,,,BATT_slagsAndSludgesLIB1,ElementLvl1,Mn,1.0,,±15%,OBS,2010,2.5,est,"Assumption, no reference",,hydro,OBS
107,2,Hydrometallurgy (Leaching/SolventExtraction/Priciptation&Crystallization),ProcessLvl3,hydrometallurgy batteries,Transformation,BATT_LIBSlagToHydro1,,,BATT_slagsAndSludgesLIB1,ElementLvl1,P,1.0,,±15%,OBS,2010,2.5,est,"Assumption, no reference",,hydro,OBS
108,2,Hydrometallurgy (Leaching/SolventExtraction/Priciptation&Crystallization),ProcessLvl3,hydrometallurgy batteries,Transformation,BATT_LIBSlagToHydro1,,,BATT_slagsAndSludgesLIB1,ElementLvl1,Cu,1.0,,±15%,OBS,2010,2.5,est,"Assumption, no reference",,hydro,OBS
109,2,Hydrometallurgy (Leaching/SolventExtraction/Priciptation&Crystallization),ProcessLvl3,hydrometallurgy batteries,Transformation,BATT_LIBSlagToHydro1,,,BATT_slagsAndSludgesLIB1,ElementLvl1,Ni,1.0,,±15%,OBS,2010,2.5,est,"Assumption, no reference",,hydro,OBS
110,2,Hydrometallurgy (Leaching/SolventExtraction/Priciptation&Crystallization),ProcessLvl3,hydrometallurgy batteries,Transformation,BATT_LIBSlagToHydro1,,,BATT_slagsAndSludgesLIB1,ElementLvl1,Fe,1.0,,±15%,OBS,2010,2.5,est,"Assumption, no reference",,hydro,OBS
111,2,Hydrometallurgy (Leaching/SolventExtraction/Priciptation&Crystallization),ProcessLvl3,hydrometallurgy batteries,Transformation,BATT_LIBSlagToHydro1,,,BATT_slagsAndSludgesLIB1,ElementLvl1,Co,1.0,,±15%,OBS,2010,2.5,est,"Assumption, no reference",,hydro,OBS
112,2,Hydrometallurgy (Leaching/SolventExtraction/Priciptation&Crystallization),ProcessLvl3,hydrometallurgy batteries,Transformation,BATT_LIBSlagToHydro1,,,BATT_slagsAndSludgesLIB1,ElementLvl1,Li,1.0,,±15%,OBS,2010,2.5,est,"Assumption, no reference",,hydro,OBS
113,2,Hydrometallurgy (Leaching/SolventExtraction/Priciptation&Crystallization),ProcessLvl3,hydrometallurgy batteries,Transformation,BATT_LIBSlagToHydro1,,,BATT_2RM_chemRecSlagsAndSludges1,ElementLvl1,Li,0.0,,±15%,OBS,2010,2.5,est,"Assumption, no reference",,hydro,OBS
114,1,Thermal recovery processes,ProcessLvl3,pyrometallurgy batteries ,Transformation,BATT_LIBToPyro1,BATT_ProductLvl1,battLiPrimary,BATT_LIBSlagToHydro1,ElementLvl1,Li,1.0,,±5%,BAU,2025,1.0,calc,"[Hämmer and Wambach, 2024]",https://www.mdpi.com/2071-1050/16/19/8726,thermal,BAU
115,1,Thermal recovery processes,ProcessLvl3,pyrometallurgy batteries ,Transformation,BATT_LIBToPyro1,BATT_ProductLvl1,battLiPrimary,BATT_LIBSlagToHydro1,ElementLvl1,Al,1.0,,±5%,BAU,2025,1.0,calc,"[Hämmer and Wambach, 2024]",https://www.mdpi.com/2071-1050/16/19/8727,thermal,BAU
116,1,Thermal recovery processes,ProcessLvl3,pyrometallurgy batteries ,Transformation,BATT_LIBToPyro1,BATT_ProductLvl1,battLiPrimary,BATT_LIBSlagToHydro1,ElementLvl1,Mn,1.0,,±5%,BAU,2025,1.0,calc,"[Hämmer and Wambach, 2024]",https://www.mdpi.com/2071-1050/16/19/8728,thermal,BAU
117,1,Thermal recovery processes,ProcessLvl3,pyrometallurgy batteries ,Transformation,BATT_LIBToPyro1,BATT_ProductLvl1,battLiPrimary,BATT_LIBSlagToHydro1,ElementLvl1,P,1.0,,±5%,BAU,2025,1.0,calc,"[Hämmer and Wambach, 2024]",https://www.mdpi.com/2071-1050/16/19/8728,thermal,BAU
118,1,Thermal recovery processes,ProcessLvl3,pyrometallurgy batteries ,Transformation,BATT_LIBToPyro1,BATT_ProductLvl1,battLiPrimary,BATT_LIBSlagToHydro1,ElementLvl1,Cu,0.072,,±5%,BAU,2025,1.0,calc,"[Hämmer and Wambach, 2024]",https://www.mdpi.com/2071-1050/16/19/8729,thermal,BAU
119,1,Thermal recovery processes,ProcessLvl3,pyrometallurgy batteries ,Transformation,BATT_LIBToPyro1,BATT_ProductLvl1,battLiPrimary,BATT_LIBSlagToHydro1,ElementLvl1,Ni,0.01,,±5%,BAU,2025,1.0,calc,"[Hämmer and Wambach, 2024]",https://www.mdpi.com/2071-1050/16/19/8730,thermal,BAU
120,1,Thermal recovery processes,ProcessLvl3,pyrometallurgy batteries ,Transformation,BATT_LIBToPyro1,BATT_ProductLvl1,battLiPrimary,BATT_LIBSlagToHydro1,ElementLvl1,Fe,0.355,,±5%,BAU,2025,1.0,calc,"[Hämmer and Wambach, 2024]",https://www.mdpi.com/2071-1050/16/19/8731,thermal,BAU
121,1,Thermal recovery processes,ProcessLvl3,pyrometallurgy batteries ,Transformation,BATT_LIBToPyro1,BATT_ProductLvl1,battLiPrimary,BATT_LIBSlagToHydro1,ElementLvl1,Co,0.06,,±5%,BAU,2025,1.0,calc,"[Hämmer and Wambach, 2024]",https://www.mdpi.com/2071-1050/16/19/8732,thermal,BAU
122,1,Thermal recovery processes,ProcessLvl3,pyrometallurgy batteries ,Transformation,BATT_LIBToPyro1,BATT_ProductLvl1,battLiPrimary,BATT_LIBAlloyToHydro1,ElementLvl1,Cu,0.928,,±5%,BAU,2025,1.0,calc,"[Hämmer and Wambach, 2024]",https://www.mdpi.com/2071-1050/16/19/8733,thermal,BAU
123,1,Thermal recovery processes,ProcessLvl3,pyrometallurgy batteries ,Transformation,BATT_LIBToPyro1,BATT_ProductLvl1,battLiPrimary,BATT_LIBAlloyToHydro1,ElementLvl1,Ni,0.99,,±5%,BAU,2025,1.0,calc,"[Hämmer and Wambach, 2024]",https://www.mdpi.com/2071-1050/16/19/8734,thermal,BAU
124,1,Thermal recovery processes,ProcessLvl3,pyrometallurgy batteries ,Transformation,BATT_LIBToPyro1,BATT_ProductLvl1,battLiPrimary,BATT_LIBAlloyToHydro1,ElementLvl1,Fe,0.645,,±5%,BAU,2025,1.0,calc,"[Hämmer and Wambach, 2024]",https://www.mdpi.com/2071-1050/16/19/8735,thermal,BAU
125,1,Thermal recovery processes,ProcessLvl3,pyrometallurgy batteries ,Transformation,BATT_LIBToPyro1,BATT_ProductLvl1,battLiPrimary,BATT_LIBAlloyToHydro1,ElementLvl1,Co,0.94,,±5%,BAU,2025,1.0,calc,"[Hämmer and Wambach, 2024]",https://www.mdpi.com/2071-1050/16/19/8736,thermal,BAU
126,2,Hydrometallurgy (Leaching/SolventExtraction/Priciptation&Crystallization),ProcessLvl3,hydrometallurgy batteries,Transformation,BATT_LIBAlloyToHydro1,,,BATT_2RM_chemRecLIB1,ElementLvl1,Cu,0.9604,,±5%,BAU,2025,1.0,calc,"[Hämmer and Wambach, 2024]",https://www.mdpi.com/2071-1050/16/19/8737,hydro,BAU
127,2,Hydrometallurgy (Leaching/SolventExtraction/Priciptation&Crystallization),ProcessLvl3,hydrometallurgy batteries,Transformation,BATT_LIBAlloyToHydro1,,,BATT_2RM_chemRecLIB1,ElementLvl1,Ni,0.9122,,±5%,BAU,2025,1.0,calc,"[Hämmer and Wambach, 2024]",https://www.mdpi.com/2071-1050/16/19/8738,hydro,BAU
128,2,Hydrometallurgy (Leaching/SolventExtraction/Priciptation&Crystallization),ProcessLvl3,hydrometallurgy batteries,Transformation,BATT_LIBAlloyToHydro1,,,BATT_2RM_chemRecLIB1,ElementLvl1,Fe,0.9604,,±5%,BAU,2025,1.0,calc,"[Hämmer and Wambach, 2024]",https://www.mdpi.com/2071-1050/16/19/8739,hydro,BAU
129,2,Hydrometallurgy (Leaching/SolventExtraction/Priciptation&Crystallization),ProcessLvl3,hydrometallurgy batteries,Transformation,BATT_LIBAlloyToHydro1,,,BATT_2RM_chemRecLIB1,ElementLvl1,Co,0.7942,,±5%,BAU,2025,1.0,calc,"[Hämmer and Wambach, 2024]",https://www.mdpi.com/2071-1050/16/19/8740,hydro,BAU
130,2,Hydrometallurgy (Leaching/SolventExtraction/Priciptation&Crystallization),ProcessLvl3,hydrometallurgy batteries,Transformation,BATT_LIBSlagToHydro1,,,BATT_slagsAndSludgesLIB1,ElementLvl1,Al,1.0,,±15%,BAU,2025,2.5,est,"Assumption, no reference",,hydro,BAU
131,2,Hydrometallurgy (Leaching/SolventExtraction/Priciptation&Crystallization),ProcessLvl3,hydrometallurgy batteries,Transformation,BATT_LIBSlagToHydro1,,,BATT_slagsAndSludgesLIB1,ElementLvl1,Mn,1.0,,±15%,BAU,2025,2.5,est,"Assumption, no reference",,hydro,BAU
132,2,Hydrometallurgy (Leaching/SolventExtraction/Priciptation&Crystallization),ProcessLvl3,hydrometallurgy batteries,Transformation,BATT_LIBSlagToHydro1,,,BATT_slagsAndSludgesLIB1,ElementLvl1,P,1.0,,±15%,BAU,2025,2.5,est,"Assumption, no reference",,hydro,BAU
133,2,Hydrometallurgy (Leaching/SolventExtraction/Priciptation&Crystallization),ProcessLvl3,hydrometallurgy batteries,Transformation,BATT_LIBSlagToHydro1,,,BATT_slagsAndSludgesLIB1,ElementLvl1,Cu,1.0,,±15%,BAU,2025,2.5,est,"Assumption, no reference",,hydro,BAU
134,2,Hydrometallurgy (Leaching/SolventExtraction/Priciptation&Crystallization),ProcessLvl3,hydrometallurgy batteries,Transformation,BATT_LIBSlagToHydro1,,,BATT_slagsAndSludgesLIB1,ElementLvl1,Ni,1.0,,±15%,BAU,2025,2.5,est,"Assumption, no reference",,hydro,BAU
135,2,Hydrometallurgy (Leaching/SolventExtraction/Priciptation&Crystallization),ProcessLvl3,hydrometallurgy batteries,Transformation,BATT_LIBSlagToHydro1,,,BATT_slagsAndSludgesLIB1,ElementLvl1,Fe,1.0,,±15%,BAU,2025,2.5,est,"Assumption, no reference",,hydro,BAU
136,2,Hydrometallurgy (Leaching/SolventExtraction/Priciptation&Crystallization),ProcessLvl3,hydrometallurgy batteries,Transformation,BATT_LIBSlagToHydro1,,,BATT_slagsAndSludgesLIB1,ElementLvl1,Co,1.0,,±15%,BAU,2025,2.5,est,"Assumption, no reference",,hydro,BAU
137,2,Hydrometallurgy (Leaching/SolventExtraction/Priciptation&Crystallization),ProcessLvl3,hydrometallurgy batteries,Transformation,BATT_LIBSlagToHydro1,,,BATT_slagsAndSludgesLIB1,ElementLvl1,Li,0.9,,±15%,BAU,2025,2.5,est,"Assumption, no reference",,hydro,BAU
138,2,Hydrometallurgy (Leaching/SolventExtraction/Priciptation&Crystallization),ProcessLvl3,hydrometallurgy batteries,Transformation,BATT_LIBSlagToHydro1,,,BATT_2RM_chemRecSlagsAndSludges1,ElementLvl1,Li,0.1,,±15%,BAU,2025,2.5,est,"Assumption, no reference",,hydro,BAU
139,1,Thermal recovery processes,ProcessLvl3,pyrometallurgy batteries ,Transformation,BATT_LIBToPyro1,BATT_ProductLvl1,battLiPrimary,BATT_LIBSlagToHydro1,ElementLvl1,Cu,0.072,,±10%,BAU,2032,2.0,calc,"[Hämmer and Wambach, 2024]",https://www.mdpi.com/2071-1050/16/19/8729,thermal,BAU
140,1,Thermal recovery processes,ProcessLvl3,pyrometallurgy batteries ,Transformation,BATT_LIBToPyro1,BATT_ProductLvl1,battLiPrimary,BATT_LIBSlagToHydro1,ElementLvl1,Ni,0.01,,±10%,BAU,2032,2.0,calc,"[Hämmer and Wambach, 2024]",https://www.mdpi.com/2071-1050/16/19/8730,thermal,BAU
141,1,Thermal recovery processes,ProcessLvl3,pyrometallurgy batteries ,Transformation,BATT_LIBToPyro1,BATT_ProductLvl1,battLiPrimary,BATT_LIBSlagToHydro1,ElementLvl1,Fe,0.355,,±10%,BAU,2032,2.0,calc,"[Hämmer and Wambach, 2024]",https://www.mdpi.com/2071-1050/16/19/8731,thermal,BAU
142,1,Thermal recovery processes,ProcessLvl3,pyrometallurgy batteries ,Transformation,BATT_LIBToPyro1,BATT_ProductLvl1,battLiPrimary,BATT_LIBSlagToHydro1,ElementLvl1,Co,0.06,,±10%,BAU,2032,2.0,calc,"[Hämmer and Wambach, 2024]",https://www.mdpi.com/2071-1050/16/19/8732,thermal,BAU
143,1,Thermal recovery processes,ProcessLvl3,pyrometallurgy batteries ,Transformation,BATT_LIBToPyro1,BATT_ProductLvl1,battLiPrimary,BATT_LIBAlloyToHydro1,ElementLvl1,Cu,0.928,,±10%,BAU,2032,2.0,est,"[Hämmer and Wambach, 2024]",https://www.mdpi.com/2071-1050/16/19/8733,thermal,BAU
144,1,Thermal recovery processes,ProcessLvl3,pyrometallurgy batteries ,Transformation,BATT_LIBToPyro1,BATT_ProductLvl1,battLiPrimary,BATT_LIBAlloyToHydro1,ElementLvl1,Ni,0.99,,±10%,BAU,2032,2.0,calc,"[Hämmer and Wambach, 2024]",https://www.mdpi.com/2071-1050/16/19/8734,thermal,BAU
145,1,Thermal recovery processes,ProcessLvl3,pyrometallurgy batteries ,Transformation,BATT_LIBToPyro1,BATT_ProductLvl1,battLiPrimary,BATT_LIBAlloyToHydro1,ElementLvl1,Fe,0.645,,±10%,BAU,2032,2.0,calc,"[Hämmer and Wambach, 2024]",https://www.mdpi.com/2071-1050/16/19/8735,thermal,BAU
146,1,Thermal recovery processes,ProcessLvl3,pyrometallurgy batteries ,Transformation,BATT_LIBToPyro1,BATT_ProductLvl1,battLiPrimary,BATT_LIBAlloyToHydro1,ElementLvl1,Co,0.94,,±10%,BAU,2032,2.0,calc,"[Hämmer and Wambach, 2024]",https://www.mdpi.com/2071-1050/16/19/8736,thermal,BAU
147,2,Hydrometallurgy (Leaching/SolventExtraction/Priciptation&Crystallization),ProcessLvl3,hydrometallurgy batteries,Transformation,BATT_LIBAlloyToHydro1,,,BATT_2RM_chemRecLIB1,ElementLvl1,Cu,0.97,,±20%,BAU,2032,3.5,est,"Assumption, no reference",,hydro,BAU
148,2,Hydrometallurgy (Leaching/SolventExtraction/Priciptation&Crystallization),ProcessLvl3,hydrometallurgy batteries,Transformation,BATT_LIBAlloyToHydro1,,,BATT_2RM_chemRecLIB1,ElementLvl1,Ni,0.9122,,±10%,BAU,2032,2.0,calc,"[Hämmer and Wambach, 2024]",https://www.mdpi.com/2071-1050/16/19/8738,hydro,BAU
149,2,Hydrometallurgy (Leaching/SolventExtraction/Priciptation&Crystallization),ProcessLvl3,hydrometallurgy batteries,Transformation,BATT_LIBAlloyToHydro1,,,BATT_2RM_chemRecLIB1,ElementLvl1,Fe,0.9604,,±10%,BAU,2032,2.0,calc,"[Hämmer and Wambach, 2024]",https://www.mdpi.com/2071-1050/16/19/8739,hydro,BAU
150,2,Hydrometallurgy (Leaching/SolventExtraction/Priciptation&Crystallization),ProcessLvl3,hydrometallurgy batteries,Transformation,BATT_LIBAlloyToHydro1,,,BATT_2RM_chemRecLIB1,ElementLvl1,Co,0.86,,±20%,BAU,2032,3.5,est,"Assumption, no reference",,hydro,BAU
151,2,Hydrometallurgy (Leaching/SolventExtraction/Priciptation&Crystallization),ProcessLvl3,hydrometallurgy batteries,Transformation,BATT_LIBSlagToHydro1,,,BATT_slagsAndSludgesLIB1,ElementLvl1,Al,1.0,,±20%,BAU,2032,3.5,est,"Assumption, no reference",,hydro,BAU
152,2,Hydrometallurgy (Leaching/SolventExtraction/Priciptation&Crystallization),ProcessLvl3,hydrometallurgy batteries,Transformation,BATT_LIBSlagToHydro1,,,BATT_slagsAndSludgesLIB1,ElementLvl1,Mn,1.0,,±20%,BAU,2032,3.5,est,"Assumption, no reference",,hydro,BAU
153,2,Hydrometallurgy (Leaching/SolventExtraction/Priciptation&Crystallization),ProcessLvl3,hydrometallurgy batteries,Transformation,BATT_LIBSlagToHydro1,,,BATT_slagsAndSludgesLIB1,ElementLvl1,P,1.0,,±20%,BAU,2032,3.5,est,"Assumption, no reference",,hydro,BAU
154,2,Hydrometallurgy (Leaching/SolventExtraction/Priciptation&Crystallization),ProcessLvl3,hydrometallurgy batteries,Transformation,BATT_LIBSlagToHydro1,,,BATT_slagsAndSludgesLIB1,ElementLvl1,Cu,1.0,,±20%,BAU,2032,3.5,est,"Assumption, no reference",,hydro,BAU
155,2,Hydrometallurgy (Leaching/SolventExtraction/Priciptation&Crystallization),ProcessLvl3,hydrometallurgy batteries,Transformation,BATT_LIBSlagToHydro1,,,BATT_slagsAndSludgesLIB1,ElementLvl1,Ni,1.0,,±20%,BAU,2032,3.5,est,"Assumption, no reference",,hydro,BAU
156,2,Hydrometallurgy (Leaching/SolventExtraction/Priciptation&Crystallization),ProcessLvl3,hydrometallurgy batteries,Transformation,BATT_LIBSlagToHydro1,,,BATT_slagsAndSludgesLIB1,ElementLvl1,Fe,1.0,,±20%,BAU,2032,3.5,est,"Assumption, no reference",,hydro,BAU
157,2,Hydrometallurgy (Leaching/SolventExtraction/Priciptation&Crystallization),ProcessLvl3,hydrometallurgy batteries,Transformation,BATT_LIBSlagToHydro1,,,BATT_slagsAndSludgesLIB1,ElementLvl1,Co,1.0,,±20%,BAU,2032,3.5,est,"Assumption, no reference",,hydro,BAU
158,2,Hydrometallurgy (Leaching/SolventExtraction/Priciptation&Crystallization),ProcessLvl3,hydrometallurgy batteries,Transformation,BATT_LIBSlagToHydro1,,,BATT_slagsAndSludgesLIB1,ElementLvl1,Li,0.5,,±20%,BAU,2032,3.5,est,"Assumption, no reference",,hydro,BAU
159,2,Hydrometallurgy (Leaching/SolventExtraction/Priciptation&Crystallization),ProcessLvl3,hydrometallurgy batteries,Transformation,BATT_LIBSlagToHydro1,,,BATT_2RM_chemRecSlagsAndSludges1,ElementLvl1,Li,0.5,,±20%,BAU,2032,3.5,est,"Assumption, no reference",,hydro,BAU
160,1,Thermal recovery processes,ProcessLvl3,pyrometallurgy batteries ,Transformation,BATT_LIBToPyro1,BATT_ProductLvl1,battLiPrimary,BATT_LIBSlagToHydro1,ElementLvl1,Cu,0.072,,±15%,BAU,2050,2.5,calc,"[Hämmer and Wambach, 2024]",https://www.mdpi.com/2071-1050/16/19/8729,thermal,BAU
161,1,Thermal recovery processes,ProcessLvl3,pyrometallurgy batteries ,Transformation,BATT_LIBToPyro1,BATT_ProductLvl1,battLiPrimary,BATT_LIBSlagToHydro1,ElementLvl1,Ni,0.01,,±15%,BAU,2050,2.5,calc,"[Hämmer and Wambach, 2024]",https://www.mdpi.com/2071-1050/16/19/8730,thermal,BAU
162,1,Thermal recovery processes,ProcessLvl3,pyrometallurgy batteries ,Transformation,BATT_LIBToPyro1,BATT_ProductLvl1,battLiPrimary,BATT_LIBSlagToHydro1,ElementLvl1,Fe,0.355,,±15%,BAU,2050,2.5,calc,"[Hämmer and Wambach, 2024]",https://www.mdpi.com/2071-1050/16/19/8731,thermal,BAU
163,1,Thermal recovery processes,ProcessLvl3,pyrometallurgy batteries ,Transformation,BATT_LIBToPyro1,BATT_ProductLvl1,battLiPrimary,BATT_LIBSlagToHydro1,ElementLvl1,Co,0.06,,±15%,BAU,2050,2.5,calc,"[Hämmer and Wambach, 2024]",https://www.mdpi.com/2071-1050/16/19/8732,thermal,BAU
164,1,Thermal recovery processes,ProcessLvl3,pyrometallurgy batteries ,Transformation,BATT_LIBToPyro1,BATT_ProductLvl1,battLiPrimary,BATT_LIBAlloyToHydro1,ElementLvl1,Cu,0.928,,±15%,BAU,2050,2.5,est,"[Hämmer and Wambach, 2024]",https://www.mdpi.com/2071-1050/16/19/8733,thermal,BAU
165,1,Thermal recovery processes,ProcessLvl3,pyrometallurgy batteries ,Transformation,BATT_LIBToPyro1,BATT_ProductLvl1,battLiPrimary,BATT_LIBAlloyToHydro1,ElementLvl1,Ni,0.99,,±15%,BAU,2050,2.5,calc,"[Hämmer and Wambach, 2024]",https://www.mdpi.com/2071-1050/16/19/8734,thermal,BAU
166,1,Thermal recovery processes,ProcessLvl3,pyrometallurgy batteries ,Transformation,BATT_LIBToPyro1,BATT_ProductLvl1,battLiPrimary,BATT_LIBAlloyToHydro1,ElementLvl1,Fe,0.645,,±15%,BAU,2050,2.5,calc,"[Hämmer and Wambach, 2024]",https://www.mdpi.com/2071-1050/16/19/8735,thermal,BAU
167,1,Thermal recovery processes,ProcessLvl3,pyrometallurgy batteries ,Transformation,BATT_LIBToPyro1,BATT_ProductLvl1,battLiPrimary,BATT_LIBAlloyToHydro1,ElementLvl1,Co,0.94,,±15%,BAU,2050,2.5,calc,"[Hämmer and Wambach, 2024]",https://www.mdpi.com/2071-1050/16/19/8736,thermal,BAU
168,2,Hydrometallurgy (Leaching/SolventExtraction/Priciptation&Crystallization),ProcessLvl3,hydrometallurgy batteries,Transformation,BATT_LIBAlloyToHydro1,,,BATT_2RM_chemRecLIB1,ElementLvl1,Cu,0.97,,±20%,BAU,2050,4.0,est,"Assumption, no reference",,hydro,BAU
169,2,Hydrometallurgy (Leaching/SolventExtraction/Priciptation&Crystallization),ProcessLvl3,hydrometallurgy batteries,Transformation,BATT_LIBAlloyToHydro1,,,BATT_2RM_chemRecLIB1,ElementLvl1,Ni,0.9122,,±15%,BAU,2050,2.5,calc,"[Hämmer and Wambach, 2024]",https://www.mdpi.com/2071-1050/16/19/8738,hydro,BAU
170,2,Hydrometallurgy (Leaching/SolventExtraction/Priciptation&Crystallization),ProcessLvl3,hydrometallurgy batteries,Transformation,BATT_LIBAlloyToHydro1,,,BATT_2RM_chemRecLIB1,ElementLvl1,Fe,0.9604,,±15%,BAU,2050,2.5,calc,"[Hämmer and Wambach, 2024]",https://www.mdpi.com/2071-1050/16/19/8739,hydro,BAU
171,2,Hydrometallurgy (Leaching/SolventExtraction/Priciptation&Crystallization),ProcessLvl3,hydrometallurgy batteries,Transformation,BATT_LIBAlloyToHydro1,,,BATT_2RM_chemRecLIB1,ElementLvl1,Co,0.96,,±20%,BAU,2050,4.0,est,"Assumption, no reference",,hydro,BAU
172,2,Hydrometallurgy (Leaching/SolventExtraction/Priciptation&Crystallization),ProcessLvl3,hydrometallurgy batteries,Transformation,BATT_LIBSlagToHydro1,,,BATT_slagsAndSludgesLIB1,ElementLvl1,Al,1.0,,±20%,BAU,2050,4.0,est,"Assumption, no reference",,hydro,BAU
173,2,Hydrometallurgy (Leaching/SolventExtraction/Priciptation&Crystallization),ProcessLvl3,hydrometallurgy batteries,Transformation,BATT_LIBSlagToHydro1,,,BATT_slagsAndSludgesLIB1,ElementLvl1,Mn,1.0,,±20%,BAU,2050,4.0,est,"Assumption, no reference",,hydro,BAU
174,2,Hydrometallurgy (Leaching/SolventExtraction/Priciptation&Crystallization),ProcessLvl3,hydrometallurgy batteries,Transformation,BATT_LIBSlagToHydro1,,,BATT_slagsAndSludgesLIB1,ElementLvl1,P,1.0,,±20%,BAU,2050,4.0,est,"Assumption, no reference",,hydro,BAU
175,2,Hydrometallurgy (Leaching/SolventExtraction/Priciptation&Crystallization),ProcessLvl3,hydrometallurgy batteries,Transformation,BATT_LIBSlagToHydro1,,,BATT_slagsAndSludgesLIB1,ElementLvl1,Cu,1.0,,±20%,BAU,2050,4.0,est,"Assumption, no reference",,hydro,BAU
176,2,Hydrometallurgy (Leaching/SolventExtraction/Priciptation&Crystallization),ProcessLvl3,hydrometallurgy batteries,Transformation,BATT_LIBSlagToHydro1,,,BATT_slagsAndSludgesLIB1,ElementLvl1,Ni,1.0,,±20%,BAU,2050,4.0,est,"Assumption, no reference",,hydro,BAU
177,2,Hydrometallurgy (Leaching/SolventExtraction/Priciptation&Crystallization),ProcessLvl3,hydrometallurgy batteries,Transformation,BATT_LIBSlagToHydro1,,,BATT_slagsAndSludgesLIB1,ElementLvl1,Fe,1.0,,±20%,BAU,2050,4.0,est,"Assumption, no reference",,hydro,BAU
178,2,Hydrometallurgy (Leaching/SolventExtraction/Priciptation&Crystallization),ProcessLvl3,hydrometallurgy batteries,Transformation,BATT_LIBSlagToHydro1,,,BATT_slagsAndSludgesLIB1,ElementLvl1,Co,1.0,,±20%,BAU,2050,4.0,est,"Assumption, no reference",,hydro,BAU
179,2,Hydrometallurgy (Leaching/SolventExtraction/Priciptation&Crystallization),ProcessLvl3,hydrometallurgy batteries,Transformation,BATT_LIBSlagToHydro1,,,BATT_slagsAndSludgesLIB1,ElementLvl1,Li,0.2,,±20%,BAU,2050,4.0,est,"Assumption, no reference",,hydro,BAU
180,2,Hydrometallurgy (Leaching/SolventExtraction/Priciptation&Crystallization),ProcessLvl3,hydrometallurgy batteries,Transformation,BATT_LIBSlagToHydro1,,,BATT_2RM_chemRecSlagsAndSludges1,ElementLvl1,Li,0.8,,±20%,BAU,2050,4.0,est,"Assumption, no reference",,hydro,BAU
181,2,Hydrometallurgy (Leaching/SolventExtraction/Priciptation&Crystallization),ProcessLvl3,hydrometallurgy batteries,Transformation,BATT_LIBAlloyToHydro1,,,BATT_Losses_chemRecLIB1,ElementLvl1,Cu,0.03959999999999997,,±5%,OBS,2010,1.0,calc,"[Hämmer and Wambach, 2024]",https://www.mdpi.com/2071-1050/16/19/8737,hydro,OBS
182,2,Hydrometallurgy (Leaching/SolventExtraction/Priciptation&Crystallization),ProcessLvl3,hydrometallurgy batteries,Transformation,BATT_LIBAlloyToHydro1,,,BATT_Losses_chemRecLIB1,ElementLvl1,Ni,0.08779999999999999,,±5%,OBS,2010,1.0,calc,"[Hämmer and Wambach, 2024]",https://www.mdpi.com/2071-1050/16/19/8738,hydro,OBS
183,2,Hydrometallurgy (Leaching/SolventExtraction/Priciptation&Crystallization),ProcessLvl3,hydrometallurgy batteries,Transformation,BATT_LIBAlloyToHydro1,,,BATT_Losses_chemRecLIB1,ElementLvl1,Fe,0.03959999999999997,,±5%,OBS,2010,1.0,calc,"[Hämmer and Wambach, 2024]",https://www.mdpi.com/2071-1050/16/19/8739,hydro,OBS
184,2,Hydrometallurgy (Leaching/SolventExtraction/Priciptation&Crystallization),ProcessLvl3,hydrometallurgy batteries,Transformation,BATT_LIBAlloyToHydro1,,,BATT_Losses_chemRecLIB1,ElementLvl1,Co,0.20579999999999998,,±5%,OBS,2010,1.0,calc,"[Hämmer and Wambach, 2024]",https://www.mdpi.com/2071-1050/16/19/8740,hydro,OBS
185,2,Hydrometallurgy (Leaching/SolventExtraction/Priciptation&Crystallization),ProcessLvl3,hydrometallurgy batteries,Transformation,BATT_LIBAlloyToHydro1,,,BATT_Losses_chemRecLIB1,ElementLvl1,Cu,0.03959999999999997,,±5%,BAU,2025,1.0,calc,"[Hämmer and Wambach, 2024]",https://www.mdpi.com/2071-1050/16/19/8737,hydro,BAU
186,2,Hydrometallurgy (Leaching/SolventExtraction/Priciptation&Crystallization),ProcessLvl3,hydrometallurgy batteries,Transformation,BATT_LIBAlloyToHydro1,,,BATT_Losses_chemRecLIB1,ElementLvl1,Ni,0.08779999999999999,,±5%,BAU,2025,1.0,calc,"[Hämmer and Wambach, 2024]",https://www.mdpi.com/2071-1050/16/19/8738,hydro,BAU
187,2,Hydrometallurgy (Leaching/SolventExtraction/Priciptation&Crystallization),ProcessLvl3,hydrometallurgy batteries,Transformation,BATT_LIBAlloyToHydro1,,,BATT_Losses_chemRecLIB1,ElementLvl1,Fe,0.03959999999999997,,±5%,BAU,2025,1.0,calc,"[Hämmer and Wambach, 2024]",https://www.mdpi.com/2071-1050/16/19/8739,hydro,BAU
188,2,Hydrometallurgy (Leaching/SolventExtraction/Priciptation&Crystallization),ProcessLvl3,hydrometallurgy batteries,Transformation,BATT_LIBAlloyToHydro1,,,BATT_Losses_chemRecLIB1,ElementLvl1,Co,0.20579999999999998,,±5%,BAU,2025,1.0,calc,"[Hämmer and Wambach, 2024]",https://www.mdpi.com/2071-1050/16/19/8740,hydro,BAU
189,2,Hydrometallurgy (Leaching/SolventExtraction/Priciptation&Crystallization),ProcessLvl3,hydrometallurgy batteries,Transformation,BATT_LIBAlloyToHydro1,,,BATT_Losses_chemRecLIB1,ElementLvl1,Cu,0.030000000000000027,,±20%,BAU,2032,3.5,est,"Assumption, no reference",,hydro,BAU
190,2,Hydrometallurgy (Leaching/SolventExtraction/Priciptation&Crystallization),ProcessLvl3,hydrometallurgy batteries,Transformation,BATT_LIBAlloyToHydro1,,,BATT_Losses_chemRecLIB1,ElementLvl1,Ni,0.08779999999999999,,±10%,BAU,2032,2.0,calc,"[Hämmer and Wambach, 2024]",https://www.mdpi.com/2071-1050/16/19/8738,hydro,BAU
191,2,Hydrometallurgy (Leaching/SolventExtraction/Priciptation&Crystallization),ProcessLvl3,hydrometallurgy batteries,Transformation,BATT_LIBAlloyToHydro1,,,BATT_Losses_chemRecLIB1,ElementLvl1,Fe,0.03959999999999997,,±20%,BAU,2032,3.5,calc,"Assumption, no reference",,hydro,BAU
192,2,Hydrometallurgy (Leaching/SolventExtraction/Priciptation&Crystallization),ProcessLvl3,hydrometallurgy batteries,Transformation,BATT_LIBAlloyToHydro1,,,BATT_Losses_chemRecLIB1,ElementLvl1,Co,0.14,,±20%,BAU,2032,3.5,est,"Assumption, no reference",,hydro,BAU
193,2,Hydrometallurgy (Leaching/SolventExtraction/Priciptation&Crystallization),ProcessLvl3,hydrometallurgy batteries,Transformation,BATT_LIBAlloyToHydro1,,,BATT_Losses_chemRecLIB1,ElementLvl1,Cu,0.030000000000000027,,±20%,BAU,2050,4.0,est,"Assumption, no reference",,hydro,BAU
194,2,Hydrometallurgy (Leaching/SolventExtraction/Priciptation&Crystallization),ProcessLvl3,hydrometallurgy batteries,Transformation,BATT_LIBAlloyToHydro1,,,BATT_Losses_chemRecLIB1,ElementLvl1,Ni,0.08779999999999999,,±15%,BAU,2050,2.5,calc,"[Hämmer and Wambach, 2024]",https://www.mdpi.com/2071-1050/16/19/8738,hydro,BAU
195,2,Hydrometallurgy (Leaching/SolventExtraction/Priciptation&Crystallization),ProcessLvl3,hydrometallurgy batteries,Transformation,BATT_LIBAlloyToHydro1,,,BATT_Losses_chemRecLIB1,ElementLvl1,Fe,0.03959999999999997,,±20%,BAU,2050,4.0,calc,"Assumption, no reference",,hydro,BAU
196,2,Hydrometallurgy (Leaching/SolventExtraction/Priciptation&Crystallization),ProcessLvl3,hydrometallurgy batteries,Transformation,BATT_LIBAlloyToHydro1,,,BATT_Losses_chemRecLIB1,ElementLvl1,Co,0.040000000000000036,,±20%,BAU,2050,4.0,est,"Assumption, no reference",,hydro,BAU
197,1,Thermal recovery processes,ProcessLvl3,pyrometallurgy batteries ,Transformation,BATT_LIBToPyro1,BATT_ProductLvl1,battLiRechargeable,BATT_LIBSlagToHydro1,ElementLvl1,Li,1.0,,±5%,OBS,2010,1.0,calc,"[Hämmer and Wambach, 2024]",https://www.mdpi.com/2071-1050/16/19/8726,thermal,OBS
198,1,Thermal recovery processes,ProcessLvl3,pyrometallurgy batteries ,Transformation,BATT_LIBToPyro1,BATT_ProductLvl1,battLiRechargeable,BATT_LIBSlagToHydro1,ElementLvl1,Al,1.0,,±5%,OBS,2010,1.0,calc,"[Hämmer and Wambach, 2024]",https://www.mdpi.com/2071-1050/16/19/8727,thermal,OBS
199,1,Thermal recovery processes,ProcessLvl3,pyrometallurgy batteries ,Transformation,BATT_LIBToPyro1,BATT_ProductLvl1,battLiRechargeable,BATT_LIBSlagToHydro1,ElementLvl1,Mn,1.0,,±5%,OBS,2010,1.0,calc,"[Hämmer and Wambach, 2024]",https://www.mdpi.com/2071-1050/16/19/8728,thermal,OBS
200,1,Thermal recovery processes,ProcessLvl3,pyrometallurgy batteries ,Transformation,BATT_LIBToPyro1,BATT_ProductLvl1,battLiRechargeable,BATT_LIBSlagToHydro1,ElementLvl1,P,1.0,,±5%,OBS,2010,1.0,calc,"[Hämmer and Wambach, 2024]",https://www.mdpi.com/2071-1050/16/19/8728,thermal,OBS
201,1,Thermal recovery processes,ProcessLvl3,pyrometallurgy batteries ,Transformation,BATT_LIBToPyro1,BATT_ProductLvl1,battLiRechargeable,BATT_LIBSlagToHydro1,ElementLvl1,Cu,0.072,,±5%,OBS,2010,1.0,calc,"[Hämmer and Wambach, 2024]",https://www.mdpi.com/2071-1050/16/19/8729,thermal,OBS
202,1,Thermal recovery processes,ProcessLvl3,pyrometallurgy batteries ,Transformation,BATT_LIBToPyro1,BATT_ProductLvl1,battLiRechargeable,BATT_LIBSlagToHydro1,ElementLvl1,Ni,0.01,,±5%,OBS,2010,1.0,calc,"[Hämmer and Wambach, 2024]",https://www.mdpi.com/2071-1050/16/19/8730,thermal,OBS
203,1,Thermal recovery processes,ProcessLvl3,pyrometallurgy batteries ,Transformation,BATT_LIBToPyro1,BATT_ProductLvl1,battLiRechargeable,BATT_LIBSlagToHydro1,ElementLvl1,Fe,0.355,,±5%,OBS,2010,1.0,calc,"[Hämmer and Wambach, 2024]",https://www.mdpi.com/2071-1050/16/19/8731,thermal,OBS
204,1,Thermal recovery processes,ProcessLvl3,pyrometallurgy batteries ,Transformation,BATT_LIBToPyro1,BATT_ProductLvl1,battLiRechargeable,BATT_LIBSlagToHydro1,ElementLvl1,Co,0.06,,±5%,OBS,2010,1.0,calc,"[Hämmer and Wambach, 2024]",https://www.mdpi.com/2071-1050/16/19/8732,thermal,OBS
205,1,Thermal recovery processes,ProcessLvl3,pyrometallurgy batteries ,Transformation,BATT_LIBToPyro1,BATT_ProductLvl1,battLiRechargeable,BATT_LIBAlloyToHydro1,ElementLvl1,Cu,0.928,,±5%,OBS,2010,1.0,calc,"[Hämmer and Wambach, 2024]",https://www.mdpi.com/2071-1050/16/19/8733,thermal,OBS
206,1,Thermal recovery processes,ProcessLvl3,pyrometallurgy batteries ,Transformation,BATT_LIBToPyro1,BATT_ProductLvl1,battLiRechargeable,BATT_LIBAlloyToHydro1,ElementLvl1,Ni,0.99,,±5%,OBS,2010,1.0,calc,"[Hämmer and Wambach, 2024]",https://www.mdpi.com/2071-1050/16/19/8734,thermal,OBS
207,1,Thermal recovery processes,ProcessLvl3,pyrometallurgy batteries ,Transformation,BATT_LIBToPyro1,BATT_ProductLvl1,battLiRechargeable,BATT_LIBAlloyToHydro1,ElementLvl1,Fe,0.645,,±5%,OBS,2010,1.0,calc,"[Hämmer and Wambach, 2024]",https://www.mdpi.com/2071-1050/16/19/8735,thermal,OBS
208,1,Thermal recovery processes,ProcessLvl3,pyrometallurgy batteries ,Transformation,BATT_LIBToPyro1,BATT_ProductLvl1,battLiRechargeable,BATT_LIBAlloyToHydro1,ElementLvl1,Co,0.94,,±5%,OBS,2010,1.0,calc,"[Hämmer and Wambach, 2024]",https://www.mdpi.com/2071-1050/16/19/8736,thermal,OBS
209,2,Hydrometallurgy (Leaching/SolventExtraction/Priciptation&Crystallization),ProcessLvl3,hydrometallurgy batteries,Transformation,BATT_LIBAlloyToHydro1,,,BATT_2RM_chemRecLIB1,ElementLvl1,Cu,0.9604,,±5%,OBS,2010,1.0,calc,"[Hämmer and Wambach, 2024]",https://www.mdpi.com/2071-1050/16/19/8737,hydro,OBS
210,2,Hydrometallurgy (Leaching/SolventExtraction/Priciptation&Crystallization),ProcessLvl3,hydrometallurgy batteries,Transformation,BATT_LIBAlloyToHydro1,,,BATT_2RM_chemRecLIB1,ElementLvl1,Ni,0.9122,,±5%,OBS,2010,1.0,calc,"[Hämmer and Wambach, 2024]",https://www.mdpi.com/2071-1050/16/19/8738,hydro,OBS
211,2,Hydrometallurgy (Leaching/SolventExtraction/Priciptation&Crystallization),ProcessLvl3,hydrometallurgy batteries,Transformation,BATT_LIBAlloyToHydro1,,,BATT_2RM_chemRecLIB1,ElementLvl1,Fe,0.9604,,±5%,OBS,2010,1.0,calc,"[Hämmer and Wambach, 2024]",https://www.mdpi.com/2071-1050/16/19/8739,hydro,OBS
212,2,Hydrometallurgy (Leaching/SolventExtraction/Priciptation&Crystallization),ProcessLvl3,hydrometallurgy batteries,Transformation,BATT_LIBAlloyToHydro1,,,BATT_2RM_chemRecLIB1,ElementLvl1,Co,0.7942,,±5%,OBS,2010,1.0,calc,"[Hämmer and Wambach, 2024]",https://www.mdpi.com/2071-1050/16/19/8740,hydro,OBS
213,2,Hydrometallurgy (Leaching/SolventExtraction/Priciptation&Crystallization),ProcessLvl3,hydrometallurgy batteries,Transformation,BATT_LIBSlagToHydro1,,,BATT_slagsAndSludgesLIB1,ElementLvl1,Al,1.0,,±15%,OBS,2010,2.5,est,"Assumption, no reference",,hydro,OBS
214,2,Hydrometallurgy (Leaching/SolventExtraction/Priciptation&Crystallization),ProcessLvl3,hydrometallurgy batteries,Transformation,BATT_LIBSlagToHydro1,,,BATT_slagsAndSludgesLIB1,ElementLvl1,Mn,1.0,,±15%,OBS,2010,2.5,est,"Assumption, no reference",,hydro,OBS
215,2,Hydrometallurgy (Leaching/SolventExtraction/Priciptation&Crystallization),ProcessLvl3,hydrometallurgy batteries,Transformation,BATT_LIBSlagToHydro1,,,BATT_slagsAndSludgesLIB1,ElementLvl1,P,1.0,,±15%,OBS,2010,2.5,est,"Assumption, no reference",,hydro,OBS
216,2,Hydrometallurgy (Leaching/SolventExtraction/Priciptation&Crystallization),ProcessLvl3,hydrometallurgy batteries,Transformation,BATT_LIBSlagToHydro1,,,BATT_slagsAndSludgesLIB1,ElementLvl1,Cu,1.0,,±15%,OBS,2010,2.5,est,"Assumption, no reference",,hydro,OBS
217,2,Hydrometallurgy (Leaching/SolventExtraction/Priciptation&Crystallization),ProcessLvl3,hydrometallurgy batteries,Transformation,BATT_LIBSlagToHydro1,,,BATT_slagsAndSludgesLIB1,ElementLvl1,Ni,1.0,,±15%,OBS,2010,2.5,est,"Assumption, no reference",,hydro,OBS
218,2,Hydrometallurgy (Leaching/SolventExtraction/Priciptation&Crystallization),ProcessLvl3,hydrometallurgy batteries,Transformation,BATT_LIBSlagToHydro1,,,BATT_slagsAndSludgesLIB1,ElementLvl1,Fe,1.0,,±15%,OBS,2010,2.5,est,"Assumption, no reference",,hydro,OBS
219,2,Hydrometallurgy (Leaching/SolventExtraction/Priciptation&Crystallization),ProcessLvl3,hydrometallurgy batteries,Transformation,BATT_LIBSlagToHydro1,,,BATT_slagsAndSludgesLIB1,ElementLvl1,Co,1.0,,±15%,OBS,2010,2.5,est,"Assumption, no reference",,hydro,OBS
220,2,Hydrometallurgy (Leaching/SolventExtraction/Priciptation&Crystallization),ProcessLvl3,hydrometallurgy batteries,Transformation,BATT_LIBSlagToHydro1,,,BATT_slagsAndSludgesLIB1,ElementLvl1,Li,1.0,,±15%,OBS,2010,2.5,est,"Assumption, no reference",,hydro,OBS
221,2,Hydrometallurgy (Leaching/SolventExtraction/Priciptation&Crystallization),ProcessLvl3,hydrometallurgy batteries,Transformation,BATT_LIBSlagToHydro1,,,BATT_2RM_chemRecSlagsAndSludges1,ElementLvl1,Li,0.0,,±15%,OBS,2010,2.5,est,"Assumption, no reference",,hydro,OBS
222,1,Thermal recovery processes,ProcessLvl3,pyrometallurgy batteries ,Transformation,BATT_LIBToPyro1,BATT_ProductLvl1,battLiRechargeable,BATT_LIBSlagToHydro1,ElementLvl1,Li,1.0,,±5%,BAU,2025,1.0,calc,"[Hämmer and Wambach, 2024]",https://www.mdpi.com/2071-1050/16/19/8726,thermal,BAU
223,1,Thermal recovery processes,ProcessLvl3,pyrometallurgy batteries ,Transformation,BATT_LIBToPyro1,BATT_ProductLvl1,battLiRechargeable,BATT_LIBSlagToHydro1,ElementLvl1,Al,1.0,,±5%,BAU,2025,1.0,calc,"[Hämmer and Wambach, 2024]",https://www.mdpi.com/2071-1050/16/19/8727,thermal,BAU
224,1,Thermal recovery processes,ProcessLvl3,pyrometallurgy batteries ,Transformation,BATT_LIBToPyro1,BATT_ProductLvl1,battLiRechargeable,BATT_LIBSlagToHydro1,ElementLvl1,Mn,1.0,,±5%,BAU,2025,1.0,calc,"[Hämmer and Wambach, 2024]",https://www.mdpi.com/2071-1050/16/19/8728,thermal,BAU
225,1,Thermal recovery processes,ProcessLvl3,pyrometallurgy batteries ,Transformation,BATT_LIBToPyro1,BATT_ProductLvl1,battLiRechargeable,BATT_LIBSlagToHydro1,ElementLvl1,P,1.0,,±5%,BAU,2025,1.0,calc,"[Hämmer and Wambach, 2024]",https://www.mdpi.com/2071-1050/16/19/8728,thermal,BAU
226,1,Thermal recovery processes,ProcessLvl3,pyrometallurgy batteries ,Transformation,BATT_LIBToPyro1,BATT_ProductLvl1,battLiRechargeable,BATT_LIBSlagToHydro1,ElementLvl1,Cu,0.072,,±5%,BAU,2025,1.0,calc,"[Hämmer and Wambach, 2024]",https://www.mdpi.com/2071-1050/16/19/8729,thermal,BAU
227,1,Thermal recovery processes,ProcessLvl3,pyrometallurgy batteries ,Transformation,BATT_LIBToPyro1,BATT_ProductLvl1,battLiRechargeable,BATT_LIBSlagToHydro1,ElementLvl1,Ni,0.01,,±5%,BAU,2025,1.0,calc,"[Hämmer and Wambach, 2024]",https://www.mdpi.com/2071-1050/16/19/8730,thermal,BAU
228,1,Thermal recovery processes,ProcessLvl3,pyrometallurgy batteries ,Transformation,BATT_LIBToPyro1,BATT_ProductLvl1,battLiRechargeable,BATT_LIBSlagToHydro1,ElementLvl1,Fe,0.355,,±5%,BAU,2025,1.0,calc,"[Hämmer and Wambach, 2024]",https://www.mdpi.com/2071-1050/16/19/8731,thermal,BAU
229,1,Thermal recovery processes,ProcessLvl3,pyrometallurgy batteries ,Transformation,BATT_LIBToPyro1,BATT_ProductLvl1,battLiRechargeable,BATT_LIBSlagToHydro1,ElementLvl1,Co,0.06,,±5%,BAU,2025,1.0,calc,"[Hämmer and Wambach, 2024]",https://www.mdpi.com/2071-1050/16/19/8732,thermal,BAU
230,1,Thermal recovery processes,ProcessLvl3,pyrometallurgy batteries ,Transformation,BATT_LIBToPyro1,BATT_ProductLvl1,battLiRechargeable,BATT_LIBAlloyToHydro1,ElementLvl1,Cu,0.928,,±5%,BAU,2025,1.0,calc,"[Hämmer and Wambach, 2024]",https://www.mdpi.com/2071-1050/16/19/8733,thermal,BAU
231,1,Thermal recovery processes,ProcessLvl3,pyrometallurgy batteries ,Transformation,BATT_LIBToPyro1,BATT_ProductLvl1,battLiRechargeable,BATT_LIBAlloyToHydro1,ElementLvl1,Ni,0.99,,±5%,BAU,2025,1.0,calc,"[Hämmer and Wambach, 2024]",https://www.mdpi.com/2071-1050/16/19/8734,thermal,BAU
232,1,Thermal recovery processes,ProcessLvl3,pyrometallurgy batteries ,Transformation,BATT_LIBToPyro1,BATT_ProductLvl1,battLiRechargeable,BATT_LIBAlloyToHydro1,ElementLvl1,Fe,0.645,,±5%,BAU,2025,1.0,calc,"[Hämmer and Wambach, 2024]",https://www.mdpi.com/2071-1050/16/19/8735,thermal,BAU
233,1,Thermal recovery processes,ProcessLvl3,pyrometallurgy batteries ,Transformation,BATT_LIBToPyro1,BATT_ProductLvl1,battLiRechargeable,BATT_LIBAlloyToHydro1,ElementLvl1,Co,0.94,,±5%,BAU,2025,1.0,calc,"[Hämmer and Wambach, 2024]",https://www.mdpi.com/2071-1050/16/19/8736,thermal,BAU
234,2,Hydrometallurgy (Leaching/SolventExtraction/Priciptation&Crystallization),ProcessLvl3,hydrometallurgy batteries,Transformation,BATT_LIBAlloyToHydro1,,,BATT_2RM_chemRecLIB1,ElementLvl1,Cu,0.9604,,±5%,BAU,2025,1.0,calc,"[Hämmer and Wambach, 2024]",https://www.mdpi.com/2071-1050/16/19/8737,hydro,BAU
235,2,Hydrometallurgy (Leaching/SolventExtraction/Priciptation&Crystallization),ProcessLvl3,hydrometallurgy batteries,Transformation,BATT_LIBAlloyToHydro1,,,BATT_2RM_chemRecLIB1,ElementLvl1,Ni,0.9122,,±5%,BAU,2025,1.0,calc,"[Hämmer and Wambach, 2024]",https://www.mdpi.com/2071-1050/16/19/8738,hydro,BAU
236,2,Hydrometallurgy (Leaching/SolventExtraction/Priciptation&Crystallization),ProcessLvl3,hydrometallurgy batteries,Transformation,BATT_LIBAlloyToHydro1,,,BATT_2RM_chemRecLIB1,ElementLvl1,Fe,0.9604,,±5%,BAU,2025,1.0,calc,"[Hämmer and Wambach, 2024]",https://www.mdpi.com/2071-1050/16/19/8739,hydro,BAU
237,2,Hydrometallurgy (Leaching/SolventExtraction/Priciptation&Crystallization),ProcessLvl3,hydrometallurgy batteries,Transformation,BATT_LIBAlloyToHydro1,,,BATT_2RM_chemRecLIB1,ElementLvl1,Co,0.7942,,±5%,BAU,2025,1.0,calc,"[Hämmer and Wambach, 2024]",https://www.mdpi.com/2071-1050/16/19/8740,hydro,BAU
238,2,Hydrometallurgy (Leaching/SolventExtraction/Priciptation&Crystallization),ProcessLvl3,hydrometallurgy batteries,Transformation,BATT_LIBSlagToHydro1,,,BATT_slagsAndSludgesLIB1,ElementLvl1,Al,1.0,,±15%,BAU,2025,2.5,est,"Assumption, no reference",,hydro,BAU
239,2,Hydrometallurgy (Leaching/SolventExtraction/Priciptation&Crystallization),ProcessLvl3,hydrometallurgy batteries,Transformation,BATT_LIBSlagToHydro1,,,BATT_slagsAndSludgesLIB1,ElementLvl1,Mn,1.0,,±15%,BAU,2025,2.5,est,"Assumption, no reference",,hydro,BAU
240,2,Hydrometallurgy (Leaching/SolventExtraction/Priciptation&Crystallization),ProcessLvl3,hydrometallurgy batteries,Transformation,BATT_LIBSlagToHydro1,,,BATT_slagsAndSludgesLIB1,ElementLvl1,P,1.0,,±15%,BAU,2025,2.5,est,"Assumption, no reference",,hydro,BAU
241,2,Hydrometallurgy (Leaching/SolventExtraction/Priciptation&Crystallization),ProcessLvl3,hydrometallurgy batteries,Transformation,BATT_LIBSlagToHydro1,,,BATT_slagsAndSludgesLIB1,ElementLvl1,Cu,1.0,,±15%,BAU,2025,2.5,est,"Assumption, no reference",,hydro,BAU
242,2,Hydrometallurgy (Leaching/SolventExtraction/Priciptation&Crystallization),ProcessLvl3,hydrometallurgy batteries,Transformation,BATT_LIBSlagToHydro1,,,BATT_slagsAndSludgesLIB1,ElementLvl1,Ni,1.0,,±15%,BAU,2025,2.5,est,"Assumption, no reference",,hydro,BAU
243,2,Hydrometallurgy (Leaching/SolventExtraction/Priciptation&Crystallization),ProcessLvl3,hydrometallurgy batteries,Transformation,BATT_LIBSlagToHydro1,,,BATT_slagsAndSludgesLIB1,ElementLvl1,Fe,1.0,,±15%,BAU,2025,2.5,est,"Assumption, no reference",,hydro,BAU
244,2,Hydrometallurgy (Leaching/SolventExtraction/Priciptation&Crystallization),ProcessLvl3,hydrometallurgy batteries,Transformation,BATT_LIBSlagToHydro1,,,BATT_slagsAndSludgesLIB1,ElementLvl1,Co,1.0,,±15%,BAU,2025,2.5,est,"Assumption, no reference",,hydro,BAU
245,2,Hydrometallurgy (Leaching/SolventExtraction/Priciptation&Crystallization),ProcessLvl3,hydrometallurgy batteries,Transformation,BATT_LIBSlagToHydro1,,,BATT_slagsAndSludgesLIB1,ElementLvl1,Li,0.9,,±15%,BAU,2025,2.5,est,"Assumption, no reference",,hydro,BAU
246,2,Hydrometallurgy (Leaching/SolventExtraction/Priciptation&Crystallization),ProcessLvl3,hydrometallurgy batteries,Transformation,BATT_LIBSlagToHydro1,,,BATT_2RM_chemRecSlagsAndSludges1,ElementLvl1,Li,0.1,,±15%,BAU,2025,2.5,est,"Assumption, no reference",,hydro,BAU
247,1,Thermal recovery processes,ProcessLvl3,pyrometallurgy batteries ,Transformation,BATT_LIBToPyro1,BATT_ProductLvl1,battLiRechargeable,BATT_LIBSlagToHydro1,ElementLvl1,Cu,0.072,,±10%,BAU,2032,2.0,calc,"[Hämmer and Wambach, 2024]",https://www.mdpi.com/2071-1050/16/19/8729,thermal,BAU
248,1,Thermal recovery processes,ProcessLvl3,pyrometallurgy batteries ,Transformation,BATT_LIBToPyro1,BATT_ProductLvl1,battLiRechargeable,BATT_LIBSlagToHydro1,ElementLvl1,Ni,0.01,,±10%,BAU,2032,2.0,calc,"[Hämmer and Wambach, 2024]",https://www.mdpi.com/2071-1050/16/19/8730,thermal,BAU
249,1,Thermal recovery processes,ProcessLvl3,pyrometallurgy batteries ,Transformation,BATT_LIBToPyro1,BATT_ProductLvl1,battLiRechargeable,BATT_LIBSlagToHydro1,ElementLvl1,Fe,0.355,,±10%,BAU,2032,2.0,calc,"[Hämmer and Wambach, 2024]",https://www.mdpi.com/2071-1050/16/19/8731,thermal,BAU
250,1,Thermal recovery processes,ProcessLvl3,pyrometallurgy batteries ,Transformation,BATT_LIBToPyro1,BATT_ProductLvl1,battLiRechargeable,BATT_LIBSlagToHydro1,ElementLvl1,Co,0.06,,±10%,BAU,2032,2.0,calc,"[Hämmer and Wambach, 2024]",https://www.mdpi.com/2071-1050/16/19/8732,thermal,BAU
251,1,Thermal recovery processes,ProcessLvl3,pyrometallurgy batteries ,Transformation,BATT_LIBToPyro1,BATT_ProductLvl1,battLiRechargeable,BATT_LIBAlloyToHydro1,ElementLvl1,Cu,0.928,,±10%,BAU,2032,2.0,est,"[Hämmer and Wambach, 2024]",https://www.mdpi.com/2071-1050/16/19/8733,thermal,BAU
252,1,Thermal recovery processes,ProcessLvl3,pyrometallurgy batteries ,Transformation,BATT_LIBToPyro1,BATT_ProductLvl1,battLiRechargeable,BATT_LIBAlloyToHydro1,ElementLvl1,Ni,0.99,,±10%,BAU,2032,2.0,calc,"[Hämmer and Wambach, 2024]",https://www.mdpi.com/2071-1050/16/19/8734,thermal,BAU
253,1,Thermal recovery processes,ProcessLvl3,pyrometallurgy batteries ,Transformation,BATT_LIBToPyro1,BATT_ProductLvl1,battLiRechargeable,BATT_LIBAlloyToHydro1,ElementLvl1,Fe,0.645,,±10%,BAU,2032,2.0,calc,"[Hämmer and Wambach, 2024]",https://www.mdpi.com/2071-1050/16/19/8735,thermal,BAU
254,1,Thermal recovery processes,ProcessLvl3,pyrometallurgy batteries ,Transformation,BATT_LIBToPyro1,BATT_ProductLvl1,battLiRechargeable,BATT_LIBAlloyToHydro1,ElementLvl1,Co,0.94,,±10%,BAU,2032,2.0,calc,"[Hämmer and Wambach, 2024]",https://www.mdpi.com/2071-1050/16/19/8736,thermal,BAU
255,2,Hydrometallurgy (Leaching/SolventExtraction/Priciptation&Crystallization),ProcessLvl3,hydrometallurgy batteries,Transformation,BATT_LIBAlloyToHydro1,,,BATT_2RM_chemRecLIB1,ElementLvl1,Cu,0.97,,±20%,BAU,2032,3.5,est,"Assumption, no reference",,hydro,BAU
256,2,Hydrometallurgy (Leaching/SolventExtraction/Priciptation&Crystallization),ProcessLvl3,hydrometallurgy batteries,Transformation,BATT_LIBAlloyToHydro1,,,BATT_2RM_chemRecLIB1,ElementLvl1,Ni,0.9122,,±10%,BAU,2032,2.0,calc,"[Hämmer and Wambach, 2024]",https://www.mdpi.com/2071-1050/16/19/8738,hydro,BAU
257,2,Hydrometallurgy (Leaching/SolventExtraction/Priciptation&Crystallization),ProcessLvl3,hydrometallurgy batteries,Transformation,BATT_LIBAlloyToHydro1,,,BATT_2RM_chemRecLIB1,ElementLvl1,Fe,0.9604,,±10%,BAU,2032,2.0,calc,"[Hämmer and Wambach, 2024]",https://www.mdpi.com/2071-1050/16/19/8739,hydro,BAU
258,2,Hydrometallurgy (Leaching/SolventExtraction/Priciptation&Crystallization),ProcessLvl3,hydrometallurgy batteries,Transformation,BATT_LIBAlloyToHydro1,,,BATT_2RM_chemRecLIB1,ElementLvl1,Co,0.86,,±20%,BAU,2032,3.5,est,"Assumption, no reference",,hydro,BAU
259,2,Hydrometallurgy (Leaching/SolventExtraction/Priciptation&Crystallization),ProcessLvl3,hydrometallurgy batteries,Transformation,BATT_LIBSlagToHydro1,,,BATT_slagsAndSludgesLIB1,ElementLvl1,Al,1.0,,±20%,BAU,2032,3.5,est,"Assumption, no reference",,hydro,BAU
260,2,Hydrometallurgy (Leaching/SolventExtraction/Priciptation&Crystallization),ProcessLvl3,hydrometallurgy batteries,Transformation,BATT_LIBSlagToHydro1,,,BATT_slagsAndSludgesLIB1,ElementLvl1,Mn,1.0,,±20%,BAU,2032,3.5,est,"Assumption, no reference",,hydro,BAU
261,2,Hydrometallurgy (Leaching/SolventExtraction/Priciptation&Crystallization),ProcessLvl3,hydrometallurgy batteries,Transformation,BATT_LIBSlagToHydro1,,,BATT_slagsAndSludgesLIB1,ElementLvl1,P,1.0,,±20%,BAU,2032,3.5,est,"Assumption, no reference",,hydro,BAU
262,2,Hydrometallurgy (Leaching/SolventExtraction/Priciptation&Crystallization),ProcessLvl3,hydrometallurgy batteries,Transformation,BATT_LIBSlagToHydro1,,,BATT_slagsAndSludgesLIB1,ElementLvl1,Cu,1.0,,±20%,BAU,2032,3.5,est,"Assumption, no reference",,hydro,BAU
263,2,Hydrometallurgy (Leaching/SolventExtraction/Priciptation&Crystallization),ProcessLvl3,hydrometallurgy batteries,Transformation,BATT_LIBSlagToHydro1,,,BATT_slagsAndSludgesLIB1,ElementLvl1,Ni,1.0,,±20%,BAU,2032,3.5,est,"Assumption, no reference",,hydro,BAU
264,2,Hydrometallurgy (Leaching/SolventExtraction/Priciptation&Crystallization),ProcessLvl3,hydrometallurgy batteries,Transformation,BATT_LIBSlagToHydro1,,,BATT_slagsAndSludgesLIB1,ElementLvl1,Fe,1.0,,±20%,BAU,2032,3.5,est,"Assumption, no reference",,hydro,BAU
265,2,Hydrometallurgy (Leaching/SolventExtraction/Priciptation&Crystallization),ProcessLvl3,hydrometallurgy batteries,Transformation,BATT_LIBSlagToHydro1,,,BATT_slagsAndSludgesLIB1,ElementLvl1,Co,1.0,,±20%,BAU,2032,3.5,est,"Assumption, no reference",,hydro,BAU
266,2,Hydrometallurgy (Leaching/SolventExtraction/Priciptation&Crystallization),ProcessLvl3,hydrometallurgy batteries,Transformation,BATT_LIBSlagToHydro1,,,BATT_slagsAndSludgesLIB1,ElementLvl1,Li,0.5,,±20%,BAU,2032,3.5,est,"Assumption, no reference",,hydro,BAU
267,2,Hydrometallurgy (Leaching/SolventExtraction/Priciptation&Crystallization),ProcessLvl3,hydrometallurgy batteries,Transformation,BATT_LIBSlagToHydro1,,,BATT_2RM_chemRecSlagsAndSludges1,ElementLvl1,Li,0.5,,±20%,BAU,2032,3.5,est,"Assumption, no reference",,hydro,BAU
268,1,Thermal recovery processes,ProcessLvl3,pyrometallurgy batteries ,Transformation,BATT_LIBToPyro1,BATT_ProductLvl1,battLiRechargeable,BATT_LIBSlagToHydro1,ElementLvl1,Cu,0.072,,±15%,BAU,2050,2.5,calc,"[Hämmer and Wambach, 2024]",https://www.mdpi.com/2071-1050/16/19/8729,thermal,BAU
269,1,Thermal recovery processes,ProcessLvl3,pyrometallurgy batteries ,Transformation,BATT_LIBToPyro1,BATT_ProductLvl1,battLiRechargeable,BATT_LIBSlagToHydro1,ElementLvl1,Ni,0.01,,±15%,BAU,2050,2.5,calc,"[Hämmer and Wambach, 2024]",https://www.mdpi.com/2071-1050/16/19/8730,thermal,BAU
270,1,Thermal recovery processes,ProcessLvl3,pyrometallurgy batteries ,Transformation,BATT_LIBToPyro1,BATT_ProductLvl1,battLiRechargeable,BATT_LIBSlagToHydro1,ElementLvl1,Fe,0.355,,±15%,BAU,2050,2.5,calc,"[Hämmer and Wambach, 2024]",https://www.mdpi.com/2071-1050/16/19/8731,thermal,BAU
271,1,Thermal recovery processes,ProcessLvl3,pyrometallurgy batteries ,Transformation,BATT_LIBToPyro1,BATT_ProductLvl1,battLiRechargeable,BATT_LIBSlagToHydro1,ElementLvl1,Co,0.06,,±15%,BAU,2050,2.5,calc,"[Hämmer and Wambach, 2024]",https://www.mdpi.com/2071-1050/16/19/8732,thermal,BAU
272,1,Thermal recovery processes,ProcessLvl3,pyrometallurgy batteries ,Transformation,BATT_LIBToPyro1,BATT_ProductLvl1,battLiRechargeable,BATT_LIBAlloyToHydro1,ElementLvl1,Cu,0.928,,±15%,BAU,2050,2.5,est,"[Hämmer and Wambach, 2024]",https://www.mdpi.com/2071-1050/16/19/8733,thermal,BAU
273,1,Thermal recovery processes,ProcessLvl3,pyrometallurgy batteries ,Transformation,BATT_LIBToPyro1,BATT_ProductLvl1,battLiRechargeable,BATT_LIBAlloyToHydro1,ElementLvl1,Ni,0.99,,±15%,BAU,2050,2.5,calc,"[Hämmer and Wambach, 2024]",https://www.mdpi.com/2071-1050/16/19/8734,thermal,BAU
274,1,Thermal recovery processes,ProcessLvl3,pyrometallurgy batteries ,Transformation,BATT_LIBToPyro1,BATT_ProductLvl1,battLiRechargeable,BATT_LIBAlloyToHydro1,ElementLvl1,Fe,0.645,,±15%,BAU,2050,2.5,calc,"[Hämmer and Wambach, 2024]",https://www.mdpi.com/2071-1050/16/19/8735,thermal,BAU
275,1,Thermal recovery processes,ProcessLvl3,pyrometallurgy batteries ,Transformation,BATT_LIBToPyro1,BATT_ProductLvl1,battLiRechargeable,BATT_LIBAlloyToHydro1,ElementLvl1,Co,0.94,,±15%,BAU,2050,2.5,calc,"[Hämmer and Wambach, 2024]",https://www.mdpi.com/2071-1050/16/19/8736,thermal,BAU
276,2,Hydrometallurgy (Leaching/SolventExtraction/Priciptation&Crystallization),ProcessLvl3,hydrometallurgy batteries,Transformation,BATT_LIBAlloyToHydro1,,,BATT_2RM_chemRecLIB1,ElementLvl1,Cu,0.97,,±20%,BAU,2050,4.0,est,"Assumption, no reference",,hydro,BAU
277,2,Hydrometallurgy (Leaching/SolventExtraction/Priciptation&Crystallization),ProcessLvl3,hydrometallurgy batteries,Transformation,BATT_LIBAlloyToHydro1,,,BATT_2RM_chemRecLIB1,ElementLvl1,Ni,0.9122,,±15%,BAU,2050,2.5,calc,"[Hämmer and Wambach, 2024]",https://www.mdpi.com/2071-1050/16/19/8738,hydro,BAU
278,2,Hydrometallurgy (Leaching/SolventExtraction/Priciptation&Crystallization),ProcessLvl3,hydrometallurgy batteries,Transformation,BATT_LIBAlloyToHydro1,,,BATT_2RM_chemRecLIB1,ElementLvl1,Fe,0.9604,,±15%,BAU,2050,2.5,calc,"[Hämmer and Wambach, 2024]",https://www.mdpi.com/2071-1050/16/19/8739,hydro,BAU
279,2,Hydrometallurgy (Leaching/SolventExtraction/Priciptation&Crystallization),ProcessLvl3,hydrometallurgy batteries,Transformation,BATT_LIBAlloyToHydro1,,,BATT_2RM_chemRecLIB1,ElementLvl1,Co,0.96,,±20%,BAU,2050,4.0,est,"Assumption, no reference",,hydro,BAU
280,2,Hydrometallurgy (Leaching/SolventExtraction/Priciptation&Crystallization),ProcessLvl3,hydrometallurgy batteries,Transformation,BATT_LIBSlagToHydro1,,,BATT_slagsAndSludgesLIB1,ElementLvl1,Al,1.0,,±20%,BAU,2050,4.0,est,"Assumption, no reference",,hydro,BAU
281,2,Hydrometallurgy (Leaching/SolventExtraction/Priciptation&Crystallization),ProcessLvl3,hydrometallurgy batteries,Transformation,BATT_LIBSlagToHydro1,,,BATT_slagsAndSludgesLIB1,ElementLvl1,Mn,1.0,,±20%,BAU,2050,4.0,est,"Assumption, no reference",,hydro,BAU
282,2,Hydrometallurgy (Leaching/SolventExtraction/Priciptation&Crystallization),ProcessLvl3,hydrometallurgy batteries,Transformation,BATT_LIBSlagToHydro1,,,BATT_slagsAndSludgesLIB1,ElementLvl1,P,1.0,,±20%,BAU,2050,4.0,est,"Assumption, no reference",,hydro,BAU
283,2,Hydrometallurgy (Leaching/SolventExtraction/Priciptation&Crystallization),ProcessLvl3,hydrometallurgy batteries,Transformation,BATT_LIBSlagToHydro1,,,BATT_slagsAndSludgesLIB1,ElementLvl1,Cu,1.0,,±20%,BAU,2050,4.0,est,"Assumption, no reference",,hydro,BAU
284,2,Hydrometallurgy (Leaching/SolventExtraction/Priciptation&Crystallization),ProcessLvl3,hydrometallurgy batteries,Transformation,BATT_LIBSlagToHydro1,,,BATT_slagsAndSludgesLIB1,ElementLvl1,Ni,1.0,,±20%,BAU,2050,4.0,est,"Assumption, no reference",,hydro,BAU
285,2,Hydrometallurgy (Leaching/SolventExtraction/Priciptation&Crystallization),ProcessLvl3,hydrometallurgy batteries,Transformation,BATT_LIBSlagToHydro1,,,BATT_slagsAndSludgesLIB1,ElementLvl1,Fe,1.0,,±20%,BAU,2050,4.0,est,"Assumption, no reference",,hydro,BAU
286,2,Hydrometallurgy (Leaching/SolventExtraction/Priciptation&Crystallization),ProcessLvl3,hydrometallurgy batteries,Transformation,BATT_LIBSlagToHydro1,,,BATT_slagsAndSludgesLIB1,ElementLvl1,Co,1.0,,±20%,BAU,2050,4.0,est,"Assumption, no reference",,hydro,BAU
287,2,Hydrometallurgy (Leaching/SolventExtraction/Priciptation&Crystallization),ProcessLvl3,hydrometallurgy batteries,Transformation,BATT_LIBSlagToHydro1,,,BATT_slagsAndSludgesLIB1,ElementLvl1,Li,0.2,,±20%,BAU,2050,4.0,est,"Assumption, no reference",,hydro,BAU
288,2,Hydrometallurgy (Leaching/SolventExtraction/Priciptation&Crystallization),ProcessLvl3,hydrometallurgy batteries,Transformation,BATT_LIBSlagToHydro1,,,BATT_2RM_chemRecSlagsAndSludges1,ElementLvl1,Li,0.8,,±20%,BAU,2050,4.0,est,"Assumption, no reference",,hydro,BAU
289,2,Hydrometallurgy (Leaching/SolventExtraction/Priciptation&Crystallization),ProcessLvl3,hydrometallurgy batteries,Transformation,BATT_LIBAlloyToHydro1,,,BATT_Losses_chemRecLIB1,ElementLvl1,Cu,0.03959999999999997,,±5%,OBS,2010,1.0,calc,"[Hämmer and Wambach, 2024]",https://www.mdpi.com/2071-1050/16/19/8737,hydro,OBS
290,2,Hydrometallurgy (Leaching/SolventExtraction/Priciptation&Crystallization),ProcessLvl3,hydrometallurgy batteries,Transformation,BATT_LIBAlloyToHydro1,,,BATT_Losses_chemRecLIB1,ElementLvl1,Ni,0.08779999999999999,,±5%,OBS,2010,1.0,calc,"[Hämmer and Wambach, 2024]",https://www.mdpi.com/2071-1050/16/19/8738,hydro,OBS
291,2,Hydrometallurgy (Leaching/SolventExtraction/Priciptation&Crystallization),ProcessLvl3,hydrometallurgy batteries,Transformation,BATT_LIBAlloyToHydro1,,,BATT_Losses_chemRecLIB1,ElementLvl1,Fe,0.03959999999999997,,±5%,OBS,2010,1.0,calc,"[Hämmer and Wambach, 2024]",https://www.mdpi.com/2071-1050/16/19/8739,hydro,OBS
292,2,Hydrometallurgy (Leaching/SolventExtraction/Priciptation&Crystallization),ProcessLvl3,hydrometallurgy batteries,Transformation,BATT_LIBAlloyToHydro1,,,BATT_Losses_chemRecLIB1,ElementLvl1,Co,0.20579999999999998,,±5%,OBS,2010,1.0,calc,"[Hämmer and Wambach, 2024]",https://www.mdpi.com/2071-1050/16/19/8740,hydro,OBS
293,2,Hydrometallurgy (Leaching/SolventExtraction/Priciptation&Crystallization),ProcessLvl3,hydrometallurgy batteries,Transformation,BATT_LIBAlloyToHydro1,,,BATT_Losses_chemRecLIB1,ElementLvl1,Cu,0.03959999999999997,,±5%,BAU,2025,1.0,calc,"[Hämmer and Wambach, 2024]",https://www.mdpi.com/2071-1050/16/19/8737,hydro,BAU
294,2,Hydrometallurgy (Leaching/SolventExtraction/Priciptation&Crystallization),ProcessLvl3,hydrometallurgy batteries,Transformation,BATT_LIBAlloyToHydro1,,,BATT_Losses_chemRecLIB1,ElementLvl1,Ni,0.08779999999999999,,±5%,BAU,2025,1.0,calc,"[Hämmer and Wambach, 2024]",https://www.mdpi.com/2071-1050/16/19/8738,hydro,BAU
295,2,Hydrometallurgy (Leaching/SolventExtraction/Priciptation&Crystallization),ProcessLvl3,hydrometallurgy batteries,Transformation,BATT_LIBAlloyToHydro1,,,BATT_Losses_chemRecLIB1,ElementLvl1,Fe,0.03959999999999997,,±5%,BAU,2025,1.0,calc,"[Hämmer and Wambach, 2024]",https://www.mdpi.com/2071-1050/16/19/8739,hydro,BAU
296,2,Hydrometallurgy (Leaching/SolventExtraction/Priciptation&Crystallization),ProcessLvl3,hydrometallurgy batteries,Transformation,BATT_LIBAlloyToHydro1,,,BATT_Losses_chemRecLIB1,ElementLvl1,Co,0.20579999999999998,,±5%,BAU,2025,1.0,calc,"[Hämmer and Wambach, 2024]",https://www.mdpi.com/2071-1050/16/19/8740,hydro,BAU
297,2,Hydrometallurgy (Leaching/SolventExtraction/Priciptation&Crystallization),ProcessLvl3,hydrometallurgy batteries,Transformation,BATT_LIBAlloyToHydro1,,,BATT_Losses_chemRecLIB1,ElementLvl1,Cu,0.030000000000000027,,±20%,BAU,2032,3.5,est,"Assumption, no reference",,hydro,BAU
298,2,Hydrometallurgy (Leaching/SolventExtraction/Priciptation&Crystallization),ProcessLvl3,hydrometallurgy batteries,Transformation,BATT_LIBAlloyToHydro1,,,BATT_Losses_chemRecLIB1,ElementLvl1,Ni,0.08779999999999999,,±10%,BAU,2032,2.0,calc,"[Hämmer and Wambach, 2024]",https://www.mdpi.com/2071-1050/16/19/8738,hydro,BAU
299,2,Hydrometallurgy (Leaching/SolventExtraction/Priciptation&Crystallization),ProcessLvl3,hydrometallurgy batteries,Transformation,BATT_LIBAlloyToHydro1,,,BATT_Losses_chemRecLIB1,ElementLvl1,Fe,0.03959999999999997,,±20%,BAU,2032,3.5,calc,"Assumption, no reference",,hydro,BAU
300,2,Hydrometallurgy (Leaching/SolventExtraction/Priciptation&Crystallization),ProcessLvl3,hydrometallurgy batteries,Transformation,BATT_LIBAlloyToHydro1,,,BATT_Losses_chemRecLIB1,ElementLvl1,Co,0.14,,±20%,BAU,2032,3.5,est,"Assumption, no reference",,hydro,BAU
301,2,Hydrometallurgy (Leaching/SolventExtraction/Priciptation&Crystallization),ProcessLvl3,hydrometallurgy batteries,Transformation,BATT_LIBAlloyToHydro1,,,BATT_Losses_chemRecLIB1,ElementLvl1,Cu,0.030000000000000027,,±20%,BAU,2050,4.0,est,"Assumption, no reference",,hydro,BAU
302,2,Hydrometallurgy (Leaching/SolventExtraction/Priciptation&Crystallization),ProcessLvl3,hydrometallurgy batteries,Transformation,BATT_LIBAlloyToHydro1,,,BATT_Losses_chemRecLIB1,ElementLvl1,Ni,0.08779999999999999,,±15%,BAU,2050,2.5,calc,"[Hämmer and Wambach, 2024]",https://www.mdpi.com/2071-1050/16/19/8738,hydro,BAU
303,2,Hydrometallurgy (Leaching/SolventExtraction/Priciptation&Crystallization),ProcessLvl3,hydrometallurgy batteries,Transformation,BATT_LIBAlloyToHydro1,,,BATT_Losses_chemRecLIB1,ElementLvl1,Fe,0.03959999999999997,,±20%,BAU,2050,4.0,calc,"Assumption, no reference",,hydro,BAU
304,2,Hydrometallurgy (Leaching/SolventExtraction/Priciptation&Crystallization),ProcessLvl3,hydrometallurgy batteries,Transformation,BATT_LIBAlloyToHydro1,,,BATT_Losses_chemRecLIB1,ElementLvl1,Co,0.040000000000000036,,±20%,BAU,2050,4.0,est,"Assumption, no reference",,hydro,BAU
305,1,Pyrolisis,ProcessLvl2,pyrolysis,Transformation,BATT_LIBToPyrolysis2,ComponentLvl2,anodeActiveMaterial,BATT_LIBToMechanical2,MaterialLvl4,graphite4,1.0,,±15%,OBS,2010,2.5,est,"Assumption, no reference",,thermal,OBS
306,1,Pyrolisis,ProcessLvl2,pyrolysis,Transformation,BATT_LIBToPyrolysis2,ComponentLvl2,cathodeActiveMaterial,BATT_LIBToMechanical2,ElementLvl1,Al,1.0,,±15%,OBS,2010,2.5,est,"Assumption, no reference",,thermal,OBS
307,1,Pyrolisis,ProcessLvl2,pyrolysis,Transformation,BATT_LIBToPyrolysis2,ComponentLvl2,cathodeActiveMaterial,BATT_LIBToMechanical2,ElementLvl1,Cl,1.0,,±15%,OBS,2010,2.5,est,"Assumption, no reference",,thermal,OBS
308,1,Pyrolisis,ProcessLvl2,pyrolysis,Transformation,BATT_LIBToPyrolysis2,ComponentLvl2,cathodeActiveMaterial,BATT_LIBToMechanical2,ElementLvl1,Co,1.0,,±15%,OBS,2010,2.5,est,"Assumption, no reference",,thermal,OBS
309,1,Pyrolisis,ProcessLvl2,pyrolysis,Transformation,BATT_LIBToPyrolysis2,ComponentLvl2,cathodeActiveMaterial,BATT_LIBToMechanical2,ElementLvl1,Fe,1.0,,±15%,OBS,2010,2.5,est,"Assumption, no reference",,thermal,OBS
310,1,Pyrolisis,ProcessLvl2,pyrolysis,Transformation,BATT_LIBToPyrolysis2,ComponentLvl2,cathodeActiveMaterial,BATT_LIBToMechanical2,ElementLvl1,Li,1.0,,±15%,OBS,2010,2.5,est,"Assumption, no reference",,thermal,OBS
311,1,Pyrolisis,ProcessLvl2,pyrolysis,Transformation,BATT_LIBToPyrolysis2,ComponentLvl2,cathodeActiveMaterial,BATT_LIBToMechanical2,ElementLvl1,Mn,1.0,,±15%,OBS,2010,2.5,est,"Assumption, no reference",,thermal,OBS
312,1,Pyrolisis,ProcessLvl2,pyrolysis,Transformation,BATT_LIBToPyrolysis2,ComponentLvl2,cathodeActiveMaterial,BATT_LIBToMechanical2,ElementLvl1,Ni,1.0,,±15%,OBS,2010,2.5,est,"Assumption, no reference",,thermal,OBS
313,1,Pyrolisis,ProcessLvl2,pyrolysis,Transformation,BATT_LIBToPyrolysis2,ComponentLvl2,cathodeActiveMaterial,BATT_LIBToMechanical2,ElementLvl1,O,1.0,,±15%,OBS,2010,2.5,est,"Assumption, no reference",,thermal,OBS
314,1,Pyrolisis,ProcessLvl2,pyrolysis,Transformation,BATT_LIBToPyrolysis2,ComponentLvl2,cathodeActiveMaterial,BATT_LIBToMechanical2,ElementLvl1,P,1.0,,±15%,OBS,2010,2.5,est,"Assumption, no reference",,thermal,OBS
315,1,Pyrolisis,ProcessLvl2,pyrolysis,Transformation,BATT_LIBToPyrolysis2,ComponentLvl2,cathodeActiveMaterial,BATT_LIBToMechanical2,ElementLvl1,S,1.0,,±15%,OBS,2010,2.5,est,"Assumption, no reference",,thermal,OBS
316,1,Pyrolisis,ProcessLvl2,pyrolysis,Transformation,BATT_LIBToPyrolysis2,ComponentLvl2,anodeActiveMaterial,BATT_LIBToMechanical2,ElementLvl1,Si,1.0,,±15%,OBS,2010,2.5,est,"Assumption, no reference",,thermal,OBS
317,1,Pyrolisis,ProcessLvl2,pyrolysis,Transformation,BATT_LIBToPyrolysis2,ComponentLvl2,anodeActiveMaterial,BATT_LIBToMechanical2,ElementLvl1,Li,1.0,,±15%,OBS,2010,2.5,est,"Assumption, no reference",,thermal,OBS
318,1,Pyrolisis,ProcessLvl2,pyrolysis,Transformation,BATT_LIBToPyrolysis2,ComponentLvl2,batteryCellCasing2,BATT_LIBToMechanical2,MaterialLvl1,AlAndAlAlloys,1.0,,±15%,OBS,2010,2.5,est,"Assumption, no reference",,thermal,OBS
319,1,Pyrolisis,ProcessLvl2,pyrolysis,Transformation,BATT_LIBToPyrolysis2,ComponentLvl2,batteryCellCasing2,BATT_LIBToMechanical2,MaterialLvl1,ferrousMetals1,1.0,,±15%,OBS,2010,2.5,est,"Assumption, no reference",,thermal,OBS
320,1,Pyrolisis,ProcessLvl2,pyrolysis,Transformation,BATT_LIBToPyrolysis2,ComponentLvl2,batteryCellCasing2,BATT_LIBToMechanical2,ElementLvl1,Fe,1.0,,±15%,OBS,2010,2.5,est,"Assumption, no reference",,thermal,OBS
321,1,Pyrolisis,ProcessLvl2,pyrolysis,Transformation,BATT_LIBToPyrolysis2,ComponentLvl2,currentCollectorCathode,BATT_LIBToMechanical2,ElementLvl1,Al,1.0,,±15%,OBS,2010,2.5,est,"Assumption, no reference",,thermal,OBS
322,1,Pyrolisis,ProcessLvl2,pyrolysis,Transformation,BATT_LIBToPyrolysis2,ComponentLvl2,currentCollectorAnode,BATT_LIBToMechanical2,ElementLvl1,Cu,1.0,,±15%,OBS,2010,2.5,est,"Assumption, no reference",,thermal,OBS
323,2,Breaking and separating,ProcessLvl1,mechanical recovery processes,Fragmentation,BATT_LIBToMechanical2,ComponentLvl2,anodeActiveMaterial,BATT_LIBBlackMassToHydro2,MaterialLvl4,graphite4,0.85252981,,±5%,OBS,2010,1.0,calc,"[Vaccari et al., 2024]",https://www.sciencedirect.com/science/article/pii/S0921344924002374,mechanical,OBS
324,2,Breaking and separating,ProcessLvl1,mechanical recovery processes,Fragmentation,BATT_LIBToMechanical2,ComponentLvl2,cathodeActiveMaterial,BATT_LIBBlackMassToHydro2,ElementLvl1,Al,0.85252981,,±5%,OBS,2010,1.0,calc,"[Vaccari et al., 2024]",https://www.sciencedirect.com/science/article/pii/S0921344924002374,mechanical,OBS
325,2,Breaking and separating,ProcessLvl1,mechanical recovery processes,Fragmentation,BATT_LIBToMechanical2,ComponentLvl2,cathodeActiveMaterial,BATT_LIBBlackMassToHydro2,ElementLvl1,Cl,0.85252981,,±5%,OBS,2010,1.0,calc,"[Vaccari et al., 2024]",https://www.sciencedirect.com/science/article/pii/S0921344924002374,mechanical,OBS
326,2,Breaking and separating,ProcessLvl1,mechanical recovery processes,Fragmentation,BATT_LIBToMechanical2,ComponentLvl2,cathodeActiveMaterial,BATT_LIBBlackMassToHydro2,ElementLvl1,Co,0.85252981,,±5%,OBS,2010,1.0,calc,"[Vaccari et al., 2024]",https://www.sciencedirect.com/science/article/pii/S0921344924002374,mechanical,OBS
327,2,Breaking and separating,ProcessLvl1,mechanical recovery processes,Fragmentation,BATT_LIBToMechanical2,ComponentLvl2,cathodeActiveMaterial,BATT_LIBBlackMassToHydro2,ElementLvl1,Fe,0.85252981,,±5%,OBS,2010,1.0,calc,"[Vaccari et al., 2024]",https://www.sciencedirect.com/science/article/pii/S0921344924002374,mechanical,OBS
328,2,Breaking and separating,ProcessLvl1,mechanical recovery processes,Fragmentation,BATT_LIBToMechanical2,ComponentLvl2,cathodeActiveMaterial,BATT_LIBBlackMassToHydro2,ElementLvl1,Li,0.85252981,,±5%,OBS,2010,1.0,calc,"[Vaccari et al., 2024]",https://www.sciencedirect.com/science/article/pii/S0921344924002374,mechanical,OBS
329,2,Breaking and separating,ProcessLvl1,mechanical recovery processes,Fragmentation,BATT_LIBToMechanical2,ComponentLvl2,cathodeActiveMaterial,BATT_LIBBlackMassToHydro2,ElementLvl1,Mn,0.85252981,,±5%,OBS,2010,1.0,calc,"[Vaccari et al., 2024]",https://www.sciencedirect.com/science/article/pii/S0921344924002374,mechanical,OBS
330,2,Breaking and separating,ProcessLvl1,mechanical recovery processes,Fragmentation,BATT_LIBToMechanical2,ComponentLvl2,cathodeActiveMaterial,BATT_LIBBlackMassToHydro2,ElementLvl1,Ni,0.85252981,,±5%,OBS,2010,1.0,calc,"[Vaccari et al., 2024]",https://www.sciencedirect.com/science/article/pii/S0921344924002374,mechanical,OBS
331,2,Breaking and separating,ProcessLvl1,mechanical recovery processes,Fragmentation,BATT_LIBToMechanical2,ComponentLvl2,cathodeActiveMaterial,BATT_LIBBlackMassToHydro2,ElementLvl1,O,0.85252981,,±5%,OBS,2010,1.0,calc,"[Vaccari et al., 2024]",https://www.sciencedirect.com/science/article/pii/S0921344924002374,mechanical,OBS
332,2,Breaking and separating,ProcessLvl1,mechanical recovery processes,Fragmentation,BATT_LIBToMechanical2,ComponentLvl2,cathodeActiveMaterial,BATT_LIBBlackMassToHydro2,ElementLvl1,P,0.85252981,,±5%,OBS,2010,1.0,calc,"[Vaccari et al., 2024]",https://www.sciencedirect.com/science/article/pii/S0921344924002374,mechanical,OBS
333,2,Breaking and separating,ProcessLvl1,mechanical recovery processes,Fragmentation,BATT_LIBToMechanical2,ComponentLvl2,cathodeActiveMaterial,BATT_LIBBlackMassToHydro2,ElementLvl1,S,0.85252981,,±5%,OBS,2010,1.0,calc,"[Vaccari et al., 2024]",https://www.sciencedirect.com/science/article/pii/S0921344924002374,mechanical,OBS
334,2,Breaking and separating,ProcessLvl1,mechanical recovery processes,Fragmentation,BATT_LIBToMechanical2,ComponentLvl2,batteryCellCasing2,BATT_2RM_mechRecLIB2,MaterialLvl1,AlAndAlAlloys,0.937762,,±5%,OBS,2010,1.0,calc,"[Vaccari et al., 2024]",https://www.sciencedirect.com/science/article/pii/S0921344924002374,mechanical,OBS
335,2,Breaking and separating,ProcessLvl1,mechanical recovery processes,Fragmentation,BATT_LIBToMechanical2,ComponentLvl2,batteryCellCasing2,BATT_2RM_mechRecLIB2,MaterialLvl1,ferrousMetals1,0.937762,,±5%,OBS,2010,1.0,calc,"[Vaccari et al., 2024]",https://www.sciencedirect.com/science/article/pii/S0921344924002374,mechanical,OBS
336,2,Breaking and separating,ProcessLvl1,mechanical recovery processes,Fragmentation,BATT_LIBToMechanical2,ComponentLvl2,batteryCellCasing2,BATT_2RM_mechRecLIB2,ElementLvl1,Fe,0.937762,,±5%,OBS,2010,1.0,calc,"[Vaccari et al., 2024]",https://www.sciencedirect.com/science/article/pii/S0921344924002374,mechanical,OBS
337,2,Breaking and separating,ProcessLvl1,mechanical recovery processes,Fragmentation,BATT_LIBToMechanical2,ComponentLvl2,currentCollectorCathode,BATT_2RM_mechRecLIB2,ElementLvl1,Al,0.83708448124,,±5%,OBS,2010,1.0,calc,"[Vaccari et al., 2024]",https://www.sciencedirect.com/science/article/pii/S0921344924002374,mechanical,OBS
338,2,Breaking and separating,ProcessLvl1,mechanical recovery processes,Fragmentation,BATT_LIBToMechanical2,ComponentLvl2,currentCollectorAnode,BATT_2RM_mechRecLIB2,ElementLvl1,Cu,0.89642666788,,±5%,OBS,2010,1.0,calc,"[Vaccari et al., 2024]",https://www.sciencedirect.com/science/article/pii/S0921344924002374,mechanical,OBS
339,3,Hydrometallurgy (Leaching/SolventExtraction/Priciptation&Crystallization),ProcessLvl3,hydrometallurgy batteries,Transformation,BATT_LIBBlackMassToHydro2,,,BATT_2RM_chemRecLIB2,ElementLvl1,Li,0.92,,±5%,OBS,2010,1.0,calc,"[Hämmer and Wambach, 2024]",https://www.mdpi.com/2071-1050/16/19/8737,hydro,OBS
340,3,Hydrometallurgy (Leaching/SolventExtraction/Priciptation&Crystallization),ProcessLvl3,hydrometallurgy batteries,Transformation,BATT_LIBBlackMassToHydro2,,,BATT_2RM_chemRecLIB2,ElementLvl1,Ni,0.9122,,±5%,OBS,2010,1.0,calc,"[Hämmer and Wambach, 2024]",https://www.mdpi.com/2071-1050/16/19/8738,hydro,OBS
341,3,Hydrometallurgy (Leaching/SolventExtraction/Priciptation&Crystallization),ProcessLvl3,hydrometallurgy batteries,Transformation,BATT_LIBBlackMassToHydro2,,,BATT_2RM_chemRecLIB2,ElementLvl1,Co,0.7942,,±5%,OBS,2010,1.0,calc,"[Hämmer and Wambach, 2024]",https://www.mdpi.com/2071-1050/16/19/8740,hydro,OBS
342,3,Hydrometallurgy (Leaching/SolventExtraction/Priciptation&Crystallization),ProcessLvl3,hydrometallurgy batteries,Transformation,BATT_LIBBlackMassToHydro2,,,BATT_2RM_chemRecLIB2,ElementLvl1,Mn,0.0,,±15%,OBS,2010,2.5,calc,"Assumption, no reference",,hydro,OBS
343,3,Hydrometallurgy (Leaching/SolventExtraction/Priciptation&Crystallization),ProcessLvl3,hydrometallurgy batteries,Transformation,BATT_LIBBlackMassToHydro2,,,BATT_2RM_chemRecLIB2,MaterialLvl4,graphite4,0.0,,±15%,OBS,2010,2.5,est,"Assumption, no reference",,hydro,OBS
344,1,Pyrolisis,ProcessLvl2,pyrolysis,Transformation,BATT_LIBToPyrolysis2,ComponentLvl2,anodeActiveMaterial,BATT_LIBToMechanical2,MaterialLvl4,graphite4,1.0,,±15%,BAU,2025,2.5,est,"Assumption, no reference",,thermal,BAU
345,1,Pyrolisis,ProcessLvl2,pyrolysis,Transformation,BATT_LIBToPyrolysis2,ComponentLvl2,cathodeActiveMaterial,BATT_LIBToMechanical2,ElementLvl1,Al,1.0,,±15%,BAU,2025,2.5,est,"Assumption, no reference",,thermal,BAU
346,1,Pyrolisis,ProcessLvl2,pyrolysis,Transformation,BATT_LIBToPyrolysis2,ComponentLvl2,cathodeActiveMaterial,BATT_LIBToMechanical2,ElementLvl1,Cl,1.0,,±15%,BAU,2025,2.5,est,"Assumption, no reference",,thermal,BAU
347,1,Pyrolisis,ProcessLvl2,pyrolysis,Transformation,BATT_LIBToPyrolysis2,ComponentLvl2,cathodeActiveMaterial,BATT_LIBToMechanical2,ElementLvl1,Co,1.0,,±15%,BAU,2025,2.5,est,"Assumption, no reference",,thermal,BAU
348,1,Pyrolisis,ProcessLvl2,pyrolysis,Transformation,BATT_LIBToPyrolysis2,ComponentLvl2,cathodeActiveMaterial,BATT_LIBToMechanical2,ElementLvl1,Fe,1.0,,±15%,BAU,2025,2.5,est,"Assumption, no reference",,thermal,BAU
349,1,Pyrolisis,ProcessLvl2,pyrolysis,Transformation,BATT_LIBToPyrolysis2,ComponentLvl2,cathodeActiveMaterial,BATT_LIBToMechanical2,ElementLvl1,Li,1.0,,±15%,BAU,2025,2.5,est,"Assumption, no reference",,thermal,BAU
350,1,Pyrolisis,ProcessLvl2,pyrolysis,Transformation,BATT_LIBToPyrolysis2,ComponentLvl2,cathodeActiveMaterial,BATT_LIBToMechanical2,ElementLvl1,Mn,1.0,,±15%,BAU,2025,2.5,est,"Assumption, no reference",,thermal,BAU
351,1,Pyrolisis,ProcessLvl2,pyrolysis,Transformation,BATT_LIBToPyrolysis2,ComponentLvl2,cathodeActiveMaterial,BATT_LIBToMechanical2,ElementLvl1,Ni,1.0,,±15%,BAU,2025,2.5,est,"Assumption, no reference",,thermal,BAU
352,1,Pyrolisis,ProcessLvl2,pyrolysis,Transformation,BATT_LIBToPyrolysis2,ComponentLvl2,cathodeActiveMaterial,BATT_LIBToMechanical2,ElementLvl1,O,1.0,,±15%,BAU,2025,2.5,est,"Assumption, no reference",,thermal,BAU
353,1,Pyrolisis,ProcessLvl2,pyrolysis,Transformation,BATT_LIBToPyrolysis2,ComponentLvl2,cathodeActiveMaterial,BATT_LIBToMechanical2,ElementLvl1,P,1.0,,±15%,BAU,2025,2.5,est,"Assumption, no reference",,thermal,BAU
354,1,Pyrolisis,ProcessLvl2,pyrolysis,Transformation,BATT_LIBToPyrolysis2,ComponentLvl2,cathodeActiveMaterial,BATT_LIBToMechanical2,ElementLvl1,S,1.0,,±15%,BAU,2025,2.5,est,"Assumption, no reference",,thermal,BAU
355,1,Pyrolisis,ProcessLvl2,pyrolysis,Transformation,BATT_LIBToPyrolysis2,ComponentLvl2,anodeActiveMaterial,BATT_LIBToMechanical2,ElementLvl1,Si,1.0,,±15%,BAU,2025,2.5,est,"Assumption, no reference",,thermal,BAU
356,1,Pyrolisis,ProcessLvl2,pyrolysis,Transformation,BATT_LIBToPyrolysis2,ComponentLvl2,anodeActiveMaterial,BATT_LIBToMechanical2,ElementLvl1,Li,1.0,,±15%,BAU,2025,2.5,est,"Assumption, no reference",,thermal,BAU
357,1,Pyrolisis,ProcessLvl2,pyrolysis,Transformation,BATT_LIBToPyrolysis2,ComponentLvl2,batteryCellCasing2,BATT_LIBToMechanical2,MaterialLvl1,AlAndAlAlloys,1.0,,±15%,BAU,2025,2.5,est,"Assumption, no reference",,thermal,BAU
358,1,Pyrolisis,ProcessLvl2,pyrolysis,Transformation,BATT_LIBToPyrolysis2,ComponentLvl2,batteryCellCasing2,BATT_LIBToMechanical2,MaterialLvl1,ferrousMetals1,1.0,,±15%,BAU,2025,2.5,est,"Assumption, no reference",,thermal,BAU
359,1,Pyrolisis,ProcessLvl2,pyrolysis,Transformation,BATT_LIBToPyrolysis2,ComponentLvl2,batteryCellCasing2,BATT_LIBToMechanical2,ElementLvl1,Fe,1.0,,±15%,BAU,2025,2.5,est,"Assumption, no reference",,thermal,BAU
360,1,Pyrolisis,ProcessLvl2,pyrolysis,Transformation,BATT_LIBToPyrolysis2,ComponentLvl2,currentCollectorCathode,BATT_LIBToMechanical2,ElementLvl1,Al,1.0,,±15%,BAU,2025,2.5,est,"Assumption, no reference",,thermal,BAU
361,1,Pyrolisis,ProcessLvl2,pyrolysis,Transformation,BATT_LIBToPyrolysis2,ComponentLvl2,currentCollectorAnode,BATT_LIBToMechanical2,ElementLvl1,Cu,1.0,,±15%,BAU,2025,2.5,est,"Assumption, no reference",,thermal,BAU
362,2,Breaking and separating,ProcessLvl1,mechanical recovery processes,Fragmentation,BATT_LIBToMechanical2,ComponentLvl2,anodeActiveMaterial,BATT_LIBBlackMassToHydro2,MaterialLvl4,graphite4,0.85252981,,±5%,BAU,2025,1.0,calc,"[Vaccari et al., 2024]",https://www.sciencedirect.com/science/article/pii/S0921344924002374,mechanical,BAU
363,2,Breaking and separating,ProcessLvl1,mechanical recovery processes,Fragmentation,BATT_LIBToMechanical2,ComponentLvl2,cathodeActiveMaterial,BATT_LIBBlackMassToHydro2,ElementLvl1,Al,0.85252981,,±5%,BAU,2025,1.0,calc,"[Vaccari et al., 2024]",https://www.sciencedirect.com/science/article/pii/S0921344924002374,mechanical,BAU
364,2,Breaking and separating,ProcessLvl1,mechanical recovery processes,Fragmentation,BATT_LIBToMechanical2,ComponentLvl2,cathodeActiveMaterial,BATT_LIBBlackMassToHydro2,ElementLvl1,Cl,0.85252981,,±5%,BAU,2025,1.0,calc,"[Vaccari et al., 2024]",https://www.sciencedirect.com/science/article/pii/S0921344924002374,mechanical,BAU
365,2,Breaking and separating,ProcessLvl1,mechanical recovery processes,Fragmentation,BATT_LIBToMechanical2,ComponentLvl2,cathodeActiveMaterial,BATT_LIBBlackMassToHydro2,ElementLvl1,Co,0.85252981,,±5%,BAU,2025,1.0,calc,"[Vaccari et al., 2024]",https://www.sciencedirect.com/science/article/pii/S0921344924002374,mechanical,BAU
366,2,Breaking and separating,ProcessLvl1,mechanical recovery processes,Fragmentation,BATT_LIBToMechanical2,ComponentLvl2,cathodeActiveMaterial,BATT_LIBBlackMassToHydro2,ElementLvl1,Fe,0.85252981,,±5%,BAU,2025,1.0,calc,"[Vaccari et al., 2024]",https://www.sciencedirect.com/science/article/pii/S0921344924002374,mechanical,BAU
367,2,Breaking and separating,ProcessLvl1,mechanical recovery processes,Fragmentation,BATT_LIBToMechanical2,ComponentLvl2,cathodeActiveMaterial,BATT_LIBBlackMassToHydro2,ElementLvl1,Li,0.85252981,,±5%,BAU,2025,1.0,calc,"[Vaccari et al., 2024]",https://www.sciencedirect.com/science/article/pii/S0921344924002374,mechanical,BAU
368,2,Breaking and separating,ProcessLvl1,mechanical recovery processes,Fragmentation,BATT_LIBToMechanical2,ComponentLvl2,cathodeActiveMaterial,BATT_LIBBlackMassToHydro2,ElementLvl1,Mn,0.85252981,,±5%,BAU,2025,1.0,calc,"[Vaccari et al., 2024]",https://www.sciencedirect.com/science/article/pii/S0921344924002374,mechanical,BAU
369,2,Breaking and separating,ProcessLvl1,mechanical recovery processes,Fragmentation,BATT_LIBToMechanical2,ComponentLvl2,cathodeActiveMaterial,BATT_LIBBlackMassToHydro2,ElementLvl1,Ni,0.85252981,,±5%,BAU,2025,1.0,calc,"[Vaccari et al., 2024]",https://www.sciencedirect.com/science/article/pii/S0921344924002374,mechanical,BAU
370,2,Breaking and separating,ProcessLvl1,mechanical recovery processes,Fragmentation,BATT_LIBToMechanical2,ComponentLvl2,cathodeActiveMaterial,BATT_LIBBlackMassToHydro2,ElementLvl1,O,0.85252981,,±5%,BAU,2025,1.0,calc,"[Vaccari et al., 2024]",https://www.sciencedirect.com/science/article/pii/S0921344924002374,mechanical,BAU
371,2,Breaking and separating,ProcessLvl1,mechanical recovery processes,Fragmentation,BATT_LIBToMechanical2,ComponentLvl2,cathodeActiveMaterial,BATT_LIBBlackMassToHydro2,ElementLvl1,P,0.85252981,,±5%,BAU,2025,1.0,calc,"[Vaccari et al., 2024]",https://www.sciencedirect.com/science/article/pii/S0921344924002374,mechanical,BAU
372,2,Breaking and separating,ProcessLvl1,mechanical recovery processes,Fragmentation,BATT_LIBToMechanical2,ComponentLvl2,cathodeActiveMaterial,BATT_LIBBlackMassToHydro2,ElementLvl1,S,0.85252981,,±5%,BAU,2025,1.0,calc,"[Vaccari et al., 2024]",https://www.sciencedirect.com/science/article/pii/S0921344924002374,mechanical,BAU
373,2,Breaking and separating,ProcessLvl1,mechanical recovery processes,Fragmentation,BATT_LIBToMechanical2,ComponentLvl2,batteryCellCasing2,BATT_2RM_mechRecLIB2,MaterialLvl1,AlAndAlAlloys,0.937762,,±5%,BAU,2025,1.0,calc,"[Vaccari et al., 2024]",https://www.sciencedirect.com/science/article/pii/S0921344924002374,mechanical,BAU
374,2,Breaking and separating,ProcessLvl1,mechanical recovery processes,Fragmentation,BATT_LIBToMechanical2,ComponentLvl2,batteryCellCasing2,BATT_2RM_mechRecLIB2,MaterialLvl1,ferrousMetals1,0.937762,,±5%,BAU,2025,1.0,calc,"[Vaccari et al., 2024]",https://www.sciencedirect.com/science/article/pii/S0921344924002374,mechanical,BAU
375,2,Breaking and separating,ProcessLvl1,mechanical recovery processes,Fragmentation,BATT_LIBToMechanical2,ComponentLvl2,batteryCellCasing2,BATT_2RM_mechRecLIB2,ElementLvl1,Fe,0.937762,,±5%,BAU,2025,1.0,calc,"[Vaccari et al., 2024]",https://www.sciencedirect.com/science/article/pii/S0921344924002374,mechanical,BAU
376,2,Breaking and separating,ProcessLvl1,mechanical recovery processes,Fragmentation,BATT_LIBToMechanical2,ComponentLvl2,currentCollectorCathode,BATT_2RM_mechRecLIB2,ElementLvl1,Al,0.83708448124,,±5%,BAU,2025,1.0,calc,"[Vaccari et al., 2024]",https://www.sciencedirect.com/science/article/pii/S0921344924002374,mechanical,BAU
377,2,Breaking and separating,ProcessLvl1,mechanical recovery processes,Fragmentation,BATT_LIBToMechanical2,ComponentLvl2,currentCollectorAnode,BATT_2RM_mechRecLIB2,ElementLvl1,Cu,0.89642666788,,±5%,BAU,2025,1.0,calc,"[Vaccari et al., 2024]",https://www.sciencedirect.com/science/article/pii/S0921344924002374,mechanical,BAU
378,3,Hydrometallurgy (Leaching/SolventExtraction/Priciptation&Crystallization),ProcessLvl3,hydrometallurgy batteries,Transformation,BATT_LIBBlackMassToHydro2,,,BATT_2RM_chemRecLIB2,ElementLvl1,Li,0.92,,±5%,BAU,2025,1.0,calc,"[Hämmer and Wambach, 2024]",https://www.mdpi.com/2071-1050/16/19/8737,hydro,BAU
379,3,Hydrometallurgy (Leaching/SolventExtraction/Priciptation&Crystallization),ProcessLvl3,hydrometallurgy batteries,Transformation,BATT_LIBBlackMassToHydro2,,,BATT_2RM_chemRecLIB2,ElementLvl1,Ni,0.9122,,±5%,BAU,2025,1.0,calc,"[Hämmer and Wambach, 2024]",https://www.mdpi.com/2071-1050/16/19/8738,hydro,BAU
380,3,Hydrometallurgy (Leaching/SolventExtraction/Priciptation&Crystallization),ProcessLvl3,hydrometallurgy batteries,Transformation,BATT_LIBBlackMassToHydro2,,,BATT_2RM_chemRecLIB2,ElementLvl1,Co,0.7942,,±5%,BAU,2025,1.0,calc,"[Hämmer and Wambach, 2024]",https://www.mdpi.com/2071-1050/16/19/8740,hydro,BAU
381,3,Hydrometallurgy (Leaching/SolventExtraction/Priciptation&Crystallization),ProcessLvl3,hydrometallurgy batteries,Transformation,BATT_LIBBlackMassToHydro2,,,BATT_2RM_chemRecLIB2,ElementLvl1,Mn,0.0,,±15%,BAU,2025,2.5,calc,"Assumption, no reference",,hydro,BAU
382,3,Hydrometallurgy (Leaching/SolventExtraction/Priciptation&Crystallization),ProcessLvl3,hydrometallurgy batteries,Transformation,BATT_LIBBlackMassToHydro2,,,BATT_2RM_chemRecLIB2,MaterialLvl4,graphite4,0.0,,±15%,BAU,2025,2.5,est,"Assumption, no reference",,hydro,BAU
383,2,Breaking and separating,ProcessLvl1,mechanical recovery processes,Fragmentation,BATT_LIBToMechanical2,ComponentLvl2,anodeActiveMaterial,BATT_LIBBlackMassToHydro2,MaterialLvl4,graphite4,0.9,,±20%,BAU,2032,3.5,est,"Assumption, no reference",,mechanical,BAU
384,2,Breaking and separating,ProcessLvl1,mechanical recovery processes,Fragmentation,BATT_LIBToMechanical2,ComponentLvl2,cathodeActiveMaterial,BATT_LIBBlackMassToHydro2,ElementLvl1,Al,0.9,,±20%,BAU,2032,3.5,est,"Assumption, no reference",,mechanical,BAU
385,2,Breaking and separating,ProcessLvl1,mechanical recovery processes,Fragmentation,BATT_LIBToMechanical2,ComponentLvl2,cathodeActiveMaterial,BATT_LIBBlackMassToHydro2,ElementLvl1,Cl,0.9,,±20%,BAU,2032,3.5,est,"Assumption, no reference",,mechanical,BAU
386,2,Breaking and separating,ProcessLvl1,mechanical recovery processes,Fragmentation,BATT_LIBToMechanical2,ComponentLvl2,cathodeActiveMaterial,BATT_LIBBlackMassToHydro2,ElementLvl1,Co,0.9,,±20%,BAU,2032,3.5,est,"Assumption, no reference",,mechanical,BAU
387,2,Breaking and separating,ProcessLvl1,mechanical recovery processes,Fragmentation,BATT_LIBToMechanical2,ComponentLvl2,cathodeActiveMaterial,BATT_LIBBlackMassToHydro2,ElementLvl1,Fe,0.9,,±20%,BAU,2032,3.5,est,"Assumption, no reference",,mechanical,BAU
388,2,Breaking and separating,ProcessLvl1,mechanical recovery processes,Fragmentation,BATT_LIBToMechanical2,ComponentLvl2,cathodeActiveMaterial,BATT_LIBBlackMassToHydro2,ElementLvl1,Li,0.9,,±20%,BAU,2032,3.5,est,"Assumption, no reference",,mechanical,BAU
389,2,Breaking and separating,ProcessLvl1,mechanical recovery processes,Fragmentation,BATT_LIBToMechanical2,ComponentLvl2,cathodeActiveMaterial,BATT_LIBBlackMassToHydro2,ElementLvl1,Mn,0.9,,±20%,BAU,2032,3.5,est,"Assumption, no reference",,mechanical,BAU
390,2,Breaking and separating,ProcessLvl1,mechanical recovery processes,Fragmentation,BATT_LIBToMechanical2,ComponentLvl2,cathodeActiveMaterial,BATT_LIBBlackMassToHydro2,ElementLvl1,Ni,0.9,,±20%,BAU,2032,3.5,est,"Assumption, no reference",,mechanical,BAU
391,2,Breaking and separating,ProcessLvl1,mechanical recovery processes,Fragmentation,BATT_LIBToMechanical2,ComponentLvl2,cathodeActiveMaterial,BATT_LIBBlackMassToHydro2,ElementLvl1,O,0.9,,±20%,BAU,2032,3.5,est,"Assumption, no reference",,mechanical,BAU
392,2,Breaking and separating,ProcessLvl1,mechanical recovery processes,Fragmentation,BATT_LIBToMechanical2,ComponentLvl2,cathodeActiveMaterial,BATT_LIBBlackMassToHydro2,ElementLvl1,P,0.9,,±20%,BAU,2032,3.5,est,"Assumption, no reference",,mechanical,BAU
393,2,Breaking and separating,ProcessLvl1,mechanical recovery processes,Fragmentation,BATT_LIBToMechanical2,ComponentLvl2,cathodeActiveMaterial,BATT_LIBBlackMassToHydro2,ElementLvl1,S,0.9,,±20%,BAU,2032,3.5,est,"Assumption, no reference",,mechanical,BAU
394,2,Breaking and separating,ProcessLvl1,mechanical recovery processes,Fragmentation,BATT_LIBToMechanical2,ComponentLvl2,batteryCellCasing2,BATT_2RM_mechRecLIB2,MaterialLvl1,AlAndAlAlloys,0.937762,,±10%,BAU,2032,2.0,calc,"[Vaccari et al., 2024]",https://www.sciencedirect.com/science/article/pii/S0921344924002374,mechanical,BAU
395,2,Breaking and separating,ProcessLvl1,mechanical recovery processes,Fragmentation,BATT_LIBToMechanical2,ComponentLvl2,batteryCellCasing2,BATT_2RM_mechRecLIB2,MaterialLvl1,ferrousMetals1,0.937762,,±10%,BAU,2032,2.0,calc,"[Vaccari et al., 2024]",https://www.sciencedirect.com/science/article/pii/S0921344924002374,mechanical,BAU
396,2,Breaking and separating,ProcessLvl1,mechanical recovery processes,Fragmentation,BATT_LIBToMechanical2,ComponentLvl2,batteryCellCasing2,BATT_2RM_mechRecLIB2,ElementLvl1,Fe,0.937762,,±10%,BAU,2032,2.0,calc,"[Vaccari et al., 2024]",https://www.sciencedirect.com/science/article/pii/S0921344924002374,mechanical,BAU
397,2,Breaking and separating,ProcessLvl1,mechanical recovery processes,Fragmentation,BATT_LIBToMechanical2,ComponentLvl2,currentCollectorCathode,BATT_2RM_mechRecLIB2,ElementLvl1,Al,0.83708448124,,±10%,BAU,2032,2.0,calc,"[Vaccari et al., 2024]",https://www.sciencedirect.com/science/article/pii/S0921344924002374,mechanical,BAU
398,2,Breaking and separating,ProcessLvl1,mechanical recovery processes,Fragmentation,BATT_LIBToMechanical2,ComponentLvl2,currentCollectorAnode,BATT_2RM_mechRecLIB2,ElementLvl1,Cu,0.9,,±20%,BAU,2032,3.5,est,"Assumption, no reference",,mechanical,BAU
399,3,Hydrometallurgy (Leaching/SolventExtraction/Priciptation&Crystallization),ProcessLvl3,hydrometallurgy batteries,Transformation,BATT_LIBBlackMassToHydro2,,,BATT_2RM_chemRecLIB2,ElementLvl1,Li,0.92,,±10%,BAU,2032,2.0,calc,"[Hämmer and Wambach, 2024]",https://www.mdpi.com/2071-1050/16/19/8737,hydro,BAU
400,3,Hydrometallurgy (Leaching/SolventExtraction/Priciptation&Crystallization),ProcessLvl3,hydrometallurgy batteries,Transformation,BATT_LIBBlackMassToHydro2,,,BATT_2RM_chemRecLIB2,ElementLvl1,Ni,0.99,,±10%,BAU,2032,2.0,calc,"[Hämmer and Wambach, 2024]",https://www.mdpi.com/2071-1050/16/19/8734,hydro,BAU
401,3,Hydrometallurgy (Leaching/SolventExtraction/Priciptation&Crystallization),ProcessLvl3,hydrometallurgy batteries,Transformation,BATT_LIBBlackMassToHydro2,,,BATT_2RM_chemRecLIB2,ElementLvl1,Co,0.9,,±20%,BAU,2032,3.5,est,"Assumption, no reference",,hydro,BAU
402,3,Hydrometallurgy (Leaching/SolventExtraction/Priciptation&Crystallization),ProcessLvl3,hydrometallurgy batteries,Transformation,BATT_LIBBlackMassToHydro2,,,BATT_2RM_chemRecLIB2,ElementLvl1,Mn,0.0,,±20%,BAU,2032,3.5,calc,"Assumption, no reference",,hydro,BAU
403,3,Hydrometallurgy (Leaching/SolventExtraction/Priciptation&Crystallization),ProcessLvl3,hydrometallurgy batteries,Transformation,BATT_LIBBlackMassToHydro2,,,BATT_2RM_chemRecLIB2,MaterialLvl4,graphite4,0.23,,±20%,BAU,2032,3.5,est,"Assumption, no reference",,hydro,BAU
404,2,Breaking and separating,ProcessLvl1,mechanical recovery processes,Fragmentation,BATT_LIBToMechanical2,ComponentLvl2,anodeActiveMaterial,BATT_LIBBlackMassToHydro2,MaterialLvl4,graphite4,0.95,,±20%,BAU,2050,4.0,est,"Assumption, no reference",,mechanical,BAU
405,2,Breaking and separating,ProcessLvl1,mechanical recovery processes,Fragmentation,BATT_LIBToMechanical2,ComponentLvl2,cathodeActiveMaterial,BATT_LIBBlackMassToHydro2,ElementLvl1,Al,0.95,,±20%,BAU,2050,4.0,est,"Assumption, no reference",,mechanical,BAU
406,2,Breaking and separating,ProcessLvl1,mechanical recovery processes,Fragmentation,BATT_LIBToMechanical2,ComponentLvl2,cathodeActiveMaterial,BATT_LIBBlackMassToHydro2,ElementLvl1,Cl,0.95,,±20%,BAU,2050,4.0,est,"Assumption, no reference",,mechanical,BAU
407,2,Breaking and separating,ProcessLvl1,mechanical recovery processes,Fragmentation,BATT_LIBToMechanical2,ComponentLvl2,cathodeActiveMaterial,BATT_LIBBlackMassToHydro2,ElementLvl1,Co,0.95,,±20%,BAU,2050,4.0,est,"Assumption, no reference",,mechanical,BAU
408,2,Breaking and separating,ProcessLvl1,mechanical recovery processes,Fragmentation,BATT_LIBToMechanical2,ComponentLvl2,cathodeActiveMaterial,BATT_LIBBlackMassToHydro2,ElementLvl1,Fe,0.95,,±20%,BAU,2050,4.0,est,"Assumption, no reference",,mechanical,BAU
409,2,Breaking and separating,ProcessLvl1,mechanical recovery processes,Fragmentation,BATT_LIBToMechanical2,ComponentLvl2,cathodeActiveMaterial,BATT_LIBBlackMassToHydro2,ElementLvl1,Li,0.95,,±20%,BAU,2050,4.0,est,"Assumption, no reference",,mechanical,BAU
410,2,Breaking and separating,ProcessLvl1,mechanical recovery processes,Fragmentation,BATT_LIBToMechanical2,ComponentLvl2,cathodeActiveMaterial,BATT_LIBBlackMassToHydro2,ElementLvl1,Mn,0.95,,±20%,BAU,2050,4.0,est,"Assumption, no reference",,mechanical,BAU
411,2,Breaking and separating,ProcessLvl1,mechanical recovery processes,Fragmentation,BATT_LIBToMechanical2,ComponentLvl2,cathodeActiveMaterial,BATT_LIBBlackMassToHydro2,ElementLvl1,Ni,0.95,,±20%,BAU,2050,4.0,est,"Assumption, no reference",,mechanical,BAU
412,2,Breaking and separating,ProcessLvl1,mechanical recovery processes,Fragmentation,BATT_LIBToMechanical2,ComponentLvl2,cathodeActiveMaterial,BATT_LIBBlackMassToHydro2,ElementLvl1,O,0.95,,±20%,BAU,2050,4.0,est,"Assumption, no reference",,mechanical,BAU
413,2,Breaking and separating,ProcessLvl1,mechanical recovery processes,Fragmentation,BATT_LIBToMechanical2,ComponentLvl2,cathodeActiveMaterial,BATT_LIBBlackMassToHydro2,ElementLvl1,P,0.95,,±20%,BAU,2050,4.0,est,"Assumption, no reference",,mechanical,BAU
414,2,Breaking and separating,ProcessLvl1,mechanical recovery processes,Fragmentation,BATT_LIBToMechanical2,ComponentLvl2,cathodeActiveMaterial,BATT_LIBBlackMassToHydro2,ElementLvl1,S,0.95,,±20%,BAU,2050,4.0,est,"Assumption, no reference",,mechanical,BAU
415,2,Breaking and separating,ProcessLvl1,mechanical recovery processes,Fragmentation,BATT_LIBToMechanical2,ComponentLvl2,batteryCellCasing2,BATT_2RM_mechRecLIB2,MaterialLvl1,AlAndAlAlloys,0.937762,,±15%,BAU,2050,2.5,calc,"[Vaccari et al., 2024]",https://www.sciencedirect.com/science/article/pii/S0921344924002374,mechanical,BAU
416,2,Breaking and separating,ProcessLvl1,mechanical recovery processes,Fragmentation,BATT_LIBToMechanical2,ComponentLvl2,batteryCellCasing2,BATT_2RM_mechRecLIB2,MaterialLvl1,ferrousMetals1,0.937762,,±15%,BAU,2050,2.5,calc,"[Vaccari et al., 2024]",https://www.sciencedirect.com/science/article/pii/S0921344924002374,mechanical,BAU
417,2,Breaking and separating,ProcessLvl1,mechanical recovery processes,Fragmentation,BATT_LIBToMechanical2,ComponentLvl2,batteryCellCasing2,BATT_2RM_mechRecLIB2,ElementLvl1,Fe,0.937762,,±15%,BAU,2050,2.5,calc,"[Vaccari et al., 2024]",https://www.sciencedirect.com/science/article/pii/S0921344924002374,mechanical,BAU
418,2,Breaking and separating,ProcessLvl1,mechanical recovery processes,Fragmentation,BATT_LIBToMechanical2,ComponentLvl2,currentCollectorCathode,BATT_2RM_mechRecLIB2,ElementLvl1,Al,0.83708448124,,±15%,BAU,2050,2.5,calc,"[Vaccari et al., 2024]",https://www.sciencedirect.com/science/article/pii/S0921344924002374,mechanical,BAU
419,2,Breaking and separating,ProcessLvl1,mechanical recovery processes,Fragmentation,BATT_LIBToMechanical2,ComponentLvl2,currentCollectorAnode,BATT_2RM_mechRecLIB2,ElementLvl1,Cu,0.9,,±20%,BAU,2050,4.0,est,"Assumption, no reference",,mechanical,BAU
420,3,Hydrometallurgy (Leaching/SolventExtraction/Priciptation&Crystallization),ProcessLvl3,hydrometallurgy batteries,Transformation,BATT_LIBBlackMassToHydro2,,,BATT_2RM_chemRecLIB2,ElementLvl1,Li,0.92,,±15%,BAU,2050,2.5,calc,"[Hämmer and Wambach, 2024]",https://www.mdpi.com/2071-1050/16/19/8737,hydro,BAU
421,3,Hydrometallurgy (Leaching/SolventExtraction/Priciptation&Crystallization),ProcessLvl3,hydrometallurgy batteries,Transformation,BATT_LIBBlackMassToHydro2,,,BATT_2RM_chemRecLIB2,ElementLvl1,Ni,0.99,,±15%,BAU,2050,2.5,calc,"[Hämmer and Wambach, 2024]",https://www.mdpi.com/2071-1050/16/19/8734,hydro,BAU
422,3,Hydrometallurgy (Leaching/SolventExtraction/Priciptation&Crystallization),ProcessLvl3,hydrometallurgy batteries,Transformation,BATT_LIBBlackMassToHydro2,,,BATT_2RM_chemRecLIB2,ElementLvl1,Co,0.98,,±20%,BAU,2050,4.0,est,"Assumption, no reference",,hydro,BAU
423,3,Hydrometallurgy (Leaching/SolventExtraction/Priciptation&Crystallization),ProcessLvl3,hydrometallurgy batteries,Transformation,BATT_LIBBlackMassToHydro2,,,BATT_2RM_chemRecLIB2,ElementLvl1,Mn,0.0,,±20%,BAU,2050,4.0,calc,"Assumption, no reference",,hydro,BAU
424,3,Hydrometallurgy (Leaching/SolventExtraction/Priciptation&Crystallization),ProcessLvl3,hydrometallurgy batteries,Transformation,BATT_LIBBlackMassToHydro2,,,BATT_2RM_chemRecLIB2,MaterialLvl4,graphite4,0.48,,±20%,BAU,2050,4.0,est,"Assumption, no reference",,hydro,BAU
425,2,Breaking and separating,ProcessLvl1,mechanical recovery processes,Fragmentation,BATT_LIBToMechanical2,ComponentLvl2,anodeActiveMaterial,BATT_Losses_LIBBlackMassToHydro2,MaterialLvl4,graphite4,0.14747018999999995,,±5%,OBS,2010,1.0,calc,Losses calculated from reference value [Vaccari et al. 2024],https://www.sciencedirect.com/science/article/pii/S0921344924002374,mechanical,OBS
426,2,Breaking and separating,ProcessLvl1,mechanical recovery processes,Fragmentation,BATT_LIBToMechanical2,ComponentLvl2,cathodeActiveMaterial,BATT_Losses_LIBBlackMassToHydro2,ElementLvl1,Al,0.14747018999999995,,±5%,OBS,2010,1.0,calc,Losses calculated from reference value [Vaccari et al. 2024],https://www.sciencedirect.com/science/article/pii/S0921344924002374,mechanical,OBS
427,2,Breaking and separating,ProcessLvl1,mechanical recovery processes,Fragmentation,BATT_LIBToMechanical2,ComponentLvl2,cathodeActiveMaterial,BATT_Losses_LIBBlackMassToHydro2,ElementLvl1,Cl,0.14747018999999995,,±5%,OBS,2010,1.0,calc,Losses calculated from reference value [Vaccari et al. 2024],https://www.sciencedirect.com/science/article/pii/S0921344924002374,mechanical,OBS
428,2,Breaking and separating,ProcessLvl1,mechanical recovery processes,Fragmentation,BATT_LIBToMechanical2,ComponentLvl2,cathodeActiveMaterial,BATT_Losses_LIBBlackMassToHydro2,ElementLvl1,Co,0.14747018999999995,,±5%,OBS,2010,1.0,calc,Losses calculated from reference value [Vaccari et al. 2024],https://www.sciencedirect.com/science/article/pii/S0921344924002374,mechanical,OBS
429,2,Breaking and separating,ProcessLvl1,mechanical recovery processes,Fragmentation,BATT_LIBToMechanical2,ComponentLvl2,cathodeActiveMaterial,BATT_Losses_LIBBlackMassToHydro2,ElementLvl1,Fe,0.14747018999999995,,±5%,OBS,2010,1.0,calc,Losses calculated from reference value [Vaccari et al. 2024],https://www.sciencedirect.com/science/article/pii/S0921344924002374,mechanical,OBS
430,2,Breaking and separating,ProcessLvl1,mechanical recovery processes,Fragmentation,BATT_LIBToMechanical2,ComponentLvl2,cathodeActiveMaterial,BATT_Losses_LIBBlackMassToHydro2,ElementLvl1,Li,0.14747018999999995,,±5%,OBS,2010,1.0,calc,Losses calculated from reference value [Vaccari et al. 2024],https://www.sciencedirect.com/science/article/pii/S0921344924002374,mechanical,OBS
431,2,Breaking and separating,ProcessLvl1,mechanical recovery processes,Fragmentation,BATT_LIBToMechanical2,ComponentLvl2,cathodeActiveMaterial,BATT_Losses_LIBBlackMassToHydro2,ElementLvl1,Mn,0.14747018999999995,,±5%,OBS,2010,1.0,calc,Losses calculated from reference value [Vaccari et al. 2024],https://www.sciencedirect.com/science/article/pii/S0921344924002374,mechanical,OBS
432,2,Breaking and separating,ProcessLvl1,mechanical recovery processes,Fragmentation,BATT_LIBToMechanical2,ComponentLvl2,cathodeActiveMaterial,BATT_Losses_LIBBlackMassToHydro2,ElementLvl1,Ni,0.14747018999999995,,±5%,OBS,2010,1.0,calc,Losses calculated from reference value [Vaccari et al. 2024],https://www.sciencedirect.com/science/article/pii/S0921344924002374,mechanical,OBS
433,2,Breaking and separating,ProcessLvl1,mechanical recovery processes,Fragmentation,BATT_LIBToMechanical2,ComponentLvl2,cathodeActiveMaterial,BATT_Losses_LIBBlackMassToHydro2,ElementLvl1,O,0.14747018999999995,,±5%,OBS,2010,1.0,calc,Losses calculated from reference value [Vaccari et al. 2024],https://www.sciencedirect.com/science/article/pii/S0921344924002374,mechanical,OBS
434,2,Breaking and separating,ProcessLvl1,mechanical recovery processes,Fragmentation,BATT_LIBToMechanical2,ComponentLvl2,cathodeActiveMaterial,BATT_Losses_LIBBlackMassToHydro2,ElementLvl1,P,0.14747018999999995,,±5%,OBS,2010,1.0,calc,Losses calculated from reference value [Vaccari et al. 2024],https://www.sciencedirect.com/science/article/pii/S0921344924002374,mechanical,OBS
435,2,Breaking and separating,ProcessLvl1,mechanical recovery processes,Fragmentation,BATT_LIBToMechanical2,ComponentLvl2,cathodeActiveMaterial,BATT_Losses_LIBBlackMassToHydro2,ElementLvl1,S,0.14747018999999995,,±5%,OBS,2010,1.0,calc,Losses calculated from reference value [Vaccari et al. 2024],https://www.sciencedirect.com/science/article/pii/S0921344924002374,mechanical,OBS
436,2,Breaking and separating,ProcessLvl1,mechanical recovery processes,Fragmentation,BATT_LIBToMechanical2,ComponentLvl2,batteryCellCasing2,BATT_Losses_mechRecLIB2,MaterialLvl1,AlAndAlAlloys,0.062238000000000016,,±5%,OBS,2010,1.0,calc,Losses calculated from reference value [Vaccari et al. 2024],https://www.sciencedirect.com/science/article/pii/S0921344924002374,mechanical,OBS
437,2,Breaking and separating,ProcessLvl1,mechanical recovery processes,Fragmentation,BATT_LIBToMechanical2,ComponentLvl2,batteryCellCasing2,BATT_Losses_mechRecLIB2,MaterialLvl1,ferrousMetals1,0.062238000000000016,,±5%,OBS,2010,1.0,calc,Losses calculated from reference value [Vaccari et al. 2024],https://www.sciencedirect.com/science/article/pii/S0921344924002374,mechanical,OBS
438,2,Breaking and separating,ProcessLvl1,mechanical recovery processes,Fragmentation,BATT_LIBToMechanical2,ComponentLvl2,batteryCellCasing2,BATT_Losses_mechRecLIB2,ElementLvl1,Fe,0.062238000000000016,,±5%,OBS,2010,1.0,calc,Losses calculated from reference value [Vaccari et al. 2024],https://www.sciencedirect.com/science/article/pii/S0921344924002374,mechanical,OBS
439,2,Breaking and separating,ProcessLvl1,mechanical recovery processes,Fragmentation,BATT_LIBToMechanical2,ComponentLvl2,currentCollectorCathode,BATT_Losses_mechRecLIB2,ElementLvl1,Al,0.16291551876,,±5%,OBS,2010,1.0,calc,Losses calculated from reference value [Vaccari et al. 2024],https://www.sciencedirect.com/science/article/pii/S0921344924002374,mechanical,OBS
440,2,Breaking and separating,ProcessLvl1,mechanical recovery processes,Fragmentation,BATT_LIBToMechanical2,ComponentLvl2,currentCollectorAnode,BATT_Losses_mechRecLIB2,ElementLvl1,Cu,0.10357333211999997,,±5%,OBS,2010,1.0,calc,Losses calculated from reference value [Vaccari et al. 2024],https://www.sciencedirect.com/science/article/pii/S0921344924002374,mechanical,OBS
441,3,Hydrometallurgy (Leaching/SolventExtraction/Priciptation&Crystallization),ProcessLvl3,hydrometallurgy batteries,Transformation,BATT_LIBBlackMassToHydro2,,,BATT_Losses_chemRecLIB2,ElementLvl1,Li,0.07999999999999996,,±5%,OBS,2010,1.0,calc,"[Hämmer and Wambach, 2024]",https://www.mdpi.com/2071-1050/16/19/8737,hydro,OBS
442,3,Hydrometallurgy (Leaching/SolventExtraction/Priciptation&Crystallization),ProcessLvl3,hydrometallurgy batteries,Transformation,BATT_LIBBlackMassToHydro2,,,BATT_Losses_chemRecLIB2,ElementLvl1,Ni,0.08779999999999999,,±5%,OBS,2010,1.0,calc,"[Hämmer and Wambach, 2024]",https://www.mdpi.com/2071-1050/16/19/8738,hydro,OBS
443,3,Hydrometallurgy (Leaching/SolventExtraction/Priciptation&Crystallization),ProcessLvl3,hydrometallurgy batteries,Transformation,BATT_LIBBlackMassToHydro2,,,BATT_Losses_chemRecLIB2,ElementLvl1,Co,0.20579999999999998,,±5%,OBS,2010,1.0,calc,"[Hämmer and Wambach, 2024]",https://www.mdpi.com/2071-1050/16/19/8740,hydro,OBS
444,2,Breaking and separating,ProcessLvl1,mechanical recovery processes,Fragmentation,BATT_LIBToMechanical2,ComponentLvl2,anodeActiveMaterial,BATT_Losses_LIBBlackMassToHydro2,MaterialLvl4,graphite4,0.14747018999999995,,±5%,BAU,2025,1.0,calc,Losses calculated from reference value [Vaccari et al. 2024],https://www.sciencedirect.com/science/article/pii/S0921344924002374,mechanical,BAU
445,2,Breaking and separating,ProcessLvl1,mechanical recovery processes,Fragmentation,BATT_LIBToMechanical2,ComponentLvl2,cathodeActiveMaterial,BATT_Losses_LIBBlackMassToHydro2,ElementLvl1,Al,0.14747018999999995,,±5%,BAU,2025,1.0,calc,Losses calculated from reference value [Vaccari et al. 2024],https://www.sciencedirect.com/science/article/pii/S0921344924002374,mechanical,BAU
446,2,Breaking and separating,ProcessLvl1,mechanical recovery processes,Fragmentation,BATT_LIBToMechanical2,ComponentLvl2,cathodeActiveMaterial,BATT_Losses_LIBBlackMassToHydro2,ElementLvl1,Cl,0.14747018999999995,,±5%,BAU,2025,1.0,calc,Losses calculated from reference value [Vaccari et al. 2024],https://www.sciencedirect.com/science/article/pii/S0921344924002374,mechanical,BAU
447,2,Breaking and separating,ProcessLvl1,mechanical recovery processes,Fragmentation,BATT_LIBToMechanical2,ComponentLvl2,cathodeActiveMaterial,BATT_Losses_LIBBlackMassToHydro2,ElementLvl1,Co,0.14747018999999995,,±5%,BAU,2025,1.0,calc,Losses calculated from reference value [Vaccari et al. 2024],https://www.sciencedirect.com/science/article/pii/S0921344924002374,mechanical,BAU
448,2,Breaking and separating,ProcessLvl1,mechanical recovery processes,Fragmentation,BATT_LIBToMechanical2,ComponentLvl2,cathodeActiveMaterial,BATT_Losses_LIBBlackMassToHydro2,ElementLvl1,Fe,0.14747018999999995,,±5%,BAU,2025,1.0,calc,Losses calculated from reference value [Vaccari et al. 2024],https://www.sciencedirect.com/science/article/pii/S0921344924002374,mechanical,BAU
449,2,Breaking and separating,ProcessLvl1,mechanical recovery processes,Fragmentation,BATT_LIBToMechanical2,ComponentLvl2,cathodeActiveMaterial,BATT_Losses_LIBBlackMassToHydro2,ElementLvl1,Li,0.14747018999999995,,±5%,BAU,2025,1.0,calc,Losses calculated from reference value [Vaccari et al. 2024],https://www.sciencedirect.com/science/article/pii/S0921344924002374,mechanical,BAU
450,2,Breaking and separating,ProcessLvl1,mechanical recovery processes,Fragmentation,BATT_LIBToMechanical2,ComponentLvl2,cathodeActiveMaterial,BATT_Losses_LIBBlackMassToHydro2,ElementLvl1,Mn,0.14747018999999995,,±5%,BAU,2025,1.0,calc,Losses calculated from reference value [Vaccari et al. 2024],https://www.sciencedirect.com/science/article/pii/S0921344924002374,mechanical,BAU
451,2,Breaking and separating,ProcessLvl1,mechanical recovery processes,Fragmentation,BATT_LIBToMechanical2,ComponentLvl2,cathodeActiveMaterial,BATT_Losses_LIBBlackMassToHydro2,ElementLvl1,Ni,0.14747018999999995,,±5%,BAU,2025,1.0,calc,Losses calculated from reference value [Vaccari et al. 2024],https://www.sciencedirect.com/science/article/pii/S0921344924002374,mechanical,BAU
452,2,Breaking and separating,ProcessLvl1,mechanical recovery processes,Fragmentation,BATT_LIBToMechanical2,ComponentLvl2,cathodeActiveMaterial,BATT_Losses_LIBBlackMassToHydro2,ElementLvl1,O,0.14747018999999995,,±5%,BAU,2025,1.0,calc,Losses calculated from reference value [Vaccari et al. 2024],https://www.sciencedirect.com/science/article/pii/S0921344924002374,mechanical,BAU
453,2,Breaking and separating,ProcessLvl1,mechanical recovery processes,Fragmentation,BATT_LIBToMechanical2,ComponentLvl2,cathodeActiveMaterial,BATT_Losses_LIBBlackMassToHydro2,ElementLvl1,P,0.14747018999999995,,±5%,BAU,2025,1.0,calc,Losses calculated from reference value [Vaccari et al. 2024],https://www.sciencedirect.com/science/article/pii/S0921344924002374,mechanical,BAU
454,2,Breaking and separating,ProcessLvl1,mechanical recovery processes,Fragmentation,BATT_LIBToMechanical2,ComponentLvl2,cathodeActiveMaterial,BATT_Losses_LIBBlackMassToHydro2,ElementLvl1,S,0.14747018999999995,,±5%,BAU,2025,1.0,calc,Losses calculated from reference value [Vaccari et al. 2024],https://www.sciencedirect.com/science/article/pii/S0921344924002374,mechanical,BAU
455,2,Breaking and separating,ProcessLvl1,mechanical recovery processes,Fragmentation,BATT_LIBToMechanical2,ComponentLvl2,batteryCellCasing2,BATT_Losses_mechRecLIB2,MaterialLvl1,AlAndAlAlloys,0.062238000000000016,,±5%,BAU,2025,1.0,calc,Losses calculated from reference value [Vaccari et al. 2024],https://www.sciencedirect.com/science/article/pii/S0921344924002374,mechanical,BAU
456,2,Breaking and separating,ProcessLvl1,mechanical recovery processes,Fragmentation,BATT_LIBToMechanical2,ComponentLvl2,batteryCellCasing2,BATT_Losses_mechRecLIB2,MaterialLvl1,ferrousMetals1,0.062238000000000016,,±5%,BAU,2025,1.0,calc,Losses calculated from reference value [Vaccari et al. 2024],https://www.sciencedirect.com/science/article/pii/S0921344924002374,mechanical,BAU
457,2,Breaking and separating,ProcessLvl1,mechanical recovery processes,Fragmentation,BATT_LIBToMechanical2,ComponentLvl2,batteryCellCasing2,BATT_Losses_mechRecLIB2,ElementLvl1,Fe,0.062238000000000016,,±5%,BAU,2025,1.0,calc,Losses calculated from reference value [Vaccari et al. 2024],https://www.sciencedirect.com/science/article/pii/S0921344924002374,mechanical,BAU
458,2,Breaking and separating,ProcessLvl1,mechanical recovery processes,Fragmentation,BATT_LIBToMechanical2,ComponentLvl2,currentCollectorCathode,BATT_Losses_mechRecLIB2,ElementLvl1,Al,0.16291551876,,±5%,BAU,2025,1.0,calc,Losses calculated from reference value [Vaccari et al. 2024],https://www.sciencedirect.com/science/article/pii/S0921344924002374,mechanical,BAU
459,2,Breaking and separating,ProcessLvl1,mechanical recovery processes,Fragmentation,BATT_LIBToMechanical2,ComponentLvl2,currentCollectorAnode,BATT_Losses_mechRecLIB2,ElementLvl1,Cu,0.10357333211999997,,±5%,BAU,2025,1.0,calc,Losses calculated from reference value [Vaccari et al. 2024],https://www.sciencedirect.com/science/article/pii/S0921344924002374,mechanical,BAU
460,3,Hydrometallurgy (Leaching/SolventExtraction/Priciptation&Crystallization),ProcessLvl3,hydrometallurgy batteries,Transformation,BATT_LIBBlackMassToHydro2,,,BATT_Losses_chemRecLIB2,ElementLvl1,Li,0.07999999999999996,,±5%,BAU,2025,1.0,calc,"[Hämmer and Wambach, 2024]",https://www.mdpi.com/2071-1050/16/19/8737,hydro,BAU
461,3,Hydrometallurgy (Leaching/SolventExtraction/Priciptation&Crystallization),ProcessLvl3,hydrometallurgy batteries,Transformation,BATT_LIBBlackMassToHydro2,,,BATT_Losses_chemRecLIB2,ElementLvl1,Ni,0.08779999999999999,,±5%,BAU,2025,1.0,calc,"[Hämmer and Wambach, 2024]",https://www.mdpi.com/2071-1050/16/19/8738,hydro,BAU
462,3,Hydrometallurgy (Leaching/SolventExtraction/Priciptation&Crystallization),ProcessLvl3,hydrometallurgy batteries,Transformation,BATT_LIBBlackMassToHydro2,,,BATT_Losses_chemRecLIB2,ElementLvl1,Co,0.20579999999999998,,±5%,BAU,2025,1.0,calc,"[Hämmer and Wambach, 2024]",https://www.mdpi.com/2071-1050/16/19/8740,hydro,BAU
463,2,Breaking and separating,ProcessLvl1,mechanical recovery processes,Fragmentation,BATT_LIBToMechanical2,ComponentLvl2,anodeActiveMaterial,BATT_Losses_LIBBlackMassToHydro2,MaterialLvl4,graphite4,0.09999999999999998,,±20%,BAU,2032,3.5,est,"Assumption, no reference",,mechanical,BAU
464,2,Breaking and separating,ProcessLvl1,mechanical recovery processes,Fragmentation,BATT_LIBToMechanical2,ComponentLvl2,cathodeActiveMaterial,BATT_Losses_LIBBlackMassToHydro2,ElementLvl1,Al,0.09999999999999998,,±20%,BAU,2032,3.5,est,"Assumption, no reference",,mechanical,BAU
465,2,Breaking and separating,ProcessLvl1,mechanical recovery processes,Fragmentation,BATT_LIBToMechanical2,ComponentLvl2,cathodeActiveMaterial,BATT_Losses_LIBBlackMassToHydro2,ElementLvl1,Cl,0.09999999999999998,,±20%,BAU,2032,3.5,est,"Assumption, no reference",,mechanical,BAU
466,2,Breaking and separating,ProcessLvl1,mechanical recovery processes,Fragmentation,BATT_LIBToMechanical2,ComponentLvl2,cathodeActiveMaterial,BATT_Losses_LIBBlackMassToHydro2,ElementLvl1,Co,0.09999999999999998,,±20%,BAU,2032,3.5,est,"Assumption, no reference",,mechanical,BAU
467,2,Breaking and separating,ProcessLvl1,mechanical recovery processes,Fragmentation,BATT_LIBToMechanical2,ComponentLvl2,cathodeActiveMaterial,BATT_Losses_LIBBlackMassToHydro2,ElementLvl1,Fe,0.09999999999999998,,±20%,BAU,2032,3.5,est,"Assumption, no reference",,mechanical,BAU
468,2,Breaking and separating,ProcessLvl1,mechanical recovery processes,Fragmentation,BATT_LIBToMechanical2,ComponentLvl2,cathodeActiveMaterial,BATT_Losses_LIBBlackMassToHydro2,ElementLvl1,Li,0.09999999999999998,,±20%,BAU,2032,3.5,est,"Assumption, no reference",,mechanical,BAU
469,2,Breaking and separating,ProcessLvl1,mechanical recovery processes,Fragmentation,BATT_LIBToMechanical2,ComponentLvl2,cathodeActiveMaterial,BATT_Losses_LIBBlackMassToHydro2,ElementLvl1,Mn,0.09999999999999998,,±20%,BAU,2032,3.5,est,"Assumption, no reference",,mechanical,BAU
470,2,Breaking and separating,ProcessLvl1,mechanical recovery processes,Fragmentation,BATT_LIBToMechanical2,ComponentLvl2,cathodeActiveMaterial,BATT_Losses_LIBBlackMassToHydro2,ElementLvl1,Ni,0.09999999999999998,,±20%,BAU,2032,3.5,est,"Assumption, no reference",,mechanical,BAU
471,2,Breaking and separating,ProcessLvl1,mechanical recovery processes,Fragmentation,BATT_LIBToMechanical2,ComponentLvl2,cathodeActiveMaterial,BATT_Losses_LIBBlackMassToHydro2,ElementLvl1,O,0.09999999999999998,,±20%,BAU,2032,3.5,est,"Assumption, no reference",,mechanical,BAU
472,2,Breaking and separating,ProcessLvl1,mechanical recovery processes,Fragmentation,BATT_LIBToMechanical2,ComponentLvl2,cathodeActiveMaterial,BATT_Losses_LIBBlackMassToHydro2,ElementLvl1,P,0.09999999999999998,,±20%,BAU,2032,3.5,est,"Assumption, no reference",,mechanical,BAU
473,2,Breaking and separating,ProcessLvl1,mechanical recovery processes,Fragmentation,BATT_LIBToMechanical2,ComponentLvl2,cathodeActiveMaterial,BATT_Losses_LIBBlackMassToHydro2,ElementLvl1,S,0.09999999999999998,,±20%,BAU,2032,3.5,est,"Assumption, no reference",,mechanical,BAU
474,2,Breaking and separating,ProcessLvl1,mechanical recovery processes,Fragmentation,BATT_LIBToMechanical2,ComponentLvl2,batteryCellCasing2,BATT_Losses_mechRecLIB2,MaterialLvl1,AlAndAlAlloys,0.062238000000000016,,±10%,BAU,2032,2.0,calc,Losses calculated from reference value [Vaccari et al. 2024],https://www.sciencedirect.com/science/article/pii/S0921344924002374,mechanical,BAU
475,2,Breaking and separating,ProcessLvl1,mechanical recovery processes,Fragmentation,BATT_LIBToMechanical2,ComponentLvl2,batteryCellCasing2,BATT_Losses_mechRecLIB2,MaterialLvl1,ferrousMetals1,0.062238000000000016,,±10%,BAU,2032,2.0,calc,Losses calculated from reference value [Vaccari et al. 2024],https://www.sciencedirect.com/science/article/pii/S0921344924002374,mechanical,BAU
476,2,Breaking and separating,ProcessLvl1,mechanical recovery processes,Fragmentation,BATT_LIBToMechanical2,ComponentLvl2,batteryCellCasing2,BATT_Losses_mechRecLIB2,ElementLvl1,Fe,0.062238000000000016,,±10%,BAU,2032,2.0,calc,Losses calculated from reference value [Vaccari et al. 2024],https://www.sciencedirect.com/science/article/pii/S0921344924002374,mechanical,BAU
477,2,Breaking and separating,ProcessLvl1,mechanical recovery processes,Fragmentation,BATT_LIBToMechanical2,ComponentLvl2,currentCollectorCathode,BATT_Losses_mechRecLIB2,ElementLvl1,Al,0.16291551876,,±10%,BAU,2032,2.0,calc,Losses calculated from reference value [Vaccari et al. 2024],https://www.sciencedirect.com/science/article/pii/S0921344924002374,mechanical,BAU
478,2,Breaking and separating,ProcessLvl1,mechanical recovery processes,Fragmentation,BATT_LIBToMechanical2,ComponentLvl2,currentCollectorAnode,BATT_Losses_mechRecLIB2,ElementLvl1,Cu,0.09999999999999998,,±20%,BAU,2032,3.5,est,"Assumption, no reference",,mechanical,BAU
479,3,Hydrometallurgy (Leaching/SolventExtraction/Priciptation&Crystallization),ProcessLvl3,hydrometallurgy batteries,Transformation,BATT_LIBBlackMassToHydro2,,,BATT_Losses_chemRecLIB2,ElementLvl1,Li,0.07999999999999996,,±10%,BAU,2032,2.0,calc,"[Hämmer and Wambach, 2024]",https://www.mdpi.com/2071-1050/16/19/8737,hydro,BAU
480,3,Hydrometallurgy (Leaching/SolventExtraction/Priciptation&Crystallization),ProcessLvl3,hydrometallurgy batteries,Transformation,BATT_LIBBlackMassToHydro2,,,BATT_Losses_chemRecLIB2,ElementLvl1,Ni,0.010000000000000009,,±20%,BAU,2032,3.5,est,"Assumption, no reference",,hydro,BAU
481,3,Hydrometallurgy (Leaching/SolventExtraction/Priciptation&Crystallization),ProcessLvl3,hydrometallurgy batteries,Transformation,BATT_LIBBlackMassToHydro2,,,BATT_Losses_chemRecLIB2,ElementLvl1,Co,0.09999999999999998,,±20%,BAU,2032,3.5,est,"Assumption, no reference",,hydro,BAU
482,3,Hydrometallurgy (Leaching/SolventExtraction/Priciptation&Crystallization),ProcessLvl3,hydrometallurgy batteries,Transformation,BATT_LIBBlackMassToHydro2,,,BATT_Losses_chemRecLIB2,ElementLvl1,Mn,1.0,,±20%,BAU,2032,3.5,calc,"Assumption, no reference",,hydro,BAU
483,3,Hydrometallurgy (Leaching/SolventExtraction/Priciptation&Crystallization),ProcessLvl3,hydrometallurgy batteries,Transformation,BATT_LIBBlackMassToHydro2,,,BATT_Losses_chemRecLIB2,MaterialLvl4,graphite4,0.77,,±20%,BAU,2032,3.5,est,"Assumption, no reference",,hydro,BAU
484,2,Breaking and separating,ProcessLvl1,mechanical recovery processes,Fragmentation,BATT_LIBToMechanical2,ComponentLvl2,anodeActiveMaterial,BATT_Losses_LIBBlackMassToHydro2,MaterialLvl4,graphite4,0.050000000000000044,,±20%,BAU,2050,4.0,est,"Assumption, no reference",,mechanical,BAU
485,2,Breaking and separating,ProcessLvl1,mechanical recovery processes,Fragmentation,BATT_LIBToMechanical2,ComponentLvl2,cathodeActiveMaterial,BATT_Losses_LIBBlackMassToHydro2,ElementLvl1,Al,0.050000000000000044,,±20%,BAU,2050,4.0,est,"Assumption, no reference",,mechanical,BAU
486,2,Breaking and separating,ProcessLvl1,mechanical recovery processes,Fragmentation,BATT_LIBToMechanical2,ComponentLvl2,cathodeActiveMaterial,BATT_Losses_LIBBlackMassToHydro2,ElementLvl1,Cl,0.050000000000000044,,±20%,BAU,2050,4.0,est,"Assumption, no reference",,mechanical,BAU
487,2,Breaking and separating,ProcessLvl1,mechanical recovery processes,Fragmentation,BATT_LIBToMechanical2,ComponentLvl2,cathodeActiveMaterial,BATT_Losses_LIBBlackMassToHydro2,ElementLvl1,Co,0.050000000000000044,,±20%,BAU,2050,4.0,est,"Assumption, no reference",,mechanical,BAU
488,2,Breaking and separating,ProcessLvl1,mechanical recovery processes,Fragmentation,BATT_LIBToMechanical2,ComponentLvl2,cathodeActiveMaterial,BATT_Losses_LIBBlackMassToHydro2,ElementLvl1,Fe,0.050000000000000044,,±20%,BAU,2050,4.0,est,"Assumption, no reference",,mechanical,BAU
489,2,Breaking and separating,ProcessLvl1,mechanical recovery processes,Fragmentation,BATT_LIBToMechanical2,ComponentLvl2,cathodeActiveMaterial,BATT_Losses_LIBBlackMassToHydro2,ElementLvl1,Li,0.050000000000000044,,±20%,BAU,2050,4.0,est,"Assumption, no reference",,mechanical,BAU
490,2,Breaking and separating,ProcessLvl1,mechanical recovery processes,Fragmentation,BATT_LIBToMechanical2,ComponentLvl2,cathodeActiveMaterial,BATT_Losses_LIBBlackMassToHydro2,ElementLvl1,Mn,0.050000000000000044,,±20%,BAU,2050,4.0,est,"Assumption, no reference",,mechanical,BAU
491,2,Breaking and separating,ProcessLvl1,mechanical recovery processes,Fragmentation,BATT_LIBToMechanical2,ComponentLvl2,cathodeActiveMaterial,BATT_Losses_LIBBlackMassToHydro2,ElementLvl1,Ni,0.050000000000000044,,±20%,BAU,2050,4.0,est,"Assumption, no reference",,mechanical,BAU
492,2,Breaking and separating,ProcessLvl1,mechanical recovery processes,Fragmentation,BATT_LIBToMechanical2,ComponentLvl2,cathodeActiveMaterial,BATT_Losses_LIBBlackMassToHydro2,ElementLvl1,O,0.050000000000000044,,±20%,BAU,2050,4.0,est,"Assumption, no reference",,mechanical,BAU
493,2,Breaking and separating,ProcessLvl1,mechanical recovery processes,Fragmentation,BATT_LIBToMechanical2,ComponentLvl2,cathodeActiveMaterial,BATT_Losses_LIBBlackMassToHydro2,ElementLvl1,P,0.050000000000000044,,±20%,BAU,2050,4.0,est,"Assumption, no reference",,mechanical,BAU
494,2,Breaking and separating,ProcessLvl1,mechanical recovery processes,Fragmentation,BATT_LIBToMechanical2,ComponentLvl2,cathodeActiveMaterial,BATT_Losses_LIBBlackMassToHydro2,ElementLvl1,S,0.050000000000000044,,±20%,BAU,2050,4.0,est,"Assumption, no reference",,mechanical,BAU
495,2,Breaking and separating,ProcessLvl1,mechanical recovery processes,Fragmentation,BATT_LIBToMechanical2,ComponentLvl2,batteryCellCasing2,BATT_Losses_mechRecLIB2,MaterialLvl1,AlAndAlAlloys,0.062238000000000016,,±15%,BAU,2050,2.5,calc,Losses calculated from reference value [Vaccari et al. 2024],https://www.sciencedirect.com/science/article/pii/S0921344924002374,mechanical,BAU
496,2,Breaking and separating,ProcessLvl1,mechanical recovery processes,Fragmentation,BATT_LIBToMechanical2,ComponentLvl2,batteryCellCasing2,BATT_Losses_mechRecLIB2,MaterialLvl1,ferrousMetals1,0.062238000000000016,,±15%,BAU,2050,2.5,calc,Losses calculated from reference value [Vaccari et al. 2024],https://www.sciencedirect.com/science/article/pii/S0921344924002374,mechanical,BAU
497,2,Breaking and separating,ProcessLvl1,mechanical recovery processes,Fragmentation,BATT_LIBToMechanical2,ComponentLvl2,batteryCellCasing2,BATT_Losses_mechRecLIB2,ElementLvl1,Fe,0.062238000000000016,,±15%,BAU,2050,2.5,calc,Losses calculated from reference value [Vaccari et al. 2024],https://www.sciencedirect.com/science/article/pii/S0921344924002374,mechanical,BAU
498,2,Breaking and separating,ProcessLvl1,mechanical recovery processes,Fragmentation,BATT_LIBToMechanical2,ComponentLvl2,currentCollectorCathode,BATT_Losses_mechRecLIB2,ElementLvl1,Al,0.16291551876,,±15%,BAU,2050,2.5,calc,Losses calculated from reference value [Vaccari et al. 2024],https://www.sciencedirect.com/science/article/pii/S0921344924002374,mechanical,BAU
499,2,Breaking and separating,ProcessLvl1,mechanical recovery processes,Fragmentation,BATT_LIBToMechanical2,ComponentLvl2,currentCollectorAnode,BATT_Losses_mechRecLIB2,ElementLvl1,Cu,0.09999999999999998,,±20%,BAU,2050,4.0,est,"Assumption, no reference",,mechanical,BAU
500,3,Hydrometallurgy (Leaching/SolventExtraction/Priciptation&Crystallization),ProcessLvl3,hydrometallurgy batteries,Transformation,BATT_LIBBlackMassToHydro2,,,BATT_Losses_chemRecLIB2,ElementLvl1,Li,0.07999999999999996,,±15%,BAU,2050,2.5,calc,"[Hämmer and Wambach, 2024]",https://www.mdpi.com/2071-1050/16/19/8737,hydro,BAU
501,3,Hydrometallurgy (Leaching/SolventExtraction/Priciptation&Crystallization),ProcessLvl3,hydrometallurgy batteries,Transformation,BATT_LIBBlackMassToHydro2,,,BATT_Losses_chemRecLIB2,ElementLvl1,Ni,0.010000000000000009,,±20%,BAU,2050,4.0,est,"Assumption, no reference",,hydro,BAU
502,3,Hydrometallurgy (Leaching/SolventExtraction/Priciptation&Crystallization),ProcessLvl3,hydrometallurgy batteries,Transformation,BATT_LIBBlackMassToHydro2,,,BATT_Losses_chemRecLIB2,ElementLvl1,Co,0.020000000000000018,,±20%,BAU,2050,4.0,est,"Assumption, no reference",,hydro,BAU
503,3,Hydrometallurgy (Leaching/SolventExtraction/Priciptation&Crystallization),ProcessLvl3,hydrometallurgy batteries,Transformation,BATT_LIBBlackMassToHydro2,,,BATT_Losses_chemRecLIB2,MaterialLvl4,graphite4,0.52,,±20%,BAU,2050,4.0,est,"Assumption, no reference",,hydro,BAU
504,1,Breaking and separating,ProcessLvl1,mechanical recovery processes,Fragmentation,BATT_LIBToMechanical3,ComponentLvl2,anodeActiveMaterial,BATT_2RM_LIBBlackMass3,MaterialLvl4,graphite4,0.85252981,,±5%,OBS,2010,1.0,calc,"[Vaccari et al., 2024]",https://www.sciencedirect.com/science/article/pii/S0921344924002374,mechanical,OBS
505,1,Breaking and separating,ProcessLvl1,mechanical recovery processes,Fragmentation,BATT_LIBToMechanical3,ComponentLvl2,cathodeActiveMaterial,BATT_2RM_LIBBlackMass3,ElementLvl1,Al,0.85252981,,±5%,OBS,2010,1.0,calc,"[Vaccari et al., 2024]",https://www.sciencedirect.com/science/article/pii/S0921344924002374,mechanical,OBS
506,1,Breaking and separating,ProcessLvl1,mechanical recovery processes,Fragmentation,BATT_LIBToMechanical3,ComponentLvl2,cathodeActiveMaterial,BATT_2RM_LIBBlackMass3,ElementLvl1,Cl,0.85252981,,±5%,OBS,2010,1.0,calc,"[Vaccari et al., 2024]",https://www.sciencedirect.com/science/article/pii/S0921344924002374,mechanical,OBS
507,1,Breaking and separating,ProcessLvl1,mechanical recovery processes,Fragmentation,BATT_LIBToMechanical3,ComponentLvl2,cathodeActiveMaterial,BATT_2RM_LIBBlackMass3,ElementLvl1,Co,0.85252981,,±5%,OBS,2010,1.0,calc,"[Vaccari et al., 2024]",https://www.sciencedirect.com/science/article/pii/S0921344924002374,mechanical,OBS
508,1,Breaking and separating,ProcessLvl1,mechanical recovery processes,Fragmentation,BATT_LIBToMechanical3,ComponentLvl2,cathodeActiveMaterial,BATT_2RM_LIBBlackMass3,ElementLvl1,Fe,0.85252981,,±5%,OBS,2010,1.0,calc,"[Vaccari et al., 2024]",https://www.sciencedirect.com/science/article/pii/S0921344924002374,mechanical,OBS
509,1,Breaking and separating,ProcessLvl1,mechanical recovery processes,Fragmentation,BATT_LIBToMechanical3,ComponentLvl2,cathodeActiveMaterial,BATT_2RM_LIBBlackMass3,ElementLvl1,Li,0.85252981,,±5%,OBS,2010,1.0,calc,"[Vaccari et al., 2024]",https://www.sciencedirect.com/science/article/pii/S0921344924002374,mechanical,OBS
510,1,Breaking and separating,ProcessLvl1,mechanical recovery processes,Fragmentation,BATT_LIBToMechanical3,ComponentLvl2,cathodeActiveMaterial,BATT_2RM_LIBBlackMass3,ElementLvl1,Mn,0.85252981,,±5%,OBS,2010,1.0,calc,"[Vaccari et al., 2024]",https://www.sciencedirect.com/science/article/pii/S0921344924002374,mechanical,OBS
511,1,Breaking and separating,ProcessLvl1,mechanical recovery processes,Fragmentation,BATT_LIBToMechanical3,ComponentLvl2,cathodeActiveMaterial,BATT_2RM_LIBBlackMass3,ElementLvl1,Ni,0.85252981,,±5%,OBS,2010,1.0,calc,"[Vaccari et al., 2024]",https://www.sciencedirect.com/science/article/pii/S0921344924002374,mechanical,OBS
512,1,Breaking and separating,ProcessLvl1,mechanical recovery processes,Fragmentation,BATT_LIBToMechanical3,ComponentLvl2,cathodeActiveMaterial,BATT_2RM_LIBBlackMass3,ElementLvl1,O,0.85252981,,±5%,OBS,2010,1.0,calc,"[Vaccari et al., 2024]",https://www.sciencedirect.com/science/article/pii/S0921344924002374,mechanical,OBS
513,1,Breaking and separating,ProcessLvl1,mechanical recovery processes,Fragmentation,BATT_LIBToMechanical3,ComponentLvl2,cathodeActiveMaterial,BATT_2RM_LIBBlackMass3,ElementLvl1,P,0.85252981,,±5%,OBS,2010,1.0,calc,"[Vaccari et al., 2024]",https://www.sciencedirect.com/science/article/pii/S0921344924002374,mechanical,OBS
514,1,Breaking and separating,ProcessLvl1,mechanical recovery processes,Fragmentation,BATT_LIBToMechanical3,ComponentLvl2,cathodeActiveMaterial,BATT_2RM_LIBBlackMass3,ElementLvl1,S,0.85252981,,±5%,OBS,2010,1.0,calc,"[Vaccari et al., 2024]",https://www.sciencedirect.com/science/article/pii/S0921344924002374,mechanical,OBS
515,1,Breaking and separating,ProcessLvl1,mechanical recovery processes,Fragmentation,BATT_LIBToMechanical3,ComponentLvl2,batteryCellCasing2,BATT_2RM_mechRecLIB3,MaterialLvl1,AlAndAlAlloys,0.937762,,±5%,OBS,2010,1.0,calc,"[Vaccari et al., 2024]",https://www.sciencedirect.com/science/article/pii/S0921344924002374,mechanical,OBS
516,1,Breaking and separating,ProcessLvl1,mechanical recovery processes,Fragmentation,BATT_LIBToMechanical3,ComponentLvl2,batteryCellCasing2,BATT_2RM_mechRecLIB3,MaterialLvl1,ferrousMetals1,0.937762,,±5%,OBS,2010,1.0,calc,"[Vaccari et al., 2024]",https://www.sciencedirect.com/science/article/pii/S0921344924002374,mechanical,OBS
517,1,Breaking and separating,ProcessLvl1,mechanical recovery processes,Fragmentation,BATT_LIBToMechanical3,ComponentLvl2,batteryCellCasing2,BATT_2RM_mechRecLIB3,ElementLvl1,Fe,0.937762,,±5%,OBS,2010,1.0,calc,"[Vaccari et al., 2024]",https://www.sciencedirect.com/science/article/pii/S0921344924002374,mechanical,OBS
518,1,Breaking and separating,ProcessLvl1,mechanical recovery processes,Fragmentation,BATT_LIBToMechanical3,ComponentLvl2,currentCollectorCathode,BATT_2RM_mechRecLIB3,ElementLvl1,Al,0.83708448124,,±5%,OBS,2010,1.0,calc,"[Vaccari et al., 2024]",https://www.sciencedirect.com/science/article/pii/S0921344924002374,mechanical,OBS
519,1,Breaking and separating,ProcessLvl1,mechanical recovery processes,Fragmentation,BATT_LIBToMechanical3,ComponentLvl2,currentCollectorAnode,BATT_2RM_mechRecLIB3,ElementLvl1,Cu,0.89642666788,,±5%,OBS,2010,1.0,calc,"[Vaccari et al., 2024]",https://www.sciencedirect.com/science/article/pii/S0921344924002374,mechanical,OBS
520,1,Breaking and separating,ProcessLvl1,mechanical recovery processes,Fragmentation,BATT_LIBToMechanical3,ComponentLvl2,anodeActiveMaterial,BATT_2RM_LIBBlackMass3,MaterialLvl4,graphite4,0.85252981,,±5%,BAU,2025,1.0,calc,"[Vaccari et al., 2024]",https://www.sciencedirect.com/science/article/pii/S0921344924002374,mechanical,BAU
521,1,Breaking and separating,ProcessLvl1,mechanical recovery processes,Fragmentation,BATT_LIBToMechanical3,ComponentLvl2,cathodeActiveMaterial,BATT_2RM_LIBBlackMass3,ElementLvl1,Al,0.85252981,,±5%,BAU,2025,1.0,calc,"[Vaccari et al., 2024]",https://www.sciencedirect.com/science/article/pii/S0921344924002374,mechanical,BAU
522,1,Breaking and separating,ProcessLvl1,mechanical recovery processes,Fragmentation,BATT_LIBToMechanical3,ComponentLvl2,cathodeActiveMaterial,BATT_2RM_LIBBlackMass3,ElementLvl1,Cl,0.85252981,,±5%,BAU,2025,1.0,calc,"[Vaccari et al., 2024]",https://www.sciencedirect.com/science/article/pii/S0921344924002374,mechanical,BAU
523,1,Breaking and separating,ProcessLvl1,mechanical recovery processes,Fragmentation,BATT_LIBToMechanical3,ComponentLvl2,cathodeActiveMaterial,BATT_2RM_LIBBlackMass3,ElementLvl1,Co,0.85252981,,±5%,BAU,2025,1.0,calc,"[Vaccari et al., 2024]",https://www.sciencedirect.com/science/article/pii/S0921344924002374,mechanical,BAU
524,1,Breaking and separating,ProcessLvl1,mechanical recovery processes,Fragmentation,BATT_LIBToMechanical3,ComponentLvl2,cathodeActiveMaterial,BATT_2RM_LIBBlackMass3,ElementLvl1,Fe,0.85252981,,±5%,BAU,2025,1.0,calc,"[Vaccari et al., 2024]",https://www.sciencedirect.com/science/article/pii/S0921344924002374,mechanical,BAU
525,1,Breaking and separating,ProcessLvl1,mechanical recovery processes,Fragmentation,BATT_LIBToMechanical3,ComponentLvl2,cathodeActiveMaterial,BATT_2RM_LIBBlackMass3,ElementLvl1,Li,0.85252981,,±5%,BAU,2025,1.0,calc,"[Vaccari et al., 2024]",https://www.sciencedirect.com/science/article/pii/S0921344924002374,mechanical,BAU
526,1,Breaking and separating,ProcessLvl1,mechanical recovery processes,Fragmentation,BATT_LIBToMechanical3,ComponentLvl2,cathodeActiveMaterial,BATT_2RM_LIBBlackMass3,ElementLvl1,Mn,0.85252981,,±5%,BAU,2025,1.0,calc,"[Vaccari et al., 2024]",https://www.sciencedirect.com/science/article/pii/S0921344924002374,mechanical,BAU
527,1,Breaking and separating,ProcessLvl1,mechanical recovery processes,Fragmentation,BATT_LIBToMechanical3,ComponentLvl2,cathodeActiveMaterial,BATT_2RM_LIBBlackMass3,ElementLvl1,Ni,0.85252981,,±5%,BAU,2025,1.0,calc,"[Vaccari et al., 2024]",https://www.sciencedirect.com/science/article/pii/S0921344924002374,mechanical,BAU
528,1,Breaking and separating,ProcessLvl1,mechanical recovery processes,Fragmentation,BATT_LIBToMechanical3,ComponentLvl2,cathodeActiveMaterial,BATT_2RM_LIBBlackMass3,ElementLvl1,O,0.85252981,,±5%,BAU,2025,1.0,calc,"[Vaccari et al., 2024]",https://www.sciencedirect.com/science/article/pii/S0921344924002374,mechanical,BAU
529,1,Breaking and separating,ProcessLvl1,mechanical recovery processes,Fragmentation,BATT_LIBToMechanical3,ComponentLvl2,cathodeActiveMaterial,BATT_2RM_LIBBlackMass3,ElementLvl1,P,0.85252981,,±5%,BAU,2025,1.0,calc,"[Vaccari et al., 2024]",https://www.sciencedirect.com/science/article/pii/S0921344924002374,mechanical,BAU
530,1,Breaking and separating,ProcessLvl1,mechanical recovery processes,Fragmentation,BATT_LIBToMechanical3,ComponentLvl2,cathodeActiveMaterial,BATT_2RM_LIBBlackMass3,ElementLvl1,S,0.85252981,,±5%,BAU,2025,1.0,calc,"[Vaccari et al., 2024]",https://www.sciencedirect.com/science/article/pii/S0921344924002374,mechanical,BAU
531,1,Breaking and separating,ProcessLvl1,mechanical recovery processes,Fragmentation,BATT_LIBToMechanical3,ComponentLvl2,batteryCellCasing2,BATT_2RM_mechRecLIB3,MaterialLvl1,AlAndAlAlloys,0.937762,,±5%,BAU,2025,1.0,calc,"[Vaccari et al., 2024]",https://www.sciencedirect.com/science/article/pii/S0921344924002374,mechanical,BAU
532,1,Breaking and separating,ProcessLvl1,mechanical recovery processes,Fragmentation,BATT_LIBToMechanical3,ComponentLvl2,batteryCellCasing2,BATT_2RM_mechRecLIB3,MaterialLvl1,ferrousMetals1,0.937762,,±5%,BAU,2025,1.0,calc,"[Vaccari et al., 2024]",https://www.sciencedirect.com/science/article/pii/S0921344924002374,mechanical,BAU
533,1,Breaking and separating,ProcessLvl1,mechanical recovery processes,Fragmentation,BATT_LIBToMechanical3,ComponentLvl2,batteryCellCasing2,BATT_2RM_mechRecLIB3,ElementLvl1,Fe,0.937762,,±5%,BAU,2025,1.0,calc,"[Vaccari et al., 2024]",https://www.sciencedirect.com/science/article/pii/S0921344924002374,mechanical,BAU
534,1,Breaking and separating,ProcessLvl1,mechanical recovery processes,Fragmentation,BATT_LIBToMechanical3,ComponentLvl2,currentCollectorCathode,BATT_2RM_mechRecLIB3,ElementLvl1,Al,0.83708448124,,±5%,BAU,2025,1.0,calc,"[Vaccari et al., 2024]",https://www.sciencedirect.com/science/article/pii/S0921344924002374,mechanical,BAU
535,1,Breaking and separating,ProcessLvl1,mechanical recovery processes,Fragmentation,BATT_LIBToMechanical3,ComponentLvl2,currentCollectorAnode,BATT_2RM_mechRecLIB3,ElementLvl1,Cu,0.89642666788,,±5%,BAU,2025,1.0,calc,"[Vaccari et al., 2024]",https://www.sciencedirect.com/science/article/pii/S0921344924002374,mechanical,BAU
536,1,Breaking and separating,ProcessLvl1,mechanical recovery processes,Fragmentation,BATT_LIBToMechanical3,ComponentLvl2,anodeActiveMaterial,BATT_2RM_LIBBlackMass3,MaterialLvl4,graphite4,0.9,,±20%,BAU,2032,3.5,calc,"Assumption, no reference",,mechanical,BAU
537,1,Breaking and separating,ProcessLvl1,mechanical recovery processes,Fragmentation,BATT_LIBToMechanical3,ComponentLvl2,cathodeActiveMaterial,BATT_2RM_LIBBlackMass3,ElementLvl1,Al,0.9,,±20%,BAU,2032,3.5,calc,"Assumption, no reference",,mechanical,BAU
538,1,Breaking and separating,ProcessLvl1,mechanical recovery processes,Fragmentation,BATT_LIBToMechanical3,ComponentLvl2,cathodeActiveMaterial,BATT_2RM_LIBBlackMass3,ElementLvl1,Cl,0.9,,±20%,BAU,2032,3.5,calc,"Assumption, no reference",,mechanical,BAU
539,1,Breaking and separating,ProcessLvl1,mechanical recovery processes,Fragmentation,BATT_LIBToMechanical3,ComponentLvl2,cathodeActiveMaterial,BATT_2RM_LIBBlackMass3,ElementLvl1,Co,0.9,,±20%,BAU,2032,3.5,calc,"Assumption, no reference",,mechanical,BAU
540,1,Breaking and separating,ProcessLvl1,mechanical recovery processes,Fragmentation,BATT_LIBToMechanical3,ComponentLvl2,cathodeActiveMaterial,BATT_2RM_LIBBlackMass3,ElementLvl1,Fe,0.9,,±20%,BAU,2032,3.5,calc,"Assumption, no reference",,mechanical,BAU
541,1,Breaking and separating,ProcessLvl1,mechanical recovery processes,Fragmentation,BATT_LIBToMechanical3,ComponentLvl2,cathodeActiveMaterial,BATT_2RM_LIBBlackMass3,ElementLvl1,Li,0.9,,±20%,BAU,2032,3.5,calc,"Assumption, no reference",,mechanical,BAU
542,1,Breaking and separating,ProcessLvl1,mechanical recovery processes,Fragmentation,BATT_LIBToMechanical3,ComponentLvl2,cathodeActiveMaterial,BATT_2RM_LIBBlackMass3,ElementLvl1,Mn,0.9,,±20%,BAU,2032,3.5,calc,"Assumption, no reference",,mechanical,BAU
543,1,Breaking and separating,ProcessLvl1,mechanical recovery processes,Fragmentation,BATT_LIBToMechanical3,ComponentLvl2,cathodeActiveMaterial,BATT_2RM_LIBBlackMass3,ElementLvl1,Ni,0.9,,±20%,BAU,2032,3.5,calc,"Assumption, no reference",,mechanical,BAU
544,1,Breaking and separating,ProcessLvl1,mechanical recovery processes,Fragmentation,BATT_LIBToMechanical3,ComponentLvl2,cathodeActiveMaterial,BATT_2RM_LIBBlackMass3,ElementLvl1,O,0.9,,±20%,BAU,2032,3.5,calc,"Assumption, no reference",,mechanical,BAU
545,1,Breaking and separating,ProcessLvl1,mechanical recovery processes,Fragmentation,BATT_LIBToMechanical3,ComponentLvl2,cathodeActiveMaterial,BATT_2RM_LIBBlackMass3,ElementLvl1,P,0.9,,±20%,BAU,2032,3.5,calc,"Assumption, no reference",,mechanical,BAU
546,1,Breaking and separating,ProcessLvl1,mechanical recovery processes,Fragmentation,BATT_LIBToMechanical3,ComponentLvl2,cathodeActiveMaterial,BATT_2RM_LIBBlackMass3,ElementLvl1,S,0.9,,±20%,BAU,2032,3.5,calc,"Assumption, no reference",,mechanical,BAU
547,1,Breaking and separating,ProcessLvl1,mechanical recovery processes,Fragmentation,BATT_LIBToMechanical3,ComponentLvl2,batteryCellCasing2,BATT_2RM_mechRecLIB3,MaterialLvl1,AlAndAlAlloys,0.937762,,±10%,BAU,2032,2.0,calc,"[Vaccari et al., 2024]",https://www.sciencedirect.com/science/article/pii/S0921344924002374,mechanical,BAU
548,1,Breaking and separating,ProcessLvl1,mechanical recovery processes,Fragmentation,BATT_LIBToMechanical3,ComponentLvl2,batteryCellCasing2,BATT_2RM_mechRecLIB3,MaterialLvl1,ferrousMetals1,0.937762,,±10%,BAU,2032,2.0,calc,"[Vaccari et al., 2024]",https://www.sciencedirect.com/science/article/pii/S0921344924002374,mechanical,BAU
549,1,Breaking and separating,ProcessLvl1,mechanical recovery processes,Fragmentation,BATT_LIBToMechanical3,ComponentLvl2,batteryCellCasing2,BATT_2RM_mechRecLIB3,ElementLvl1,Fe,0.937762,,±10%,BAU,2032,2.0,calc,"[Vaccari et al., 2024]",https://www.sciencedirect.com/science/article/pii/S0921344924002374,mechanical,BAU
550,1,Breaking and separating,ProcessLvl1,mechanical recovery processes,Fragmentation,BATT_LIBToMechanical3,ComponentLvl2,currentCollectorCathode,BATT_2RM_mechRecLIB3,ElementLvl1,Al,0.83708448124,,±10%,BAU,2032,2.0,calc,"[Vaccari et al., 2024]",https://www.sciencedirect.com/science/article/pii/S0921344924002374,mechanical,BAU
551,1,Breaking and separating,ProcessLvl1,mechanical recovery processes,Fragmentation,BATT_LIBToMechanical3,ComponentLvl2,currentCollectorAnode,BATT_2RM_mechRecLIB3,ElementLvl1,Cu,0.9,,±10%,BAU,2032,2.0,calc,"[Vaccari et al., 2024]",https://www.sciencedirect.com/science/article/pii/S0921344924002374,mechanical,BAU
552,1,Breaking and separating,ProcessLvl1,mechanical recovery processes,Fragmentation,BATT_LIBToMechanical3,ComponentLvl2,anodeActiveMaterial,BATT_2RM_LIBBlackMass3,MaterialLvl4,graphite4,0.95,,±20%,BAU,2050,4.0,calc,"Assumption, no reference",,mechanical,BAU
553,1,Breaking and separating,ProcessLvl1,mechanical recovery processes,Fragmentation,BATT_LIBToMechanical3,ComponentLvl2,cathodeActiveMaterial,BATT_2RM_LIBBlackMass3,ElementLvl1,Al,0.95,,±20%,BAU,2050,4.0,calc,"Assumption, no reference",,mechanical,BAU
554,1,Breaking and separating,ProcessLvl1,mechanical recovery processes,Fragmentation,BATT_LIBToMechanical3,ComponentLvl2,cathodeActiveMaterial,BATT_2RM_LIBBlackMass3,ElementLvl1,Cl,0.95,,±20%,BAU,2050,4.0,calc,"Assumption, no reference",,mechanical,BAU
555,1,Breaking and separating,ProcessLvl1,mechanical recovery processes,Fragmentation,BATT_LIBToMechanical3,ComponentLvl2,cathodeActiveMaterial,BATT_2RM_LIBBlackMass3,ElementLvl1,Co,0.95,,±20%,BAU,2050,4.0,calc,"Assumption, no reference",,mechanical,BAU
556,1,Breaking and separating,ProcessLvl1,mechanical recovery processes,Fragmentation,BATT_LIBToMechanical3,ComponentLvl2,cathodeActiveMaterial,BATT_2RM_LIBBlackMass3,ElementLvl1,Fe,0.95,,±20%,BAU,2050,4.0,calc,"Assumption, no reference",,mechanical,BAU
557,1,Breaking and separating,ProcessLvl1,mechanical recovery processes,Fragmentation,BATT_LIBToMechanical3,ComponentLvl2,cathodeActiveMaterial,BATT_2RM_LIBBlackMass3,ElementLvl1,Li,0.95,,±20%,BAU,2050,4.0,calc,"Assumption, no reference",,mechanical,BAU
558,1,Breaking and separating,ProcessLvl1,mechanical recovery processes,Fragmentation,BATT_LIBToMechanical3,ComponentLvl2,cathodeActiveMaterial,BATT_2RM_LIBBlackMass3,ElementLvl1,Mn,0.95,,±20%,BAU,2050,4.0,calc,"Assumption, no reference",,mechanical,BAU
559,1,Breaking and separating,ProcessLvl1,mechanical recovery processes,Fragmentation,BATT_LIBToMechanical3,ComponentLvl2,cathodeActiveMaterial,BATT_2RM_LIBBlackMass3,ElementLvl1,Ni,0.95,,±20%,BAU,2050,4.0,calc,"Assumption, no reference",,mechanical,BAU
560,1,Breaking and separating,ProcessLvl1,mechanical recovery processes,Fragmentation,BATT_LIBToMechanical3,ComponentLvl2,cathodeActiveMaterial,BATT_2RM_LIBBlackMass3,ElementLvl1,O,0.95,,±20%,BAU,2050,4.0,calc,"Assumption, no reference",,mechanical,BAU
561,1,Breaking and separating,ProcessLvl1,mechanical recovery processes,Fragmentation,BATT_LIBToMechanical3,ComponentLvl2,cathodeActiveMaterial,BATT_2RM_LIBBlackMass3,ElementLvl1,P,0.95,,±20%,BAU,2050,4.0,calc,"Assumption, no reference",,mechanical,BAU
562,1,Breaking and separating,ProcessLvl1,mechanical recovery processes,Fragmentation,BATT_LIBToMechanical3,ComponentLvl2,cathodeActiveMaterial,BATT_2RM_LIBBlackMass3,ElementLvl1,S,0.95,,±20%,BAU,2050,4.0,calc,"Assumption, no reference",,mechanical,BAU
563,1,Breaking and separating,ProcessLvl1,mechanical recovery processes,Fragmentation,BATT_LIBToMechanical3,ComponentLvl2,batteryCellCasing2,BATT_2RM_mechRecLIB3,MaterialLvl1,AlAndAlAlloys,0.937762,,±15%,BAU,2050,2.5,calc,"[Vaccari et al., 2024]",https://www.sciencedirect.com/science/article/pii/S0921344924002374,mechanical,BAU
564,1,Breaking and separating,ProcessLvl1,mechanical recovery processes,Fragmentation,BATT_LIBToMechanical3,ComponentLvl2,batteryCellCasing2,BATT_2RM_mechRecLIB3,MaterialLvl1,ferrousMetals1,0.937762,,±15%,BAU,2050,2.5,calc,"[Vaccari et al., 2024]",https://www.sciencedirect.com/science/article/pii/S0921344924002374,mechanical,BAU
565,1,Breaking and separating,ProcessLvl1,mechanical recovery processes,Fragmentation,BATT_LIBToMechanical3,ComponentLvl2,batteryCellCasing2,BATT_2RM_mechRecLIB3,ElementLvl1,Fe,0.937762,,±15%,BAU,2050,2.5,calc,"[Vaccari et al., 2024]",https://www.sciencedirect.com/science/article/pii/S0921344924002374,mechanical,BAU
566,1,Breaking and separating,ProcessLvl1,mechanical recovery processes,Fragmentation,BATT_LIBToMechanical3,ComponentLvl2,currentCollectorCathode,BATT_2RM_mechRecLIB3,ElementLvl1,Al,0.83708448124,,±15%,BAU,2050,2.5,calc,"[Vaccari et al., 2024]",https://www.sciencedirect.com/science/article/pii/S0921344924002374,mechanical,BAU
567,1,Breaking and separating,ProcessLvl1,mechanical recovery processes,Fragmentation,BATT_LIBToMechanical3,ComponentLvl2,currentCollectorAnode,BATT_2RM_mechRecLIB3,ElementLvl1,Cu,0.9,,±15%,BAU,2050,2.5,calc,"[Vaccari et al., 2024]",https://www.sciencedirect.com/science/article/pii/S0921344924002374,mechanical,BAU
568,1,Breaking and separating,ProcessLvl1,mechanical recovery processes,Fragmentation,BATT_LIBToMechanical3,ComponentLvl2,anodeActiveMaterial,BATT_Losses_LIBBlackMass3,MaterialLvl4,graphite4,0.14747018999999995,,±5%,OBS,2010,1.0,calc,Losses calculated from reference value [Vaccari et al. 2024],https://www.sciencedirect.com/science/article/pii/S0921344924002374,mechanical,OBS
569,1,Breaking and separating,ProcessLvl1,mechanical recovery processes,Fragmentation,BATT_LIBToMechanical3,ComponentLvl2,cathodeActiveMaterial,BATT_Losses_LIBBlackMass3,ElementLvl1,Al,0.14747018999999995,,±5%,OBS,2010,1.0,calc,Losses calculated from reference value [Vaccari et al. 2024],https://www.sciencedirect.com/science/article/pii/S0921344924002374,mechanical,OBS
570,1,Breaking and separating,ProcessLvl1,mechanical recovery processes,Fragmentation,BATT_LIBToMechanical3,ComponentLvl2,cathodeActiveMaterial,BATT_Losses_LIBBlackMass3,ElementLvl1,Cl,0.14747018999999995,,±5%,OBS,2010,1.0,calc,Losses calculated from reference value [Vaccari et al. 2024],https://www.sciencedirect.com/science/article/pii/S0921344924002374,mechanical,OBS
571,1,Breaking and separating,ProcessLvl1,mechanical recovery processes,Fragmentation,BATT_LIBToMechanical3,ComponentLvl2,cathodeActiveMaterial,BATT_Losses_LIBBlackMass3,ElementLvl1,Co,0.14747018999999995,,±5%,OBS,2010,1.0,calc,Losses calculated from reference value [Vaccari et al. 2024],https://www.sciencedirect.com/science/article/pii/S0921344924002374,mechanical,OBS
572,1,Breaking and separating,ProcessLvl1,mechanical recovery processes,Fragmentation,BATT_LIBToMechanical3,ComponentLvl2,cathodeActiveMaterial,BATT_Losses_LIBBlackMass3,ElementLvl1,Fe,0.14747018999999995,,±5%,OBS,2010,1.0,calc,Losses calculated from reference value [Vaccari et al. 2024],https://www.sciencedirect.com/science/article/pii/S0921344924002374,mechanical,OBS
573,1,Breaking and separating,ProcessLvl1,mechanical recovery processes,Fragmentation,BATT_LIBToMechanical3,ComponentLvl2,cathodeActiveMaterial,BATT_Losses_LIBBlackMass3,ElementLvl1,Li,0.14747018999999995,,±5%,OBS,2010,1.0,calc,Losses calculated from reference value [Vaccari et al. 2024],https://www.sciencedirect.com/science/article/pii/S0921344924002374,mechanical,OBS
574,1,Breaking and separating,ProcessLvl1,mechanical recovery processes,Fragmentation,BATT_LIBToMechanical3,ComponentLvl2,cathodeActiveMaterial,BATT_Losses_LIBBlackMass3,ElementLvl1,Mn,0.14747018999999995,,±5%,OBS,2010,1.0,calc,Losses calculated from reference value [Vaccari et al. 2024],https://www.sciencedirect.com/science/article/pii/S0921344924002374,mechanical,OBS
575,1,Breaking and separating,ProcessLvl1,mechanical recovery processes,Fragmentation,BATT_LIBToMechanical3,ComponentLvl2,cathodeActiveMaterial,BATT_Losses_LIBBlackMass3,ElementLvl1,Ni,0.14747018999999995,,±5%,OBS,2010,1.0,calc,Losses calculated from reference value [Vaccari et al. 2024],https://www.sciencedirect.com/science/article/pii/S0921344924002374,mechanical,OBS
576,1,Breaking and separating,ProcessLvl1,mechanical recovery processes,Fragmentation,BATT_LIBToMechanical3,ComponentLvl2,cathodeActiveMaterial,BATT_Losses_LIBBlackMass3,ElementLvl1,O,0.14747018999999995,,±5%,OBS,2010,1.0,calc,Losses calculated from reference value [Vaccari et al. 2024],https://www.sciencedirect.com/science/article/pii/S0921344924002374,mechanical,OBS
577,1,Breaking and separating,ProcessLvl1,mechanical recovery processes,Fragmentation,BATT_LIBToMechanical3,ComponentLvl2,cathodeActiveMaterial,BATT_Losses_LIBBlackMass3,ElementLvl1,P,0.14747018999999995,,±5%,OBS,2010,1.0,calc,Losses calculated from reference value [Vaccari et al. 2024],https://www.sciencedirect.com/science/article/pii/S0921344924002374,mechanical,OBS
578,1,Breaking and separating,ProcessLvl1,mechanical recovery processes,Fragmentation,BATT_LIBToMechanical3,ComponentLvl2,cathodeActiveMaterial,BATT_Losses_LIBBlackMass3,ElementLvl1,S,0.14747018999999995,,±5%,OBS,2010,1.0,calc,Losses calculated from reference value [Vaccari et al. 2024],https://www.sciencedirect.com/science/article/pii/S0921344924002374,mechanical,OBS
579,1,Breaking and separating,ProcessLvl1,mechanical recovery processes,Fragmentation,BATT_LIBToMechanical3,ComponentLvl2,batteryCellCasing2,BATT_Losses_mechRecLIB3,MaterialLvl1,AlAndAlAlloys,0.062238000000000016,,±5%,OBS,2010,1.0,calc,Losses calculated from reference value [Vaccari et al. 2024],https://www.sciencedirect.com/science/article/pii/S0921344924002374,mechanical,OBS
580,1,Breaking and separating,ProcessLvl1,mechanical recovery processes,Fragmentation,BATT_LIBToMechanical3,ComponentLvl2,batteryCellCasing2,BATT_Losses_mechRecLIB3,MaterialLvl1,ferrousMetals1,0.062238000000000016,,±5%,OBS,2010,1.0,calc,Losses calculated from reference value [Vaccari et al. 2024],https://www.sciencedirect.com/science/article/pii/S0921344924002374,mechanical,OBS
581,1,Breaking and separating,ProcessLvl1,mechanical recovery processes,Fragmentation,BATT_LIBToMechanical3,ComponentLvl2,batteryCellCasing2,BATT_Losses_mechRecLIB3,ElementLvl1,Fe,0.062238000000000016,,±5%,OBS,2010,1.0,calc,Losses calculated from reference value [Vaccari et al. 2024],https://www.sciencedirect.com/science/article/pii/S0921344924002374,mechanical,OBS
582,1,Breaking and separating,ProcessLvl1,mechanical recovery processes,Fragmentation,BATT_LIBToMechanical3,ComponentLvl2,currentCollectorCathode,BATT_Losses_mechRecLIB3,ElementLvl1,Al,0.16291551876,,±5%,OBS,2010,1.0,calc,Losses calculated from reference value [Vaccari et al. 2024],https://www.sciencedirect.com/science/article/pii/S0921344924002374,mechanical,OBS
583,1,Breaking and separating,ProcessLvl1,mechanical recovery processes,Fragmentation,BATT_LIBToMechanical3,ComponentLvl2,currentCollectorAnode,BATT_Losses_mechRecLIB3,ElementLvl1,Cu,0.10357333211999997,,±5%,OBS,2010,1.0,calc,Losses calculated from reference value [Vaccari et al. 2024],https://www.sciencedirect.com/science/article/pii/S0921344924002374,mechanical,OBS
584,1,Breaking and separating,ProcessLvl1,mechanical recovery processes,Fragmentation,BATT_LIBToMechanical3,ComponentLvl2,anodeActiveMaterial,BATT_Losses_LIBBlackMass3,MaterialLvl4,graphite4,0.14747018999999995,,±5%,BAU,2025,1.0,calc,Losses calculated from reference value [Vaccari et al. 2024],https://www.sciencedirect.com/science/article/pii/S0921344924002374,mechanical,BAU
585,1,Breaking and separating,ProcessLvl1,mechanical recovery processes,Fragmentation,BATT_LIBToMechanical3,ComponentLvl2,cathodeActiveMaterial,BATT_Losses_LIBBlackMass3,ElementLvl1,Al,0.14747018999999995,,±5%,BAU,2025,1.0,calc,Losses calculated from reference value [Vaccari et al. 2024],https://www.sciencedirect.com/science/article/pii/S0921344924002374,mechanical,BAU
586,1,Breaking and separating,ProcessLvl1,mechanical recovery processes,Fragmentation,BATT_LIBToMechanical3,ComponentLvl2,cathodeActiveMaterial,BATT_Losses_LIBBlackMass3,ElementLvl1,Cl,0.14747018999999995,,±5%,BAU,2025,1.0,calc,Losses calculated from reference value [Vaccari et al. 2024],https://www.sciencedirect.com/science/article/pii/S0921344924002374,mechanical,BAU
587,1,Breaking and separating,ProcessLvl1,mechanical recovery processes,Fragmentation,BATT_LIBToMechanical3,ComponentLvl2,cathodeActiveMaterial,BATT_Losses_LIBBlackMass3,ElementLvl1,Co,0.14747018999999995,,±5%,BAU,2025,1.0,calc,Losses calculated from reference value [Vaccari et al. 2024],https://www.sciencedirect.com/science/article/pii/S0921344924002374,mechanical,BAU
588,1,Breaking and separating,ProcessLvl1,mechanical recovery processes,Fragmentation,BATT_LIBToMechanical3,ComponentLvl2,cathodeActiveMaterial,BATT_Losses_LIBBlackMass3,ElementLvl1,Fe,0.14747018999999995,,±5%,BAU,2025,1.0,calc,Losses calculated from reference value [Vaccari et al. 2024],https://www.sciencedirect.com/science/article/pii/S0921344924002374,mechanical,BAU
589,1,Breaking and separating,ProcessLvl1,mechanical recovery processes,Fragmentation,BATT_LIBToMechanical3,ComponentLvl2,cathodeActiveMaterial,BATT_Losses_LIBBlackMass3,ElementLvl1,Li,0.14747018999999995,,±5%,BAU,2025,1.0,calc,Losses calculated from reference value [Vaccari et al. 2024],https://www.sciencedirect.com/science/article/pii/S0921344924002374,mechanical,BAU
590,1,Breaking and separating,ProcessLvl1,mechanical recovery processes,Fragmentation,BATT_LIBToMechanical3,ComponentLvl2,cathodeActiveMaterial,BATT_Losses_LIBBlackMass3,ElementLvl1,Mn,0.14747018999999995,,±5%,BAU,2025,1.0,calc,Losses calculated from reference value [Vaccari et al. 2024],https://www.sciencedirect.com/science/article/pii/S0921344924002374,mechanical,BAU
591,1,Breaking and separating,ProcessLvl1,mechanical recovery processes,Fragmentation,BATT_LIBToMechanical3,ComponentLvl2,cathodeActiveMaterial,BATT_Losses_LIBBlackMass3,ElementLvl1,Ni,0.14747018999999995,,±5%,BAU,2025,1.0,calc,Losses calculated from reference value [Vaccari et al. 2024],https://www.sciencedirect.com/science/article/pii/S0921344924002374,mechanical,BAU
592,1,Breaking and separating,ProcessLvl1,mechanical recovery processes,Fragmentation,BATT_LIBToMechanical3,ComponentLvl2,cathodeActiveMaterial,BATT_Losses_LIBBlackMass3,ElementLvl1,O,0.14747018999999995,,±5%,BAU,2025,1.0,calc,Losses calculated from reference value [Vaccari et al. 2024],https://www.sciencedirect.com/science/article/pii/S0921344924002374,mechanical,BAU
593,1,Breaking and separating,ProcessLvl1,mechanical recovery processes,Fragmentation,BATT_LIBToMechanical3,ComponentLvl2,cathodeActiveMaterial,BATT_Losses_LIBBlackMass3,ElementLvl1,P,0.14747018999999995,,±5%,BAU,2025,1.0,calc,Losses calculated from reference value [Vaccari et al. 2024],https://www.sciencedirect.com/science/article/pii/S0921344924002374,mechanical,BAU
594,1,Breaking and separating,ProcessLvl1,mechanical recovery processes,Fragmentation,BATT_LIBToMechanical3,ComponentLvl2,cathodeActiveMaterial,BATT_Losses_LIBBlackMass3,ElementLvl1,S,0.14747018999999995,,±5%,BAU,2025,1.0,calc,Losses calculated from reference value [Vaccari et al. 2024],https://www.sciencedirect.com/science/article/pii/S0921344924002374,mechanical,BAU
595,1,Breaking and separating,ProcessLvl1,mechanical recovery processes,Fragmentation,BATT_LIBToMechanical3,ComponentLvl2,batteryCellCasing2,BATT_Losses_mechRecLIB3,MaterialLvl1,AlAndAlAlloys,0.062238000000000016,,±5%,BAU,2025,1.0,calc,Losses calculated from reference value [Vaccari et al. 2024],https://www.sciencedirect.com/science/article/pii/S0921344924002374,mechanical,BAU
596,1,Breaking and separating,ProcessLvl1,mechanical recovery processes,Fragmentation,BATT_LIBToMechanical3,ComponentLvl2,batteryCellCasing2,BATT_Losses_mechRecLIB3,MaterialLvl1,ferrousMetals1,0.062238000000000016,,±5%,BAU,2025,1.0,calc,Losses calculated from reference value [Vaccari et al. 2024],https://www.sciencedirect.com/science/article/pii/S0921344924002374,mechanical,BAU
597,1,Breaking and separating,ProcessLvl1,mechanical recovery processes,Fragmentation,BATT_LIBToMechanical3,ComponentLvl2,batteryCellCasing2,BATT_Losses_mechRecLIB3,ElementLvl1,Fe,0.062238000000000016,,±5%,BAU,2025,1.0,calc,Losses calculated from reference value [Vaccari et al. 2024],https://www.sciencedirect.com/science/article/pii/S0921344924002374,mechanical,BAU
598,1,Breaking and separating,ProcessLvl1,mechanical recovery processes,Fragmentation,BATT_LIBToMechanical3,ComponentLvl2,currentCollectorCathode,BATT_Losses_mechRecLIB3,ElementLvl1,Al,0.16291551876,,±5%,BAU,2025,1.0,calc,Losses calculated from reference value [Vaccari et al. 2024],https://www.sciencedirect.com/science/article/pii/S0921344924002374,mechanical,BAU
599,1,Breaking and separating,ProcessLvl1,mechanical recovery processes,Fragmentation,BATT_LIBToMechanical3,ComponentLvl2,currentCollectorAnode,BATT_Losses_mechRecLIB3,ElementLvl1,Cu,0.10357333211999997,,±5%,BAU,2025,1.0,calc,Losses calculated from reference value [Vaccari et al. 2024],https://www.sciencedirect.com/science/article/pii/S0921344924002374,mechanical,BAU
600,1,Breaking and separating,ProcessLvl1,mechanical recovery processes,Fragmentation,BATT_LIBToMechanical3,ComponentLvl2,anodeActiveMaterial,BATT_Losses_LIBBlackMass3,MaterialLvl4,graphite4,0.09999999999999998,,±20%,BAU,2032,3.5,calc,"Assumption, no reference",,mechanical,BAU
601,1,Breaking and separating,ProcessLvl1,mechanical recovery processes,Fragmentation,BATT_LIBToMechanical3,ComponentLvl2,cathodeActiveMaterial,BATT_Losses_LIBBlackMass3,ElementLvl1,Al,0.09999999999999998,,±20%,BAU,2032,3.5,calc,"Assumption, no reference",,mechanical,BAU
602,1,Breaking and separating,ProcessLvl1,mechanical recovery processes,Fragmentation,BATT_LIBToMechanical3,ComponentLvl2,cathodeActiveMaterial,BATT_Losses_LIBBlackMass3,ElementLvl1,Cl,0.09999999999999998,,±20%,BAU,2032,3.5,calc,"Assumption, no reference",,mechanical,BAU
603,1,Breaking and separating,ProcessLvl1,mechanical recovery processes,Fragmentation,BATT_LIBToMechanical3,ComponentLvl2,cathodeActiveMaterial,BATT_Losses_LIBBlackMass3,ElementLvl1,Co,0.09999999999999998,,±20%,BAU,2032,3.5,calc,"Assumption, no reference",,mechanical,BAU
604,1,Breaking and separating,ProcessLvl1,mechanical recovery processes,Fragmentation,BATT_LIBToMechanical3,ComponentLvl2,cathodeActiveMaterial,BATT_Losses_LIBBlackMass3,ElementLvl1,Fe,0.09999999999999998,,±20%,BAU,2032,3.5,calc,"Assumption, no reference",,mechanical,BAU
605,1,Breaking and separating,ProcessLvl1,mechanical recovery processes,Fragmentation,BATT_LIBToMechanical3,ComponentLvl2,cathodeActiveMaterial,BATT_Losses_LIBBlackMass3,ElementLvl1,Li,0.09999999999999998,,±20%,BAU,2032,3.5,calc,"Assumption, no reference",,mechanical,BAU
606,1,Breaking and separating,ProcessLvl1,mechanical recovery processes,Fragmentation,BATT_LIBToMechanical3,ComponentLvl2,cathodeActiveMaterial,BATT_Losses_LIBBlackMass3,ElementLvl1,Mn,0.09999999999999998,,±20%,BAU,2032,3.5,calc,"Assumption, no reference",,mechanical,BAU
607,1,Breaking and separating,ProcessLvl1,mechanical recovery processes,Fragmentation,BATT_LIBToMechanical3,ComponentLvl2,cathodeActiveMaterial,BATT_Losses_LIBBlackMass3,ElementLvl1,Ni,0.09999999999999998,,±20%,BAU,2032,3.5,calc,"Assumption, no reference",,mechanical,BAU
608,1,Breaking and separating,ProcessLvl1,mechanical recovery processes,Fragmentation,BATT_LIBToMechanical3,ComponentLvl2,cathodeActiveMaterial,BATT_Losses_LIBBlackMass3,ElementLvl1,O,0.09999999999999998,,±20%,BAU,2032,3.5,calc,"Assumption, no reference",,mechanical,BAU
609,1,Breaking and separating,ProcessLvl1,mechanical recovery processes,Fragmentation,BATT_LIBToMechanical3,ComponentLvl2,cathodeActiveMaterial,BATT_Losses_LIBBlackMass3,ElementLvl1,P,0.09999999999999998,,±20%,BAU,2032,3.5,calc,"Assumption, no reference",,mechanical,BAU
610,1,Breaking and separating,ProcessLvl1,mechanical recovery processes,Fragmentation,BATT_LIBToMechanical3,ComponentLvl2,cathodeActiveMaterial,BATT_Losses_LIBBlackMass3,ElementLvl1,S,0.09999999999999998,,±20%,BAU,2032,3.5,calc,"Assumption, no reference",,mechanical,BAU
611,1,Breaking and separating,ProcessLvl1,mechanical recovery processes,Fragmentation,BATT_LIBToMechanical3,ComponentLvl2,batteryCellCasing2,BATT_Losses_mechRecLIB3,MaterialLvl1,AlAndAlAlloys,0.062238000000000016,,±10%,BAU,2032,2.0,calc,Losses calculated from reference value [Vaccari et al. 2024],https://www.sciencedirect.com/science/article/pii/S0921344924002374,mechanical,BAU
612,1,Breaking and separating,ProcessLvl1,mechanical recovery processes,Fragmentation,BATT_LIBToMechanical3,ComponentLvl2,batteryCellCasing2,BATT_Losses_mechRecLIB3,MaterialLvl1,ferrousMetals1,0.062238000000000016,,±10%,BAU,2032,2.0,calc,Losses calculated from reference value [Vaccari et al. 2024],https://www.sciencedirect.com/science/article/pii/S0921344924002374,mechanical,BAU
613,1,Breaking and separating,ProcessLvl1,mechanical recovery processes,Fragmentation,BATT_LIBToMechanical3,ComponentLvl2,batteryCellCasing2,BATT_Losses_mechRecLIB3,ElementLvl1,Fe,0.062238000000000016,,±10%,BAU,2032,2.0,calc,Losses calculated from reference value [Vaccari et al. 2024],https://www.sciencedirect.com/science/article/pii/S0921344924002374,mechanical,BAU
614,1,Breaking and separating,ProcessLvl1,mechanical recovery processes,Fragmentation,BATT_LIBToMechanical3,ComponentLvl2,currentCollectorCathode,BATT_Losses_mechRecLIB3,ElementLvl1,Al,0.16291551876,,±10%,BAU,2032,2.0,calc,Losses calculated from reference value [Vaccari et al. 2024],https://www.sciencedirect.com/science/article/pii/S0921344924002374,mechanical,BAU
615,1,Breaking and separating,ProcessLvl1,mechanical recovery processes,Fragmentation,BATT_LIBToMechanical3,ComponentLvl2,currentCollectorAnode,BATT_Losses_mechRecLIB3,ElementLvl1,Cu,0.09999999999999998,,±10%,BAU,2032,2.0,calc,Losses calculated from reference value [Vaccari et al. 2024],https://www.sciencedirect.com/science/article/pii/S0921344924002374,mechanical,BAU
616,1,Breaking and separating,ProcessLvl1,mechanical recovery processes,Fragmentation,BATT_LIBToMechanical3,ComponentLvl2,anodeActiveMaterial,BATT_Losses_LIBBlackMass3,MaterialLvl4,graphite4,0.050000000000000044,,±20%,BAU,2050,4.0,calc,"Assumption, no reference",,mechanical,BAU
617,1,Breaking and separating,ProcessLvl1,mechanical recovery processes,Fragmentation,BATT_LIBToMechanical3,ComponentLvl2,cathodeActiveMaterial,BATT_Losses_LIBBlackMass3,ElementLvl1,Al,0.050000000000000044,,±20%,BAU,2050,4.0,calc,"Assumption, no reference",,mechanical,BAU
618,1,Breaking and separating,ProcessLvl1,mechanical recovery processes,Fragmentation,BATT_LIBToMechanical3,ComponentLvl2,cathodeActiveMaterial,BATT_Losses_LIBBlackMass3,ElementLvl1,Cl,0.050000000000000044,,±20%,BAU,2050,4.0,calc,"Assumption, no reference",,mechanical,BAU
619,1,Breaking and separating,ProcessLvl1,mechanical recovery processes,Fragmentation,BATT_LIBToMechanical3,ComponentLvl2,cathodeActiveMaterial,BATT_Losses_LIBBlackMass3,ElementLvl1,Co,0.050000000000000044,,±20%,BAU,2050,4.0,calc,"Assumption, no reference",,mechanical,BAU
620,1,Breaking and separating,ProcessLvl1,mechanical recovery processes,Fragmentation,BATT_LIBToMechanical3,ComponentLvl2,cathodeActiveMaterial,BATT_Losses_LIBBlackMass3,ElementLvl1,Fe,0.050000000000000044,,±20%,BAU,2050,4.0,calc,"Assumption, no reference",,mechanical,BAU
621,1,Breaking and separating,ProcessLvl1,mechanical recovery processes,Fragmentation,BATT_LIBToMechanical3,ComponentLvl2,cathodeActiveMaterial,BATT_Losses_LIBBlackMass3,ElementLvl1,Li,0.050000000000000044,,±20%,BAU,2050,4.0,calc,"Assumption, no reference",,mechanical,BAU
622,1,Breaking and separating,ProcessLvl1,mechanical recovery processes,Fragmentation,BATT_LIBToMechanical3,ComponentLvl2,cathodeActiveMaterial,BATT_Losses_LIBBlackMass3,ElementLvl1,Mn,0.050000000000000044,,±20%,BAU,2050,4.0,calc,"Assumption, no reference",,mechanical,BAU
623,1,Breaking and separating,ProcessLvl1,mechanical recovery processes,Fragmentation,BATT_LIBToMechanical3,ComponentLvl2,cathodeActiveMaterial,BATT_Losses_LIBBlackMass3,ElementLvl1,Ni,0.050000000000000044,,±20%,BAU,2050,4.0,calc,"Assumption, no reference",,mechanical,BAU
624,1,Breaking and separating,ProcessLvl1,mechanical recovery processes,Fragmentation,BATT_LIBToMechanical3,ComponentLvl2,cathodeActiveMaterial,BATT_Losses_LIBBlackMass3,ElementLvl1,O,0.050000000000000044,,±20%,BAU,2050,4.0,calc,"Assumption, no reference",,mechanical,BAU
625,1,Breaking and separating,ProcessLvl1,mechanical recovery processes,Fragmentation,BATT_LIBToMechanical3,ComponentLvl2,cathodeActiveMaterial,BATT_Losses_LIBBlackMass3,ElementLvl1,P,0.050000000000000044,,±20%,BAU,2050,4.0,calc,"Assumption, no reference",,mechanical,BAU
626,1,Breaking and separating,ProcessLvl1,mechanical recovery processes,Fragmentation,BATT_LIBToMechanical3,ComponentLvl2,cathodeActiveMaterial,BATT_Losses_LIBBlackMass3,ElementLvl1,S,0.050000000000000044,,±20%,BAU,2050,4.0,calc,"Assumption, no reference",,mechanical,BAU
627,1,Breaking and separating,ProcessLvl1,mechanical recovery processes,Fragmentation,BATT_LIBToMechanical3,ComponentLvl2,batteryCellCasing2,BATT_Losses_mechRecLIB3,MaterialLvl1,AlAndAlAlloys,0.062238000000000016,,±15%,BAU,2050,2.5,calc,Losses calculated from reference value [Vaccari et al. 2024],https://www.sciencedirect.com/science/article/pii/S0921344924002374,mechanical,BAU
628,1,Breaking and separating,ProcessLvl1,mechanical recovery processes,Fragmentation,BATT_LIBToMechanical3,ComponentLvl2,batteryCellCasing2,BATT_Losses_mechRecLIB3,MaterialLvl1,ferrousMetals1,0.062238000000000016,,±15%,BAU,2050,2.5,calc,Losses calculated from reference value [Vaccari et al. 2024],https://www.sciencedirect.com/science/article/pii/S0921344924002374,mechanical,BAU
629,1,Breaking and separating,ProcessLvl1,mechanical recovery processes,Fragmentation,BATT_LIBToMechanical3,ComponentLvl2,batteryCellCasing2,BATT_Losses_mechRecLIB3,ElementLvl1,Fe,0.062238000000000016,,±15%,BAU,2050,2.5,calc,Losses calculated from reference value [Vaccari et al. 2024],https://www.sciencedirect.com/science/article/pii/S0921344924002374,mechanical,BAU
630,1,Breaking and separating,ProcessLvl1,mechanical recovery processes,Fragmentation,BATT_LIBToMechanical3,ComponentLvl2,currentCollectorCathode,BATT_Losses_mechRecLIB3,ElementLvl1,Al,0.16291551876,,±15%,BAU,2050,2.5,calc,Losses calculated from reference value [Vaccari et al. 2024],https://www.sciencedirect.com/science/article/pii/S0921344924002374,mechanical,BAU
631,1,Breaking and separating,ProcessLvl1,mechanical recovery processes,Fragmentation,BATT_LIBToMechanical3,ComponentLvl2,currentCollectorAnode,BATT_Losses_mechRecLIB3,ElementLvl1,Cu,0.09999999999999998,,±15%,BAU,2050,2.5,calc,Losses calculated from reference value [Vaccari et al. 2024],https://www.sciencedirect.com/science/article/pii/S0921344924002374,mechanical,BAU
632,1,Pyrolisis,ProcessLvl2,pyrolysis,Transformation,BATT_LIBToPyrolysis4,ComponentLvl2,anodeActiveMaterial,BATT_LIBToMechanical4,ElementLvl1,C,1.0,,±15%,OBS,2010,2.5,est,"Assumption, no reference",,thermal,OBS
633,1,Pyrolisis,ProcessLvl2,pyrolysis,Transformation,BATT_LIBToPyrolysis4,ComponentLvl2,cathodeActiveMaterial,BATT_LIBToMechanical4,ElementLvl1,Al,1.0,,±15%,OBS,2010,2.5,est,"Assumption, no reference",,thermal,OBS
634,1,Pyrolisis,ProcessLvl2,pyrolysis,Transformation,BATT_LIBToPyrolysis4,ComponentLvl2,cathodeActiveMaterial,BATT_LIBToMechanical4,ElementLvl1,Cl,1.0,,±15%,OBS,2010,2.5,est,"Assumption, no reference",,thermal,OBS
635,1,Pyrolisis,ProcessLvl2,pyrolysis,Transformation,BATT_LIBToPyrolysis4,ComponentLvl2,cathodeActiveMaterial,BATT_LIBToMechanical4,ElementLvl1,Co,1.0,,±15%,OBS,2010,2.5,est,"Assumption, no reference",,thermal,OBS
636,1,Pyrolisis,ProcessLvl2,pyrolysis,Transformation,BATT_LIBToPyrolysis4,ComponentLvl2,cathodeActiveMaterial,BATT_LIBToMechanical4,ElementLvl1,Fe,1.0,,±15%,OBS,2010,2.5,est,"Assumption, no reference",,thermal,OBS
637,1,Pyrolisis,ProcessLvl2,pyrolysis,Transformation,BATT_LIBToPyrolysis4,ComponentLvl2,cathodeActiveMaterial,BATT_LIBToMechanical4,ElementLvl1,Li,1.0,,±15%,OBS,2010,2.5,est,"Assumption, no reference",,thermal,OBS
638,1,Pyrolisis,ProcessLvl2,pyrolysis,Transformation,BATT_LIBToPyrolysis4,ComponentLvl2,cathodeActiveMaterial,BATT_LIBToMechanical4,ElementLvl1,Mn,1.0,,±15%,OBS,2010,2.5,est,"Assumption, no reference",,thermal,OBS
639,1,Pyrolisis,ProcessLvl2,pyrolysis,Transformation,BATT_LIBToPyrolysis4,ComponentLvl2,cathodeActiveMaterial,BATT_LIBToMechanical4,ElementLvl1,Ni,1.0,,±15%,OBS,2010,2.5,est,"Assumption, no reference",,thermal,OBS
640,1,Pyrolisis,ProcessLvl2,pyrolysis,Transformation,BATT_LIBToPyrolysis4,ComponentLvl2,cathodeActiveMaterial,BATT_LIBToMechanical4,ElementLvl1,O,1.0,,±15%,OBS,2010,2.5,est,"Assumption, no reference",,thermal,OBS
641,1,Pyrolisis,ProcessLvl2,pyrolysis,Transformation,BATT_LIBToPyrolysis4,ComponentLvl2,cathodeActiveMaterial,BATT_LIBToMechanical4,ElementLvl1,P,1.0,,±15%,OBS,2010,2.5,est,"Assumption, no reference",,thermal,OBS
642,1,Pyrolisis,ProcessLvl2,pyrolysis,Transformation,BATT_LIBToPyrolysis4,ComponentLvl2,cathodeActiveMaterial,BATT_LIBToMechanical4,ElementLvl1,S,1.0,,±15%,OBS,2010,2.5,est,"Assumption, no reference",,thermal,OBS
643,1,Pyrolisis,ProcessLvl2,pyrolysis,Transformation,BATT_LIBToPyrolysis4,ComponentLvl2,anodeActiveMaterial,BATT_LIBToMechanical4,ElementLvl1,Si,1.0,,±15%,OBS,2010,2.5,est,"Assumption, no reference",,thermal,OBS
644,1,Pyrolisis,ProcessLvl2,pyrolysis,Transformation,BATT_LIBToPyrolysis4,ComponentLvl2,anodeActiveMaterial,BATT_LIBToMechanical4,ElementLvl1,Li,1.0,,±15%,OBS,2010,2.5,est,"Assumption, no reference",,thermal,OBS
645,1,Pyrolisis,ProcessLvl2,pyrolysis,Transformation,BATT_LIBToPyrolysis4,ComponentLvl2,batteryCellCasing2,BATT_LIBToMechanical4,MaterialLvl1,AlAndAlAlloys,1.0,,±15%,OBS,2010,2.5,est,"Assumption, no reference",,thermal,OBS
646,1,Pyrolisis,ProcessLvl2,pyrolysis,Transformation,BATT_LIBToPyrolysis4,ComponentLvl2,batteryCellCasing2,BATT_LIBToMechanical4,MaterialLvl1,ferrousMetals1,1.0,,±15%,OBS,2010,2.5,est,"Assumption, no reference",,thermal,OBS
647,1,Pyrolisis,ProcessLvl2,pyrolysis,Transformation,BATT_LIBToPyrolysis4,ComponentLvl2,batteryCellCasing2,BATT_LIBToMechanical4,ElementLvl1,Fe,1.0,,±15%,OBS,2010,2.5,est,"Assumption, no reference",,thermal,OBS
648,1,Pyrolisis,ProcessLvl2,pyrolysis,Transformation,BATT_LIBToPyrolysis4,ComponentLvl2,currentCollectorCathode,BATT_LIBToMechanical4,ElementLvl1,Al,1.0,,±15%,OBS,2010,2.5,est,"Assumption, no reference",,thermal,OBS
649,1,Pyrolisis,ProcessLvl2,pyrolysis,Transformation,BATT_LIBToPyrolysis4,ComponentLvl2,currentCollectorAnode,BATT_LIBToMechanical4,ElementLvl1,Cu,1.0,,±15%,OBS,2010,2.5,est,"Assumption, no reference",,thermal,OBS
650,2,Breaking and separating,ProcessLvl1,mechanical recovery processes,Fragmentation,BATT_LIBToMechanical4,ComponentLvl2,anodeActiveMaterial,BATT_LIBBlackMassToPyro4,ElementLvl1,C,0.85252981,,±5%,OBS,2010,1.0,calc,"[Vaccari et al., 2024]",https://www.sciencedirect.com/science/article/pii/S0921344924002374,mechanical,OBS
651,2,Breaking and separating,ProcessLvl1,mechanical recovery processes,Fragmentation,BATT_LIBToMechanical4,ComponentLvl2,cathodeActiveMaterial,BATT_LIBBlackMassToPyro4,ElementLvl1,Al,0.85252981,,±5%,OBS,2010,1.0,calc,"[Vaccari et al., 2024]",https://www.sciencedirect.com/science/article/pii/S0921344924002374,mechanical,OBS
652,2,Breaking and separating,ProcessLvl1,mechanical recovery processes,Fragmentation,BATT_LIBToMechanical4,ComponentLvl2,cathodeActiveMaterial,BATT_LIBBlackMassToPyro4,ElementLvl1,Cl,0.85252981,,±5%,OBS,2010,1.0,calc,"[Vaccari et al., 2024]",https://www.sciencedirect.com/science/article/pii/S0921344924002374,mechanical,OBS
653,2,Breaking and separating,ProcessLvl1,mechanical recovery processes,Fragmentation,BATT_LIBToMechanical4,ComponentLvl2,cathodeActiveMaterial,BATT_LIBBlackMassToPyro4,ElementLvl1,Co,0.85252981,,±5%,OBS,2010,1.0,calc,"[Vaccari et al., 2024]",https://www.sciencedirect.com/science/article/pii/S0921344924002374,mechanical,OBS
654,2,Breaking and separating,ProcessLvl1,mechanical recovery processes,Fragmentation,BATT_LIBToMechanical4,ComponentLvl2,cathodeActiveMaterial,BATT_LIBBlackMassToPyro4,ElementLvl1,Fe,0.85252981,,±5%,OBS,2010,1.0,calc,"[Vaccari et al., 2024]",https://www.sciencedirect.com/science/article/pii/S0921344924002374,mechanical,OBS
655,2,Breaking and separating,ProcessLvl1,mechanical recovery processes,Fragmentation,BATT_LIBToMechanical4,ComponentLvl2,cathodeActiveMaterial,BATT_LIBBlackMassToPyro4,ElementLvl1,Li,0.85252981,,±5%,OBS,2010,1.0,calc,"[Vaccari et al., 2024]",https://www.sciencedirect.com/science/article/pii/S0921344924002374,mechanical,OBS
656,2,Breaking and separating,ProcessLvl1,mechanical recovery processes,Fragmentation,BATT_LIBToMechanical4,ComponentLvl2,cathodeActiveMaterial,BATT_LIBBlackMassToPyro4,ElementLvl1,Mn,0.85252981,,±5%,OBS,2010,1.0,calc,"[Vaccari et al., 2024]",https://www.sciencedirect.com/science/article/pii/S0921344924002374,mechanical,OBS
657,2,Breaking and separating,ProcessLvl1,mechanical recovery processes,Fragmentation,BATT_LIBToMechanical4,ComponentLvl2,cathodeActiveMaterial,BATT_LIBBlackMassToPyro4,ElementLvl1,Ni,0.85252981,,±5%,OBS,2010,1.0,calc,"[Vaccari et al., 2024]",https://www.sciencedirect.com/science/article/pii/S0921344924002374,mechanical,OBS
658,2,Breaking and separating,ProcessLvl1,mechanical recovery processes,Fragmentation,BATT_LIBToMechanical4,ComponentLvl2,cathodeActiveMaterial,BATT_LIBBlackMassToPyro4,ElementLvl1,O,0.85252981,,±5%,OBS,2010,1.0,calc,"[Vaccari et al., 2024]",https://www.sciencedirect.com/science/article/pii/S0921344924002374,mechanical,OBS
659,2,Breaking and separating,ProcessLvl1,mechanical recovery processes,Fragmentation,BATT_LIBToMechanical4,ComponentLvl2,cathodeActiveMaterial,BATT_LIBBlackMassToPyro4,ElementLvl1,P,0.85252981,,±5%,OBS,2010,1.0,calc,"[Vaccari et al., 2024]",https://www.sciencedirect.com/science/article/pii/S0921344924002374,mechanical,OBS
660,2,Breaking and separating,ProcessLvl1,mechanical recovery processes,Fragmentation,BATT_LIBToMechanical4,ComponentLvl2,cathodeActiveMaterial,BATT_LIBBlackMassToPyro4,ElementLvl1,S,0.85252981,,±5%,OBS,2010,1.0,calc,"[Vaccari et al., 2024]",https://www.sciencedirect.com/science/article/pii/S0921344924002374,mechanical,OBS
661,2,Breaking and separating,ProcessLvl1,mechanical recovery processes,Fragmentation,BATT_LIBToMechanical4,ComponentLvl2,batteryCellCasing2,BATT_2RM_mechRecLIB4,MaterialLvl1,AlAndAlAlloys,0.937762,,±5%,OBS,2010,1.0,calc,"[Vaccari et al., 2024]",https://www.sciencedirect.com/science/article/pii/S0921344924002374,mechanical,OBS
662,2,Breaking and separating,ProcessLvl1,mechanical recovery processes,Fragmentation,BATT_LIBToMechanical4,ComponentLvl2,batteryCellCasing2,BATT_2RM_mechRecLIB4,MaterialLvl1,ferrousMetals1,0.937762,,±5%,OBS,2010,1.0,calc,"[Vaccari et al., 2024]",https://www.sciencedirect.com/science/article/pii/S0921344924002374,mechanical,OBS
663,2,Breaking and separating,ProcessLvl1,mechanical recovery processes,Fragmentation,BATT_LIBToMechanical4,ComponentLvl2,batteryCellCasing2,BATT_2RM_mechRecLIB4,ElementLvl1,Fe,0.937762,,±5%,OBS,2010,1.0,calc,"[Vaccari et al., 2024]",https://www.sciencedirect.com/science/article/pii/S0921344924002374,mechanical,OBS
664,2,Breaking and separating,ProcessLvl1,mechanical recovery processes,Fragmentation,BATT_LIBToMechanical4,ComponentLvl2,currentCollectorCathode,BATT_2RM_mechRecLIB4,ElementLvl1,Al,0.83708448124,,±5%,OBS,2010,1.0,calc,"[Vaccari et al., 2024]",https://www.sciencedirect.com/science/article/pii/S0921344924002374,mechanical,OBS
665,2,Breaking and separating,ProcessLvl1,mechanical recovery processes,Fragmentation,BATT_LIBToMechanical4,ComponentLvl2,currentCollectorAnode,BATT_2RM_mechRecLIB4,ElementLvl1,Cu,0.89642666788,,±5%,OBS,2010,1.0,calc,"[Vaccari et al., 2024]",https://www.sciencedirect.com/science/article/pii/S0921344924002374,mechanical,OBS
666,3,Thermal recovery processes,ProcessLvl3,pyrometallurgy batteries ,Transformation,BATT_LIBBlackMassToPyro4,,,BATT_LIBSlagToHydro4,ElementLvl1,Li,1.0,,±5%,OBS,2010,1.0,calc,"[Hämmer and Wambach, 2024]",https://www.mdpi.com/2071-1050/16/19/8726,thermal,OBS
667,3,Thermal recovery processes,ProcessLvl3,pyrometallurgy batteries ,Transformation,BATT_LIBBlackMassToPyro4,,,BATT_LIBSlagToHydro4,ElementLvl1,Al,1.0,,±5%,OBS,2010,1.0,calc,"[Hämmer and Wambach, 2024]",https://www.mdpi.com/2071-1050/16/19/8726,thermal,OBS
668,3,Thermal recovery processes,ProcessLvl3,pyrometallurgy batteries ,Transformation,BATT_LIBBlackMassToPyro4,,,BATT_LIBSlagToHydro4,ElementLvl1,Mn,1.0,,±5%,OBS,2010,1.0,calc,"[Hämmer and Wambach, 2024]",https://www.mdpi.com/2071-1050/16/19/8726,thermal,OBS
669,3,Thermal recovery processes,ProcessLvl3,pyrometallurgy batteries ,Transformation,BATT_LIBBlackMassToPyro4,,,BATT_LIBSlagToHydro4,ElementLvl1,P,1.0,,±5%,OBS,2010,1.0,calc,"[Hämmer and Wambach, 2024]",https://www.mdpi.com/2071-1050/16/19/8726,thermal,OBS
670,3,Thermal recovery processes,ProcessLvl3,pyrometallurgy batteries ,Transformation,BATT_LIBBlackMassToPyro4,,,BATT_LIBSlagToHydro4,ElementLvl1,Ni,0.01,,±5%,OBS,2010,1.0,calc,"[Hämmer and Wambach, 2024]",https://www.mdpi.com/2071-1050/16/19/8726,thermal,OBS
671,3,Thermal recovery processes,ProcessLvl3,pyrometallurgy batteries ,Transformation,BATT_LIBBlackMassToPyro4,,,BATT_LIBSlagToHydro4,ElementLvl1,Fe,0.355,,±5%,OBS,2010,1.0,calc,"[Hämmer and Wambach, 2024]",https://www.mdpi.com/2071-1050/16/19/8726,thermal,OBS
672,3,Thermal recovery processes,ProcessLvl3,pyrometallurgy batteries ,Transformation,BATT_LIBBlackMassToPyro4,,,BATT_LIBSlagToHydro4,ElementLvl1,Co,0.06,,±5%,OBS,2010,1.0,calc,"[Hämmer and Wambach, 2024]",https://www.mdpi.com/2071-1050/16/19/8726,thermal,OBS
673,3,Thermal recovery processes,ProcessLvl3,pyrometallurgy batteries ,Transformation,BATT_LIBBlackMassToPyro4,,,BATT_LIBAlloyToHydro4,ElementLvl1,Ni,0.99,,±5%,OBS,2010,1.0,calc,"[Hämmer and Wambach, 2024]",https://www.mdpi.com/2071-1050/16/19/8734,thermal,OBS
674,3,Thermal recovery processes,ProcessLvl3,pyrometallurgy batteries ,Transformation,BATT_LIBBlackMassToPyro4,,,BATT_LIBAlloyToHydro4,ElementLvl1,Fe,0.645,,±5%,OBS,2010,1.0,calc,"[Hämmer and Wambach, 2024]",https://www.mdpi.com/2071-1050/16/19/8726,thermal,OBS
675,3,Thermal recovery processes,ProcessLvl3,pyrometallurgy batteries ,Transformation,BATT_LIBBlackMassToPyro4,,,BATT_LIBAlloyToHydro4,ElementLvl1,Co,0.94,,±5%,OBS,2010,1.0,calc,"[Hämmer and Wambach, 2024]",https://www.mdpi.com/2071-1050/16/19/8736,thermal,OBS
676,4,Hydrometallurgy (Leaching/SolventExtraction/Priciptation&Crystallization),ProcessLvl3,hydrometallurgy batteries,Transformation,BATT_LIBSlagToHydro4,,,BATT_slagsAndSludgesLIB4,ElementLvl1,Li,1.0,,±15%,OBS,2010,2.5,est,"Assumption, no reference",,hydro,OBS
677,4,Hydrometallurgy (Leaching/SolventExtraction/Priciptation&Crystallization),ProcessLvl3,hydrometallurgy batteries,Transformation,BATT_LIBSlagToHydro4,,,BATT_slagsAndSludgesLIB4,ElementLvl1,Al,1.0,,±15%,OBS,2010,2.5,est,"Assumption, no reference",,hydro,OBS
678,4,Hydrometallurgy (Leaching/SolventExtraction/Priciptation&Crystallization),ProcessLvl3,hydrometallurgy batteries,Transformation,BATT_LIBSlagToHydro4,,,BATT_slagsAndSludgesLIB4,ElementLvl1,Mn,1.0,,±15%,OBS,2010,2.5,est,"Assumption, no reference",,hydro,OBS
679,4,Hydrometallurgy (Leaching/SolventExtraction/Priciptation&Crystallization),ProcessLvl3,hydrometallurgy batteries,Transformation,BATT_LIBSlagToHydro4,,,BATT_slagsAndSludgesLIB4,ElementLvl1,P,1.0,,±15%,OBS,2010,2.5,est,"Assumption, no reference",,hydro,OBS
680,4,Hydrometallurgy (Leaching/SolventExtraction/Priciptation&Crystallization),ProcessLvl3,hydrometallurgy batteries,Transformation,BATT_LIBSlagToHydro4,,,BATT_slagsAndSludgesLIB4,ElementLvl1,Ni,1.0,,±15%,OBS,2010,2.5,est,"Assumption, no reference",,hydro,OBS
681,4,Hydrometallurgy (Leaching/SolventExtraction/Priciptation&Crystallization),ProcessLvl3,hydrometallurgy batteries,Transformation,BATT_LIBSlagToHydro4,,,BATT_slagsAndSludgesLIB4,ElementLvl1,Fe,1.0,,±15%,OBS,2010,2.5,est,"Assumption, no reference",,hydro,OBS
682,4,Hydrometallurgy (Leaching/SolventExtraction/Priciptation&Crystallization),ProcessLvl3,hydrometallurgy batteries,Transformation,BATT_LIBSlagToHydro4,,,BATT_slagsAndSludgesLIB4,ElementLvl1,Co,1.0,,±15%,OBS,2010,2.5,est,"Assumption, no reference",,hydro,OBS
683,4,Hydrometallurgy (Leaching/SolventExtraction/Priciptation&Crystallization),ProcessLvl3,hydrometallurgy batteries,Transformation,BATT_LIBSlagToHydro4,,,BATT_2RM_chemRecSlagsAndSludges4,ElementLvl1,Li,0.0,,±15%,OBS,2010,2.5,est,"Assumption, no reference",,hydro,OBS
684,4,Hydrometallurgy (Leaching/SolventExtraction/Priciptation&Crystallization),ProcessLvl3,hydrometallurgy batteries,Transformation,BATT_LIBAlloyToHydro4,,,BATT_2RM_chemRecLIB4,ElementLvl1,Co,0.79416,,±5%,OBS,2010,1.0,calc,"[Hämmer and Wambach, 2024]",https://www.mdpi.com/2071-1050/16/19/8726 and https://www.sciencedirect.com/science/article/pii/S1383586622021153?via%3Dihub,hydro,OBS
685,4,Hydrometallurgy (Leaching/SolventExtraction/Priciptation&Crystallization),ProcessLvl3,hydrometallurgy batteries,Transformation,BATT_LIBAlloyToHydro4,,,BATT_2RM_chemRecLIB4,ElementLvl1,Ni,0.91218,,±5%,OBS,2010,1.0,calc,"[Hämmer and Wambach, 2024]",https://www.mdpi.com/2071-1050/16/19/8726 and https://www.sciencedirect.com/science/article/pii/S1383586622021153?via%3Dihub,hydro,OBS
686,1,Pyrolisis,ProcessLvl2,pyrolysis,Transformation,BATT_LIBToPyrolysis4,ComponentLvl2,anodeActiveMaterial,BATT_LIBToMechanical4,ElementLvl1,C,1.0,,±15%,BAU,2025,2.5,est,"Assumption, no reference",,thermal,BAU
687,1,Pyrolisis,ProcessLvl2,pyrolysis,Transformation,BATT_LIBToPyrolysis4,ComponentLvl2,cathodeActiveMaterial,BATT_LIBToMechanical4,ElementLvl1,Al,1.0,,±15%,BAU,2025,2.5,est,"Assumption, no reference",,thermal,BAU
688,1,Pyrolisis,ProcessLvl2,pyrolysis,Transformation,BATT_LIBToPyrolysis4,ComponentLvl2,cathodeActiveMaterial,BATT_LIBToMechanical4,ElementLvl1,Cl,1.0,,±15%,BAU,2025,2.5,est,"Assumption, no reference",,thermal,BAU
689,1,Pyrolisis,ProcessLvl2,pyrolysis,Transformation,BATT_LIBToPyrolysis4,ComponentLvl2,cathodeActiveMaterial,BATT_LIBToMechanical4,ElementLvl1,Co,1.0,,±15%,BAU,2025,2.5,est,"Assumption, no reference",,thermal,BAU
690,1,Pyrolisis,ProcessLvl2,pyrolysis,Transformation,BATT_LIBToPyrolysis4,ComponentLvl2,cathodeActiveMaterial,BATT_LIBToMechanical4,ElementLvl1,Fe,1.0,,±15%,BAU,2025,2.5,est,"Assumption, no reference",,thermal,BAU
691,1,Pyrolisis,ProcessLvl2,pyrolysis,Transformation,BATT_LIBToPyrolysis4,ComponentLvl2,cathodeActiveMaterial,BATT_LIBToMechanical4,ElementLvl1,Li,1.0,,±15%,BAU,2025,2.5,est,"Assumption, no reference",,thermal,BAU
692,1,Pyrolisis,ProcessLvl2,pyrolysis,Transformation,BATT_LIBToPyrolysis4,ComponentLvl2,cathodeActiveMaterial,BATT_LIBToMechanical4,ElementLvl1,Mn,1.0,,±15%,BAU,2025,2.5,est,"Assumption, no reference",,thermal,BAU
693,1,Pyrolisis,ProcessLvl2,pyrolysis,Transformation,BATT_LIBToPyrolysis4,ComponentLvl2,cathodeActiveMaterial,BATT_LIBToMechanical4,ElementLvl1,Ni,1.0,,±15%,BAU,2025,2.5,est,"Assumption, no reference",,thermal,BAU
694,1,Pyrolisis,ProcessLvl2,pyrolysis,Transformation,BATT_LIBToPyrolysis4,ComponentLvl2,cathodeActiveMaterial,BATT_LIBToMechanical4,ElementLvl1,O,1.0,,±15%,BAU,2025,2.5,est,"Assumption, no reference",,thermal,BAU
695,1,Pyrolisis,ProcessLvl2,pyrolysis,Transformation,BATT_LIBToPyrolysis4,ComponentLvl2,cathodeActiveMaterial,BATT_LIBToMechanical4,ElementLvl1,P,1.0,,±15%,BAU,2025,2.5,est,"Assumption, no reference",,thermal,BAU
696,1,Pyrolisis,ProcessLvl2,pyrolysis,Transformation,BATT_LIBToPyrolysis4,ComponentLvl2,cathodeActiveMaterial,BATT_LIBToMechanical4,ElementLvl1,S,1.0,,±15%,BAU,2025,2.5,est,"Assumption, no reference",,thermal,BAU
697,1,Pyrolisis,ProcessLvl2,pyrolysis,Transformation,BATT_LIBToPyrolysis4,ComponentLvl2,anodeActiveMaterial,BATT_LIBToMechanical4,ElementLvl1,Si,1.0,,±15%,BAU,2025,2.5,est,"Assumption, no reference",,thermal,BAU
698,1,Pyrolisis,ProcessLvl2,pyrolysis,Transformation,BATT_LIBToPyrolysis4,ComponentLvl2,anodeActiveMaterial,BATT_LIBToMechanical4,ElementLvl1,Li,1.0,,±15%,BAU,2025,2.5,est,"Assumption, no reference",,thermal,BAU
699,1,Pyrolisis,ProcessLvl2,pyrolysis,Transformation,BATT_LIBToPyrolysis4,ComponentLvl2,batteryCellCasing2,BATT_LIBToMechanical4,MaterialLvl1,AlAndAlAlloys,1.0,,±15%,BAU,2025,2.5,est,"Assumption, no reference",,thermal,BAU
700,1,Pyrolisis,ProcessLvl2,pyrolysis,Transformation,BATT_LIBToPyrolysis4,ComponentLvl2,batteryCellCasing2,BATT_LIBToMechanical4,MaterialLvl1,ferrousMetals1,1.0,,±15%,BAU,2025,2.5,est,"Assumption, no reference",,thermal,BAU
701,1,Pyrolisis,ProcessLvl2,pyrolysis,Transformation,BATT_LIBToPyrolysis4,ComponentLvl2,batteryCellCasing2,BATT_LIBToMechanical4,ElementLvl1,Fe,1.0,,±15%,BAU,2025,2.5,est,"Assumption, no reference",,thermal,BAU
702,1,Pyrolisis,ProcessLvl2,pyrolysis,Transformation,BATT_LIBToPyrolysis4,ComponentLvl2,currentCollectorCathode,BATT_LIBToMechanical4,ElementLvl1,Al,1.0,,±15%,BAU,2025,2.5,est,"Assumption, no reference",,thermal,BAU
703,1,Pyrolisis,ProcessLvl2,pyrolysis,Transformation,BATT_LIBToPyrolysis4,ComponentLvl2,currentCollectorAnode,BATT_LIBToMechanical4,ElementLvl1,Cu,1.0,,±15%,BAU,2025,2.5,est,"Assumption, no reference",,thermal,BAU
704,2,Breaking and separating,ProcessLvl1,mechanical recovery processes,Fragmentation,BATT_LIBToMechanical4,ComponentLvl2,anodeActiveMaterial,BATT_LIBBlackMassToPyro4,ElementLvl1,C,0.85252981,,±5%,BAU,2025,1.0,calc,"[Vaccari et al., 2024]",https://www.sciencedirect.com/science/article/pii/S0921344924002374,mechanical,BAU
705,2,Breaking and separating,ProcessLvl1,mechanical recovery processes,Fragmentation,BATT_LIBToMechanical4,ComponentLvl2,cathodeActiveMaterial,BATT_LIBBlackMassToPyro4,ElementLvl1,Al,0.85252981,,±5%,BAU,2025,1.0,calc,"[Vaccari et al., 2024]",https://www.sciencedirect.com/science/article/pii/S0921344924002374,mechanical,BAU
706,2,Breaking and separating,ProcessLvl1,mechanical recovery processes,Fragmentation,BATT_LIBToMechanical4,ComponentLvl2,cathodeActiveMaterial,BATT_LIBBlackMassToPyro4,ElementLvl1,Cl,0.85252981,,±5%,BAU,2025,1.0,calc,"[Vaccari et al., 2024]",https://www.sciencedirect.com/science/article/pii/S0921344924002374,mechanical,BAU
707,2,Breaking and separating,ProcessLvl1,mechanical recovery processes,Fragmentation,BATT_LIBToMechanical4,ComponentLvl2,cathodeActiveMaterial,BATT_LIBBlackMassToPyro4,ElementLvl1,Co,0.85252981,,±5%,BAU,2025,1.0,calc,"[Vaccari et al., 2024]",https://www.sciencedirect.com/science/article/pii/S0921344924002374,mechanical,BAU
708,2,Breaking and separating,ProcessLvl1,mechanical recovery processes,Fragmentation,BATT_LIBToMechanical4,ComponentLvl2,cathodeActiveMaterial,BATT_LIBBlackMassToPyro4,ElementLvl1,Fe,0.85252981,,±5%,BAU,2025,1.0,calc,"[Vaccari et al., 2024]",https://www.sciencedirect.com/science/article/pii/S0921344924002374,mechanical,BAU
709,2,Breaking and separating,ProcessLvl1,mechanical recovery processes,Fragmentation,BATT_LIBToMechanical4,ComponentLvl2,cathodeActiveMaterial,BATT_LIBBlackMassToPyro4,ElementLvl1,Li,0.85252981,,±5%,BAU,2025,1.0,calc,"[Vaccari et al., 2024]",https://www.sciencedirect.com/science/article/pii/S0921344924002374,mechanical,BAU
710,2,Breaking and separating,ProcessLvl1,mechanical recovery processes,Fragmentation,BATT_LIBToMechanical4,ComponentLvl2,cathodeActiveMaterial,BATT_LIBBlackMassToPyro4,ElementLvl1,Mn,0.85252981,,±5%,BAU,2025,1.0,calc,"[Vaccari et al., 2024]",https://www.sciencedirect.com/science/article/pii/S0921344924002374,mechanical,BAU
711,2,Breaking and separating,ProcessLvl1,mechanical recovery processes,Fragmentation,BATT_LIBToMechanical4,ComponentLvl2,cathodeActiveMaterial,BATT_LIBBlackMassToPyro4,ElementLvl1,Ni,0.85252981,,±5%,BAU,2025,1.0,calc,"[Vaccari et al., 2024]",https://www.sciencedirect.com/science/article/pii/S0921344924002374,mechanical,BAU
712,2,Breaking and separating,ProcessLvl1,mechanical recovery processes,Fragmentation,BATT_LIBToMechanical4,ComponentLvl2,cathodeActiveMaterial,BATT_LIBBlackMassToPyro4,ElementLvl1,O,0.85252981,,±5%,BAU,2025,1.0,calc,"[Vaccari et al., 2024]",https://www.sciencedirect.com/science/article/pii/S0921344924002374,mechanical,BAU
713,2,Breaking and separating,ProcessLvl1,mechanical recovery processes,Fragmentation,BATT_LIBToMechanical4,ComponentLvl2,cathodeActiveMaterial,BATT_LIBBlackMassToPyro4,ElementLvl1,P,0.85252981,,±5%,BAU,2025,1.0,calc,"[Vaccari et al., 2024]",https://www.sciencedirect.com/science/article/pii/S0921344924002374,mechanical,BAU
714,2,Breaking and separating,ProcessLvl1,mechanical recovery processes,Fragmentation,BATT_LIBToMechanical4,ComponentLvl2,cathodeActiveMaterial,BATT_LIBBlackMassToPyro4,ElementLvl1,S,0.85252981,,±5%,BAU,2025,1.0,calc,"[Vaccari et al., 2024]",https://www.sciencedirect.com/science/article/pii/S0921344924002374,mechanical,BAU
715,2,Breaking and separating,ProcessLvl1,mechanical recovery processes,Fragmentation,BATT_LIBToMechanical4,ComponentLvl2,batteryCellCasing2,BATT_2RM_mechRecLIB4,MaterialLvl1,AlAndAlAlloys,0.937762,,±5%,BAU,2025,1.0,calc,"[Vaccari et al., 2024]",https://www.sciencedirect.com/science/article/pii/S0921344924002374,mechanical,BAU
716,2,Breaking and separating,ProcessLvl1,mechanical recovery processes,Fragmentation,BATT_LIBToMechanical4,ComponentLvl2,batteryCellCasing2,BATT_2RM_mechRecLIB4,MaterialLvl1,ferrousMetals1,0.937762,,±5%,BAU,2025,1.0,calc,"[Vaccari et al., 2024]",https://www.sciencedirect.com/science/article/pii/S0921344924002374,mechanical,BAU
717,2,Breaking and separating,ProcessLvl1,mechanical recovery processes,Fragmentation,BATT_LIBToMechanical4,ComponentLvl2,batteryCellCasing2,BATT_2RM_mechRecLIB4,ElementLvl1,Fe,0.937762,,±5%,BAU,2025,1.0,calc,"[Vaccari et al., 2024]",https://www.sciencedirect.com/science/article/pii/S0921344924002374,mechanical,BAU
718,2,Breaking and separating,ProcessLvl1,mechanical recovery processes,Fragmentation,BATT_LIBToMechanical4,ComponentLvl2,currentCollectorCathode,BATT_2RM_mechRecLIB4,ElementLvl1,Al,0.83708448124,,±5%,BAU,2025,1.0,calc,"[Vaccari et al., 2024]",https://www.sciencedirect.com/science/article/pii/S0921344924002374,mechanical,BAU
719,2,Breaking and separating,ProcessLvl1,mechanical recovery processes,Fragmentation,BATT_LIBToMechanical4,ComponentLvl2,currentCollectorAnode,BATT_2RM_mechRecLIB4,ElementLvl1,Cu,0.89642666788,,±5%,BAU,2025,1.0,calc,"[Vaccari et al., 2024]",https://www.sciencedirect.com/science/article/pii/S0921344924002374,mechanical,BAU
720,3,Thermal recovery processes,ProcessLvl3,pyrometallurgy batteries ,Transformation,BATT_LIBBlackMassToPyro4,,,BATT_LIBSlagToHydro4,ElementLvl1,Li,1.0,,±5%,BAU,2025,1.0,calc,"[Hämmer and Wambach, 2024]",https://www.mdpi.com/2071-1050/16/19/8726,thermal,BAU
721,3,Thermal recovery processes,ProcessLvl3,pyrometallurgy batteries ,Transformation,BATT_LIBBlackMassToPyro4,,,BATT_LIBSlagToHydro4,ElementLvl1,Al,1.0,,±5%,BAU,2025,1.0,calc,"[Hämmer and Wambach, 2024]",https://www.mdpi.com/2071-1050/16/19/8726,thermal,BAU
722,3,Thermal recovery processes,ProcessLvl3,pyrometallurgy batteries ,Transformation,BATT_LIBBlackMassToPyro4,,,BATT_LIBSlagToHydro4,ElementLvl1,Mn,1.0,,±5%,BAU,2025,1.0,calc,"[Hämmer and Wambach, 2024]",https://www.mdpi.com/2071-1050/16/19/8726,thermal,BAU
723,3,Thermal recovery processes,ProcessLvl3,pyrometallurgy batteries ,Transformation,BATT_LIBBlackMassToPyro4,,,BATT_LIBSlagToHydro4,ElementLvl1,P,1.0,,±5%,BAU,2025,1.0,calc,"[Hämmer and Wambach, 2024]",https://www.mdpi.com/2071-1050/16/19/8726,thermal,BAU
724,3,Thermal recovery processes,ProcessLvl3,pyrometallurgy batteries ,Transformation,BATT_LIBBlackMassToPyro4,,,BATT_LIBSlagToHydro4,ElementLvl1,Ni,0.01,,±5%,BAU,2025,1.0,calc,"[Hämmer and Wambach, 2024]",https://www.mdpi.com/2071-1050/16/19/8726,thermal,BAU
725,3,Thermal recovery processes,ProcessLvl3,pyrometallurgy batteries ,Transformation,BATT_LIBBlackMassToPyro4,,,BATT_LIBSlagToHydro4,ElementLvl1,Fe,0.355,,±5%,BAU,2025,1.0,calc,"[Hämmer and Wambach, 2024]",https://www.mdpi.com/2071-1050/16/19/8726,thermal,BAU
726,3,Thermal recovery processes,ProcessLvl3,pyrometallurgy batteries ,Transformation,BATT_LIBBlackMassToPyro4,,,BATT_LIBSlagToHydro4,ElementLvl1,Co,0.06,,±5%,BAU,2025,1.0,calc,"[Hämmer and Wambach, 2024]",https://www.mdpi.com/2071-1050/16/19/8726,thermal,BAU
727,3,Thermal recovery processes,ProcessLvl3,pyrometallurgy batteries ,Transformation,BATT_LIBBlackMassToPyro4,,,BATT_LIBAlloyToHydro4,ElementLvl1,Ni,0.99,,±5%,BAU,2025,1.0,calc,"[Hämmer and Wambach, 2024]",https://www.mdpi.com/2071-1050/16/19/8734,thermal,BAU
728,3,Thermal recovery processes,ProcessLvl3,pyrometallurgy batteries ,Transformation,BATT_LIBBlackMassToPyro4,,,BATT_LIBAlloyToHydro4,ElementLvl1,Fe,0.645,,±5%,BAU,2025,1.0,calc,"[Hämmer and Wambach, 2024]",https://www.mdpi.com/2071-1050/16/19/8726,thermal,BAU
729,3,Thermal recovery processes,ProcessLvl3,pyrometallurgy batteries ,Transformation,BATT_LIBBlackMassToPyro4,,,BATT_LIBAlloyToHydro4,ElementLvl1,Co,0.94,,±5%,BAU,2025,1.0,calc,"[Hämmer and Wambach, 2024]",https://www.mdpi.com/2071-1050/16/19/8736,thermal,BAU
730,4,Hydrometallurgy (Leaching/SolventExtraction/Priciptation&Crystallization),ProcessLvl3,hydrometallurgy batteries,Transformation,BATT_LIBSlagToHydro4,,,BATT_slagsAndSludgesLIB4,ElementLvl1,Li,1.0,,±15%,BAU,2025,2.5,est,"Assumption, no reference",,hydro,BAU
731,4,Hydrometallurgy (Leaching/SolventExtraction/Priciptation&Crystallization),ProcessLvl3,hydrometallurgy batteries,Transformation,BATT_LIBSlagToHydro4,,,BATT_slagsAndSludgesLIB4,ElementLvl1,Al,1.0,,±15%,BAU,2025,2.5,est,"Assumption, no reference",,hydro,BAU
732,4,Hydrometallurgy (Leaching/SolventExtraction/Priciptation&Crystallization),ProcessLvl3,hydrometallurgy batteries,Transformation,BATT_LIBSlagToHydro4,,,BATT_slagsAndSludgesLIB4,ElementLvl1,Mn,1.0,,±15%,BAU,2025,2.5,est,"Assumption, no reference",,hydro,BAU
733,4,Hydrometallurgy (Leaching/SolventExtraction/Priciptation&Crystallization),ProcessLvl3,hydrometallurgy batteries,Transformation,BATT_LIBSlagToHydro4,,,BATT_slagsAndSludgesLIB4,ElementLvl1,P,1.0,,±15%,BAU,2025,2.5,est,"Assumption, no reference",,hydro,BAU
734,4,Hydrometallurgy (Leaching/SolventExtraction/Priciptation&Crystallization),ProcessLvl3,hydrometallurgy batteries,Transformation,BATT_LIBSlagToHydro4,,,BATT_slagsAndSludgesLIB4,ElementLvl1,Ni,1.0,,±15%,BAU,2025,2.5,est,"Assumption, no reference",,hydro,BAU
735,4,Hydrometallurgy (Leaching/SolventExtraction/Priciptation&Crystallization),ProcessLvl3,hydrometallurgy batteries,Transformation,BATT_LIBSlagToHydro4,,,BATT_slagsAndSludgesLIB4,ElementLvl1,Fe,1.0,,±15%,BAU,2025,2.5,est,"Assumption, no reference",,hydro,BAU
736,4,Hydrometallurgy (Leaching/SolventExtraction/Priciptation&Crystallization),ProcessLvl3,hydrometallurgy batteries,Transformation,BATT_LIBSlagToHydro4,,,BATT_slagsAndSludgesLIB4,ElementLvl1,Co,1.0,,±15%,BAU,2025,2.5,est,"Assumption, no reference",,hydro,BAU
737,4,Hydrometallurgy (Leaching/SolventExtraction/Priciptation&Crystallization),ProcessLvl3,hydrometallurgy batteries,Transformation,BATT_LIBSlagToHydro4,,,BATT_2RM_chemRecSlagsAndSludges4,ElementLvl1,Li,0.0,,±15%,BAU,2025,2.5,est,"Assumption, no reference",,hydro,BAU
738,4,Hydrometallurgy (Leaching/SolventExtraction/Priciptation&Crystallization),ProcessLvl3,hydrometallurgy batteries,Transformation,BATT_LIBAlloyToHydro4,,,BATT_2RM_chemRecLIB4,ElementLvl1,Co,0.79416,,±5%,BAU,2025,1.0,calc,"[Hämmer and Wambach, 2024]",https://www.mdpi.com/2071-1050/16/19/8726 and https://www.sciencedirect.com/science/article/pii/S1383586622021153?via%3Dihub,hydro,BAU
739,4,Hydrometallurgy (Leaching/SolventExtraction/Priciptation&Crystallization),ProcessLvl3,hydrometallurgy batteries,Transformation,BATT_LIBAlloyToHydro4,,,BATT_2RM_chemRecLIB4,ElementLvl1,Ni,0.91218,,±5%,BAU,2025,1.0,calc,"[Hämmer and Wambach, 2024]",https://www.mdpi.com/2071-1050/16/19/8726 and https://www.sciencedirect.com/science/article/pii/S1383586622021153?via%3Dihub,hydro,BAU
740,2,Breaking and separating,ProcessLvl1,mechanical recovery processes,Fragmentation,BATT_LIBToMechanical4,ComponentLvl2,anodeActiveMaterial,BATT_LIBBlackMassToPyro4,ElementLvl1,C,0.9,,±10%,BAU,2032,2.0,calc,"[Vaccari et al., 2024]",https://www.sciencedirect.com/science/article/pii/S0921344924002374,mechanical,BAU
741,2,Breaking and separating,ProcessLvl1,mechanical recovery processes,Fragmentation,BATT_LIBToMechanical4,ComponentLvl2,cathodeActiveMaterial,BATT_LIBBlackMassToPyro4,ElementLvl1,Al,0.9,,±20%,BAU,2032,3.5,calc,"Assumption, no reference",,mechanical,BAU
742,2,Breaking and separating,ProcessLvl1,mechanical recovery processes,Fragmentation,BATT_LIBToMechanical4,ComponentLvl2,cathodeActiveMaterial,BATT_LIBBlackMassToPyro4,ElementLvl1,Cl,0.9,,±10%,BAU,2032,2.0,calc,"[Vaccari et al., 2024]",https://www.sciencedirect.com/science/article/pii/S0921344924002374,mechanical,BAU
743,2,Breaking and separating,ProcessLvl1,mechanical recovery processes,Fragmentation,BATT_LIBToMechanical4,ComponentLvl2,cathodeActiveMaterial,BATT_LIBBlackMassToPyro4,ElementLvl1,Co,0.9,,±20%,BAU,2032,4.0,calc,"Assumption, no reference",,mechanical,BAU
744,2,Breaking and separating,ProcessLvl1,mechanical recovery processes,Fragmentation,BATT_LIBToMechanical4,ComponentLvl2,cathodeActiveMaterial,BATT_LIBBlackMassToPyro4,ElementLvl1,Fe,0.9,,±10%,BAU,2032,2.0,calc,"[Vaccari et al., 2024]",https://www.sciencedirect.com/science/article/pii/S0921344924002374,mechanical,BAU
745,2,Breaking and separating,ProcessLvl1,mechanical recovery processes,Fragmentation,BATT_LIBToMechanical4,ComponentLvl2,cathodeActiveMaterial,BATT_LIBBlackMassToPyro4,ElementLvl1,Li,0.9,,±10%,BAU,2032,2.0,calc,"[Vaccari et al., 2024]",https://www.sciencedirect.com/science/article/pii/S0921344924002374,mechanical,BAU
746,2,Breaking and separating,ProcessLvl1,mechanical recovery processes,Fragmentation,BATT_LIBToMechanical4,ComponentLvl2,cathodeActiveMaterial,BATT_LIBBlackMassToPyro4,ElementLvl1,Mn,0.9,,±20%,BAU,2032,3.5,calc,"Assumption, no reference",,mechanical,BAU
747,2,Breaking and separating,ProcessLvl1,mechanical recovery processes,Fragmentation,BATT_LIBToMechanical4,ComponentLvl2,cathodeActiveMaterial,BATT_LIBBlackMassToPyro4,ElementLvl1,Ni,0.9,,±10%,BAU,2032,2.0,calc,"[Vaccari et al., 2024]",https://www.sciencedirect.com/science/article/pii/S0921344924002374,mechanical,BAU
748,2,Breaking and separating,ProcessLvl1,mechanical recovery processes,Fragmentation,BATT_LIBToMechanical4,ComponentLvl2,cathodeActiveMaterial,BATT_LIBBlackMassToPyro4,ElementLvl1,O,0.9,,±10%,BAU,2032,2.0,calc,"[Vaccari et al., 2024]",https://www.sciencedirect.com/science/article/pii/S0921344924002374,mechanical,BAU
749,2,Breaking and separating,ProcessLvl1,mechanical recovery processes,Fragmentation,BATT_LIBToMechanical4,ComponentLvl2,cathodeActiveMaterial,BATT_LIBBlackMassToPyro4,ElementLvl1,P,0.9,,±20%,BAU,2032,3.5,calc,"Assumption, no reference",,mechanical,BAU
750,2,Breaking and separating,ProcessLvl1,mechanical recovery processes,Fragmentation,BATT_LIBToMechanical4,ComponentLvl2,cathodeActiveMaterial,BATT_LIBBlackMassToPyro4,ElementLvl1,S,0.9,,±10%,BAU,2032,2.0,calc,"[Vaccari et al., 2024]",https://www.sciencedirect.com/science/article/pii/S0921344924002374,mechanical,BAU
751,2,Breaking and separating,ProcessLvl1,mechanical recovery processes,Fragmentation,BATT_LIBToMechanical4,ComponentLvl2,batteryCellCasing2,BATT_2RM_mechRecLIB4,MaterialLvl1,AlAndAlAlloys,0.937762,,±10%,BAU,2032,2.0,calc,"[Vaccari et al., 2024]",https://www.sciencedirect.com/science/article/pii/S0921344924002374,mechanical,BAU
752,2,Breaking and separating,ProcessLvl1,mechanical recovery processes,Fragmentation,BATT_LIBToMechanical4,ComponentLvl2,batteryCellCasing2,BATT_2RM_mechRecLIB4,MaterialLvl1,ferrousMetals1,0.937762,,±10%,BAU,2032,2.0,calc,"[Vaccari et al., 2024]",https://www.sciencedirect.com/science/article/pii/S0921344924002374,mechanical,BAU
753,2,Breaking and separating,ProcessLvl1,mechanical recovery processes,Fragmentation,BATT_LIBToMechanical4,ComponentLvl2,batteryCellCasing2,BATT_2RM_mechRecLIB4,ElementLvl1,Fe,0.937762,,±10%,BAU,2032,2.0,calc,"[Vaccari et al., 2024]",https://www.sciencedirect.com/science/article/pii/S0921344924002374,mechanical,BAU
754,2,Breaking and separating,ProcessLvl1,mechanical recovery processes,Fragmentation,BATT_LIBToMechanical4,ComponentLvl2,currentCollectorCathode,BATT_2RM_mechRecLIB4,ElementLvl1,Al,0.83708448124,,±10%,BAU,2032,2.0,calc,"[Vaccari et al., 2024]",https://www.sciencedirect.com/science/article/pii/S0921344924002374,mechanical,BAU
755,2,Breaking and separating,ProcessLvl1,mechanical recovery processes,Fragmentation,BATT_LIBToMechanical4,ComponentLvl2,currentCollectorAnode,BATT_2RM_mechRecLIB4,ElementLvl1,Cu,0.9,,±10%,BAU,2032,2.0,calc,"[Vaccari et al., 2024]",https://www.sciencedirect.com/science/article/pii/S0921344924002374,mechanical,BAU
756,3,Thermal recovery processes,ProcessLvl3,pyrometallurgy batteries ,Transformation,BATT_LIBBlackMassToPyro4,,,BATT_LIBSlagToHydro4,ElementLvl1,Li,1.0,,±10%,BAU,2032,2.0,calc,"[Hämmer and Wambach, 2024]",https://www.mdpi.com/2071-1050/16/19/8726,thermal,BAU
757,3,Thermal recovery processes,ProcessLvl3,pyrometallurgy batteries ,Transformation,BATT_LIBBlackMassToPyro4,,,BATT_LIBSlagToHydro4,ElementLvl1,Al,1.0,,±10%,BAU,2032,2.0,calc,"[Hämmer and Wambach, 2024]",https://www.mdpi.com/2071-1050/16/19/8726,thermal,BAU
758,3,Thermal recovery processes,ProcessLvl3,pyrometallurgy batteries ,Transformation,BATT_LIBBlackMassToPyro4,,,BATT_LIBSlagToHydro4,ElementLvl1,Mn,1.0,,±10%,BAU,2032,2.0,calc,"[Hämmer and Wambach, 2024]",https://www.mdpi.com/2071-1050/16/19/8726,thermal,BAU
759,3,Thermal recovery processes,ProcessLvl3,pyrometallurgy batteries ,Transformation,BATT_LIBBlackMassToPyro4,,,BATT_LIBSlagToHydro4,ElementLvl1,P,1.0,,±10%,BAU,2032,2.0,calc,"[Hämmer and Wambach, 2024]",https://www.mdpi.com/2071-1050/16/19/8726,thermal,BAU
760,3,Thermal recovery processes,ProcessLvl3,pyrometallurgy batteries ,Transformation,BATT_LIBBlackMassToPyro4,,,BATT_LIBSlagToHydro4,ElementLvl1,Ni,0.01,,±10%,BAU,2032,2.0,calc,"[Hämmer and Wambach, 2024]",https://www.mdpi.com/2071-1050/16/19/8726,thermal,BAU
761,3,Thermal recovery processes,ProcessLvl3,pyrometallurgy batteries ,Transformation,BATT_LIBBlackMassToPyro4,,,BATT_LIBSlagToHydro4,ElementLvl1,Fe,0.355,,±10%,BAU,2032,2.0,calc,"[Hämmer and Wambach, 2024]",https://www.mdpi.com/2071-1050/16/19/8726,thermal,BAU
762,3,Thermal recovery processes,ProcessLvl3,pyrometallurgy batteries ,Transformation,BATT_LIBBlackMassToPyro4,,,BATT_LIBSlagToHydro4,ElementLvl1,Co,0.05,,±10%,BAU,2032,2.0,calc,"[Hämmer and Wambach, 2024]",https://www.mdpi.com/2071-1050/16/19/8726,thermal,BAU
763,3,Thermal recovery processes,ProcessLvl3,pyrometallurgy batteries ,Transformation,BATT_LIBBlackMassToPyro4,,,BATT_LIBAlloyToHydro4,ElementLvl1,Ni,0.99,,±10%,BAU,2032,2.0,calc,"[Hämmer and Wambach, 2024]",https://www.mdpi.com/2071-1050/16/19/8734,thermal,BAU
764,3,Thermal recovery processes,ProcessLvl3,pyrometallurgy batteries ,Transformation,BATT_LIBBlackMassToPyro4,,,BATT_LIBAlloyToHydro4,ElementLvl1,Fe,0.645,,±10%,BAU,2032,2.0,calc,"[Hämmer and Wambach, 2024]",https://www.mdpi.com/2071-1050/16/19/8726,thermal,BAU
765,3,Thermal recovery processes,ProcessLvl3,pyrometallurgy batteries ,Transformation,BATT_LIBBlackMassToPyro4,,,BATT_LIBAlloyToHydro4,ElementLvl1,Co,0.94,,±10%,BAU,2032,2.0,calc,"[Hämmer and Wambach, 2024]",https://www.mdpi.com/2071-1050/16/19/8726,thermal,BAU
766,4,Hydrometallurgy (Leaching/SolventExtraction/Priciptation&Crystallization),ProcessLvl3,hydrometallurgy batteries,Transformation,BATT_LIBAlloyToHydro4,,,BATT_2RM_chemRecLIB4,ElementLvl1,Co,0.95,,±10%,BAU,2032,2.0,calc,"[Hämmer and Wambach, 2024]",https://www.mdpi.com/2071-1050/16/19/8726 and https://www.sciencedirect.com/science/article/pii/S1383586622021153?via%3Dihub,hydro,BAU
767,4,Hydrometallurgy (Leaching/SolventExtraction/Priciptation&Crystallization),ProcessLvl3,hydrometallurgy batteries,Transformation,BATT_LIBAlloyToHydro4,,,BATT_2RM_chemRecLIB4,ElementLvl1,Ni,0.9122,,±10%,BAU,2032,2.0,calc,"[Hämmer and Wambach, 2024]",https://www.mdpi.com/2071-1050/16/19/8726 and https://www.sciencedirect.com/science/article/pii/S1383586622021153?via%3Dihub,hydro,BAU
768,4,Hydrometallurgy (Leaching/SolventExtraction/Priciptation&Crystallization),ProcessLvl3,hydrometallurgy batteries,Transformation,BATT_LIBSlagToHydro4,,,BATT_2RM_chemRecSlagsAndSludges4,ElementLvl1,Li,0.56,,±20%,BAU,2032,3.5,est,"Assumption, no reference",,hydro,BAU
769,4,Hydrometallurgy (Leaching/SolventExtraction/Priciptation&Crystallization),ProcessLvl3,hydrometallurgy batteries,Transformation,BATT_LIBSlagToHydro4,,,BATT_slagsAndSludgesLIB4,ElementLvl1,Al,1.0,,±20%,BAU,2032,3.5,est,"Assumption, no reference",,hydro,BAU
770,4,Hydrometallurgy (Leaching/SolventExtraction/Priciptation&Crystallization),ProcessLvl3,hydrometallurgy batteries,Transformation,BATT_LIBSlagToHydro4,,,BATT_slagsAndSludgesLIB4,ElementLvl1,Mn,1.0,,±20%,BAU,2032,3.5,est,"Assumption, no reference",,hydro,BAU
771,4,Hydrometallurgy (Leaching/SolventExtraction/Priciptation&Crystallization),ProcessLvl3,hydrometallurgy batteries,Transformation,BATT_LIBSlagToHydro4,,,BATT_slagsAndSludgesLIB4,ElementLvl1,P,1.0,,±20%,BAU,2032,3.5,est,"Assumption, no reference",,hydro,BAU
772,4,Hydrometallurgy (Leaching/SolventExtraction/Priciptation&Crystallization),ProcessLvl3,hydrometallurgy batteries,Transformation,BATT_LIBSlagToHydro4,,,BATT_slagsAndSludgesLIB4,ElementLvl1,Ni,1.0,,±20%,BAU,2032,3.5,est,"Assumption, no reference",,hydro,BAU
773,4,Hydrometallurgy (Leaching/SolventExtraction/Priciptation&Crystallization),ProcessLvl3,hydrometallurgy batteries,Transformation,BATT_LIBSlagToHydro4,,,BATT_slagsAndSludgesLIB4,ElementLvl1,Fe,1.0,,±20%,BAU,2032,3.5,est,"Assumption, no reference",,hydro,BAU
774,4,Hydrometallurgy (Leaching/SolventExtraction/Priciptation&Crystallization),ProcessLvl3,hydrometallurgy batteries,Transformation,BATT_LIBSlagToHydro4,,,BATT_slagsAndSludgesLIB4,ElementLvl1,Co,1.0,,±20%,BAU,2032,3.5,est,"Assumption, no reference",,hydro,BAU
775,4,Hydrometallurgy (Leaching/SolventExtraction/Priciptation&Crystallization),ProcessLvl3,hydrometallurgy batteries,Transformation,BATT_LIBSlagToHydro4,,,BATT_slagsAndSludgesLIB4,ElementLvl1,Li,0.44,,±20%,BAU,2032,3.5,est,"Assumption, no reference",,hydro,BAU
776,2,Breaking and separating,ProcessLvl1,mechanical recovery processes,Fragmentation,BATT_LIBToMechanical4,ComponentLvl2,anodeActiveMaterial,BATT_LIBBlackMassToPyro4,ElementLvl1,C,0.95,,±15%,BAU,2050,2.5,calc,"[Vaccari et al., 2024]",https://www.sciencedirect.com/science/article/pii/S0921344924002374,mechanical,BAU
777,2,Breaking and separating,ProcessLvl1,mechanical recovery processes,Fragmentation,BATT_LIBToMechanical4,ComponentLvl2,cathodeActiveMaterial,BATT_LIBBlackMassToPyro4,ElementLvl1,Al,0.95,,±15%,BAU,2050,2.5,calc,"[Vaccari et al., 2024]",https://www.sciencedirect.com/science/article/pii/S0921344924002374,mechanical,BAU
778,2,Breaking and separating,ProcessLvl1,mechanical recovery processes,Fragmentation,BATT_LIBToMechanical4,ComponentLvl2,cathodeActiveMaterial,BATT_LIBBlackMassToPyro4,ElementLvl1,Cl,0.95,,±15%,BAU,2050,2.5,calc,"[Vaccari et al., 2024]",https://www.sciencedirect.com/science/article/pii/S0921344924002374,mechanical,BAU
779,2,Breaking and separating,ProcessLvl1,mechanical recovery processes,Fragmentation,BATT_LIBToMechanical4,ComponentLvl2,cathodeActiveMaterial,BATT_LIBBlackMassToPyro4,ElementLvl1,Co,0.95,,±15%,BAU,2050,2.5,calc,"[Vaccari et al., 2024]",https://www.sciencedirect.com/science/article/pii/S0921344924002374,mechanical,BAU
780,2,Breaking and separating,ProcessLvl1,mechanical recovery processes,Fragmentation,BATT_LIBToMechanical4,ComponentLvl2,cathodeActiveMaterial,BATT_LIBBlackMassToPyro4,ElementLvl1,Fe,0.95,,±15%,BAU,2050,2.5,calc,"[Vaccari et al., 2024]",https://www.sciencedirect.com/science/article/pii/S0921344924002374,mechanical,BAU
781,2,Breaking and separating,ProcessLvl1,mechanical recovery processes,Fragmentation,BATT_LIBToMechanical4,ComponentLvl2,cathodeActiveMaterial,BATT_LIBBlackMassToPyro4,ElementLvl1,Li,0.95,,±15%,BAU,2050,2.5,calc,"[Vaccari et al., 2024]",https://www.sciencedirect.com/science/article/pii/S0921344924002374,mechanical,BAU
782,2,Breaking and separating,ProcessLvl1,mechanical recovery processes,Fragmentation,BATT_LIBToMechanical4,ComponentLvl2,cathodeActiveMaterial,BATT_LIBBlackMassToPyro4,ElementLvl1,Mn,0.95,,±15%,BAU,2050,2.5,calc,"[Vaccari et al., 2024]",https://www.sciencedirect.com/science/article/pii/S0921344924002374,mechanical,BAU
783,2,Breaking and separating,ProcessLvl1,mechanical recovery processes,Fragmentation,BATT_LIBToMechanical4,ComponentLvl2,cathodeActiveMaterial,BATT_LIBBlackMassToPyro4,ElementLvl1,Ni,0.95,,±15%,BAU,2050,2.5,calc,"[Vaccari et al., 2024]",https://www.sciencedirect.com/science/article/pii/S0921344924002374,mechanical,BAU
784,2,Breaking and separating,ProcessLvl1,mechanical recovery processes,Fragmentation,BATT_LIBToMechanical4,ComponentLvl2,cathodeActiveMaterial,BATT_LIBBlackMassToPyro4,ElementLvl1,O,0.95,,±15%,BAU,2050,2.5,calc,"[Vaccari et al., 2024]",https://www.sciencedirect.com/science/article/pii/S0921344924002374,mechanical,BAU
785,2,Breaking and separating,ProcessLvl1,mechanical recovery processes,Fragmentation,BATT_LIBToMechanical4,ComponentLvl2,cathodeActiveMaterial,BATT_LIBBlackMassToPyro4,ElementLvl1,P,0.95,,±15%,BAU,2050,2.5,calc,"[Vaccari et al., 2024]",https://www.sciencedirect.com/science/article/pii/S0921344924002374,mechanical,BAU
786,2,Breaking and separating,ProcessLvl1,mechanical recovery processes,Fragmentation,BATT_LIBToMechanical4,ComponentLvl2,cathodeActiveMaterial,BATT_LIBBlackMassToPyro4,ElementLvl1,S,0.95,,±15%,BAU,2050,2.5,calc,"[Vaccari et al., 2024]",https://www.sciencedirect.com/science/article/pii/S0921344924002374,mechanical,BAU
787,2,Breaking and separating,ProcessLvl1,mechanical recovery processes,Fragmentation,BATT_LIBToMechanical4,ComponentLvl2,batteryCellCasing2,BATT_2RM_mechRecLIB4,MaterialLvl1,AlAndAlAlloys,0.937762,,±15%,BAU,2050,2.5,calc,"[Vaccari et al., 2024]",https://www.sciencedirect.com/science/article/pii/S0921344924002374,mechanical,BAU
788,2,Breaking and separating,ProcessLvl1,mechanical recovery processes,Fragmentation,BATT_LIBToMechanical4,ComponentLvl2,batteryCellCasing2,BATT_2RM_mechRecLIB4,MaterialLvl1,ferrousMetals1,0.937762,,±15%,BAU,2050,2.5,calc,"[Vaccari et al., 2024]",https://www.sciencedirect.com/science/article/pii/S0921344924002374,mechanical,BAU
789,2,Breaking and separating,ProcessLvl1,mechanical recovery processes,Fragmentation,BATT_LIBToMechanical4,ComponentLvl2,batteryCellCasing2,BATT_2RM_mechRecLIB4,ElementLvl1,Fe,0.937762,,±15%,BAU,2050,2.5,calc,"[Vaccari et al., 2024]",https://www.sciencedirect.com/science/article/pii/S0921344924002374,mechanical,BAU
790,2,Breaking and separating,ProcessLvl1,mechanical recovery processes,Fragmentation,BATT_LIBToMechanical4,ComponentLvl2,currentCollectorCathode,BATT_2RM_mechRecLIB4,ElementLvl1,Al,0.83708448124,,±15%,BAU,2050,2.5,calc,"[Vaccari et al., 2024]",https://www.sciencedirect.com/science/article/pii/S0921344924002374,mechanical,BAU
791,2,Breaking and separating,ProcessLvl1,mechanical recovery processes,Fragmentation,BATT_LIBToMechanical4,ComponentLvl2,currentCollectorAnode,BATT_2RM_mechRecLIB4,ElementLvl1,Cu,0.9,,±15%,BAU,2050,2.5,calc,"[Vaccari et al., 2024]",https://www.sciencedirect.com/science/article/pii/S0921344924002374,mechanical,BAU
792,3,Thermal recovery processes,ProcessLvl3,pyrometallurgy batteries ,Transformation,BATT_LIBBlackMassToPyro4,,,BATT_LIBSlagToHydro4,ElementLvl1,Li,1.0,,±15%,BAU,2050,2.5,calc,"[Hämmer and Wambach, 2024]",https://www.mdpi.com/2071-1050/16/19/8726,thermal,BAU
793,3,Thermal recovery processes,ProcessLvl3,pyrometallurgy batteries ,Transformation,BATT_LIBBlackMassToPyro4,,,BATT_LIBSlagToHydro4,ElementLvl1,Al,1.0,,±15%,BAU,2050,2.5,calc,"[Hämmer and Wambach, 2024]",https://www.mdpi.com/2071-1050/16/19/8726,thermal,BAU
794,3,Thermal recovery processes,ProcessLvl3,pyrometallurgy batteries ,Transformation,BATT_LIBBlackMassToPyro4,,,BATT_LIBSlagToHydro4,ElementLvl1,Mn,1.0,,±15%,BAU,2050,2.5,calc,"[Hämmer and Wambach, 2024]",https://www.mdpi.com/2071-1050/16/19/8726,thermal,BAU
795,3,Thermal recovery processes,ProcessLvl3,pyrometallurgy batteries ,Transformation,BATT_LIBBlackMassToPyro4,,,BATT_LIBSlagToHydro4,ElementLvl1,P,1.0,,±15%,BAU,2050,2.5,calc,"[Hämmer and Wambach, 2024]",https://www.mdpi.com/2071-1050/16/19/8726,thermal,BAU
796,3,Thermal recovery processes,ProcessLvl3,pyrometallurgy batteries ,Transformation,BATT_LIBBlackMassToPyro4,,,BATT_LIBSlagToHydro4,ElementLvl1,Ni,0.01,,±15%,BAU,2050,2.5,calc,"[Hämmer and Wambach, 2024]",https://www.mdpi.com/2071-1050/16/19/8726,thermal,BAU
797,3,Thermal recovery processes,ProcessLvl3,pyrometallurgy batteries ,Transformation,BATT_LIBBlackMassToPyro4,,,BATT_LIBSlagToHydro4,ElementLvl1,Fe,0.355,,±15%,BAU,2050,2.5,calc,"[Hämmer and Wambach, 2024]",https://www.mdpi.com/2071-1050/16/19/8726,thermal,BAU
798,3,Thermal recovery processes,ProcessLvl3,pyrometallurgy batteries ,Transformation,BATT_LIBBlackMassToPyro4,,,BATT_LIBSlagToHydro4,ElementLvl1,Co,0.04,,±15%,BAU,2050,2.5,calc,"[Hämmer and Wambach, 2024]",https://www.mdpi.com/2071-1050/16/19/8726,thermal,BAU
799,3,Thermal recovery processes,ProcessLvl3,pyrometallurgy batteries ,Transformation,BATT_LIBBlackMassToPyro4,,,BATT_LIBAlloyToHydro4,ElementLvl1,Ni,0.99,,±15%,BAU,2050,2.5,calc,"[Hämmer and Wambach, 2024]",https://www.mdpi.com/2071-1050/16/19/8734,thermal,BAU
800,3,Thermal recovery processes,ProcessLvl3,pyrometallurgy batteries ,Transformation,BATT_LIBBlackMassToPyro4,,,BATT_LIBAlloyToHydro4,ElementLvl1,Fe,0.645,,±15%,BAU,2050,2.5,calc,"[Hämmer and Wambach, 2024]",https://www.mdpi.com/2071-1050/16/19/8726,thermal,BAU
801,3,Thermal recovery processes,ProcessLvl3,pyrometallurgy batteries ,Transformation,BATT_LIBBlackMassToPyro4,,,BATT_LIBAlloyToHydro4,ElementLvl1,Co,0.96,,±15%,BAU,2050,2.5,calc,"[Hämmer and Wambach, 2024]",https://www.mdpi.com/2071-1050/16/19/8726,thermal,BAU
802,4,Hydrometallurgy (Leaching/SolventExtraction/Priciptation&Crystallization),ProcessLvl3,hydrometallurgy batteries,Transformation,BATT_LIBAlloyToHydro4,,,BATT_2RM_chemRecLIB4,ElementLvl1,Co,0.99,,±15%,BAU,2050,2.5,calc,"[Hämmer and Wambach, 2024]",https://www.mdpi.com/2071-1050/16/19/8726 and https://www.sciencedirect.com/science/article/pii/S1383586622021153?via%3Dihub,hydro,BAU
803,4,Hydrometallurgy (Leaching/SolventExtraction/Priciptation&Crystallization),ProcessLvl3,hydrometallurgy batteries,Transformation,BATT_LIBAlloyToHydro4,,,BATT_2RM_chemRecLIB4,ElementLvl1,Ni,0.96,,±15%,BAU,2050,2.5,calc,"[Hämmer and Wambach, 2024]",https://www.mdpi.com/2071-1050/16/19/8726 and https://www.sciencedirect.com/science/article/pii/S1383586622021153?via%3Dihub,hydro,BAU
804,4,Hydrometallurgy (Leaching/SolventExtraction/Priciptation&Crystallization),ProcessLvl3,hydrometallurgy batteries,Transformation,BATT_LIBSlagToHydro4,,,BATT_2RM_chemRecSlagsAndSludges4,ElementLvl1,Li,0.85,,±20%,BAU,2050,4.0,est,"Assumption, no reference",,hydro,BAU
805,4,Hydrometallurgy (Leaching/SolventExtraction/Priciptation&Crystallization),ProcessLvl3,hydrometallurgy batteries,Transformation,BATT_LIBSlagToHydro4,,,BATT_slagsAndSludgesLIB4,ElementLvl1,Al,1.0,,±20%,BAU,2050,4.0,est,"Assumption, no reference",,hydro,BAU
806,4,Hydrometallurgy (Leaching/SolventExtraction/Priciptation&Crystallization),ProcessLvl3,hydrometallurgy batteries,Transformation,BATT_LIBSlagToHydro4,,,BATT_slagsAndSludgesLIB4,ElementLvl1,Mn,1.0,,±20%,BAU,2050,4.0,est,"Assumption, no reference",,hydro,BAU
807,4,Hydrometallurgy (Leaching/SolventExtraction/Priciptation&Crystallization),ProcessLvl3,hydrometallurgy batteries,Transformation,BATT_LIBSlagToHydro4,,,BATT_slagsAndSludgesLIB4,ElementLvl1,P,1.0,,±20%,BAU,2050,4.0,est,"Assumption, no reference",,hydro,BAU
808,4,Hydrometallurgy (Leaching/SolventExtraction/Priciptation&Crystallization),ProcessLvl3,hydrometallurgy batteries,Transformation,BATT_LIBSlagToHydro4,,,BATT_slagsAndSludgesLIB4,ElementLvl1,Ni,1.0,,±20%,BAU,2050,4.0,est,"Assumption, no reference",,hydro,BAU
809,4,Hydrometallurgy (Leaching/SolventExtraction/Priciptation&Crystallization),ProcessLvl3,hydrometallurgy batteries,Transformation,BATT_LIBSlagToHydro4,,,BATT_slagsAndSludgesLIB4,ElementLvl1,Fe,1.0,,±20%,BAU,2050,4.0,est,"Assumption, no reference",,hydro,BAU
810,4,Hydrometallurgy (Leaching/SolventExtraction/Priciptation&Crystallization),ProcessLvl3,hydrometallurgy batteries,Transformation,BATT_LIBSlagToHydro4,,,BATT_slagsAndSludgesLIB4,ElementLvl1,Co,1.0,,±20%,BAU,2050,4.0,est,"Assumption, no reference",,hydro,BAU
811,4,Hydrometallurgy (Leaching/SolventExtraction/Priciptation&Crystallization),ProcessLvl3,hydrometallurgy batteries,Transformation,BATT_LIBSlagToHydro4,,,BATT_slagsAndSludgesLIB4,ElementLvl1,Li,0.15,,±20%,BAU,2050,4.0,est,"Assumption, no reference",,hydro,BAU
812,2,Breaking and separating,ProcessLvl1,mechanical recovery processes,Fragmentation,BATT_LIBToMechanical4,ComponentLvl2,anodeActiveMaterial,BATT_Losses_LIBBlackMassToPyro4,ElementLvl1,C,0.14747018999999995,,±5%,OBS,2010,1.0,calc,Losses calculated from reference value [Vaccari et al. 2024],https://www.sciencedirect.com/science/article/pii/S0921344924002374,mechanical,OBS
813,2,Breaking and separating,ProcessLvl1,mechanical recovery processes,Fragmentation,BATT_LIBToMechanical4,ComponentLvl2,cathodeActiveMaterial,BATT_Losses_LIBBlackMassToPyro4,ElementLvl1,Al,0.14747018999999995,,±5%,OBS,2010,1.0,calc,Losses calculated from reference value [Vaccari et al. 2024],https://www.sciencedirect.com/science/article/pii/S0921344924002374,mechanical,OBS
814,2,Breaking and separating,ProcessLvl1,mechanical recovery processes,Fragmentation,BATT_LIBToMechanical4,ComponentLvl2,cathodeActiveMaterial,BATT_Losses_LIBBlackMassToPyro4,ElementLvl1,Cl,0.14747018999999995,,±5%,OBS,2010,1.0,calc,Losses calculated from reference value [Vaccari et al. 2024],https://www.sciencedirect.com/science/article/pii/S0921344924002374,mechanical,OBS
815,2,Breaking and separating,ProcessLvl1,mechanical recovery processes,Fragmentation,BATT_LIBToMechanical4,ComponentLvl2,cathodeActiveMaterial,BATT_Losses_LIBBlackMassToPyro4,ElementLvl1,Co,0.14747018999999995,,±5%,OBS,2010,1.0,calc,Losses calculated from reference value [Vaccari et al. 2024],https://www.sciencedirect.com/science/article/pii/S0921344924002374,mechanical,OBS
816,2,Breaking and separating,ProcessLvl1,mechanical recovery processes,Fragmentation,BATT_LIBToMechanical4,ComponentLvl2,cathodeActiveMaterial,BATT_Losses_LIBBlackMassToPyro4,ElementLvl1,Fe,0.14747018999999995,,±5%,OBS,2010,1.0,calc,Losses calculated from reference value [Vaccari et al. 2024],https://www.sciencedirect.com/science/article/pii/S0921344924002374,mechanical,OBS
817,2,Breaking and separating,ProcessLvl1,mechanical recovery processes,Fragmentation,BATT_LIBToMechanical4,ComponentLvl2,cathodeActiveMaterial,BATT_Losses_LIBBlackMassToPyro4,ElementLvl1,Li,0.14747018999999995,,±5%,OBS,2010,1.0,calc,Losses calculated from reference value [Vaccari et al. 2024],https://www.sciencedirect.com/science/article/pii/S0921344924002374,mechanical,OBS
818,2,Breaking and separating,ProcessLvl1,mechanical recovery processes,Fragmentation,BATT_LIBToMechanical4,ComponentLvl2,cathodeActiveMaterial,BATT_Losses_LIBBlackMassToPyro4,ElementLvl1,Mn,0.14747018999999995,,±5%,OBS,2010,1.0,calc,Losses calculated from reference value [Vaccari et al. 2024],https://www.sciencedirect.com/science/article/pii/S0921344924002374,mechanical,OBS
819,2,Breaking and separating,ProcessLvl1,mechanical recovery processes,Fragmentation,BATT_LIBToMechanical4,ComponentLvl2,cathodeActiveMaterial,BATT_Losses_LIBBlackMassToPyro4,ElementLvl1,Ni,0.14747018999999995,,±5%,OBS,2010,1.0,calc,Losses calculated from reference value [Vaccari et al. 2024],https://www.sciencedirect.com/science/article/pii/S0921344924002374,mechanical,OBS
820,2,Breaking and separating,ProcessLvl1,mechanical recovery processes,Fragmentation,BATT_LIBToMechanical4,ComponentLvl2,cathodeActiveMaterial,BATT_Losses_LIBBlackMassToPyro4,ElementLvl1,O,0.14747018999999995,,±5%,OBS,2010,1.0,calc,Losses calculated from reference value [Vaccari et al. 2024],https://www.sciencedirect.com/science/article/pii/S0921344924002374,mechanical,OBS
821,2,Breaking and separating,ProcessLvl1,mechanical recovery processes,Fragmentation,BATT_LIBToMechanical4,ComponentLvl2,cathodeActiveMaterial,BATT_Losses_LIBBlackMassToPyro4,ElementLvl1,P,0.14747018999999995,,±5%,OBS,2010,1.0,calc,Losses calculated from reference value [Vaccari et al. 2024],https://www.sciencedirect.com/science/article/pii/S0921344924002374,mechanical,OBS
822,2,Breaking and separating,ProcessLvl1,mechanical recovery processes,Fragmentation,BATT_LIBToMechanical4,ComponentLvl2,cathodeActiveMaterial,BATT_Losses_LIBBlackMassToPyro4,ElementLvl1,S,0.14747018999999995,,±5%,OBS,2010,1.0,calc,Losses calculated from reference value [Vaccari et al. 2024],https://www.sciencedirect.com/science/article/pii/S0921344924002374,mechanical,OBS
823,2,Breaking and separating,ProcessLvl1,mechanical recovery processes,Fragmentation,BATT_LIBToMechanical4,ComponentLvl2,batteryCellCasing2,BATT_Losses_mechRecLIB4,MaterialLvl1,AlAndAlAlloys,0.062238000000000016,,±5%,OBS,2010,1.0,calc,Losses calculated from reference value [Vaccari et al. 2024],https://www.sciencedirect.com/science/article/pii/S0921344924002374,mechanical,OBS
824,2,Breaking and separating,ProcessLvl1,mechanical recovery processes,Fragmentation,BATT_LIBToMechanical4,ComponentLvl2,batteryCellCasing2,BATT_Losses_mechRecLIB4,MaterialLvl1,ferrousMetals1,0.062238000000000016,,±5%,OBS,2010,1.0,calc,Losses calculated from reference value [Vaccari et al. 2024],https://www.sciencedirect.com/science/article/pii/S0921344924002374,mechanical,OBS
825,2,Breaking and separating,ProcessLvl1,mechanical recovery processes,Fragmentation,BATT_LIBToMechanical4,ComponentLvl2,batteryCellCasing2,BATT_Losses_mechRecLIB4,ElementLvl1,Fe,0.062238000000000016,,±5%,OBS,2010,1.0,calc,Losses calculated from reference value [Vaccari et al. 2024],https://www.sciencedirect.com/science/article/pii/S0921344924002374,mechanical,OBS
826,2,Breaking and separating,ProcessLvl1,mechanical recovery processes,Fragmentation,BATT_LIBToMechanical4,ComponentLvl2,currentCollectorCathode,BATT_Losses_mechRecLIB4,ElementLvl1,Al,0.16291551876,,±5%,OBS,2010,1.0,calc,Losses calculated from reference value [Vaccari et al. 2024],https://www.sciencedirect.com/science/article/pii/S0921344924002374,mechanical,OBS
827,2,Breaking and separating,ProcessLvl1,mechanical recovery processes,Fragmentation,BATT_LIBToMechanical4,ComponentLvl2,currentCollectorAnode,BATT_Losses_mechRecLIB4,ElementLvl1,Cu,0.10357333211999997,,±5%,OBS,2010,1.0,calc,Losses calculated from reference value [Vaccari et al. 2024],https://www.sciencedirect.com/science/article/pii/S0921344924002374,mechanical,OBS
828,4,Hydrometallurgy (Leaching/SolventExtraction/Priciptation&Crystallization),ProcessLvl3,hydrometallurgy batteries,Transformation,BATT_LIBAlloyToHydro4,,,BATT_Losses_chemRecLIB4,ElementLvl1,Co,0.20584000000000002,,±5%,OBS,2010,1.0,calc,"[Hämmer and Wambach, 2024]",https://www.mdpi.com/2071-1050/16/19/8726 and https://www.sciencedirect.com/science/article/pii/S1383586622021153?via%3Dihub,hydro,OBS
829,4,Hydrometallurgy (Leaching/SolventExtraction/Priciptation&Crystallization),ProcessLvl3,hydrometallurgy batteries,Transformation,BATT_LIBAlloyToHydro4,,,BATT_Losses_chemRecLIB4,ElementLvl1,Ni,0.08782000000000001,,±5%,OBS,2010,1.0,calc,"[Hämmer and Wambach, 2024]",https://www.mdpi.com/2071-1050/16/19/8726 and https://www.sciencedirect.com/science/article/pii/S1383586622021153?via%3Dihub,hydro,OBS
830,2,Breaking and separating,ProcessLvl1,mechanical recovery processes,Fragmentation,BATT_LIBToMechanical4,ComponentLvl2,anodeActiveMaterial,BATT_Losses_LIBBlackMassToPyro4,ElementLvl1,C,0.14747018999999995,,±5%,BAU,2025,1.0,calc,Losses calculated from reference value [Vaccari et al. 2024],https://www.sciencedirect.com/science/article/pii/S0921344924002374,mechanical,BAU
831,2,Breaking and separating,ProcessLvl1,mechanical recovery processes,Fragmentation,BATT_LIBToMechanical4,ComponentLvl2,cathodeActiveMaterial,BATT_Losses_LIBBlackMassToPyro4,ElementLvl1,Al,0.14747018999999995,,±5%,BAU,2025,1.0,calc,Losses calculated from reference value [Vaccari et al. 2024],https://www.sciencedirect.com/science/article/pii/S0921344924002374,mechanical,BAU
832,2,Breaking and separating,ProcessLvl1,mechanical recovery processes,Fragmentation,BATT_LIBToMechanical4,ComponentLvl2,cathodeActiveMaterial,BATT_Losses_LIBBlackMassToPyro4,ElementLvl1,Cl,0.14747018999999995,,±5%,BAU,2025,1.0,calc,Losses calculated from reference value [Vaccari et al. 2024],https://www.sciencedirect.com/science/article/pii/S0921344924002374,mechanical,BAU
833,2,Breaking and separating,ProcessLvl1,mechanical recovery processes,Fragmentation,BATT_LIBToMechanical4,ComponentLvl2,cathodeActiveMaterial,BATT_Losses_LIBBlackMassToPyro4,ElementLvl1,Co,0.14747018999999995,,±5%,BAU,2025,1.0,calc,Losses calculated from reference value [Vaccari et al. 2024],https://www.sciencedirect.com/science/article/pii/S0921344924002374,mechanical,BAU
834,2,Breaking and separating,ProcessLvl1,mechanical recovery processes,Fragmentation,BATT_LIBToMechanical4,ComponentLvl2,cathodeActiveMaterial,BATT_Losses_LIBBlackMassToPyro4,ElementLvl1,Fe,0.14747018999999995,,±5%,BAU,2025,1.0,calc,Losses calculated from reference value [Vaccari et al. 2024],https://www.sciencedirect.com/science/article/pii/S0921344924002374,mechanical,BAU
835,2,Breaking and separating,ProcessLvl1,mechanical recovery processes,Fragmentation,BATT_LIBToMechanical4,ComponentLvl2,cathodeActiveMaterial,BATT_Losses_LIBBlackMassToPyro4,ElementLvl1,Li,0.14747018999999995,,±5%,BAU,2025,1.0,calc,Losses calculated from reference value [Vaccari et al. 2024],https://www.sciencedirect.com/science/article/pii/S0921344924002374,mechanical,BAU
836,2,Breaking and separating,ProcessLvl1,mechanical recovery processes,Fragmentation,BATT_LIBToMechanical4,ComponentLvl2,cathodeActiveMaterial,BATT_Losses_LIBBlackMassToPyro4,ElementLvl1,Mn,0.14747018999999995,,±5%,BAU,2025,1.0,calc,Losses calculated from reference value [Vaccari et al. 2024],https://www.sciencedirect.com/science/article/pii/S0921344924002374,mechanical,BAU
837,2,Breaking and separating,ProcessLvl1,mechanical recovery processes,Fragmentation,BATT_LIBToMechanical4,ComponentLvl2,cathodeActiveMaterial,BATT_Losses_LIBBlackMassToPyro4,ElementLvl1,Ni,0.14747018999999995,,±5%,BAU,2025,1.0,calc,Losses calculated from reference value [Vaccari et al. 2024],https://www.sciencedirect.com/science/article/pii/S0921344924002374,mechanical,BAU
838,2,Breaking and separating,ProcessLvl1,mechanical recovery processes,Fragmentation,BATT_LIBToMechanical4,ComponentLvl2,cathodeActiveMaterial,BATT_Losses_LIBBlackMassToPyro4,ElementLvl1,O,0.14747018999999995,,±5%,BAU,2025,1.0,calc,Losses calculated from reference value [Vaccari et al. 2024],https://www.sciencedirect.com/science/article/pii/S0921344924002374,mechanical,BAU
839,2,Breaking and separating,ProcessLvl1,mechanical recovery processes,Fragmentation,BATT_LIBToMechanical4,ComponentLvl2,cathodeActiveMaterial,BATT_Losses_LIBBlackMassToPyro4,ElementLvl1,P,0.14747018999999995,,±5%,BAU,2025,1.0,calc,Losses calculated from reference value [Vaccari et al. 2024],https://www.sciencedirect.com/science/article/pii/S0921344924002374,mechanical,BAU
840,2,Breaking and separating,ProcessLvl1,mechanical recovery processes,Fragmentation,BATT_LIBToMechanical4,ComponentLvl2,cathodeActiveMaterial,BATT_Losses_LIBBlackMassToPyro4,ElementLvl1,S,0.14747018999999995,,±5%,BAU,2025,1.0,calc,Losses calculated from reference value [Vaccari et al. 2024],https://www.sciencedirect.com/science/article/pii/S0921344924002374,mechanical,BAU
841,2,Breaking and separating,ProcessLvl1,mechanical recovery processes,Fragmentation,BATT_LIBToMechanical4,ComponentLvl2,batteryCellCasing2,BATT_Losses_mechRecLIB4,MaterialLvl1,AlAndAlAlloys,0.062238000000000016,,±5%,BAU,2025,1.0,calc,Losses calculated from reference value [Vaccari et al. 2024],https://www.sciencedirect.com/science/article/pii/S0921344924002374,mechanical,BAU
842,2,Breaking and separating,ProcessLvl1,mechanical recovery processes,Fragmentation,BATT_LIBToMechanical4,ComponentLvl2,batteryCellCasing2,BATT_Losses_mechRecLIB4,MaterialLvl1,ferrousMetals1,0.062238000000000016,,±5%,BAU,2025,1.0,calc,Losses calculated from reference value [Vaccari et al. 2024],https://www.sciencedirect.com/science/article/pii/S0921344924002374,mechanical,BAU
843,2,Breaking and separating,ProcessLvl1,mechanical recovery processes,Fragmentation,BATT_LIBToMechanical4,ComponentLvl2,batteryCellCasing2,BATT_Losses_mechRecLIB4,ElementLvl1,Fe,0.062238000000000016,,±5%,BAU,2025,1.0,calc,Losses calculated from reference value [Vaccari et al. 2024],https://www.sciencedirect.com/science/article/pii/S0921344924002374,mechanical,BAU
844,2,Breaking and separating,ProcessLvl1,mechanical recovery processes,Fragmentation,BATT_LIBToMechanical4,ComponentLvl2,currentCollectorCathode,BATT_Losses_mechRecLIB4,ElementLvl1,Al,0.16291551876,,±5%,BAU,2025,1.0,calc,Losses calculated from reference value [Vaccari et al. 2024],https://www.sciencedirect.com/science/article/pii/S0921344924002374,mechanical,BAU
845,2,Breaking and separating,ProcessLvl1,mechanical recovery processes,Fragmentation,BATT_LIBToMechanical4,ComponentLvl2,currentCollectorAnode,BATT_Losses_mechRecLIB4,ElementLvl1,Cu,0.10357333211999997,,±5%,BAU,2025,1.0,calc,Losses calculated from reference value [Vaccari et al. 2024],https://www.sciencedirect.com/science/article/pii/S0921344924002374,mechanical,BAU
846,4,Hydrometallurgy (Leaching/SolventExtraction/Priciptation&Crystallization),ProcessLvl3,hydrometallurgy batteries,Transformation,BATT_LIBAlloyToHydro4,,,BATT_Losses_chemRecLIB4,ElementLvl1,Co,0.20584000000000002,,±5%,BAU,2025,1.0,calc,"[Hämmer and Wambach, 2024]",https://www.mdpi.com/2071-1050/16/19/8726 and https://www.sciencedirect.com/science/article/pii/S1383586622021153?via%3Dihub,hydro,BAU
847,4,Hydrometallurgy (Leaching/SolventExtraction/Priciptation&Crystallization),ProcessLvl3,hydrometallurgy batteries,Transformation,BATT_LIBAlloyToHydro4,,,BATT_Losses_chemRecLIB4,ElementLvl1,Ni,0.08782000000000001,,±5%,BAU,2025,1.0,calc,"[Hämmer and Wambach, 2024]",https://www.mdpi.com/2071-1050/16/19/8726 and https://www.sciencedirect.com/science/article/pii/S1383586622021153?via%3Dihub,hydro,BAU
848,2,Breaking and separating,ProcessLvl1,mechanical recovery processes,Fragmentation,BATT_LIBToMechanical4,ComponentLvl2,anodeActiveMaterial,BATT_Losses_LIBBlackMassToPyro4,ElementLvl1,C,0.09999999999999998,,±10%,BAU,2032,2.0,calc,Losses calculated from reference value [Vaccari et al. 2024],https://www.sciencedirect.com/science/article/pii/S0921344924002374,mechanical,BAU
849,2,Breaking and separating,ProcessLvl1,mechanical recovery processes,Fragmentation,BATT_LIBToMechanical4,ComponentLvl2,cathodeActiveMaterial,BATT_Losses_LIBBlackMassToPyro4,ElementLvl1,Al,0.09999999999999998,,±10%,BAU,2032,2.0,calc,Losses calculated from reference value [Vaccari et al. 2024],https://www.sciencedirect.com/science/article/pii/S0921344924002374,mechanical,BAU
850,2,Breaking and separating,ProcessLvl1,mechanical recovery processes,Fragmentation,BATT_LIBToMechanical4,ComponentLvl2,cathodeActiveMaterial,BATT_Losses_LIBBlackMassToPyro4,ElementLvl1,Cl,0.09999999999999998,,±10%,BAU,2032,2.0,calc,Losses calculated from reference value [Vaccari et al. 2024],https://www.sciencedirect.com/science/article/pii/S0921344924002374,mechanical,BAU
851,2,Breaking and separating,ProcessLvl1,mechanical recovery processes,Fragmentation,BATT_LIBToMechanical4,ComponentLvl2,cathodeActiveMaterial,BATT_Losses_LIBBlackMassToPyro4,ElementLvl1,Co,0.09999999999999998,,±10%,BAU,2032,2.0,calc,Losses calculated from reference value [Vaccari et al. 2024],https://www.sciencedirect.com/science/article/pii/S0921344924002374,mechanical,BAU
852,2,Breaking and separating,ProcessLvl1,mechanical recovery processes,Fragmentation,BATT_LIBToMechanical4,ComponentLvl2,cathodeActiveMaterial,BATT_Losses_LIBBlackMassToPyro4,ElementLvl1,Fe,0.09999999999999998,,±10%,BAU,2032,2.0,calc,Losses calculated from reference value [Vaccari et al. 2024],https://www.sciencedirect.com/science/article/pii/S0921344924002374,mechanical,BAU
853,2,Breaking and separating,ProcessLvl1,mechanical recovery processes,Fragmentation,BATT_LIBToMechanical4,ComponentLvl2,cathodeActiveMaterial,BATT_Losses_LIBBlackMassToPyro4,ElementLvl1,Li,0.09999999999999998,,±10%,BAU,2032,2.0,calc,Losses calculated from reference value [Vaccari et al. 2024],https://www.sciencedirect.com/science/article/pii/S0921344924002374,mechanical,BAU
854,2,Breaking and separating,ProcessLvl1,mechanical recovery processes,Fragmentation,BATT_LIBToMechanical4,ComponentLvl2,cathodeActiveMaterial,BATT_Losses_LIBBlackMassToPyro4,ElementLvl1,Mn,0.09999999999999998,,±10%,BAU,2032,2.0,calc,Losses calculated from reference value [Vaccari et al. 2024],https://www.sciencedirect.com/science/article/pii/S0921344924002374,mechanical,BAU
855,2,Breaking and separating,ProcessLvl1,mechanical recovery processes,Fragmentation,BATT_LIBToMechanical4,ComponentLvl2,cathodeActiveMaterial,BATT_Losses_LIBBlackMassToPyro4,ElementLvl1,Ni,0.09999999999999998,,±10%,BAU,2032,2.0,calc,Losses calculated from reference value [Vaccari et al. 2024],https://www.sciencedirect.com/science/article/pii/S0921344924002374,mechanical,BAU
856,2,Breaking and separating,ProcessLvl1,mechanical recovery processes,Fragmentation,BATT_LIBToMechanical4,ComponentLvl2,cathodeActiveMaterial,BATT_Losses_LIBBlackMassToPyro4,ElementLvl1,O,0.09999999999999998,,±10%,BAU,2032,2.0,calc,Losses calculated from reference value [Vaccari et al. 2024],https://www.sciencedirect.com/science/article/pii/S0921344924002374,mechanical,BAU
857,2,Breaking and separating,ProcessLvl1,mechanical recovery processes,Fragmentation,BATT_LIBToMechanical4,ComponentLvl2,cathodeActiveMaterial,BATT_Losses_LIBBlackMassToPyro4,ElementLvl1,P,0.09999999999999998,,±10%,BAU,2032,2.0,calc,Losses calculated from reference value [Vaccari et al. 2024],https://www.sciencedirect.com/science/article/pii/S0921344924002374,mechanical,BAU
858,2,Breaking and separating,ProcessLvl1,mechanical recovery processes,Fragmentation,BATT_LIBToMechanical4,ComponentLvl2,cathodeActiveMaterial,BATT_Losses_LIBBlackMassToPyro4,ElementLvl1,S,0.09999999999999998,,±10%,BAU,2032,2.0,calc,Losses calculated from reference value [Vaccari et al. 2024],https://www.sciencedirect.com/science/article/pii/S0921344924002374,mechanical,BAU
859,2,Breaking and separating,ProcessLvl1,mechanical recovery processes,Fragmentation,BATT_LIBToMechanical4,ComponentLvl2,batteryCellCasing2,BATT_Losses_mechRecLIB4,MaterialLvl1,AlAndAlAlloys,0.062238000000000016,,±10%,BAU,2032,2.0,calc,Losses calculated from reference value [Vaccari et al. 2024],https://www.sciencedirect.com/science/article/pii/S0921344924002374,mechanical,BAU
860,2,Breaking and separating,ProcessLvl1,mechanical recovery processes,Fragmentation,BATT_LIBToMechanical4,ComponentLvl2,batteryCellCasing2,BATT_Losses_mechRecLIB4,MaterialLvl1,ferrousMetals1,0.062238000000000016,,±10%,BAU,2032,2.0,calc,Losses calculated from reference value [Vaccari et al. 2024],https://www.sciencedirect.com/science/article/pii/S0921344924002374,mechanical,BAU
861,2,Breaking and separating,ProcessLvl1,mechanical recovery processes,Fragmentation,BATT_LIBToMechanical4,ComponentLvl2,batteryCellCasing2,BATT_Losses_mechRecLIB4,ElementLvl1,Fe,0.062238000000000016,,±10%,BAU,2032,2.0,calc,Losses calculated from reference value [Vaccari et al. 2024],https://www.sciencedirect.com/science/article/pii/S0921344924002374,mechanical,BAU
862,2,Breaking and separating,ProcessLvl1,mechanical recovery processes,Fragmentation,BATT_LIBToMechanical4,ComponentLvl2,currentCollectorCathode,BATT_Losses_mechRecLIB4,ElementLvl1,Al,0.16291551876,,±10%,BAU,2032,2.0,calc,Losses calculated from reference value [Vaccari et al. 2024],https://www.sciencedirect.com/science/article/pii/S0921344924002374,mechanical,BAU
863,2,Breaking and separating,ProcessLvl1,mechanical recovery processes,Fragmentation,BATT_LIBToMechanical4,ComponentLvl2,currentCollectorAnode,BATT_Losses_mechRecLIB4,ElementLvl1,Cu,0.09999999999999998,,±10%,BAU,2032,2.0,calc,Losses calculated from reference value [Vaccari et al. 2024],https://www.sciencedirect.com/science/article/pii/S0921344924002374,mechanical,BAU
864,4,Hydrometallurgy (Leaching/SolventExtraction/Priciptation&Crystallization),ProcessLvl3,hydrometallurgy batteries,Transformation,BATT_LIBAlloyToHydro4,,,BATT_Losses_chemRecLIB4,ElementLvl1,Co,0.050000000000000044,,±10%,BAU,2032,2.0,calc,"[Hämmer and Wambach, 2024]",https://www.mdpi.com/2071-1050/16/19/8726 and https://www.sciencedirect.com/science/article/pii/S1383586622021153?via%3Dihub,hydro,BAU
865,4,Hydrometallurgy (Leaching/SolventExtraction/Priciptation&Crystallization),ProcessLvl3,hydrometallurgy batteries,Transformation,BATT_LIBAlloyToHydro4,,,BATT_Losses_chemRecLIB4,ElementLvl1,Ni,0.08779999999999999,,±10%,BAU,2032,2.0,calc,"[Hämmer and Wambach, 2024]",https://www.mdpi.com/2071-1050/16/19/8726 and https://www.sciencedirect.com/science/article/pii/S1383586622021153?via%3Dihub,hydro,BAU
866,2,Breaking and separating,ProcessLvl1,mechanical recovery processes,Fragmentation,BATT_LIBToMechanical4,ComponentLvl2,anodeActiveMaterial,BATT_Losses_LIBBlackMassToPyro4,ElementLvl1,C,0.050000000000000044,,±15%,BAU,2050,2.5,calc,Losses calculated from reference value [Vaccari et al. 2024],https://www.sciencedirect.com/science/article/pii/S0921344924002374,mechanical,BAU
867,2,Breaking and separating,ProcessLvl1,mechanical recovery processes,Fragmentation,BATT_LIBToMechanical4,ComponentLvl2,cathodeActiveMaterial,BATT_Losses_LIBBlackMassToPyro4,ElementLvl1,Al,0.050000000000000044,,±15%,BAU,2050,2.5,calc,Losses calculated from reference value [Vaccari et al. 2024],https://www.sciencedirect.com/science/article/pii/S0921344924002374,mechanical,BAU
868,2,Breaking and separating,ProcessLvl1,mechanical recovery processes,Fragmentation,BATT_LIBToMechanical4,ComponentLvl2,cathodeActiveMaterial,BATT_Losses_LIBBlackMassToPyro4,ElementLvl1,Cl,0.050000000000000044,,±15%,BAU,2050,2.5,calc,Losses calculated from reference value [Vaccari et al. 2024],https://www.sciencedirect.com/science/article/pii/S0921344924002374,mechanical,BAU
869,2,Breaking and separating,ProcessLvl1,mechanical recovery processes,Fragmentation,BATT_LIBToMechanical4,ComponentLvl2,cathodeActiveMaterial,BATT_Losses_LIBBlackMassToPyro4,ElementLvl1,Co,0.050000000000000044,,±15%,BAU,2050,2.5,calc,Losses calculated from reference value [Vaccari et al. 2024],https://www.sciencedirect.com/science/article/pii/S0921344924002374,mechanical,BAU
870,2,Breaking and separating,ProcessLvl1,mechanical recovery processes,Fragmentation,BATT_LIBToMechanical4,ComponentLvl2,cathodeActiveMaterial,BATT_Losses_LIBBlackMassToPyro4,ElementLvl1,Fe,0.050000000000000044,,±15%,BAU,2050,2.5,calc,Losses calculated from reference value [Vaccari et al. 2024],https://www.sciencedirect.com/science/article/pii/S0921344924002374,mechanical,BAU
871,2,Breaking and separating,ProcessLvl1,mechanical recovery processes,Fragmentation,BATT_LIBToMechanical4,ComponentLvl2,cathodeActiveMaterial,BATT_Losses_LIBBlackMassToPyro4,ElementLvl1,Li,0.050000000000000044,,±15%,BAU,2050,2.5,calc,Losses calculated from reference value [Vaccari et al. 2024],https://www.sciencedirect.com/science/article/pii/S0921344924002374,mechanical,BAU
872,2,Breaking and separating,ProcessLvl1,mechanical recovery processes,Fragmentation,BATT_LIBToMechanical4,ComponentLvl2,cathodeActiveMaterial,BATT_Losses_LIBBlackMassToPyro4,ElementLvl1,Mn,0.050000000000000044,,±15%,BAU,2050,2.5,calc,Losses calculated from reference value [Vaccari et al. 2024],https://www.sciencedirect.com/science/article/pii/S0921344924002374,mechanical,BAU
873,2,Breaking and separating,ProcessLvl1,mechanical recovery processes,Fragmentation,BATT_LIBToMechanical4,ComponentLvl2,cathodeActiveMaterial,BATT_Losses_LIBBlackMassToPyro4,ElementLvl1,Ni,0.050000000000000044,,±15%,BAU,2050,2.5,calc,Losses calculated from reference value [Vaccari et al. 2024],https://www.sciencedirect.com/science/article/pii/S0921344924002374,mechanical,BAU
874,2,Breaking and separating,ProcessLvl1,mechanical recovery processes,Fragmentation,BATT_LIBToMechanical4,ComponentLvl2,cathodeActiveMaterial,BATT_Losses_LIBBlackMassToPyro4,ElementLvl1,O,0.050000000000000044,,±15%,BAU,2050,2.5,calc,Losses calculated from reference value [Vaccari et al. 2024],https://www.sciencedirect.com/science/article/pii/S0921344924002374,mechanical,BAU
875,2,Breaking and separating,ProcessLvl1,mechanical recovery processes,Fragmentation,BATT_LIBToMechanical4,ComponentLvl2,cathodeActiveMaterial,BATT_Losses_LIBBlackMassToPyro4,ElementLvl1,P,0.050000000000000044,,±15%,BAU,2050,2.5,calc,Losses calculated from reference value [Vaccari et al. 2024],https://www.sciencedirect.com/science/article/pii/S0921344924002374,mechanical,BAU
876,2,Breaking and separating,ProcessLvl1,mechanical recovery processes,Fragmentation,BATT_LIBToMechanical4,ComponentLvl2,cathodeActiveMaterial,BATT_Losses_LIBBlackMassToPyro4,ElementLvl1,S,0.050000000000000044,,±15%,BAU,2050,2.5,calc,Losses calculated from reference value [Vaccari et al. 2024],https://www.sciencedirect.com/science/article/pii/S0921344924002374,mechanical,BAU
877,2,Breaking and separating,ProcessLvl1,mechanical recovery processes,Fragmentation,BATT_LIBToMechanical4,ComponentLvl2,batteryCellCasing2,BATT_Losses_mechRecLIB4,MaterialLvl1,AlAndAlAlloys,0.062238000000000016,,±15%,BAU,2050,2.5,calc,Losses calculated from reference value [Vaccari et al. 2024],https://www.sciencedirect.com/science/article/pii/S0921344924002374,mechanical,BAU
878,2,Breaking and separating,ProcessLvl1,mechanical recovery processes,Fragmentation,BATT_LIBToMechanical4,ComponentLvl2,batteryCellCasing2,BATT_Losses_mechRecLIB4,MaterialLvl1,ferrousMetals1,0.062238000000000016,,±15%,BAU,2050,2.5,calc,Losses calculated from reference value [Vaccari et al. 2024],https://www.sciencedirect.com/science/article/pii/S0921344924002374,mechanical,BAU
879,2,Breaking and separating,ProcessLvl1,mechanical recovery processes,Fragmentation,BATT_LIBToMechanical4,ComponentLvl2,batteryCellCasing2,BATT_Losses_mechRecLIB4,ElementLvl1,Fe,0.062238000000000016,,±15%,BAU,2050,2.5,calc,Losses calculated from reference value [Vaccari et al. 2024],https://www.sciencedirect.com/science/article/pii/S0921344924002374,mechanical,BAU
880,2,Breaking and separating,ProcessLvl1,mechanical recovery processes,Fragmentation,BATT_LIBToMechanical4,ComponentLvl2,currentCollectorCathode,BATT_Losses_mechRecLIB4,ElementLvl1,Al,0.16291551876,,±15%,BAU,2050,2.5,calc,Losses calculated from reference value [Vaccari et al. 2024],https://www.sciencedirect.com/science/article/pii/S0921344924002374,mechanical,BAU
881,2,Breaking and separating,ProcessLvl1,mechanical recovery processes,Fragmentation,BATT_LIBToMechanical4,ComponentLvl2,currentCollectorAnode,BATT_Losses_mechRecLIB4,ElementLvl1,Cu,0.09999999999999998,,±15%,BAU,2050,2.5,calc,Losses calculated from reference value [Vaccari et al. 2024],https://www.sciencedirect.com/science/article/pii/S0921344924002374,mechanical,BAU
882,4,Hydrometallurgy (Leaching/SolventExtraction/Priciptation&Crystallization),ProcessLvl3,hydrometallurgy batteries,Transformation,BATT_LIBAlloyToHydro4,,,BATT_Losses_chemRecLIB4,ElementLvl1,Co,0.010000000000000009,,±15%,BAU,2050,2.5,calc,"[Hämmer and Wambach, 2024]",https://www.mdpi.com/2071-1050/16/19/8726 and https://www.sciencedirect.com/science/article/pii/S1383586622021153?via%3Dihub,hydro,BAU
883,4,Hydrometallurgy (Leaching/SolventExtraction/Priciptation&Crystallization),ProcessLvl3,hydrometallurgy batteries,Transformation,BATT_LIBAlloyToHydro4,,,BATT_Losses_chemRecLIB4,ElementLvl1,Ni,0.040000000000000036,,±15%,BAU,2050,2.5,calc,"[Hämmer and Wambach, 2024]",https://www.mdpi.com/2071-1050/16/19/8726 and https://www.sciencedirect.com/science/article/pii/S1383586622021153?via%3Dihub,hydro,BAU
884,1,Breaking and separating,ProcessLvl1,mechanical recovery processes,Fragmentation,BATT_LIBToDirectRecycling,ComponentLvl2,anodeActiveMaterial,BATT_AAMToRegeneration,MaterialLvl4,graphite4,0.9869,,±10%,BAU/REC/CIR,2022,2.0,meas,[Lu et al. 2022],https://pdf.sciencedirectassets.com/271948/1-s2.0-S1383586622X00130/1-s2.0-S1383586622010425/main.pdf?X-Amz-Security-Token=IQoJb3JpZ2luX2VjEKT%2F%2F%2F%2F%2F%2F%2F%2F%2F%2FwEaCXVzLWVhc3QtMSJHMEUCIEJIwFTrfhiHy4RQEG43Ef5W4KP%2Fse9AQ1OdO34QqdK5AiEAy47aDhnC8ww3TSpa35ofk47tCY%2BhM0qnDNDWjCsFNggqvAUIjP%2F%2F%2F%2F%2F%2F%2F%2F%2F%2FARAFGgwwNTkwMDM1NDY4NjUiDAW9S4rXVbjwJcBTCyqQBSLPjAQv%2FDPPlAhe3wkqk9NnxQ9U2YXt%2BhLHQ65I4vWCwbPv3lmbH4gN4XZss9CBLidyT%2B5nj6oCE0HKqS2%2B3y6MTpiYVfnkTjNJG4cjjdslK%2Fr5t1LxEOkwieatxi79Kut%2BfWlCuAjv%2BLKNAIOYlEG9e1oxsB7ilaen54ergFnZ4eQT2mkPxpKHRu6POLogMlbu0HZTsdC%2BYpxxtPVzQH1r%2FSvAjUi%2BVJdX0R1%2FEXo48XklrU8nicXes6yBtSIzcQpkCfLq3lfSqP4Px0LzyhiVDKEkf%2FFuX5QwRbfIpO8gnjHt5haNHOJphHznd2ngVUmg%2F7QW694canx1w14YrD%2FSIzBUNh5Xx%2BTlFmQt4wpKb8fHKTUldTgf2ranVHoi4PNLasflyFQttL7GTyHFpfNW7%2FygIBKXiLgPmFDNxxqLase6JGx3Yc3wazvuJebgxRm4tYHmCRzBsMEn8cBJ5lL5m4%2FoTBSXOqrFrcjm%2B%2BYMAKgn5g%2FpigE5AHUu19gqvk7RYguaPb%2BpsUlC576isxeJzOCum3urQQ7k3DFmETVYHLVaT5FdvzFGeXzf5vWIohHA5HhnuNa4MP98o6v%2FZ7stgZ%2BhxUMDmMw3Ks1WRpzKIHfmDcMRYe840v%2FNek8T4x8UYy%2F6%2Fynx%2Br%2F3iltAMqcy%2FcO2t73c6lrraUop30i1ZQmPI9Ufu4gBkrjd4y8JAN12E8LloDnj4aml%2FBMdiZXseeJGFrPijlxODraP6qHfuZmlD0SQvl1qVtWfZofXsgaNa%2FeeoSLd8aw1HptcQ524lFXYHpwpYeLsaCuZShspFkyW85LG8raNdbWtP6EQ2PqrZydY8BSjKH19OPjOR4WO4VxWaOxQd5iBwZ%2FYlrk9MObd%2FrsGOrEB9ST5E8PCfp1ygrZywaU7InAkOiJGXe%2BHJ5Wfqx5gyQM%2BgN8pHyLck123LgcDih2Kdcrc4GRvu1jPfiO0FDJA%2FA2V8lgCYy82h8b%2Fw9DHMMzpHKFpqnEtqV5rMXH6ioSCzjxzDzHb9Hx4gJdgGM8b2wKQCnr2nVSrZ6frmVBt1mUP1yZFRXhGGf4NPuYMlO8b1qi2cWt2NyT7%2F0OLYYK4%2BD2swAtNm%2BMMOZ41qOGbZN6c&X-Amz-Algorithm=AWS4-HMAC-SHA256&X-Amz-Date=20250109T115709Z&X-Amz-SignedHeaders=host&X-Amz-Expires=300&X-Amz-Credential=ASIAQ3PHCVTY5INGZQLN%2F20250109%2Fus-east-1%2Fs3%2Faws4_request&X-Amz-Signature=4bdf060a61048b1e0fb23a9e2bdf9d0ebd8a2a905d543cc7d8bb6f13107a076e&hash=c52de67f5feb0c27d968488c1cbadadf9d6bb1f56ee7deaac3a7dea9595e43e7&host=68042c943591013ac2b2430a89b270f6af2c76d8dfd086a07176afe7c76c2c61&pii=S1383586622010425&tid=spdf-50627f0d-c503-4269-a04b-2fd536fd2062&sid=31e1de1925ff154c6e48aed-834933ca4474gxrqb&type=client&tsoh=d3d3LnNjaWVuY2VkaXJlY3QuY29t&ua=02055e0200565c035b57&rr=8ff43f84190fdbc5&cc=de,mechanical,BAU/REC/CIR
885,1,Breaking and separating,ProcessLvl1,mechanical recovery processes,Fragmentation,BATT_LIBToDirectRecycling,ComponentLvl2,cathodeActiveMaterial,BATT_CAMToRegeneration,ElementLvl1,Fe,0.9869,,±10%,BAU/REC/CIR,2022,2.0,meas,[Lu et al. 2022],https://pdf.sciencedirectassets.com/271948/1-s2.0-S1383586622X00130/1-s2.0-S1383586622010425/main.pdf?X-Amz-Security-Token=IQoJb3JpZ2luX2VjEKT%2F%2F%2F%2F%2F%2F%2F%2F%2F%2FwEaCXVzLWVhc3QtMSJHMEUCIEJIwFTrfhiHy4RQEG43Ef5W4KP%2Fse9AQ1OdO34QqdK5AiEAy47aDhnC8ww3TSpa35ofk47tCY%2BhM0qnDNDWjCsFNggqvAUIjP%2F%2F%2F%2F%2F%2F%2F%2F%2F%2FARAFGgwwNTkwMDM1NDY4NjUiDAW9S4rXVbjwJcBTCyqQBSLPjAQv%2FDPPlAhe3wkqk9NnxQ9U2YXt%2BhLHQ65I4vWCwbPv3lmbH4gN4XZss9CBLidyT%2B5nj6oCE0HKqS2%2B3y6MTpiYVfnkTjNJG4cjjdslK%2Fr5t1LxEOkwieatxi79Kut%2BfWlCuAjv%2BLKNAIOYlEG9e1oxsB7ilaen54ergFnZ4eQT2mkPxpKHRu6POLogMlbu0HZTsdC%2BYpxxtPVzQH1r%2FSvAjUi%2BVJdX0R1%2FEXo48XklrU8nicXes6yBtSIzcQpkCfLq3lfSqP4Px0LzyhiVDKEkf%2FFuX5QwRbfIpO8gnjHt5haNHOJphHznd2ngVUmg%2F7QW694canx1w14YrD%2FSIzBUNh5Xx%2BTlFmQt4wpKb8fHKTUldTgf2ranVHoi4PNLasflyFQttL7GTyHFpfNW7%2FygIBKXiLgPmFDNxxqLase6JGx3Yc3wazvuJebgxRm4tYHmCRzBsMEn8cBJ5lL5m4%2FoTBSXOqrFrcjm%2B%2BYMAKgn5g%2FpigE5AHUu19gqvk7RYguaPb%2BpsUlC576isxeJzOCum3urQQ7k3DFmETVYHLVaT5FdvzFGeXzf5vWIohHA5HhnuNa4MP98o6v%2FZ7stgZ%2BhxUMDmMw3Ks1WRpzKIHfmDcMRYe840v%2FNek8T4x8UYy%2F6%2Fynx%2Br%2F3iltAMqcy%2FcO2t73c6lrraUop30i1ZQmPI9Ufu4gBkrjd4y8JAN12E8LloDnj4aml%2FBMdiZXseeJGFrPijlxODraP6qHfuZmlD0SQvl1qVtWfZofXsgaNa%2FeeoSLd8aw1HptcQ524lFXYHpwpYeLsaCuZShspFkyW85LG8raNdbWtP6EQ2PqrZydY8BSjKH19OPjOR4WO4VxWaOxQd5iBwZ%2FYlrk9MObd%2FrsGOrEB9ST5E8PCfp1ygrZywaU7InAkOiJGXe%2BHJ5Wfqx5gyQM%2BgN8pHyLck123LgcDih2Kdcrc4GRvu1jPfiO0FDJA%2FA2V8lgCYy82h8b%2Fw9DHMMzpHKFpqnEtqV5rMXH6ioSCzjxzDzHb9Hx4gJdgGM8b2wKQCnr2nVSrZ6frmVBt1mUP1yZFRXhGGf4NPuYMlO8b1qi2cWt2NyT7%2F0OLYYK4%2BD2swAtNm%2BMMOZ41qOGbZN6c&X-Amz-Algorithm=AWS4-HMAC-SHA256&X-Amz-Date=20250109T115709Z&X-Amz-SignedHeaders=host&X-Amz-Expires=300&X-Amz-Credential=ASIAQ3PHCVTY5INGZQLN%2F20250109%2Fus-east-1%2Fs3%2Faws4_request&X-Amz-Signature=4bdf060a61048b1e0fb23a9e2bdf9d0ebd8a2a905d543cc7d8bb6f13107a076e&hash=c52de67f5feb0c27d968488c1cbadadf9d6bb1f56ee7deaac3a7dea9595e43e7&host=68042c943591013ac2b2430a89b270f6af2c76d8dfd086a07176afe7c76c2c61&pii=S1383586622010425&tid=spdf-50627f0d-c503-4269-a04b-2fd536fd2062&sid=31e1de1925ff154c6e48aed-834933ca4474gxrqb&type=client&tsoh=d3d3LnNjaWVuY2VkaXJlY3QuY29t&ua=02055e0200565c035b57&rr=8ff43f84190fdbc5&cc=de,mechanical,BAU/REC/CIR
886,1,Breaking and separating,ProcessLvl1,mechanical recovery processes,Fragmentation,BATT_LIBToDirectRecycling,ComponentLvl2,cathodeActiveMaterial,BATT_CAMToRegeneration,ElementLvl1,P,0.9869,,±10%,BAU/REC/CIR,2022,2.0,meas,[Lu et al. 2022],https://pdf.sciencedirectassets.com/271948/1-s2.0-S1383586622X00130/1-s2.0-S1383586622010425/main.pdf?X-Amz-Security-Token=IQoJb3JpZ2luX2VjEKT%2F%2F%2F%2F%2F%2F%2F%2F%2F%2FwEaCXVzLWVhc3QtMSJHMEUCIEJIwFTrfhiHy4RQEG43Ef5W4KP%2Fse9AQ1OdO34QqdK5AiEAy47aDhnC8ww3TSpa35ofk47tCY%2BhM0qnDNDWjCsFNggqvAUIjP%2F%2F%2F%2F%2F%2F%2F%2F%2F%2FARAFGgwwNTkwMDM1NDY4NjUiDAW9S4rXVbjwJcBTCyqQBSLPjAQv%2FDPPlAhe3wkqk9NnxQ9U2YXt%2BhLHQ65I4vWCwbPv3lmbH4gN4XZss9CBLidyT%2B5nj6oCE0HKqS2%2B3y6MTpiYVfnkTjNJG4cjjdslK%2Fr5t1LxEOkwieatxi79Kut%2BfWlCuAjv%2BLKNAIOYlEG9e1oxsB7ilaen54ergFnZ4eQT2mkPxpKHRu6POLogMlbu0HZTsdC%2BYpxxtPVzQH1r%2FSvAjUi%2BVJdX0R1%2FEXo48XklrU8nicXes6yBtSIzcQpkCfLq3lfSqP4Px0LzyhiVDKEkf%2FFuX5QwRbfIpO8gnjHt5haNHOJphHznd2ngVUmg%2F7QW694canx1w14YrD%2FSIzBUNh5Xx%2BTlFmQt4wpKb8fHKTUldTgf2ranVHoi4PNLasflyFQttL7GTyHFpfNW7%2FygIBKXiLgPmFDNxxqLase6JGx3Yc3wazvuJebgxRm4tYHmCRzBsMEn8cBJ5lL5m4%2FoTBSXOqrFrcjm%2B%2BYMAKgn5g%2FpigE5AHUu19gqvk7RYguaPb%2BpsUlC576isxeJzOCum3urQQ7k3DFmETVYHLVaT5FdvzFGeXzf5vWIohHA5HhnuNa4MP98o6v%2FZ7stgZ%2BhxUMDmMw3Ks1WRpzKIHfmDcMRYe840v%2FNek8T4x8UYy%2F6%2Fynx%2Br%2F3iltAMqcy%2FcO2t73c6lrraUop30i1ZQmPI9Ufu4gBkrjd4y8JAN12E8LloDnj4aml%2FBMdiZXseeJGFrPijlxODraP6qHfuZmlD0SQvl1qVtWfZofXsgaNa%2FeeoSLd8aw1HptcQ524lFXYHpwpYeLsaCuZShspFkyW85LG8raNdbWtP6EQ2PqrZydY8BSjKH19OPjOR4WO4VxWaOxQd5iBwZ%2FYlrk9MObd%2FrsGOrEB9ST5E8PCfp1ygrZywaU7InAkOiJGXe%2BHJ5Wfqx5gyQM%2BgN8pHyLck123LgcDih2Kdcrc4GRvu1jPfiO0FDJA%2FA2V8lgCYy82h8b%2Fw9DHMMzpHKFpqnEtqV5rMXH6ioSCzjxzDzHb9Hx4gJdgGM8b2wKQCnr2nVSrZ6frmVBt1mUP1yZFRXhGGf4NPuYMlO8b1qi2cWt2NyT7%2F0OLYYK4%2BD2swAtNm%2BMMOZ41qOGbZN6c&X-Amz-Algorithm=AWS4-HMAC-SHA256&X-Amz-Date=20250109T115709Z&X-Amz-SignedHeaders=host&X-Amz-Expires=300&X-Amz-Credential=ASIAQ3PHCVTY5INGZQLN%2F20250109%2Fus-east-1%2Fs3%2Faws4_request&X-Amz-Signature=4bdf060a61048b1e0fb23a9e2bdf9d0ebd8a2a905d543cc7d8bb6f13107a076e&hash=c52de67f5feb0c27d968488c1cbadadf9d6bb1f56ee7deaac3a7dea9595e43e7&host=68042c943591013ac2b2430a89b270f6af2c76d8dfd086a07176afe7c76c2c61&pii=S1383586622010425&tid=spdf-50627f0d-c503-4269-a04b-2fd536fd2062&sid=31e1de1925ff154c6e48aed-834933ca4474gxrqb&type=client&tsoh=d3d3LnNjaWVuY2VkaXJlY3QuY29t&ua=02055e0200565c035b57&rr=8ff43f84190fdbc5&cc=de,mechanical,BAU/REC/CIR
887,1,Breaking and separating,ProcessLvl1,mechanical recovery processes,Fragmentation,BATT_LIBToDirectRecycling,ComponentLvl2,cathodeActiveMaterial,BATT_CAMToRegeneration,ElementLvl1,O,0.9869,,±10%,BAU/REC/CIR,2022,2.0,meas,[Lu et al. 2022],https://pdf.sciencedirectassets.com/271948/1-s2.0-S1383586622X00130/1-s2.0-S1383586622010425/main.pdf?X-Amz-Security-Token=IQoJb3JpZ2luX2VjEKT%2F%2F%2F%2F%2F%2F%2F%2F%2F%2FwEaCXVzLWVhc3QtMSJHMEUCIEJIwFTrfhiHy4RQEG43Ef5W4KP%2Fse9AQ1OdO34QqdK5AiEAy47aDhnC8ww3TSpa35ofk47tCY%2BhM0qnDNDWjCsFNggqvAUIjP%2F%2F%2F%2F%2F%2F%2F%2F%2F%2FARAFGgwwNTkwMDM1NDY4NjUiDAW9S4rXVbjwJcBTCyqQBSLPjAQv%2FDPPlAhe3wkqk9NnxQ9U2YXt%2BhLHQ65I4vWCwbPv3lmbH4gN4XZss9CBLidyT%2B5nj6oCE0HKqS2%2B3y6MTpiYVfnkTjNJG4cjjdslK%2Fr5t1LxEOkwieatxi79Kut%2BfWlCuAjv%2BLKNAIOYlEG9e1oxsB7ilaen54ergFnZ4eQT2mkPxpKHRu6POLogMlbu0HZTsdC%2BYpxxtPVzQH1r%2FSvAjUi%2BVJdX0R1%2FEXo48XklrU8nicXes6yBtSIzcQpkCfLq3lfSqP4Px0LzyhiVDKEkf%2FFuX5QwRbfIpO8gnjHt5haNHOJphHznd2ngVUmg%2F7QW694canx1w14YrD%2FSIzBUNh5Xx%2BTlFmQt4wpKb8fHKTUldTgf2ranVHoi4PNLasflyFQttL7GTyHFpfNW7%2FygIBKXiLgPmFDNxxqLase6JGx3Yc3wazvuJebgxRm4tYHmCRzBsMEn8cBJ5lL5m4%2FoTBSXOqrFrcjm%2B%2BYMAKgn5g%2FpigE5AHUu19gqvk7RYguaPb%2BpsUlC576isxeJzOCum3urQQ7k3DFmETVYHLVaT5FdvzFGeXzf5vWIohHA5HhnuNa4MP98o6v%2FZ7stgZ%2BhxUMDmMw3Ks1WRpzKIHfmDcMRYe840v%2FNek8T4x8UYy%2F6%2Fynx%2Br%2F3iltAMqcy%2FcO2t73c6lrraUop30i1ZQmPI9Ufu4gBkrjd4y8JAN12E8LloDnj4aml%2FBMdiZXseeJGFrPijlxODraP6qHfuZmlD0SQvl1qVtWfZofXsgaNa%2FeeoSLd8aw1HptcQ524lFXYHpwpYeLsaCuZShspFkyW85LG8raNdbWtP6EQ2PqrZydY8BSjKH19OPjOR4WO4VxWaOxQd5iBwZ%2FYlrk9MObd%2FrsGOrEB9ST5E8PCfp1ygrZywaU7InAkOiJGXe%2BHJ5Wfqx5gyQM%2BgN8pHyLck123LgcDih2Kdcrc4GRvu1jPfiO0FDJA%2FA2V8lgCYy82h8b%2Fw9DHMMzpHKFpqnEtqV5rMXH6ioSCzjxzDzHb9Hx4gJdgGM8b2wKQCnr2nVSrZ6frmVBt1mUP1yZFRXhGGf4NPuYMlO8b1qi2cWt2NyT7%2F0OLYYK4%2BD2swAtNm%2BMMOZ41qOGbZN6c&X-Amz-Algorithm=AWS4-HMAC-SHA256&X-Amz-Date=20250109T115709Z&X-Amz-SignedHeaders=host&X-Amz-Expires=300&X-Amz-Credential=ASIAQ3PHCVTY5INGZQLN%2F20250109%2Fus-east-1%2Fs3%2Faws4_request&X-Amz-Signature=4bdf060a61048b1e0fb23a9e2bdf9d0ebd8a2a905d543cc7d8bb6f13107a076e&hash=c52de67f5feb0c27d968488c1cbadadf9d6bb1f56ee7deaac3a7dea9595e43e7&host=68042c943591013ac2b2430a89b270f6af2c76d8dfd086a07176afe7c76c2c61&pii=S1383586622010425&tid=spdf-50627f0d-c503-4269-a04b-2fd536fd2062&sid=31e1de1925ff154c6e48aed-834933ca4474gxrqb&type=client&tsoh=d3d3LnNjaWVuY2VkaXJlY3QuY29t&ua=02055e0200565c035b57&rr=8ff43f84190fdbc5&cc=de,mechanical,BAU/REC/CIR
888,1,Breaking and separating,ProcessLvl1,mechanical recovery processes,Fragmentation,BATT_LIBToDirectRecycling,ComponentLvl2,cathodeActiveMaterial,BATT_CAMToRegeneration,ElementLvl1,Li,0.9869,,±10%,BAU/REC/CIR,2022,2.0,meas,[Lu et al. 2022],https://pdf.sciencedirectassets.com/271948/1-s2.0-S1383586622X00130/1-s2.0-S1383586622010425/main.pdf?X-Amz-Security-Token=IQoJb3JpZ2luX2VjEKT%2F%2F%2F%2F%2F%2F%2F%2F%2F%2FwEaCXVzLWVhc3QtMSJHMEUCIEJIwFTrfhiHy4RQEG43Ef5W4KP%2Fse9AQ1OdO34QqdK5AiEAy47aDhnC8ww3TSpa35ofk47tCY%2BhM0qnDNDWjCsFNggqvAUIjP%2F%2F%2F%2F%2F%2F%2F%2F%2F%2FARAFGgwwNTkwMDM1NDY4NjUiDAW9S4rXVbjwJcBTCyqQBSLPjAQv%2FDPPlAhe3wkqk9NnxQ9U2YXt%2BhLHQ65I4vWCwbPv3lmbH4gN4XZss9CBLidyT%2B5nj6oCE0HKqS2%2B3y6MTpiYVfnkTjNJG4cjjdslK%2Fr5t1LxEOkwieatxi79Kut%2BfWlCuAjv%2BLKNAIOYlEG9e1oxsB7ilaen54ergFnZ4eQT2mkPxpKHRu6POLogMlbu0HZTsdC%2BYpxxtPVzQH1r%2FSvAjUi%2BVJdX0R1%2FEXo48XklrU8nicXes6yBtSIzcQpkCfLq3lfSqP4Px0LzyhiVDKEkf%2FFuX5QwRbfIpO8gnjHt5haNHOJphHznd2ngVUmg%2F7QW694canx1w14YrD%2FSIzBUNh5Xx%2BTlFmQt4wpKb8fHKTUldTgf2ranVHoi4PNLasflyFQttL7GTyHFpfNW7%2FygIBKXiLgPmFDNxxqLase6JGx3Yc3wazvuJebgxRm4tYHmCRzBsMEn8cBJ5lL5m4%2FoTBSXOqrFrcjm%2B%2BYMAKgn5g%2FpigE5AHUu19gqvk7RYguaPb%2BpsUlC576isxeJzOCum3urQQ7k3DFmETVYHLVaT5FdvzFGeXzf5vWIohHA5HhnuNa4MP98o6v%2FZ7stgZ%2BhxUMDmMw3Ks1WRpzKIHfmDcMRYe840v%2FNek8T4x8UYy%2F6%2Fynx%2Br%2F3iltAMqcy%2FcO2t73c6lrraUop30i1ZQmPI9Ufu4gBkrjd4y8JAN12E8LloDnj4aml%2FBMdiZXseeJGFrPijlxODraP6qHfuZmlD0SQvl1qVtWfZofXsgaNa%2FeeoSLd8aw1HptcQ524lFXYHpwpYeLsaCuZShspFkyW85LG8raNdbWtP6EQ2PqrZydY8BSjKH19OPjOR4WO4VxWaOxQd5iBwZ%2FYlrk9MObd%2FrsGOrEB9ST5E8PCfp1ygrZywaU7InAkOiJGXe%2BHJ5Wfqx5gyQM%2BgN8pHyLck123LgcDih2Kdcrc4GRvu1jPfiO0FDJA%2FA2V8lgCYy82h8b%2Fw9DHMMzpHKFpqnEtqV5rMXH6ioSCzjxzDzHb9Hx4gJdgGM8b2wKQCnr2nVSrZ6frmVBt1mUP1yZFRXhGGf4NPuYMlO8b1qi2cWt2NyT7%2F0OLYYK4%2BD2swAtNm%2BMMOZ41qOGbZN6c&X-Amz-Algorithm=AWS4-HMAC-SHA256&X-Amz-Date=20250109T115709Z&X-Amz-SignedHeaders=host&X-Amz-Expires=300&X-Amz-Credential=ASIAQ3PHCVTY5INGZQLN%2F20250109%2Fus-east-1%2Fs3%2Faws4_request&X-Amz-Signature=4bdf060a61048b1e0fb23a9e2bdf9d0ebd8a2a905d543cc7d8bb6f13107a076e&hash=c52de67f5feb0c27d968488c1cbadadf9d6bb1f56ee7deaac3a7dea9595e43e7&host=68042c943591013ac2b2430a89b270f6af2c76d8dfd086a07176afe7c76c2c61&pii=S1383586622010425&tid=spdf-50627f0d-c503-4269-a04b-2fd536fd2062&sid=31e1de1925ff154c6e48aed-834933ca4474gxrqb&type=client&tsoh=d3d3LnNjaWVuY2VkaXJlY3QuY29t&ua=02055e0200565c035b57&rr=8ff43f84190fdbc5&cc=de,mechanical,BAU/REC/CIR
889,1,Breaking and separating,ProcessLvl1,mechanical recovery processes,Fragmentation,BATT_LIBToDirectRecycling,ComponentLvl1,batteryCellCasing1,BATT_2RM_DirectRecycling,ElementLvl1,Al,0.98,,±15%,BAU/REC/CIR,2022,2.5,est,"Assumption, no reference",,mechanical,BAU/REC/CIR
890,1,Breaking and separating,ProcessLvl1,mechanical recovery processes,Fragmentation,BATT_LIBToDirectRecycling,ComponentLvl1,batteryCellCasing1,BATT_2RM_DirectRecycling,ElementLvl1,Fe,0.98,,±15%,BAU/REC/CIR,2022,2.5,est,"Assumption, no reference",,mechanical,BAU/REC/CIR
891,1,Breaking and separating,ProcessLvl1,mechanical recovery processes,Fragmentation,BATT_LIBToDirectRecycling,ComponentLvl1,batteryCellCasing1,BATT_2RM_DirectRecycling,MaterialLvl1,ferrousMetals1,0.98,,±15%,BAU/REC/CIR,2022,2.5,est,"Assumption, no reference",,mechanical,BAU/REC/CIR
892,1,Breaking and separating,ProcessLvl1,mechanical recovery processes,Fragmentation,BATT_LIBToDirectRecycling,ComponentLvl1,batteryCellCasing1,BATT_2RM_DirectRecycling,MaterialLvl1,plastics,0.98,,±15%,BAU/REC/CIR,2022,2.5,est,"Assumption, no reference",,mechanical,BAU/REC/CIR
893,1,Breaking and separating,ProcessLvl1,mechanical recovery processes,Fragmentation,BATT_LIBToDirectRecycling,ComponentLvl2,currentCollectorAnode,BATT_2RM_DirectRecycling,ElementLvl1,Cu,1.0,,±10%,BAU/REC/CIR,2022,2.0,meas,[Roy et al. 2024],"(PDF) Direct recycling of Li‐ion batteries from cell to pack level: Challenges and prospects on technology, scalability, sustainability, and economics",mechanical,BAU/REC/CIR
894,1,Breaking and separating,ProcessLvl1,mechanical recovery processes,Fragmentation,BATT_LIBToDirectRecycling,ComponentLvl2,currentCollectorCathode,BATT_2RM_DirectRecycling,ElementLvl1,Al,1.0,,±10%,BAU/REC/CIR,2022,2.0,meas,[Roy et al. 2024],"(PDF) Direct recycling of Li‐ion batteries from cell to pack level: Challenges and prospects on technology, scalability, sustainability, and economics",mechanical,BAU/REC/CIR
895,1,Breaking and separating,ProcessLvl1,mechanical recovery processes,Fragmentation,BATT_LIBToDirectRecycling,ComponentLvl2,batteryCellSeparator2,BATT_2RM_DirectRecycling,MaterialLvl1,plastics,1.0,,±5%,BAU/REC/CIR,2022,1.0,est,[Kyburz 2023],Interview Kyburz 2023,mechanical,BAU/REC/CIR
896,1,Breaking and separating,ProcessLvl1,mechanical recovery processes,Fragmentation,BATT_LIBToDirectRecycling,ComponentLvl2,batteryCellElectrolyte2,BATT_2RM_DirectRecycling,MaterialLvl4,organicSolvents,0.89,,±10%,BAU/REC/CIR,2022,2.0,meas,[Nowak et al. 2015],https://pubs.rsc.org/en/content/articlelanding/2015/ra/c5ra04451k,mechanical,BAU/REC/CIR
897,1,Breaking and separating,ProcessLvl1,mechanical recovery processes,Fragmentation,BATT_LIBToDirectRecycling,ComponentLvl2,batteryCellElectrolyte2,BATT_2RM_DirectRecycling,MaterialLvl4,shadowMaterial4,0.89,,±10%,BAU/REC/CIR,2022,2.0,meas,[Nowak et al. 2015],https://pubs.rsc.org/en/content/articlelanding/2015/ra/c5ra04451k,mechanical,BAU/REC/CIR
898,2,Calcination,ProcessLvl1,chemical recovery processes,Transformation,BATT_AAMToRegeneration,,,BATT_2RM_AAMRegeneration,MaterialLvl4,graphite4,0.9,,±10%,BAU/REC/CIR,2022,2.0,est,[Roy et al. 2024],"(PDF) Direct recycling of Li‐ion batteries from cell to pack level: Challenges and prospects on technology, scalability, sustainability, and economics",hydro,BAU/REC/CIR
899,3,Re-lithiation,ProcessLvl1,chemical recovery processes,Transformation,BATT_CAMToRegeneration,,,BATT_2RM_CAMRegeneration,ElementLvl1,Fe,0.9,,±10%,BAU/REC/CIR,2022,2.0,est,[Roy et al. 2024],"(PDF) Direct recycling of Li‐ion batteries from cell to pack level: Challenges and prospects on technology, scalability, sustainability, and economics",hydro,BAU/REC/CIR
900,3,Re-lithiation,ProcessLvl1,chemical recovery processes,Transformation,BATT_CAMToRegeneration,,,BATT_2RM_CAMRegeneration,ElementLvl1,P,0.9,,±10%,BAU/REC/CIR,2022,2.0,est,[Roy et al. 2024],"(PDF) Direct recycling of Li‐ion batteries from cell to pack level: Challenges and prospects on technology, scalability, sustainability, and economics",hydro,BAU/REC/CIR
901,3,Re-lithiation,ProcessLvl1,chemical recovery processes,Transformation,BATT_CAMToRegeneration,,,BATT_2RM_CAMRegeneration,ElementLvl1,O,0.9,,±10%,BAU/REC/CIR,2022,2.0,est,[Roy et al. 2024],"(PDF) Direct recycling of Li‐ion batteries from cell to pack level: Challenges and prospects on technology, scalability, sustainability, and economics",hydro,BAU/REC/CIR
902,3,Re-lithiation,ProcessLvl1,chemical recovery processes,Transformation,BATT_CAMToRegeneration,,,BATT_2RM_CAMRegeneration,ElementLvl1,Li,0.9,,±10%,BAU/REC/CIR,2022,2.0,est,[Roy et al. 2024],"(PDF) Direct recycling of Li‐ion batteries from cell to pack level: Challenges and prospects on technology, scalability, sustainability, and economics",hydro,BAU/REC/CIR
903,1,Breaking and separating,ProcessLvl1,mechanical recovery processes,Fragmentation,BATT_LIBToDirectRecycling,ComponentLvl2,anodeActiveMaterial,BATT_Losses_AAMToRegeneration,MaterialLvl4,graphite4,0.0131,0.9869,±10%,BAU/REC/CIR,2022,2.0,calc,Losses calculated from reference value,https://pdf.sciencedirectassets.com/271948/1-s2.0-S1383586622X00130/1-s2.0-S1383586622010425/main.pdf?X-Amz-Security-Token=IQoJb3JpZ2luX2VjEKT%2F%2F%2F%2F%2F%2F%2F%2F%2F%2FwEaCXVzLWVhc3QtMSJHMEUCIEJIwFTrfhiHy4RQEG43Ef5W4KP%2Fse9AQ1OdO34QqdK5AiEAy47aDhnC8ww3TSpa35ofk47tCY%2BhM0qnDNDWjCsFNggqvAUIjP%2F%2F%2F%2F%2F%2F%2F%2F%2F%2FARAFGgwwNTkwMDM1NDY4NjUiDAW9S4rXVbjwJcBTCyqQBSLPjAQv%2FDPPlAhe3wkqk9NnxQ9U2YXt%2BhLHQ65I4vWCwbPv3lmbH4gN4XZss9CBLidyT%2B5nj6oCE0HKqS2%2B3y6MTpiYVfnkTjNJG4cjjdslK%2Fr5t1LxEOkwieatxi79Kut%2BfWlCuAjv%2BLKNAIOYlEG9e1oxsB7ilaen54ergFnZ4eQT2mkPxpKHRu6POLogMlbu0HZTsdC%2BYpxxtPVzQH1r%2FSvAjUi%2BVJdX0R1%2FEXo48XklrU8nicXes6yBtSIzcQpkCfLq3lfSqP4Px0LzyhiVDKEkf%2FFuX5QwRbfIpO8gnjHt5haNHOJphHznd2ngVUmg%2F7QW694canx1w14YrD%2FSIzBUNh5Xx%2BTlFmQt4wpKb8fHKTUldTgf2ranVHoi4PNLasflyFQttL7GTyHFpfNW7%2FygIBKXiLgPmFDNxxqLase6JGx3Yc3wazvuJebgxRm4tYHmCRzBsMEn8cBJ5lL5m4%2FoTBSXOqrFrcjm%2B%2BYMAKgn5g%2FpigE5AHUu19gqvk7RYguaPb%2BpsUlC576isxeJzOCum3urQQ7k3DFmETVYHLVaT5FdvzFGeXzf5vWIohHA5HhnuNa4MP98o6v%2FZ7stgZ%2BhxUMDmMw3Ks1WRpzKIHfmDcMRYe840v%2FNek8T4x8UYy%2F6%2Fynx%2Br%2F3iltAMqcy%2FcO2t73c6lrraUop30i1ZQmPI9Ufu4gBkrjd4y8JAN12E8LloDnj4aml%2FBMdiZXseeJGFrPijlxODraP6qHfuZmlD0SQvl1qVtWfZofXsgaNa%2FeeoSLd8aw1HptcQ524lFXYHpwpYeLsaCuZShspFkyW85LG8raNdbWtP6EQ2PqrZydY8BSjKH19OPjOR4WO4VxWaOxQd5iBwZ%2FYlrk9MObd%2FrsGOrEB9ST5E8PCfp1ygrZywaU7InAkOiJGXe%2BHJ5Wfqx5gyQM%2BgN8pHyLck123LgcDih2Kdcrc4GRvu1jPfiO0FDJA%2FA2V8lgCYy82h8b%2Fw9DHMMzpHKFpqnEtqV5rMXH6ioSCzjxzDzHb9Hx4gJdgGM8b2wKQCnr2nVSrZ6frmVBt1mUP1yZFRXhGGf4NPuYMlO8b1qi2cWt2NyT7%2F0OLYYK4%2BD2swAtNm%2BMMOZ41qOGbZN6c&X-Amz-Algorithm=AWS4-HMAC-SHA256&X-Amz-Date=20250109T115709Z&X-Amz-SignedHeaders=host&X-Amz-Expires=300&X-Amz-Credential=ASIAQ3PHCVTY5INGZQLN%2F20250109%2Fus-east-1%2Fs3%2Faws4_request&X-Amz-Signature=4bdf060a61048b1e0fb23a9e2bdf9d0ebd8a2a905d543cc7d8bb6f13107a076e&hash=c52de67f5feb0c27d968488c1cbadadf9d6bb1f56ee7deaac3a7dea9595e43e7&host=68042c943591013ac2b2430a89b270f6af2c76d8dfd086a07176afe7c76c2c61&pii=S1383586622010425&tid=spdf-50627f0d-c503-4269-a04b-2fd536fd2062&sid=31e1de1925ff154c6e48aed-834933ca4474gxrqb&type=client&tsoh=d3d3LnNjaWVuY2VkaXJlY3QuY29t&ua=02055e0200565c035b57&rr=8ff43f84190fdbc5&cc=de,mechanical,BAU/REC/CIR
904,1,Breaking and separating,ProcessLvl1,mechanical recovery processes,Fragmentation,BATT_LIBToDirectRecycling,ComponentLvl2,cathodeActiveMaterial,BATT_Losses_CAMToRegeneration,ElementLvl1,Fe,0.0131,0.9869,±10%,BAU/REC/CIR,2022,2.0,calc,Losses calculated from reference value,https://pdf.sciencedirectassets.com/271948/1-s2.0-S1383586622X00130/1-s2.0-S1383586622010425/main.pdf?X-Amz-Security-Token=IQoJb3JpZ2luX2VjEKT%2F%2F%2F%2F%2F%2F%2F%2F%2F%2FwEaCXVzLWVhc3QtMSJHMEUCIEJIwFTrfhiHy4RQEG43Ef5W4KP%2Fse9AQ1OdO34QqdK5AiEAy47aDhnC8ww3TSpa35ofk47tCY%2BhM0qnDNDWjCsFNggqvAUIjP%2F%2F%2F%2F%2F%2F%2F%2F%2F%2FARAFGgwwNTkwMDM1NDY4NjUiDAW9S4rXVbjwJcBTCyqQBSLPjAQv%2FDPPlAhe3wkqk9NnxQ9U2YXt%2BhLHQ65I4vWCwbPv3lmbH4gN4XZss9CBLidyT%2B5nj6oCE0HKqS2%2B3y6MTpiYVfnkTjNJG4cjjdslK%2Fr5t1LxEOkwieatxi79Kut%2BfWlCuAjv%2BLKNAIOYlEG9e1oxsB7ilaen54ergFnZ4eQT2mkPxpKHRu6POLogMlbu0HZTsdC%2BYpxxtPVzQH1r%2FSvAjUi%2BVJdX0R1%2FEXo48XklrU8nicXes6yBtSIzcQpkCfLq3lfSqP4Px0LzyhiVDKEkf%2FFuX5QwRbfIpO8gnjHt5haNHOJphHznd2ngVUmg%2F7QW694canx1w14YrD%2FSIzBUNh5Xx%2BTlFmQt4wpKb8fHKTUldTgf2ranVHoi4PNLasflyFQttL7GTyHFpfNW7%2FygIBKXiLgPmFDNxxqLase6JGx3Yc3wazvuJebgxRm4tYHmCRzBsMEn8cBJ5lL5m4%2FoTBSXOqrFrcjm%2B%2BYMAKgn5g%2FpigE5AHUu19gqvk7RYguaPb%2BpsUlC576isxeJzOCum3urQQ7k3DFmETVYHLVaT5FdvzFGeXzf5vWIohHA5HhnuNa4MP98o6v%2FZ7stgZ%2BhxUMDmMw3Ks1WRpzKIHfmDcMRYe840v%2FNek8T4x8UYy%2F6%2Fynx%2Br%2F3iltAMqcy%2FcO2t73c6lrraUop30i1ZQmPI9Ufu4gBkrjd4y8JAN12E8LloDnj4aml%2FBMdiZXseeJGFrPijlxODraP6qHfuZmlD0SQvl1qVtWfZofXsgaNa%2FeeoSLd8aw1HptcQ524lFXYHpwpYeLsaCuZShspFkyW85LG8raNdbWtP6EQ2PqrZydY8BSjKH19OPjOR4WO4VxWaOxQd5iBwZ%2FYlrk9MObd%2FrsGOrEB9ST5E8PCfp1ygrZywaU7InAkOiJGXe%2BHJ5Wfqx5gyQM%2BgN8pHyLck123LgcDih2Kdcrc4GRvu1jPfiO0FDJA%2FA2V8lgCYy82h8b%2Fw9DHMMzpHKFpqnEtqV5rMXH6ioSCzjxzDzHb9Hx4gJdgGM8b2wKQCnr2nVSrZ6frmVBt1mUP1yZFRXhGGf4NPuYMlO8b1qi2cWt2NyT7%2F0OLYYK4%2BD2swAtNm%2BMMOZ41qOGbZN6c&X-Amz-Algorithm=AWS4-HMAC-SHA256&X-Amz-Date=20250109T115709Z&X-Amz-SignedHeaders=host&X-Amz-Expires=300&X-Amz-Credential=ASIAQ3PHCVTY5INGZQLN%2F20250109%2Fus-east-1%2Fs3%2Faws4_request&X-Amz-Signature=4bdf060a61048b1e0fb23a9e2bdf9d0ebd8a2a905d543cc7d8bb6f13107a076e&hash=c52de67f5feb0c27d968488c1cbadadf9d6bb1f56ee7deaac3a7dea9595e43e7&host=68042c943591013ac2b2430a89b270f6af2c76d8dfd086a07176afe7c76c2c61&pii=S1383586622010425&tid=spdf-50627f0d-c503-4269-a04b-2fd536fd2062&sid=31e1de1925ff154c6e48aed-834933ca4474gxrqb&type=client&tsoh=d3d3LnNjaWVuY2VkaXJlY3QuY29t&ua=02055e0200565c035b57&rr=8ff43f84190fdbc5&cc=de,mechanical,BAU/REC/CIR
905,1,Breaking and separating,ProcessLvl1,mechanical recovery processes,Fragmentation,BATT_LIBToDirectRecycling,ComponentLvl2,cathodeActiveMaterial,BATT_Losses_CAMToRegeneration,ElementLvl1,P,0.0131,0.9869,±10%,BAU/REC/CIR,2022,2.0,calc,Losses calculated from reference value,https://pdf.sciencedirectassets.com/271948/1-s2.0-S1383586622X00130/1-s2.0-S1383586622010425/main.pdf?X-Amz-Security-Token=IQoJb3JpZ2luX2VjEKT%2F%2F%2F%2F%2F%2F%2F%2F%2F%2FwEaCXVzLWVhc3QtMSJHMEUCIEJIwFTrfhiHy4RQEG43Ef5W4KP%2Fse9AQ1OdO34QqdK5AiEAy47aDhnC8ww3TSpa35ofk47tCY%2BhM0qnDNDWjCsFNggqvAUIjP%2F%2F%2F%2F%2F%2F%2F%2F%2F%2FARAFGgwwNTkwMDM1NDY4NjUiDAW9S4rXVbjwJcBTCyqQBSLPjAQv%2FDPPlAhe3wkqk9NnxQ9U2YXt%2BhLHQ65I4vWCwbPv3lmbH4gN4XZss9CBLidyT%2B5nj6oCE0HKqS2%2B3y6MTpiYVfnkTjNJG4cjjdslK%2Fr5t1LxEOkwieatxi79Kut%2BfWlCuAjv%2BLKNAIOYlEG9e1oxsB7ilaen54ergFnZ4eQT2mkPxpKHRu6POLogMlbu0HZTsdC%2BYpxxtPVzQH1r%2FSvAjUi%2BVJdX0R1%2FEXo48XklrU8nicXes6yBtSIzcQpkCfLq3lfSqP4Px0LzyhiVDKEkf%2FFuX5QwRbfIpO8gnjHt5haNHOJphHznd2ngVUmg%2F7QW694canx1w14YrD%2FSIzBUNh5Xx%2BTlFmQt4wpKb8fHKTUldTgf2ranVHoi4PNLasflyFQttL7GTyHFpfNW7%2FygIBKXiLgPmFDNxxqLase6JGx3Yc3wazvuJebgxRm4tYHmCRzBsMEn8cBJ5lL5m4%2FoTBSXOqrFrcjm%2B%2BYMAKgn5g%2FpigE5AHUu19gqvk7RYguaPb%2BpsUlC576isxeJzOCum3urQQ7k3DFmETVYHLVaT5FdvzFGeXzf5vWIohHA5HhnuNa4MP98o6v%2FZ7stgZ%2BhxUMDmMw3Ks1WRpzKIHfmDcMRYe840v%2FNek8T4x8UYy%2F6%2Fynx%2Br%2F3iltAMqcy%2FcO2t73c6lrraUop30i1ZQmPI9Ufu4gBkrjd4y8JAN12E8LloDnj4aml%2FBMdiZXseeJGFrPijlxODraP6qHfuZmlD0SQvl1qVtWfZofXsgaNa%2FeeoSLd8aw1HptcQ524lFXYHpwpYeLsaCuZShspFkyW85LG8raNdbWtP6EQ2PqrZydY8BSjKH19OPjOR4WO4VxWaOxQd5iBwZ%2FYlrk9MObd%2FrsGOrEB9ST5E8PCfp1ygrZywaU7InAkOiJGXe%2BHJ5Wfqx5gyQM%2BgN8pHyLck123LgcDih2Kdcrc4GRvu1jPfiO0FDJA%2FA2V8lgCYy82h8b%2Fw9DHMMzpHKFpqnEtqV5rMXH6ioSCzjxzDzHb9Hx4gJdgGM8b2wKQCnr2nVSrZ6frmVBt1mUP1yZFRXhGGf4NPuYMlO8b1qi2cWt2NyT7%2F0OLYYK4%2BD2swAtNm%2BMMOZ41qOGbZN6c&X-Amz-Algorithm=AWS4-HMAC-SHA256&X-Amz-Date=20250109T115709Z&X-Amz-SignedHeaders=host&X-Amz-Expires=300&X-Amz-Credential=ASIAQ3PHCVTY5INGZQLN%2F20250109%2Fus-east-1%2Fs3%2Faws4_request&X-Amz-Signature=4bdf060a61048b1e0fb23a9e2bdf9d0ebd8a2a905d543cc7d8bb6f13107a076e&hash=c52de67f5feb0c27d968488c1cbadadf9d6bb1f56ee7deaac3a7dea9595e43e7&host=68042c943591013ac2b2430a89b270f6af2c76d8dfd086a07176afe7c76c2c61&pii=S1383586622010425&tid=spdf-50627f0d-c503-4269-a04b-2fd536fd2062&sid=31e1de1925ff154c6e48aed-834933ca4474gxrqb&type=client&tsoh=d3d3LnNjaWVuY2VkaXJlY3QuY29t&ua=02055e0200565c035b57&rr=8ff43f84190fdbc5&cc=de,mechanical,BAU/REC/CIR
906,1,Breaking and separating,ProcessLvl1,mechanical recovery processes,Fragmentation,BATT_LIBToDirectRecycling,ComponentLvl2,cathodeActiveMaterial,BATT_Losses_CAMToRegeneration,ElementLvl1,O,0.0131,0.9869,±10%,BAU/REC/CIR,2022,2.0,calc,Losses calculated from reference value,https://pdf.sciencedirectassets.com/271948/1-s2.0-S1383586622X00130/1-s2.0-S1383586622010425/main.pdf?X-Amz-Security-Token=IQoJb3JpZ2luX2VjEKT%2F%2F%2F%2F%2F%2F%2F%2F%2F%2FwEaCXVzLWVhc3QtMSJHMEUCIEJIwFTrfhiHy4RQEG43Ef5W4KP%2Fse9AQ1OdO34QqdK5AiEAy47aDhnC8ww3TSpa35ofk47tCY%2BhM0qnDNDWjCsFNggqvAUIjP%2F%2F%2F%2F%2F%2F%2F%2F%2F%2FARAFGgwwNTkwMDM1NDY4NjUiDAW9S4rXVbjwJcBTCyqQBSLPjAQv%2FDPPlAhe3wkqk9NnxQ9U2YXt%2BhLHQ65I4vWCwbPv3lmbH4gN4XZss9CBLidyT%2B5nj6oCE0HKqS2%2B3y6MTpiYVfnkTjNJG4cjjdslK%2Fr5t1LxEOkwieatxi79Kut%2BfWlCuAjv%2BLKNAIOYlEG9e1oxsB7ilaen54ergFnZ4eQT2mkPxpKHRu6POLogMlbu0HZTsdC%2BYpxxtPVzQH1r%2FSvAjUi%2BVJdX0R1%2FEXo48XklrU8nicXes6yBtSIzcQpkCfLq3lfSqP4Px0LzyhiVDKEkf%2FFuX5QwRbfIpO8gnjHt5haNHOJphHznd2ngVUmg%2F7QW694canx1w14YrD%2FSIzBUNh5Xx%2BTlFmQt4wpKb8fHKTUldTgf2ranVHoi4PNLasflyFQttL7GTyHFpfNW7%2FygIBKXiLgPmFDNxxqLase6JGx3Yc3wazvuJebgxRm4tYHmCRzBsMEn8cBJ5lL5m4%2FoTBSXOqrFrcjm%2B%2BYMAKgn5g%2FpigE5AHUu19gqvk7RYguaPb%2BpsUlC576isxeJzOCum3urQQ7k3DFmETVYHLVaT5FdvzFGeXzf5vWIohHA5HhnuNa4MP98o6v%2FZ7stgZ%2BhxUMDmMw3Ks1WRpzKIHfmDcMRYe840v%2FNek8T4x8UYy%2F6%2Fynx%2Br%2F3iltAMqcy%2FcO2t73c6lrraUop30i1ZQmPI9Ufu4gBkrjd4y8JAN12E8LloDnj4aml%2FBMdiZXseeJGFrPijlxODraP6qHfuZmlD0SQvl1qVtWfZofXsgaNa%2FeeoSLd8aw1HptcQ524lFXYHpwpYeLsaCuZShspFkyW85LG8raNdbWtP6EQ2PqrZydY8BSjKH19OPjOR4WO4VxWaOxQd5iBwZ%2FYlrk9MObd%2FrsGOrEB9ST5E8PCfp1ygrZywaU7InAkOiJGXe%2BHJ5Wfqx5gyQM%2BgN8pHyLck123LgcDih2Kdcrc4GRvu1jPfiO0FDJA%2FA2V8lgCYy82h8b%2Fw9DHMMzpHKFpqnEtqV5rMXH6ioSCzjxzDzHb9Hx4gJdgGM8b2wKQCnr2nVSrZ6frmVBt1mUP1yZFRXhGGf4NPuYMlO8b1qi2cWt2NyT7%2F0OLYYK4%2BD2swAtNm%2BMMOZ41qOGbZN6c&X-Amz-Algorithm=AWS4-HMAC-SHA256&X-Amz-Date=20250109T115709Z&X-Amz-SignedHeaders=host&X-Amz-Expires=300&X-Amz-Credential=ASIAQ3PHCVTY5INGZQLN%2F20250109%2Fus-east-1%2Fs3%2Faws4_request&X-Amz-Signature=4bdf060a61048b1e0fb23a9e2bdf9d0ebd8a2a905d543cc7d8bb6f13107a076e&hash=c52de67f5feb0c27d968488c1cbadadf9d6bb1f56ee7deaac3a7dea9595e43e7&host=68042c943591013ac2b2430a89b270f6af2c76d8dfd086a07176afe7c76c2c61&pii=S1383586622010425&tid=spdf-50627f0d-c503-4269-a04b-2fd536fd2062&sid=31e1de1925ff154c6e48aed-834933ca4474gxrqb&type=client&tsoh=d3d3LnNjaWVuY2VkaXJlY3QuY29t&ua=02055e0200565c035b57&rr=8ff43f84190fdbc5&cc=de,mechanical,BAU/REC/CIR
907,1,Breaking and separating,ProcessLvl1,mechanical recovery processes,Fragmentation,BATT_LIBToDirectRecycling,ComponentLvl2,cathodeActiveMaterial,BATT_Losses_CAMToRegeneration,ElementLvl1,Li,0.0131,0.9869,±10%,BAU/REC/CIR,2022,2.0,calc,Losses calculated from reference value,https://pdf.sciencedirectassets.com/271948/1-s2.0-S1383586622X00130/1-s2.0-S1383586622010425/main.pdf?X-Amz-Security-Token=IQoJb3JpZ2luX2VjEKT%2F%2F%2F%2F%2F%2F%2F%2F%2F%2FwEaCXVzLWVhc3QtMSJHMEUCIEJIwFTrfhiHy4RQEG43Ef5W4KP%2Fse9AQ1OdO34QqdK5AiEAy47aDhnC8ww3TSpa35ofk47tCY%2BhM0qnDNDWjCsFNggqvAUIjP%2F%2F%2F%2F%2F%2F%2F%2F%2F%2FARAFGgwwNTkwMDM1NDY4NjUiDAW9S4rXVbjwJcBTCyqQBSLPjAQv%2FDPPlAhe3wkqk9NnxQ9U2YXt%2BhLHQ65I4vWCwbPv3lmbH4gN4XZss9CBLidyT%2B5nj6oCE0HKqS2%2B3y6MTpiYVfnkTjNJG4cjjdslK%2Fr5t1LxEOkwieatxi79Kut%2BfWlCuAjv%2BLKNAIOYlEG9e1oxsB7ilaen54ergFnZ4eQT2mkPxpKHRu6POLogMlbu0HZTsdC%2BYpxxtPVzQH1r%2FSvAjUi%2BVJdX0R1%2FEXo48XklrU8nicXes6yBtSIzcQpkCfLq3lfSqP4Px0LzyhiVDKEkf%2FFuX5QwRbfIpO8gnjHt5haNHOJphHznd2ngVUmg%2F7QW694canx1w14YrD%2FSIzBUNh5Xx%2BTlFmQt4wpKb8fHKTUldTgf2ranVHoi4PNLasflyFQttL7GTyHFpfNW7%2FygIBKXiLgPmFDNxxqLase6JGx3Yc3wazvuJebgxRm4tYHmCRzBsMEn8cBJ5lL5m4%2FoTBSXOqrFrcjm%2B%2BYMAKgn5g%2FpigE5AHUu19gqvk7RYguaPb%2BpsUlC576isxeJzOCum3urQQ7k3DFmETVYHLVaT5FdvzFGeXzf5vWIohHA5HhnuNa4MP98o6v%2FZ7stgZ%2BhxUMDmMw3Ks1WRpzKIHfmDcMRYe840v%2FNek8T4x8UYy%2F6%2Fynx%2Br%2F3iltAMqcy%2FcO2t73c6lrraUop30i1ZQmPI9Ufu4gBkrjd4y8JAN12E8LloDnj4aml%2FBMdiZXseeJGFrPijlxODraP6qHfuZmlD0SQvl1qVtWfZofXsgaNa%2FeeoSLd8aw1HptcQ524lFXYHpwpYeLsaCuZShspFkyW85LG8raNdbWtP6EQ2PqrZydY8BSjKH19OPjOR4WO4VxWaOxQd5iBwZ%2FYlrk9MObd%2FrsGOrEB9ST5E8PCfp1ygrZywaU7InAkOiJGXe%2BHJ5Wfqx5gyQM%2BgN8pHyLck123LgcDih2Kdcrc4GRvu1jPfiO0FDJA%2FA2V8lgCYy82h8b%2Fw9DHMMzpHKFpqnEtqV5rMXH6ioSCzjxzDzHb9Hx4gJdgGM8b2wKQCnr2nVSrZ6frmVBt1mUP1yZFRXhGGf4NPuYMlO8b1qi2cWt2NyT7%2F0OLYYK4%2BD2swAtNm%2BMMOZ41qOGbZN6c&X-Amz-Algorithm=AWS4-HMAC-SHA256&X-Amz-Date=20250109T115709Z&X-Amz-SignedHeaders=host&X-Amz-Expires=300&X-Amz-Credential=ASIAQ3PHCVTY5INGZQLN%2F20250109%2Fus-east-1%2Fs3%2Faws4_request&X-Amz-Signature=4bdf060a61048b1e0fb23a9e2bdf9d0ebd8a2a905d543cc7d8bb6f13107a076e&hash=c52de67f5feb0c27d968488c1cbadadf9d6bb1f56ee7deaac3a7dea9595e43e7&host=68042c943591013ac2b2430a89b270f6af2c76d8dfd086a07176afe7c76c2c61&pii=S1383586622010425&tid=spdf-50627f0d-c503-4269-a04b-2fd536fd2062&sid=31e1de1925ff154c6e48aed-834933ca4474gxrqb&type=client&tsoh=d3d3LnNjaWVuY2VkaXJlY3QuY29t&ua=02055e0200565c035b57&rr=8ff43f84190fdbc5&cc=de,mechanical,BAU/REC/CIR
908,1,Breaking and separating,ProcessLvl1,mechanical recovery processes,Fragmentation,BATT_LIBToDirectRecycling,ComponentLvl1,batteryCellCasing1,BATT_Losses_DirectRecycling,ElementLvl1,Al,0.020000000000000018,0.98,±15%,BAU/REC/CIR,2022,2.5,est,"Assumption, no reference",,mechanical,BAU/REC/CIR
909,1,Breaking and separating,ProcessLvl1,mechanical recovery processes,Fragmentation,BATT_LIBToDirectRecycling,ComponentLvl1,batteryCellCasing1,BATT_Losses_DirectRecycling,ElementLvl1,Fe,0.020000000000000018,0.98,±15%,BAU/REC/CIR,2022,2.5,est,"Assumption, no reference",,mechanical,BAU/REC/CIR
910,1,Breaking and separating,ProcessLvl1,mechanical recovery processes,Fragmentation,BATT_LIBToDirectRecycling,ComponentLvl1,batteryCellCasing1,BATT_Losses_DirectRecycling,MaterialLvl1,ferrousMetals1,0.020000000000000018,0.98,±15%,BAU/REC/CIR,2022,2.5,est,"Assumption, no reference",,mechanical,BAU/REC/CIR
911,1,Breaking and separating,ProcessLvl1,mechanical recovery processes,Fragmentation,BATT_LIBToDirectRecycling,ComponentLvl1,batteryCellCasing1,BATT_Losses_DirectRecycling,MaterialLvl1,plastics,0.020000000000000018,0.98,±15%,BAU/REC/CIR,2022,2.5,est,"Assumption, no reference",,mechanical,BAU/REC/CIR
912,1,Breaking and separating,ProcessLvl1,mechanical recovery processes,Fragmentation,BATT_LIBToDirectRecycling,ComponentLvl2,batteryCellElectrolyte2,BATT_Losses_DirectRecycling,MaterialLvl4,organicSolvents,0.10999999999999999,0.89,±10%,BAU/REC/CIR,2022,2.0,meas,Losses calculated from reference value,https://pubs.rsc.org/en/content/articlelanding/2015/ra/c5ra04451k,mechanical,BAU/REC/CIR
913,1,Breaking and separating,ProcessLvl1,mechanical recovery processes,Fragmentation,BATT_LIBToDirectRecycling,ComponentLvl2,batteryCellElectrolyte2,BATT_Losses_DirectRecycling,MaterialLvl4,shadowMaterial4,0.10999999999999999,0.89,±10%,BAU/REC/CIR,2022,2.0,meas,Losses calculated from reference value,https://pubs.rsc.org/en/content/articlelanding/2015/ra/c5ra04451k,mechanical,BAU/REC/CIR
914,2,Calcination,ProcessLvl1,chemical recovery processes,Transformation,BATT_AAMToRegeneration,,,BATT_Losses_AAMRegeneration,MaterialLvl4,graphite4,0.09999999999999998,0.9,±10%,BAU/REC/CIR,2022,2.0,est,Losses calculated from reference value,"(PDF) Direct recycling of Li‐ion batteries from cell to pack level: Challenges and prospects on technology, scalability, sustainability, and economics",hydro,BAU/REC/CIR
915,3,Re-lithiation,ProcessLvl1,chemical recovery processes,Transformation,BATT_CAMToRegeneration,,,BATT_Losses_CAMRegeneration,ElementLvl1,Fe,0.09999999999999998,0.9,±10%,BAU/REC/CIR,2022,2.0,est,Losses calculated from reference value,"(PDF) Direct recycling of Li‐ion batteries from cell to pack level: Challenges and prospects on technology, scalability, sustainability, and economics",hydro,BAU/REC/CIR
916,3,Re-lithiation,ProcessLvl1,chemical recovery processes,Transformation,BATT_CAMToRegeneration,,,BATT_Losses_CAMRegeneration,ElementLvl1,P,0.09999999999999998,0.9,±10%,BAU/REC/CIR,2022,2.0,est,Losses calculated from reference value,"(PDF) Direct recycling of Li‐ion batteries from cell to pack level: Challenges and prospects on technology, scalability, sustainability, and economics",hydro,BAU/REC/CIR
917,3,Re-lithiation,ProcessLvl1,chemical recovery processes,Transformation,BATT_CAMToRegeneration,,,BATT_Losses_CAMRegeneration,ElementLvl1,O,0.09999999999999998,0.9,±10%,BAU/REC/CIR,2022,2.0,est,Losses calculated from reference value,"(PDF) Direct recycling of Li‐ion batteries from cell to pack level: Challenges and prospects on technology, scalability, sustainability, and economics",hydro,BAU/REC/CIR
918,3,Re-lithiation,ProcessLvl1,chemical recovery processes,Transformation,BATT_CAMToRegeneration,,,BATT_Losses_CAMRegeneration,ElementLvl1,Li,0.09999999999999998,0.9,±10%,BAU/REC/CIR,2022,2.0,est,Losses calculated from reference value,"(PDF) Direct recycling of Li‐ion batteries from cell to pack level: Challenges and prospects on technology, scalability, sustainability, and economics",hydro,BAU/REC/CIR
884,1,Breaking and separating,ProcessLvl1,mechanical recovery processes,Fragmentation,BATT_LIBToDirectRecycling,ComponentLvl2,anodeActiveMaterial,BATT_AAMToRegeneration,MaterialLvl4,graphite4,0.9869,,±15%,BAU/REC/CIR,2032,3.0,meas,[Lu et al. 2022],https://pdf.sciencedirectassets.com/271948/1-s2.0-S1383586622X00130/1-s2.0-S1383586622010425/main.pdf?X-Amz-Security-Token=IQoJb3JpZ2luX2VjEKT%2F%2F%2F%2F%2F%2F%2F%2F%2F%2FwEaCXVzLWVhc3QtMSJHMEUCIEJIwFTrfhiHy4RQEG43Ef5W4KP%2Fse9AQ1OdO34QqdK5AiEAy47aDhnC8ww3TSpa35ofk47tCY%2BhM0qnDNDWjCsFNggqvAUIjP%2F%2F%2F%2F%2F%2F%2F%2F%2F%2FARAFGgwwNTkwMDM1NDY4NjUiDAW9S4rXVbjwJcBTCyqQBSLPjAQv%2FDPPlAhe3wkqk9NnxQ9U2YXt%2BhLHQ65I4vWCwbPv3lmbH4gN4XZss9CBLidyT%2B5nj6oCE0HKqS2%2B3y6MTpiYVfnkTjNJG4cjjdslK%2Fr5t1LxEOkwieatxi79Kut%2BfWlCuAjv%2BLKNAIOYlEG9e1oxsB7ilaen54ergFnZ4eQT2mkPxpKHRu6POLogMlbu0HZTsdC%2BYpxxtPVzQH1r%2FSvAjUi%2BVJdX0R1%2FEXo48XklrU8nicXes6yBtSIzcQpkCfLq3lfSqP4Px0LzyhiVDKEkf%2FFuX5QwRbfIpO8gnjHt5haNHOJphHznd2ngVUmg%2F7QW694canx1w14YrD%2FSIzBUNh5Xx%2BTlFmQt4wpKb8fHKTUldTgf2ranVHoi4PNLasflyFQttL7GTyHFpfNW7%2FygIBKXiLgPmFDNxxqLase6JGx3Yc3wazvuJebgxRm4tYHmCRzBsMEn8cBJ5lL5m4%2FoTBSXOqrFrcjm%2B%2BYMAKgn5g%2FpigE5AHUu19gqvk7RYguaPb%2BpsUlC576isxeJzOCum3urQQ7k3DFmETVYHLVaT5FdvzFGeXzf5vWIohHA5HhnuNa4MP98o6v%2FZ7stgZ%2BhxUMDmMw3Ks1WRpzKIHfmDcMRYe840v%2FNek8T4x8UYy%2F6%2Fynx%2Br%2F3iltAMqcy%2FcO2t73c6lrraUop30i1ZQmPI9Ufu4gBkrjd4y8JAN12E8LloDnj4aml%2FBMdiZXseeJGFrPijlxODraP6qHfuZmlD0SQvl1qVtWfZofXsgaNa%2FeeoSLd8aw1HptcQ524lFXYHpwpYeLsaCuZShspFkyW85LG8raNdbWtP6EQ2PqrZydY8BSjKH19OPjOR4WO4VxWaOxQd5iBwZ%2FYlrk9MObd%2FrsGOrEB9ST5E8PCfp1ygrZywaU7InAkOiJGXe%2BHJ5Wfqx5gyQM%2BgN8pHyLck123LgcDih2Kdcrc4GRvu1jPfiO0FDJA%2FA2V8lgCYy82h8b%2Fw9DHMMzpHKFpqnEtqV5rMXH6ioSCzjxzDzHb9Hx4gJdgGM8b2wKQCnr2nVSrZ6frmVBt1mUP1yZFRXhGGf4NPuYMlO8b1qi2cWt2NyT7%2F0OLYYK4%2BD2swAtNm%2BMMOZ41qOGbZN6c&X-Amz-Algorithm=AWS4-HMAC-SHA256&X-Amz-Date=20250109T115709Z&X-Amz-SignedHeaders=host&X-Amz-Expires=300&X-Amz-Credential=ASIAQ3PHCVTY5INGZQLN%2F20250109%2Fus-east-1%2Fs3%2Faws4_request&X-Amz-Signature=4bdf060a61048b1e0fb23a9e2bdf9d0ebd8a2a905d543cc7d8bb6f13107a076e&hash=c52de67f5feb0c27d968488c1cbadadf9d6bb1f56ee7deaac3a7dea9595e43e7&host=68042c943591013ac2b2430a89b270f6af2c76d8dfd086a07176afe7c76c2c61&pii=S1383586622010425&tid=spdf-50627f0d-c503-4269-a04b-2fd536fd2062&sid=31e1de1925ff154c6e48aed-834933ca4474gxrqb&type=client&tsoh=d3d3LnNjaWVuY2VkaXJlY3QuY29t&ua=02055e0200565c035b57&rr=8ff43f84190fdbc5&cc=de,mechanical,BAU/REC/CIR
885,1,Breaking and separating,ProcessLvl1,mechanical recovery processes,Fragmentation,BATT_LIBToDirectRecycling,ComponentLvl2,cathodeActiveMaterial,BATT_CAMToRegeneration,ElementLvl1,Fe,0.9869,,±15%,BAU/REC/CIR,2032,3.0,meas,[Lu et al. 2022],https://pdf.sciencedirectassets.com/271948/1-s2.0-S1383586622X00130/1-s2.0-S1383586622010425/main.pdf?X-Amz-Security-Token=IQoJb3JpZ2luX2VjEKT%2F%2F%2F%2F%2F%2F%2F%2F%2F%2FwEaCXVzLWVhc3QtMSJHMEUCIEJIwFTrfhiHy4RQEG43Ef5W4KP%2Fse9AQ1OdO34QqdK5AiEAy47aDhnC8ww3TSpa35ofk47tCY%2BhM0qnDNDWjCsFNggqvAUIjP%2F%2F%2F%2F%2F%2F%2F%2F%2F%2FARAFGgwwNTkwMDM1NDY4NjUiDAW9S4rXVbjwJcBTCyqQBSLPjAQv%2FDPPlAhe3wkqk9NnxQ9U2YXt%2BhLHQ65I4vWCwbPv3lmbH4gN4XZss9CBLidyT%2B5nj6oCE0HKqS2%2B3y6MTpiYVfnkTjNJG4cjjdslK%2Fr5t1LxEOkwieatxi79Kut%2BfWlCuAjv%2BLKNAIOYlEG9e1oxsB7ilaen54ergFnZ4eQT2mkPxpKHRu6POLogMlbu0HZTsdC%2BYpxxtPVzQH1r%2FSvAjUi%2BVJdX0R1%2FEXo48XklrU8nicXes6yBtSIzcQpkCfLq3lfSqP4Px0LzyhiVDKEkf%2FFuX5QwRbfIpO8gnjHt5haNHOJphHznd2ngVUmg%2F7QW694canx1w14YrD%2FSIzBUNh5Xx%2BTlFmQt4wpKb8fHKTUldTgf2ranVHoi4PNLasflyFQttL7GTyHFpfNW7%2FygIBKXiLgPmFDNxxqLase6JGx3Yc3wazvuJebgxRm4tYHmCRzBsMEn8cBJ5lL5m4%2FoTBSXOqrFrcjm%2B%2BYMAKgn5g%2FpigE5AHUu19gqvk7RYguaPb%2BpsUlC576isxeJzOCum3urQQ7k3DFmETVYHLVaT5FdvzFGeXzf5vWIohHA5HhnuNa4MP98o6v%2FZ7stgZ%2BhxUMDmMw3Ks1WRpzKIHfmDcMRYe840v%2FNek8T4x8UYy%2F6%2Fynx%2Br%2F3iltAMqcy%2FcO2t73c6lrraUop30i1ZQmPI9Ufu4gBkrjd4y8JAN12E8LloDnj4aml%2FBMdiZXseeJGFrPijlxODraP6qHfuZmlD0SQvl1qVtWfZofXsgaNa%2FeeoSLd8aw1HptcQ524lFXYHpwpYeLsaCuZShspFkyW85LG8raNdbWtP6EQ2PqrZydY8BSjKH19OPjOR4WO4VxWaOxQd5iBwZ%2FYlrk9MObd%2FrsGOrEB9ST5E8PCfp1ygrZywaU7InAkOiJGXe%2BHJ5Wfqx5gyQM%2BgN8pHyLck123LgcDih2Kdcrc4GRvu1jPfiO0FDJA%2FA2V8lgCYy82h8b%2Fw9DHMMzpHKFpqnEtqV5rMXH6ioSCzjxzDzHb9Hx4gJdgGM8b2wKQCnr2nVSrZ6frmVBt1mUP1yZFRXhGGf4NPuYMlO8b1qi2cWt2NyT7%2F0OLYYK4%2BD2swAtNm%2BMMOZ41qOGbZN6c&X-Amz-Algorithm=AWS4-HMAC-SHA256&X-Amz-Date=20250109T115709Z&X-Amz-SignedHeaders=host&X-Amz-Expires=300&X-Amz-Credential=ASIAQ3PHCVTY5INGZQLN%2F20250109%2Fus-east-1%2Fs3%2Faws4_request&X-Amz-Signature=4bdf060a61048b1e0fb23a9e2bdf9d0ebd8a2a905d543cc7d8bb6f13107a076e&hash=c52de67f5feb0c27d968488c1cbadadf9d6bb1f56ee7deaac3a7dea9595e43e7&host=68042c943591013ac2b2430a89b270f6af2c76d8dfd086a07176afe7c76c2c61&pii=S1383586622010425&tid=spdf-50627f0d-c503-4269-a04b-2fd536fd2062&sid=31e1de1925ff154c6e48aed-834933ca4474gxrqb&type=client&tsoh=d3d3LnNjaWVuY2VkaXJlY3QuY29t&ua=02055e0200565c035b57&rr=8ff43f84190fdbc5&cc=de,mechanical,BAU/REC/CIR
886,1,Breaking and separating,ProcessLvl1,mechanical recovery processes,Fragmentation,BATT_LIBToDirectRecycling,ComponentLvl2,cathodeActiveMaterial,BATT_CAMToRegeneration,ElementLvl1,P,0.9869,,±15%,BAU/REC/CIR,2032,3.0,meas,[Lu et al. 2022],https://pdf.sciencedirectassets.com/271948/1-s2.0-S1383586622X00130/1-s2.0-S1383586622010425/main.pdf?X-Amz-Security-Token=IQoJb3JpZ2luX2VjEKT%2F%2F%2F%2F%2F%2F%2F%2F%2F%2FwEaCXVzLWVhc3QtMSJHMEUCIEJIwFTrfhiHy4RQEG43Ef5W4KP%2Fse9AQ1OdO34QqdK5AiEAy47aDhnC8ww3TSpa35ofk47tCY%2BhM0qnDNDWjCsFNggqvAUIjP%2F%2F%2F%2F%2F%2F%2F%2F%2F%2FARAFGgwwNTkwMDM1NDY4NjUiDAW9S4rXVbjwJcBTCyqQBSLPjAQv%2FDPPlAhe3wkqk9NnxQ9U2YXt%2BhLHQ65I4vWCwbPv3lmbH4gN4XZss9CBLidyT%2B5nj6oCE0HKqS2%2B3y6MTpiYVfnkTjNJG4cjjdslK%2Fr5t1LxEOkwieatxi79Kut%2BfWlCuAjv%2BLKNAIOYlEG9e1oxsB7ilaen54ergFnZ4eQT2mkPxpKHRu6POLogMlbu0HZTsdC%2BYpxxtPVzQH1r%2FSvAjUi%2BVJdX0R1%2FEXo48XklrU8nicXes6yBtSIzcQpkCfLq3lfSqP4Px0LzyhiVDKEkf%2FFuX5QwRbfIpO8gnjHt5haNHOJphHznd2ngVUmg%2F7QW694canx1w14YrD%2FSIzBUNh5Xx%2BTlFmQt4wpKb8fHKTUldTgf2ranVHoi4PNLasflyFQttL7GTyHFpfNW7%2FygIBKXiLgPmFDNxxqLase6JGx3Yc3wazvuJebgxRm4tYHmCRzBsMEn8cBJ5lL5m4%2FoTBSXOqrFrcjm%2B%2BYMAKgn5g%2FpigE5AHUu19gqvk7RYguaPb%2BpsUlC576isxeJzOCum3urQQ7k3DFmETVYHLVaT5FdvzFGeXzf5vWIohHA5HhnuNa4MP98o6v%2FZ7stgZ%2BhxUMDmMw3Ks1WRpzKIHfmDcMRYe840v%2FNek8T4x8UYy%2F6%2Fynx%2Br%2F3iltAMqcy%2FcO2t73c6lrraUop30i1ZQmPI9Ufu4gBkrjd4y8JAN12E8LloDnj4aml%2FBMdiZXseeJGFrPijlxODraP6qHfuZmlD0SQvl1qVtWfZofXsgaNa%2FeeoSLd8aw1HptcQ524lFXYHpwpYeLsaCuZShspFkyW85LG8raNdbWtP6EQ2PqrZydY8BSjKH19OPjOR4WO4VxWaOxQd5iBwZ%2FYlrk9MObd%2FrsGOrEB9ST5E8PCfp1ygrZywaU7InAkOiJGXe%2BHJ5Wfqx5gyQM%2BgN8pHyLck123LgcDih2Kdcrc4GRvu1jPfiO0FDJA%2FA2V8lgCYy82h8b%2Fw9DHMMzpHKFpqnEtqV5rMXH6ioSCzjxzDzHb9Hx4gJdgGM8b2wKQCnr2nVSrZ6frmVBt1mUP1yZFRXhGGf4NPuYMlO8b1qi2cWt2NyT7%2F0OLYYK4%2BD2swAtNm%2BMMOZ41qOGbZN6c&X-Amz-Algorithm=AWS4-HMAC-SHA256&X-Amz-Date=20250109T115709Z&X-Amz-SignedHeaders=host&X-Amz-Expires=300&X-Amz-Credential=ASIAQ3PHCVTY5INGZQLN%2F20250109%2Fus-east-1%2Fs3%2Faws4_request&X-Amz-Signature=4bdf060a61048b1e0fb23a9e2bdf9d0ebd8a2a905d543cc7d8bb6f13107a076e&hash=c52de67f5feb0c27d968488c1cbadadf9d6bb1f56ee7deaac3a7dea9595e43e7&host=68042c943591013ac2b2430a89b270f6af2c76d8dfd086a07176afe7c76c2c61&pii=S1383586622010425&tid=spdf-50627f0d-c503-4269-a04b-2fd536fd2062&sid=31e1de1925ff154c6e48aed-834933ca4474gxrqb&type=client&tsoh=d3d3LnNjaWVuY2VkaXJlY3QuY29t&ua=02055e0200565c035b57&rr=8ff43f84190fdbc5&cc=de,mechanical,BAU/REC/CIR
887,1,Breaking and separating,ProcessLvl1,mechanical recovery processes,Fragmentation,BATT_LIBToDirectRecycling,ComponentLvl2,cathodeActiveMaterial,BATT_CAMToRegeneration,ElementLvl1,O,0.9869,,±15%,BAU/REC/CIR,2032,3.0,meas,[Lu et al. 2022],https://pdf.sciencedirectassets.com/271948/1-s2.0-S1383586622X00130/1-s2.0-S1383586622010425/main.pdf?X-Amz-Security-Token=IQoJb3JpZ2luX2VjEKT%2F%2F%2F%2F%2F%2F%2F%2F%2F%2FwEaCXVzLWVhc3QtMSJHMEUCIEJIwFTrfhiHy4RQEG43Ef5W4KP%2Fse9AQ1OdO34QqdK5AiEAy47aDhnC8ww3TSpa35ofk47tCY%2BhM0qnDNDWjCsFNggqvAUIjP%2F%2F%2F%2F%2F%2F%2F%2F%2F%2FARAFGgwwNTkwMDM1NDY4NjUiDAW9S4rXVbjwJcBTCyqQBSLPjAQv%2FDPPlAhe3wkqk9NnxQ9U2YXt%2BhLHQ65I4vWCwbPv3lmbH4gN4XZss9CBLidyT%2B5nj6oCE0HKqS2%2B3y6MTpiYVfnkTjNJG4cjjdslK%2Fr5t1LxEOkwieatxi79Kut%2BfWlCuAjv%2BLKNAIOYlEG9e1oxsB7ilaen54ergFnZ4eQT2mkPxpKHRu6POLogMlbu0HZTsdC%2BYpxxtPVzQH1r%2FSvAjUi%2BVJdX0R1%2FEXo48XklrU8nicXes6yBtSIzcQpkCfLq3lfSqP4Px0LzyhiVDKEkf%2FFuX5QwRbfIpO8gnjHt5haNHOJphHznd2ngVUmg%2F7QW694canx1w14YrD%2FSIzBUNh5Xx%2BTlFmQt4wpKb8fHKTUldTgf2ranVHoi4PNLasflyFQttL7GTyHFpfNW7%2FygIBKXiLgPmFDNxxqLase6JGx3Yc3wazvuJebgxRm4tYHmCRzBsMEn8cBJ5lL5m4%2FoTBSXOqrFrcjm%2B%2BYMAKgn5g%2FpigE5AHUu19gqvk7RYguaPb%2BpsUlC576isxeJzOCum3urQQ7k3DFmETVYHLVaT5FdvzFGeXzf5vWIohHA5HhnuNa4MP98o6v%2FZ7stgZ%2BhxUMDmMw3Ks1WRpzKIHfmDcMRYe840v%2FNek8T4x8UYy%2F6%2Fynx%2Br%2F3iltAMqcy%2FcO2t73c6lrraUop30i1ZQmPI9Ufu4gBkrjd4y8JAN12E8LloDnj4aml%2FBMdiZXseeJGFrPijlxODraP6qHfuZmlD0SQvl1qVtWfZofXsgaNa%2FeeoSLd8aw1HptcQ524lFXYHpwpYeLsaCuZShspFkyW85LG8raNdbWtP6EQ2PqrZydY8BSjKH19OPjOR4WO4VxWaOxQd5iBwZ%2FYlrk9MObd%2FrsGOrEB9ST5E8PCfp1ygrZywaU7InAkOiJGXe%2BHJ5Wfqx5gyQM%2BgN8pHyLck123LgcDih2Kdcrc4GRvu1jPfiO0FDJA%2FA2V8lgCYy82h8b%2Fw9DHMMzpHKFpqnEtqV5rMXH6ioSCzjxzDzHb9Hx4gJdgGM8b2wKQCnr2nVSrZ6frmVBt1mUP1yZFRXhGGf4NPuYMlO8b1qi2cWt2NyT7%2F0OLYYK4%2BD2swAtNm%2BMMOZ41qOGbZN6c&X-Amz-Algorithm=AWS4-HMAC-SHA256&X-Amz-Date=20250109T115709Z&X-Amz-SignedHeaders=host&X-Amz-Expires=300&X-Amz-Credential=ASIAQ3PHCVTY5INGZQLN%2F20250109%2Fus-east-1%2Fs3%2Faws4_request&X-Amz-Signature=4bdf060a61048b1e0fb23a9e2bdf9d0ebd8a2a905d543cc7d8bb6f13107a076e&hash=c52de67f5feb0c27d968488c1cbadadf9d6bb1f56ee7deaac3a7dea9595e43e7&host=68042c943591013ac2b2430a89b270f6af2c76d8dfd086a07176afe7c76c2c61&pii=S1383586622010425&tid=spdf-50627f0d-c503-4269-a04b-2fd536fd2062&sid=31e1de1925ff154c6e48aed-834933ca4474gxrqb&type=client&tsoh=d3d3LnNjaWVuY2VkaXJlY3QuY29t&ua=02055e0200565c035b57&rr=8ff43f84190fdbc5&cc=de,mechanical,BAU/REC/CIR
888,1,Breaking and separating,ProcessLvl1,mechanical recovery processes,Fragmentation,BATT_LIBToDirectRecycling,ComponentLvl2,cathodeActiveMaterial,BATT_CAMToRegeneration,ElementLvl1,Li,0.9869,,±15%,BAU/REC/CIR,2032,3.0,meas,[Lu et al. 2022],https://pdf.sciencedirectassets.com/271948/1-s2.0-S1383586622X00130/1-s2.0-S1383586622010425/main.pdf?X-Amz-Security-Token=IQoJb3JpZ2luX2VjEKT%2F%2F%2F%2F%2F%2F%2F%2F%2F%2FwEaCXVzLWVhc3QtMSJHMEUCIEJIwFTrfhiHy4RQEG43Ef5W4KP%2Fse9AQ1OdO34QqdK5AiEAy47aDhnC8ww3TSpa35ofk47tCY%2BhM0qnDNDWjCsFNggqvAUIjP%2F%2F%2F%2F%2F%2F%2F%2F%2F%2FARAFGgwwNTkwMDM1NDY4NjUiDAW9S4rXVbjwJcBTCyqQBSLPjAQv%2FDPPlAhe3wkqk9NnxQ9U2YXt%2BhLHQ65I4vWCwbPv3lmbH4gN4XZss9CBLidyT%2B5nj6oCE0HKqS2%2B3y6MTpiYVfnkTjNJG4cjjdslK%2Fr5t1LxEOkwieatxi79Kut%2BfWlCuAjv%2BLKNAIOYlEG9e1oxsB7ilaen54ergFnZ4eQT2mkPxpKHRu6POLogMlbu0HZTsdC%2BYpxxtPVzQH1r%2FSvAjUi%2BVJdX0R1%2FEXo48XklrU8nicXes6yBtSIzcQpkCfLq3lfSqP4Px0LzyhiVDKEkf%2FFuX5QwRbfIpO8gnjHt5haNHOJphHznd2ngVUmg%2F7QW694canx1w14YrD%2FSIzBUNh5Xx%2BTlFmQt4wpKb8fHKTUldTgf2ranVHoi4PNLasflyFQttL7GTyHFpfNW7%2FygIBKXiLgPmFDNxxqLase6JGx3Yc3wazvuJebgxRm4tYHmCRzBsMEn8cBJ5lL5m4%2FoTBSXOqrFrcjm%2B%2BYMAKgn5g%2FpigE5AHUu19gqvk7RYguaPb%2BpsUlC576isxeJzOCum3urQQ7k3DFmETVYHLVaT5FdvzFGeXzf5vWIohHA5HhnuNa4MP98o6v%2FZ7stgZ%2BhxUMDmMw3Ks1WRpzKIHfmDcMRYe840v%2FNek8T4x8UYy%2F6%2Fynx%2Br%2F3iltAMqcy%2FcO2t73c6lrraUop30i1ZQmPI9Ufu4gBkrjd4y8JAN12E8LloDnj4aml%2FBMdiZXseeJGFrPijlxODraP6qHfuZmlD0SQvl1qVtWfZofXsgaNa%2FeeoSLd8aw1HptcQ524lFXYHpwpYeLsaCuZShspFkyW85LG8raNdbWtP6EQ2PqrZydY8BSjKH19OPjOR4WO4VxWaOxQd5iBwZ%2FYlrk9MObd%2FrsGOrEB9ST5E8PCfp1ygrZywaU7InAkOiJGXe%2BHJ5Wfqx5gyQM%2BgN8pHyLck123LgcDih2Kdcrc4GRvu1jPfiO0FDJA%2FA2V8lgCYy82h8b%2Fw9DHMMzpHKFpqnEtqV5rMXH6ioSCzjxzDzHb9Hx4gJdgGM8b2wKQCnr2nVSrZ6frmVBt1mUP1yZFRXhGGf4NPuYMlO8b1qi2cWt2NyT7%2F0OLYYK4%2BD2swAtNm%2BMMOZ41qOGbZN6c&X-Amz-Algorithm=AWS4-HMAC-SHA256&X-Amz-Date=20250109T115709Z&X-Amz-SignedHeaders=host&X-Amz-Expires=300&X-Amz-Credential=ASIAQ3PHCVTY5INGZQLN%2F20250109%2Fus-east-1%2Fs3%2Faws4_request&X-Amz-Signature=4bdf060a61048b1e0fb23a9e2bdf9d0ebd8a2a905d543cc7d8bb6f13107a076e&hash=c52de67f5feb0c27d968488c1cbadadf9d6bb1f56ee7deaac3a7dea9595e43e7&host=68042c943591013ac2b2430a89b270f6af2c76d8dfd086a07176afe7c76c2c61&pii=S1383586622010425&tid=spdf-50627f0d-c503-4269-a04b-2fd536fd2062&sid=31e1de1925ff154c6e48aed-834933ca4474gxrqb&type=client&tsoh=d3d3LnNjaWVuY2VkaXJlY3QuY29t&ua=02055e0200565c035b57&rr=8ff43f84190fdbc5&cc=de,mechanical,BAU/REC/CIR
889,1,Breaking and separating,ProcessLvl1,mechanical recovery processes,Fragmentation,BATT_LIBToDirectRecycling,ComponentLvl1,batteryCellCasing1,BATT_2RM_DirectRecycling,ElementLvl1,Al,0.98,,±20%,BAU/REC/CIR,2032,3.5,est,"Assumption, no reference",,mechanical,BAU/REC/CIR
890,1,Breaking and separating,ProcessLvl1,mechanical recovery processes,Fragmentation,BATT_LIBToDirectRecycling,ComponentLvl1,batteryCellCasing1,BATT_2RM_DirectRecycling,ElementLvl1,Fe,0.98,,±20%,BAU/REC/CIR,2032,3.5,est,"Assumption, no reference",,mechanical,BAU/REC/CIR
891,1,Breaking and separating,ProcessLvl1,mechanical recovery processes,Fragmentation,BATT_LIBToDirectRecycling,ComponentLvl1,batteryCellCasing1,BATT_2RM_DirectRecycling,MaterialLvl1,ferrousMetals1,0.98,,±20%,BAU/REC/CIR,2032,3.5,est,"Assumption, no reference",,mechanical,BAU/REC/CIR
892,1,Breaking and separating,ProcessLvl1,mechanical recovery processes,Fragmentation,BATT_LIBToDirectRecycling,ComponentLvl1,batteryCellCasing1,BATT_2RM_DirectRecycling,MaterialLvl1,plastics,0.98,,±20%,BAU/REC/CIR,2032,3.5,est,"Assumption, no reference",,mechanical,BAU/REC/CIR
893,1,Breaking and separating,ProcessLvl1,mechanical recovery processes,Fragmentation,BATT_LIBToDirectRecycling,ComponentLvl2,currentCollectorAnode,BATT_2RM_DirectRecycling,ElementLvl1,Cu,1.0,,±15%,BAU/REC/CIR,2032,3.0,meas,[Roy et al. 2024],"(PDF) Direct recycling of Li‐ion batteries from cell to pack level: Challenges and prospects on technology, scalability, sustainability, and economics",mechanical,BAU/REC/CIR
894,1,Breaking and separating,ProcessLvl1,mechanical recovery processes,Fragmentation,BATT_LIBToDirectRecycling,ComponentLvl2,currentCollectorCathode,BATT_2RM_DirectRecycling,ElementLvl1,Al,1.0,,±15%,BAU/REC/CIR,2032,3.0,meas,[Roy et al. 2024],"(PDF) Direct recycling of Li‐ion batteries from cell to pack level: Challenges and prospects on technology, scalability, sustainability, and economics",mechanical,BAU/REC/CIR
895,1,Breaking and separating,ProcessLvl1,mechanical recovery processes,Fragmentation,BATT_LIBToDirectRecycling,ComponentLvl2,batteryCellSeparator2,BATT_2RM_DirectRecycling,MaterialLvl1,plastics,1.0,,±10%,BAU/REC/CIR,2032,2.0,est,[Kyburz 2023],Interview Kyburz 2023,mechanical,BAU/REC/CIR
896,1,Breaking and separating,ProcessLvl1,mechanical recovery processes,Fragmentation,BATT_LIBToDirectRecycling,ComponentLvl2,batteryCellElectrolyte2,BATT_2RM_DirectRecycling,MaterialLvl4,organicSolvents,0.89,,±15%,BAU/REC/CIR,2032,3.0,meas,[Nowak et al. 2015],https://pubs.rsc.org/en/content/articlelanding/2015/ra/c5ra04451k,mechanical,BAU/REC/CIR
897,1,Breaking and separating,ProcessLvl1,mechanical recovery processes,Fragmentation,BATT_LIBToDirectRecycling,ComponentLvl2,batteryCellElectrolyte2,BATT_2RM_DirectRecycling,MaterialLvl4,shadowMaterial4,0.89,,±15%,BAU/REC/CIR,2032,3.0,meas,[Nowak et al. 2015],https://pubs.rsc.org/en/content/articlelanding/2015/ra/c5ra04451k,mechanical,BAU/REC/CIR
898,2,Calcination,ProcessLvl1,chemical recovery processes,Transformation,BATT_AAMToRegeneration,,,BATT_2RM_AAMRegeneration,MaterialLvl4,graphite4,0.9,,±15%,BAU/REC/CIR,2032,3.0,est,[Roy et al. 2024],"(PDF) Direct recycling of Li‐ion batteries from cell to pack level: Challenges and prospects on technology, scalability, sustainability, and economics",hydro,BAU/REC/CIR
899,3,Re-lithiation,ProcessLvl1,chemical recovery processes,Transformation,BATT_CAMToRegeneration,,,BATT_2RM_CAMRegeneration,ElementLvl1,Fe,0.9,,±15%,BAU/REC/CIR,2032,3.0,est,[Roy et al. 2024],"(PDF) Direct recycling of Li‐ion batteries from cell to pack level: Challenges and prospects on technology, scalability, sustainability, and economics",hydro,BAU/REC/CIR
900,3,Re-lithiation,ProcessLvl1,chemical recovery processes,Transformation,BATT_CAMToRegeneration,,,BATT_2RM_CAMRegeneration,ElementLvl1,P,0.9,,±15%,BAU/REC/CIR,2032,3.0,est,[Roy et al. 2024],"(PDF) Direct recycling of Li‐ion batteries from cell to pack level: Challenges and prospects on technology, scalability, sustainability, and economics",hydro,BAU/REC/CIR
901,3,Re-lithiation,ProcessLvl1,chemical recovery processes,Transformation,BATT_CAMToRegeneration,,,BATT_2RM_CAMRegeneration,ElementLvl1,O,0.9,,±15%,BAU/REC/CIR,2032,3.0,est,[Roy et al. 2024],"(PDF) Direct recycling of Li‐ion batteries from cell to pack level: Challenges and prospects on technology, scalability, sustainability, and economics",hydro,BAU/REC/CIR
902,3,Re-lithiation,ProcessLvl1,chemical recovery processes,Transformation,BATT_CAMToRegeneration,,,BATT_2RM_CAMRegeneration,ElementLvl1,Li,0.9,,±15%,BAU/REC/CIR,2032,3.0,est,[Roy et al. 2024],"(PDF) Direct recycling of Li‐ion batteries from cell to pack level: Challenges and prospects on technology, scalability, sustainability, and economics",hydro,BAU/REC/CIR
903,1,Breaking and separating,ProcessLvl1,mechanical recovery processes,Fragmentation,BATT_LIBToDirectRecycling,ComponentLvl2,anodeActiveMaterial,BATT_Losses_AAMToRegeneration,MaterialLvl4,graphite4,0.0131,0.9869,±15%,BAU/REC/CIR,2032,3.0,calc,Losses calculated from reference value,https://pdf.sciencedirectassets.com/271948/1-s2.0-S1383586622X00130/1-s2.0-S1383586622010425/main.pdf?X-Amz-Security-Token=IQoJb3JpZ2luX2VjEKT%2F%2F%2F%2F%2F%2F%2F%2F%2F%2FwEaCXVzLWVhc3QtMSJHMEUCIEJIwFTrfhiHy4RQEG43Ef5W4KP%2Fse9AQ1OdO34QqdK5AiEAy47aDhnC8ww3TSpa35ofk47tCY%2BhM0qnDNDWjCsFNggqvAUIjP%2F%2F%2F%2F%2F%2F%2F%2F%2F%2FARAFGgwwNTkwMDM1NDY4NjUiDAW9S4rXVbjwJcBTCyqQBSLPjAQv%2FDPPlAhe3wkqk9NnxQ9U2YXt%2BhLHQ65I4vWCwbPv3lmbH4gN4XZss9CBLidyT%2B5nj6oCE0HKqS2%2B3y6MTpiYVfnkTjNJG4cjjdslK%2Fr5t1LxEOkwieatxi79Kut%2BfWlCuAjv%2BLKNAIOYlEG9e1oxsB7ilaen54ergFnZ4eQT2mkPxpKHRu6POLogMlbu0HZTsdC%2BYpxxtPVzQH1r%2FSvAjUi%2BVJdX0R1%2FEXo48XklrU8nicXes6yBtSIzcQpkCfLq3lfSqP4Px0LzyhiVDKEkf%2FFuX5QwRbfIpO8gnjHt5haNHOJphHznd2ngVUmg%2F7QW694canx1w14YrD%2FSIzBUNh5Xx%2BTlFmQt4wpKb8fHKTUldTgf2ranVHoi4PNLasflyFQttL7GTyHFpfNW7%2FygIBKXiLgPmFDNxxqLase6JGx3Yc3wazvuJebgxRm4tYHmCRzBsMEn8cBJ5lL5m4%2FoTBSXOqrFrcjm%2B%2BYMAKgn5g%2FpigE5AHUu19gqvk7RYguaPb%2BpsUlC576isxeJzOCum3urQQ7k3DFmETVYHLVaT5FdvzFGeXzf5vWIohHA5HhnuNa4MP98o6v%2FZ7stgZ%2BhxUMDmMw3Ks1WRpzKIHfmDcMRYe840v%2FNek8T4x8UYy%2F6%2Fynx%2Br%2F3iltAMqcy%2FcO2t73c6lrraUop30i1ZQmPI9Ufu4gBkrjd4y8JAN12E8LloDnj4aml%2FBMdiZXseeJGFrPijlxODraP6qHfuZmlD0SQvl1qVtWfZofXsgaNa%2FeeoSLd8aw1HptcQ524lFXYHpwpYeLsaCuZShspFkyW85LG8raNdbWtP6EQ2PqrZydY8BSjKH19OPjOR4WO4VxWaOxQd5iBwZ%2FYlrk9MObd%2FrsGOrEB9ST5E8PCfp1ygrZywaU7InAkOiJGXe%2BHJ5Wfqx5gyQM%2BgN8pHyLck123LgcDih2Kdcrc4GRvu1jPfiO0FDJA%2FA2V8lgCYy82h8b%2Fw9DHMMzpHKFpqnEtqV5rMXH6ioSCzjxzDzHb9Hx4gJdgGM8b2wKQCnr2nVSrZ6frmVBt1mUP1yZFRXhGGf4NPuYMlO8b1qi2cWt2NyT7%2F0OLYYK4%2BD2swAtNm%2BMMOZ41qOGbZN6c&X-Amz-Algorithm=AWS4-HMAC-SHA256&X-Amz-Date=20250109T115709Z&X-Amz-SignedHeaders=host&X-Amz-Expires=300&X-Amz-Credential=ASIAQ3PHCVTY5INGZQLN%2F20250109%2Fus-east-1%2Fs3%2Faws4_request&X-Amz-Signature=4bdf060a61048b1e0fb23a9e2bdf9d0ebd8a2a905d543cc7d8bb6f13107a076e&hash=c52de67f5feb0c27d968488c1cbadadf9d6bb1f56ee7deaac3a7dea9595e43e7&host=68042c943591013ac2b2430a89b270f6af2c76d8dfd086a07176afe7c76c2c61&pii=S1383586622010425&tid=spdf-50627f0d-c503-4269-a04b-2fd536fd2062&sid=31e1de1925ff154c6e48aed-834933ca4474gxrqb&type=client&tsoh=d3d3LnNjaWVuY2VkaXJlY3QuY29t&ua=02055e0200565c035b57&rr=8ff43f84190fdbc5&cc=de,mechanical,BAU/REC/CIR
904,1,Breaking and separating,ProcessLvl1,mechanical recovery processes,Fragmentation,BATT_LIBToDirectRecycling,ComponentLvl2,cathodeActiveMaterial,BATT_Losses_CAMToRegeneration,ElementLvl1,Fe,0.0131,0.9869,±15%,BAU/REC/CIR,2032,3.0,calc,Losses calculated from reference value,https://pdf.sciencedirectassets.com/271948/1-s2.0-S1383586622X00130/1-s2.0-S1383586622010425/main.pdf?X-Amz-Security-Token=IQoJb3JpZ2luX2VjEKT%2F%2F%2F%2F%2F%2F%2F%2F%2F%2FwEaCXVzLWVhc3QtMSJHMEUCIEJIwFTrfhiHy4RQEG43Ef5W4KP%2Fse9AQ1OdO34QqdK5AiEAy47aDhnC8ww3TSpa35ofk47tCY%2BhM0qnDNDWjCsFNggqvAUIjP%2F%2F%2F%2F%2F%2F%2F%2F%2F%2FARAFGgwwNTkwMDM1NDY4NjUiDAW9S4rXVbjwJcBTCyqQBSLPjAQv%2FDPPlAhe3wkqk9NnxQ9U2YXt%2BhLHQ65I4vWCwbPv3lmbH4gN4XZss9CBLidyT%2B5nj6oCE0HKqS2%2B3y6MTpiYVfnkTjNJG4cjjdslK%2Fr5t1LxEOkwieatxi79Kut%2BfWlCuAjv%2BLKNAIOYlEG9e1oxsB7ilaen54ergFnZ4eQT2mkPxpKHRu6POLogMlbu0HZTsdC%2BYpxxtPVzQH1r%2FSvAjUi%2BVJdX0R1%2FEXo48XklrU8nicXes6yBtSIzcQpkCfLq3lfSqP4Px0LzyhiVDKEkf%2FFuX5QwRbfIpO8gnjHt5haNHOJphHznd2ngVUmg%2F7QW694canx1w14YrD%2FSIzBUNh5Xx%2BTlFmQt4wpKb8fHKTUldTgf2ranVHoi4PNLasflyFQttL7GTyHFpfNW7%2FygIBKXiLgPmFDNxxqLase6JGx3Yc3wazvuJebgxRm4tYHmCRzBsMEn8cBJ5lL5m4%2FoTBSXOqrFrcjm%2B%2BYMAKgn5g%2FpigE5AHUu19gqvk7RYguaPb%2BpsUlC576isxeJzOCum3urQQ7k3DFmETVYHLVaT5FdvzFGeXzf5vWIohHA5HhnuNa4MP98o6v%2FZ7stgZ%2BhxUMDmMw3Ks1WRpzKIHfmDcMRYe840v%2FNek8T4x8UYy%2F6%2Fynx%2Br%2F3iltAMqcy%2FcO2t73c6lrraUop30i1ZQmPI9Ufu4gBkrjd4y8JAN12E8LloDnj4aml%2FBMdiZXseeJGFrPijlxODraP6qHfuZmlD0SQvl1qVtWfZofXsgaNa%2FeeoSLd8aw1HptcQ524lFXYHpwpYeLsaCuZShspFkyW85LG8raNdbWtP6EQ2PqrZydY8BSjKH19OPjOR4WO4VxWaOxQd5iBwZ%2FYlrk9MObd%2FrsGOrEB9ST5E8PCfp1ygrZywaU7InAkOiJGXe%2BHJ5Wfqx5gyQM%2BgN8pHyLck123LgcDih2Kdcrc4GRvu1jPfiO0FDJA%2FA2V8lgCYy82h8b%2Fw9DHMMzpHKFpqnEtqV5rMXH6ioSCzjxzDzHb9Hx4gJdgGM8b2wKQCnr2nVSrZ6frmVBt1mUP1yZFRXhGGf4NPuYMlO8b1qi2cWt2NyT7%2F0OLYYK4%2BD2swAtNm%2BMMOZ41qOGbZN6c&X-Amz-Algorithm=AWS4-HMAC-SHA256&X-Amz-Date=20250109T115709Z&X-Amz-SignedHeaders=host&X-Amz-Expires=300&X-Amz-Credential=ASIAQ3PHCVTY5INGZQLN%2F20250109%2Fus-east-1%2Fs3%2Faws4_request&X-Amz-Signature=4bdf060a61048b1e0fb23a9e2bdf9d0ebd8a2a905d543cc7d8bb6f13107a076e&hash=c52de67f5feb0c27d968488c1cbadadf9d6bb1f56ee7deaac3a7dea9595e43e7&host=68042c943591013ac2b2430a89b270f6af2c76d8dfd086a07176afe7c76c2c61&pii=S1383586622010425&tid=spdf-50627f0d-c503-4269-a04b-2fd536fd2062&sid=31e1de1925ff154c6e48aed-834933ca4474gxrqb&type=client&tsoh=d3d3LnNjaWVuY2VkaXJlY3QuY29t&ua=02055e0200565c035b57&rr=8ff43f84190fdbc5&cc=de,mechanical,BAU/REC/CIR
905,1,Breaking and separating,ProcessLvl1,mechanical recovery processes,Fragmentation,BATT_LIBToDirectRecycling,ComponentLvl2,cathodeActiveMaterial,BATT_Losses_CAMToRegeneration,ElementLvl1,P,0.0131,0.9869,±15%,BAU/REC/CIR,2032,3.0,calc,Losses calculated from reference value,https://pdf.sciencedirectassets.com/271948/1-s2.0-S1383586622X00130/1-s2.0-S1383586622010425/main.pdf?X-Amz-Security-Token=IQoJb3JpZ2luX2VjEKT%2F%2F%2F%2F%2F%2F%2F%2F%2F%2FwEaCXVzLWVhc3QtMSJHMEUCIEJIwFTrfhiHy4RQEG43Ef5W4KP%2Fse9AQ1OdO34QqdK5AiEAy47aDhnC8ww3TSpa35ofk47tCY%2BhM0qnDNDWjCsFNggqvAUIjP%2F%2F%2F%2F%2F%2F%2F%2F%2F%2FARAFGgwwNTkwMDM1NDY4NjUiDAW9S4rXVbjwJcBTCyqQBSLPjAQv%2FDPPlAhe3wkqk9NnxQ9U2YXt%2BhLHQ65I4vWCwbPv3lmbH4gN4XZss9CBLidyT%2B5nj6oCE0HKqS2%2B3y6MTpiYVfnkTjNJG4cjjdslK%2Fr5t1LxEOkwieatxi79Kut%2BfWlCuAjv%2BLKNAIOYlEG9e1oxsB7ilaen54ergFnZ4eQT2mkPxpKHRu6POLogMlbu0HZTsdC%2BYpxxtPVzQH1r%2FSvAjUi%2BVJdX0R1%2FEXo48XklrU8nicXes6yBtSIzcQpkCfLq3lfSqP4Px0LzyhiVDKEkf%2FFuX5QwRbfIpO8gnjHt5haNHOJphHznd2ngVUmg%2F7QW694canx1w14YrD%2FSIzBUNh5Xx%2BTlFmQt4wpKb8fHKTUldTgf2ranVHoi4PNLasflyFQttL7GTyHFpfNW7%2FygIBKXiLgPmFDNxxqLase6JGx3Yc3wazvuJebgxRm4tYHmCRzBsMEn8cBJ5lL5m4%2FoTBSXOqrFrcjm%2B%2BYMAKgn5g%2FpigE5AHUu19gqvk7RYguaPb%2BpsUlC576isxeJzOCum3urQQ7k3DFmETVYHLVaT5FdvzFGeXzf5vWIohHA5HhnuNa4MP98o6v%2FZ7stgZ%2BhxUMDmMw3Ks1WRpzKIHfmDcMRYe840v%2FNek8T4x8UYy%2F6%2Fynx%2Br%2F3iltAMqcy%2FcO2t73c6lrraUop30i1ZQmPI9Ufu4gBkrjd4y8JAN12E8LloDnj4aml%2FBMdiZXseeJGFrPijlxODraP6qHfuZmlD0SQvl1qVtWfZofXsgaNa%2FeeoSLd8aw1HptcQ524lFXYHpwpYeLsaCuZShspFkyW85LG8raNdbWtP6EQ2PqrZydY8BSjKH19OPjOR4WO4VxWaOxQd5iBwZ%2FYlrk9MObd%2FrsGOrEB9ST5E8PCfp1ygrZywaU7InAkOiJGXe%2BHJ5Wfqx5gyQM%2BgN8pHyLck123LgcDih2Kdcrc4GRvu1jPfiO0FDJA%2FA2V8lgCYy82h8b%2Fw9DHMMzpHKFpqnEtqV5rMXH6ioSCzjxzDzHb9Hx4gJdgGM8b2wKQCnr2nVSrZ6frmVBt1mUP1yZFRXhGGf4NPuYMlO8b1qi2cWt2NyT7%2F0OLYYK4%2BD2swAtNm%2BMMOZ41qOGbZN6c&X-Amz-Algorithm=AWS4-HMAC-SHA256&X-Amz-Date=20250109T115709Z&X-Amz-SignedHeaders=host&X-Amz-Expires=300&X-Amz-Credential=ASIAQ3PHCVTY5INGZQLN%2F20250109%2Fus-east-1%2Fs3%2Faws4_request&X-Amz-Signature=4bdf060a61048b1e0fb23a9e2bdf9d0ebd8a2a905d543cc7d8bb6f13107a076e&hash=c52de67f5feb0c27d968488c1cbadadf9d6bb1f56ee7deaac3a7dea9595e43e7&host=68042c943591013ac2b2430a89b270f6af2c76d8dfd086a07176afe7c76c2c61&pii=S1383586622010425&tid=spdf-50627f0d-c503-4269-a04b-2fd536fd2062&sid=31e1de1925ff154c6e48aed-834933ca4474gxrqb&type=client&tsoh=d3d3LnNjaWVuY2VkaXJlY3QuY29t&ua=02055e0200565c035b57&rr=8ff43f84190fdbc5&cc=de,mechanical,BAU/REC/CIR
906,1,Breaking and separating,ProcessLvl1,mechanical recovery processes,Fragmentation,BATT_LIBToDirectRecycling,ComponentLvl2,cathodeActiveMaterial,BATT_Losses_CAMToRegeneration,ElementLvl1,O,0.0131,0.9869,±15%,BAU/REC/CIR,2032,3.0,calc,Losses calculated from reference value,https://pdf.sciencedirectassets.com/271948/1-s2.0-S1383586622X00130/1-s2.0-S1383586622010425/main.pdf?X-Amz-Security-Token=IQoJb3JpZ2luX2VjEKT%2F%2F%2F%2F%2F%2F%2F%2F%2F%2FwEaCXVzLWVhc3QtMSJHMEUCIEJIwFTrfhiHy4RQEG43Ef5W4KP%2Fse9AQ1OdO34QqdK5AiEAy47aDhnC8ww3TSpa35ofk47tCY%2BhM0qnDNDWjCsFNggqvAUIjP%2F%2F%2F%2F%2F%2F%2F%2F%2F%2FARAFGgwwNTkwMDM1NDY4NjUiDAW9S4rXVbjwJcBTCyqQBSLPjAQv%2FDPPlAhe3wkqk9NnxQ9U2YXt%2BhLHQ65I4vWCwbPv3lmbH4gN4XZss9CBLidyT%2B5nj6oCE0HKqS2%2B3y6MTpiYVfnkTjNJG4cjjdslK%2Fr5t1LxEOkwieatxi79Kut%2BfWlCuAjv%2BLKNAIOYlEG9e1oxsB7ilaen54ergFnZ4eQT2mkPxpKHRu6POLogMlbu0HZTsdC%2BYpxxtPVzQH1r%2FSvAjUi%2BVJdX0R1%2FEXo48XklrU8nicXes6yBtSIzcQpkCfLq3lfSqP4Px0LzyhiVDKEkf%2FFuX5QwRbfIpO8gnjHt5haNHOJphHznd2ngVUmg%2F7QW694canx1w14YrD%2FSIzBUNh5Xx%2BTlFmQt4wpKb8fHKTUldTgf2ranVHoi4PNLasflyFQttL7GTyHFpfNW7%2FygIBKXiLgPmFDNxxqLase6JGx3Yc3wazvuJebgxRm4tYHmCRzBsMEn8cBJ5lL5m4%2FoTBSXOqrFrcjm%2B%2BYMAKgn5g%2FpigE5AHUu19gqvk7RYguaPb%2BpsUlC576isxeJzOCum3urQQ7k3DFmETVYHLVaT5FdvzFGeXzf5vWIohHA5HhnuNa4MP98o6v%2FZ7stgZ%2BhxUMDmMw3Ks1WRpzKIHfmDcMRYe840v%2FNek8T4x8UYy%2F6%2Fynx%2Br%2F3iltAMqcy%2FcO2t73c6lrraUop30i1ZQmPI9Ufu4gBkrjd4y8JAN12E8LloDnj4aml%2FBMdiZXseeJGFrPijlxODraP6qHfuZmlD0SQvl1qVtWfZofXsgaNa%2FeeoSLd8aw1HptcQ524lFXYHpwpYeLsaCuZShspFkyW85LG8raNdbWtP6EQ2PqrZydY8BSjKH19OPjOR4WO4VxWaOxQd5iBwZ%2FYlrk9MObd%2FrsGOrEB9ST5E8PCfp1ygrZywaU7InAkOiJGXe%2BHJ5Wfqx5gyQM%2BgN8pHyLck123LgcDih2Kdcrc4GRvu1jPfiO0FDJA%2FA2V8lgCYy82h8b%2Fw9DHMMzpHKFpqnEtqV5rMXH6ioSCzjxzDzHb9Hx4gJdgGM8b2wKQCnr2nVSrZ6frmVBt1mUP1yZFRXhGGf4NPuYMlO8b1qi2cWt2NyT7%2F0OLYYK4%2BD2swAtNm%2BMMOZ41qOGbZN6c&X-Amz-Algorithm=AWS4-HMAC-SHA256&X-Amz-Date=20250109T115709Z&X-Amz-SignedHeaders=host&X-Amz-Expires=300&X-Amz-Credential=ASIAQ3PHCVTY5INGZQLN%2F20250109%2Fus-east-1%2Fs3%2Faws4_request&X-Amz-Signature=4bdf060a61048b1e0fb23a9e2bdf9d0ebd8a2a905d543cc7d8bb6f13107a076e&hash=c52de67f5feb0c27d968488c1cbadadf9d6bb1f56ee7deaac3a7dea9595e43e7&host=68042c943591013ac2b2430a89b270f6af2c76d8dfd086a07176afe7c76c2c61&pii=S1383586622010425&tid=spdf-50627f0d-c503-4269-a04b-2fd536fd2062&sid=31e1de1925ff154c6e48aed-834933ca4474gxrqb&type=client&tsoh=d3d3LnNjaWVuY2VkaXJlY3QuY29t&ua=02055e0200565c035b57&rr=8ff43f84190fdbc5&cc=de,mechanical,BAU/REC/CIR
907,1,Breaking and separating,ProcessLvl1,mechanical recovery processes,Fragmentation,BATT_LIBToDirectRecycling,ComponentLvl2,cathodeActiveMaterial,BATT_Losses_CAMToRegeneration,ElementLvl1,Li,0.0131,0.9869,±15%,BAU/REC/CIR,2032,3.0,calc,Losses calculated from reference value,https://pdf.sciencedirectassets.com/271948/1-s2.0-S1383586622X00130/1-s2.0-S1383586622010425/main.pdf?X-Amz-Security-Token=IQoJb3JpZ2luX2VjEKT%2F%2F%2F%2F%2F%2F%2F%2F%2F%2FwEaCXVzLWVhc3QtMSJHMEUCIEJIwFTrfhiHy4RQEG43Ef5W4KP%2Fse9AQ1OdO34QqdK5AiEAy47aDhnC8ww3TSpa35ofk47tCY%2BhM0qnDNDWjCsFNggqvAUIjP%2F%2F%2F%2F%2F%2F%2F%2F%2F%2FARAFGgwwNTkwMDM1NDY4NjUiDAW9S4rXVbjwJcBTCyqQBSLPjAQv%2FDPPlAhe3wkqk9NnxQ9U2YXt%2BhLHQ65I4vWCwbPv3lmbH4gN4XZss9CBLidyT%2B5nj6oCE0HKqS2%2B3y6MTpiYVfnkTjNJG4cjjdslK%2Fr5t1LxEOkwieatxi79Kut%2BfWlCuAjv%2BLKNAIOYlEG9e1oxsB7ilaen54ergFnZ4eQT2mkPxpKHRu6POLogMlbu0HZTsdC%2BYpxxtPVzQH1r%2FSvAjUi%2BVJdX0R1%2FEXo48XklrU8nicXes6yBtSIzcQpkCfLq3lfSqP4Px0LzyhiVDKEkf%2FFuX5QwRbfIpO8gnjHt5haNHOJphHznd2ngVUmg%2F7QW694canx1w14YrD%2FSIzBUNh5Xx%2BTlFmQt4wpKb8fHKTUldTgf2ranVHoi4PNLasflyFQttL7GTyHFpfNW7%2FygIBKXiLgPmFDNxxqLase6JGx3Yc3wazvuJebgxRm4tYHmCRzBsMEn8cBJ5lL5m4%2FoTBSXOqrFrcjm%2B%2BYMAKgn5g%2FpigE5AHUu19gqvk7RYguaPb%2BpsUlC576isxeJzOCum3urQQ7k3DFmETVYHLVaT5FdvzFGeXzf5vWIohHA5HhnuNa4MP98o6v%2FZ7stgZ%2BhxUMDmMw3Ks1WRpzKIHfmDcMRYe840v%2FNek8T4x8UYy%2F6%2Fynx%2Br%2F3iltAMqcy%2FcO2t73c6lrraUop30i1ZQmPI9Ufu4gBkrjd4y8JAN12E8LloDnj4aml%2FBMdiZXseeJGFrPijlxODraP6qHfuZmlD0SQvl1qVtWfZofXsgaNa%2FeeoSLd8aw1HptcQ524lFXYHpwpYeLsaCuZShspFkyW85LG8raNdbWtP6EQ2PqrZydY8BSjKH19OPjOR4WO4VxWaOxQd5iBwZ%2FYlrk9MObd%2FrsGOrEB9ST5E8PCfp1ygrZywaU7InAkOiJGXe%2BHJ5Wfqx5gyQM%2BgN8pHyLck123LgcDih2Kdcrc4GRvu1jPfiO0FDJA%2FA2V8lgCYy82h8b%2Fw9DHMMzpHKFpqnEtqV5rMXH6ioSCzjxzDzHb9Hx4gJdgGM8b2wKQCnr2nVSrZ6frmVBt1mUP1yZFRXhGGf4NPuYMlO8b1qi2cWt2NyT7%2F0OLYYK4%2BD2swAtNm%2BMMOZ41qOGbZN6c&X-Amz-Algorithm=AWS4-HMAC-SHA256&X-Amz-Date=20250109T115709Z&X-Amz-SignedHeaders=host&X-Amz-Expires=300&X-Amz-Credential=ASIAQ3PHCVTY5INGZQLN%2F20250109%2Fus-east-1%2Fs3%2Faws4_request&X-Amz-Signature=4bdf060a61048b1e0fb23a9e2bdf9d0ebd8a2a905d543cc7d8bb6f13107a076e&hash=c52de67f5feb0c27d968488c1cbadadf9d6bb1f56ee7deaac3a7dea9595e43e7&host=68042c943591013ac2b2430a89b270f6af2c76d8dfd086a07176afe7c76c2c61&pii=S1383586622010425&tid=spdf-50627f0d-c503-4269-a04b-2fd536fd2062&sid=31e1de1925ff154c6e48aed-834933ca4474gxrqb&type=client&tsoh=d3d3LnNjaWVuY2VkaXJlY3QuY29t&ua=02055e0200565c035b57&rr=8ff43f84190fdbc5&cc=de,mechanical,BAU/REC/CIR
908,1,Breaking and separating,ProcessLvl1,mechanical recovery processes,Fragmentation,BATT_LIBToDirectRecycling,ComponentLvl1,batteryCellCasing1,BATT_Losses_DirectRecycling,ElementLvl1,Al,0.020000000000000018,0.98,±20%,BAU/REC/CIR,2032,3.5,est,"Assumption, no reference",,mechanical,BAU/REC/CIR
909,1,Breaking and separating,ProcessLvl1,mechanical recovery processes,Fragmentation,BATT_LIBToDirectRecycling,ComponentLvl1,batteryCellCasing1,BATT_Losses_DirectRecycling,ElementLvl1,Fe,0.020000000000000018,0.98,±20%,BAU/REC/CIR,2032,3.5,est,"Assumption, no reference",,mechanical,BAU/REC/CIR
910,1,Breaking and separating,ProcessLvl1,mechanical recovery processes,Fragmentation,BATT_LIBToDirectRecycling,ComponentLvl1,batteryCellCasing1,BATT_Losses_DirectRecycling,MaterialLvl1,ferrousMetals1,0.020000000000000018,0.98,±20%,BAU/REC/CIR,2032,3.5,est,"Assumption, no reference",,mechanical,BAU/REC/CIR
911,1,Breaking and separating,ProcessLvl1,mechanical recovery processes,Fragmentation,BATT_LIBToDirectRecycling,ComponentLvl1,batteryCellCasing1,BATT_Losses_DirectRecycling,MaterialLvl1,plastics,0.020000000000000018,0.98,±20%,BAU/REC/CIR,2032,3.5,est,"Assumption, no reference",,mechanical,BAU/REC/CIR
912,1,Breaking and separating,ProcessLvl1,mechanical recovery processes,Fragmentation,BATT_LIBToDirectRecycling,ComponentLvl2,batteryCellElectrolyte2,BATT_Losses_DirectRecycling,MaterialLvl4,organicSolvents,0.10999999999999999,0.89,±15%,BAU/REC/CIR,2032,3.0,meas,Losses calculated from reference value,https://pubs.rsc.org/en/content/articlelanding/2015/ra/c5ra04451k,mechanical,BAU/REC/CIR
913,1,Breaking and separating,ProcessLvl1,mechanical recovery processes,Fragmentation,BATT_LIBToDirectRecycling,ComponentLvl2,batteryCellElectrolyte2,BATT_Losses_DirectRecycling,MaterialLvl4,shadowMaterial4,0.10999999999999999,0.89,±15%,BAU/REC/CIR,2032,3.0,meas,Losses calculated from reference value,https://pubs.rsc.org/en/content/articlelanding/2015/ra/c5ra04451k,mechanical,BAU/REC/CIR
914,2,Calcination,ProcessLvl1,chemical recovery processes,Transformation,BATT_AAMToRegeneration,,,BATT_Losses_AAMRegeneration,MaterialLvl4,graphite4,0.09999999999999998,0.9,±15%,BAU/REC/CIR,2032,3.0,est,Losses calculated from reference value,"(PDF) Direct recycling of Li‐ion batteries from cell to pack level: Challenges and prospects on technology, scalability, sustainability, and economics",hydro,BAU/REC/CIR
915,3,Re-lithiation,ProcessLvl1,chemical recovery processes,Transformation,BATT_CAMToRegeneration,,,BATT_Losses_CAMRegeneration,ElementLvl1,Fe,0.09999999999999998,0.9,±15%,BAU/REC/CIR,2032,3.0,est,Losses calculated from reference value,"(PDF) Direct recycling of Li‐ion batteries from cell to pack level: Challenges and prospects on technology, scalability, sustainability, and economics",hydro,BAU/REC/CIR
916,3,Re-lithiation,ProcessLvl1,chemical recovery processes,Transformation,BATT_CAMToRegeneration,,,BATT_Losses_CAMRegeneration,ElementLvl1,P,0.09999999999999998,0.9,±15%,BAU/REC/CIR,2032,3.0,est,Losses calculated from reference value,"(PDF) Direct recycling of Li‐ion batteries from cell to pack level: Challenges and prospects on technology, scalability, sustainability, and economics",hydro,BAU/REC/CIR
917,3,Re-lithiation,ProcessLvl1,chemical recovery processes,Transformation,BATT_CAMToRegeneration,,,BATT_Losses_CAMRegeneration,ElementLvl1,O,0.09999999999999998,0.9,±15%,BAU/REC/CIR,2032,3.0,est,Losses calculated from reference value,"(PDF) Direct recycling of Li‐ion batteries from cell to pack level: Challenges and prospects on technology, scalability, sustainability, and economics",hydro,BAU/REC/CIR
918,3,Re-lithiation,ProcessLvl1,chemical recovery processes,Transformation,BATT_CAMToRegeneration,,,BATT_Losses_CAMRegeneration,ElementLvl1,Li,0.09999999999999998,0.9,±15%,BAU/REC/CIR,2032,3.0,est,Losses calculated from reference value,"(PDF) Direct recycling of Li‐ion batteries from cell to pack level: Challenges and prospects on technology, scalability, sustainability, and economics",hydro,BAU/REC/CIR
884,1,Breaking and separating,ProcessLvl1,mechanical recovery processes,Fragmentation,BATT_LIBToDirectRecycling,ComponentLvl2,anodeActiveMaterial,BATT_AAMToRegeneration,MaterialLvl4,graphite4,0.9869,,±20%,BAU/REC/CIR,2050,3.5,meas,[Lu et al. 2022],https://pdf.sciencedirectassets.com/271948/1-s2.0-S1383586622X00130/1-s2.0-S1383586622010425/main.pdf?X-Amz-Security-Token=IQoJb3JpZ2luX2VjEKT%2F%2F%2F%2F%2F%2F%2F%2F%2F%2FwEaCXVzLWVhc3QtMSJHMEUCIEJIwFTrfhiHy4RQEG43Ef5W4KP%2Fse9AQ1OdO34QqdK5AiEAy47aDhnC8ww3TSpa35ofk47tCY%2BhM0qnDNDWjCsFNggqvAUIjP%2F%2F%2F%2F%2F%2F%2F%2F%2F%2FARAFGgwwNTkwMDM1NDY4NjUiDAW9S4rXVbjwJcBTCyqQBSLPjAQv%2FDPPlAhe3wkqk9NnxQ9U2YXt%2BhLHQ65I4vWCwbPv3lmbH4gN4XZss9CBLidyT%2B5nj6oCE0HKqS2%2B3y6MTpiYVfnkTjNJG4cjjdslK%2Fr5t1LxEOkwieatxi79Kut%2BfWlCuAjv%2BLKNAIOYlEG9e1oxsB7ilaen54ergFnZ4eQT2mkPxpKHRu6POLogMlbu0HZTsdC%2BYpxxtPVzQH1r%2FSvAjUi%2BVJdX0R1%2FEXo48XklrU8nicXes6yBtSIzcQpkCfLq3lfSqP4Px0LzyhiVDKEkf%2FFuX5QwRbfIpO8gnjHt5haNHOJphHznd2ngVUmg%2F7QW694canx1w14YrD%2FSIzBUNh5Xx%2BTlFmQt4wpKb8fHKTUldTgf2ranVHoi4PNLasflyFQttL7GTyHFpfNW7%2FygIBKXiLgPmFDNxxqLase6JGx3Yc3wazvuJebgxRm4tYHmCRzBsMEn8cBJ5lL5m4%2FoTBSXOqrFrcjm%2B%2BYMAKgn5g%2FpigE5AHUu19gqvk7RYguaPb%2BpsUlC576isxeJzOCum3urQQ7k3DFmETVYHLVaT5FdvzFGeXzf5vWIohHA5HhnuNa4MP98o6v%2FZ7stgZ%2BhxUMDmMw3Ks1WRpzKIHfmDcMRYe840v%2FNek8T4x8UYy%2F6%2Fynx%2Br%2F3iltAMqcy%2FcO2t73c6lrraUop30i1ZQmPI9Ufu4gBkrjd4y8JAN12E8LloDnj4aml%2FBMdiZXseeJGFrPijlxODraP6qHfuZmlD0SQvl1qVtWfZofXsgaNa%2FeeoSLd8aw1HptcQ524lFXYHpwpYeLsaCuZShspFkyW85LG8raNdbWtP6EQ2PqrZydY8BSjKH19OPjOR4WO4VxWaOxQd5iBwZ%2FYlrk9MObd%2FrsGOrEB9ST5E8PCfp1ygrZywaU7InAkOiJGXe%2BHJ5Wfqx5gyQM%2BgN8pHyLck123LgcDih2Kdcrc4GRvu1jPfiO0FDJA%2FA2V8lgCYy82h8b%2Fw9DHMMzpHKFpqnEtqV5rMXH6ioSCzjxzDzHb9Hx4gJdgGM8b2wKQCnr2nVSrZ6frmVBt1mUP1yZFRXhGGf4NPuYMlO8b1qi2cWt2NyT7%2F0OLYYK4%2BD2swAtNm%2BMMOZ41qOGbZN6c&X-Amz-Algorithm=AWS4-HMAC-SHA256&X-Amz-Date=20250109T115709Z&X-Amz-SignedHeaders=host&X-Amz-Expires=300&X-Amz-Credential=ASIAQ3PHCVTY5INGZQLN%2F20250109%2Fus-east-1%2Fs3%2Faws4_request&X-Amz-Signature=4bdf060a61048b1e0fb23a9e2bdf9d0ebd8a2a905d543cc7d8bb6f13107a076e&hash=c52de67f5feb0c27d968488c1cbadadf9d6bb1f56ee7deaac3a7dea9595e43e7&host=68042c943591013ac2b2430a89b270f6af2c76d8dfd086a07176afe7c76c2c61&pii=S1383586622010425&tid=spdf-50627f0d-c503-4269-a04b-2fd536fd2062&sid=31e1de1925ff154c6e48aed-834933ca4474gxrqb&type=client&tsoh=d3d3LnNjaWVuY2VkaXJlY3QuY29t&ua=02055e0200565c035b57&rr=8ff43f84190fdbc5&cc=de,mechanical,BAU/REC/CIR
885,1,Breaking and separating,ProcessLvl1,mechanical recovery processes,Fragmentation,BATT_LIBToDirectRecycling,ComponentLvl2,cathodeActiveMaterial,BATT_CAMToRegeneration,ElementLvl1,Fe,0.9869,,±20%,BAU/REC/CIR,2050,3.5,meas,[Lu et al. 2022],https://pdf.sciencedirectassets.com/271948/1-s2.0-S1383586622X00130/1-s2.0-S1383586622010425/main.pdf?X-Amz-Security-Token=IQoJb3JpZ2luX2VjEKT%2F%2F%2F%2F%2F%2F%2F%2F%2F%2FwEaCXVzLWVhc3QtMSJHMEUCIEJIwFTrfhiHy4RQEG43Ef5W4KP%2Fse9AQ1OdO34QqdK5AiEAy47aDhnC8ww3TSpa35ofk47tCY%2BhM0qnDNDWjCsFNggqvAUIjP%2F%2F%2F%2F%2F%2F%2F%2F%2F%2FARAFGgwwNTkwMDM1NDY4NjUiDAW9S4rXVbjwJcBTCyqQBSLPjAQv%2FDPPlAhe3wkqk9NnxQ9U2YXt%2BhLHQ65I4vWCwbPv3lmbH4gN4XZss9CBLidyT%2B5nj6oCE0HKqS2%2B3y6MTpiYVfnkTjNJG4cjjdslK%2Fr5t1LxEOkwieatxi79Kut%2BfWlCuAjv%2BLKNAIOYlEG9e1oxsB7ilaen54ergFnZ4eQT2mkPxpKHRu6POLogMlbu0HZTsdC%2BYpxxtPVzQH1r%2FSvAjUi%2BVJdX0R1%2FEXo48XklrU8nicXes6yBtSIzcQpkCfLq3lfSqP4Px0LzyhiVDKEkf%2FFuX5QwRbfIpO8gnjHt5haNHOJphHznd2ngVUmg%2F7QW694canx1w14YrD%2FSIzBUNh5Xx%2BTlFmQt4wpKb8fHKTUldTgf2ranVHoi4PNLasflyFQttL7GTyHFpfNW7%2FygIBKXiLgPmFDNxxqLase6JGx3Yc3wazvuJebgxRm4tYHmCRzBsMEn8cBJ5lL5m4%2FoTBSXOqrFrcjm%2B%2BYMAKgn5g%2FpigE5AHUu19gqvk7RYguaPb%2BpsUlC576isxeJzOCum3urQQ7k3DFmETVYHLVaT5FdvzFGeXzf5vWIohHA5HhnuNa4MP98o6v%2FZ7stgZ%2BhxUMDmMw3Ks1WRpzKIHfmDcMRYe840v%2FNek8T4x8UYy%2F6%2Fynx%2Br%2F3iltAMqcy%2FcO2t73c6lrraUop30i1ZQmPI9Ufu4gBkrjd4y8JAN12E8LloDnj4aml%2FBMdiZXseeJGFrPijlxODraP6qHfuZmlD0SQvl1qVtWfZofXsgaNa%2FeeoSLd8aw1HptcQ524lFXYHpwpYeLsaCuZShspFkyW85LG8raNdbWtP6EQ2PqrZydY8BSjKH19OPjOR4WO4VxWaOxQd5iBwZ%2FYlrk9MObd%2FrsGOrEB9ST5E8PCfp1ygrZywaU7InAkOiJGXe%2BHJ5Wfqx5gyQM%2BgN8pHyLck123LgcDih2Kdcrc4GRvu1jPfiO0FDJA%2FA2V8lgCYy82h8b%2Fw9DHMMzpHKFpqnEtqV5rMXH6ioSCzjxzDzHb9Hx4gJdgGM8b2wKQCnr2nVSrZ6frmVBt1mUP1yZFRXhGGf4NPuYMlO8b1qi2cWt2NyT7%2F0OLYYK4%2BD2swAtNm%2BMMOZ41qOGbZN6c&X-Amz-Algorithm=AWS4-HMAC-SHA256&X-Amz-Date=20250109T115709Z&X-Amz-SignedHeaders=host&X-Amz-Expires=300&X-Amz-Credential=ASIAQ3PHCVTY5INGZQLN%2F20250109%2Fus-east-1%2Fs3%2Faws4_request&X-Amz-Signature=4bdf060a61048b1e0fb23a9e2bdf9d0ebd8a2a905d543cc7d8bb6f13107a076e&hash=c52de67f5feb0c27d968488c1cbadadf9d6bb1f56ee7deaac3a7dea9595e43e7&host=68042c943591013ac2b2430a89b270f6af2c76d8dfd086a07176afe7c76c2c61&pii=S1383586622010425&tid=spdf-50627f0d-c503-4269-a04b-2fd536fd2062&sid=31e1de1925ff154c6e48aed-834933ca4474gxrqb&type=client&tsoh=d3d3LnNjaWVuY2VkaXJlY3QuY29t&ua=02055e0200565c035b57&rr=8ff43f84190fdbc5&cc=de,mechanical,BAU/REC/CIR
886,1,Breaking and separating,ProcessLvl1,mechanical recovery processes,Fragmentation,BATT_LIBToDirectRecycling,ComponentLvl2,cathodeActiveMaterial,BATT_CAMToRegeneration,ElementLvl1,P,0.9869,,±20%,BAU/REC/CIR,2050,3.5,meas,[Lu et al. 2022],https://pdf.sciencedirectassets.com/271948/1-s2.0-S1383586622X00130/1-s2.0-S1383586622010425/main.pdf?X-Amz-Security-Token=IQoJb3JpZ2luX2VjEKT%2F%2F%2F%2F%2F%2F%2F%2F%2F%2FwEaCXVzLWVhc3QtMSJHMEUCIEJIwFTrfhiHy4RQEG43Ef5W4KP%2Fse9AQ1OdO34QqdK5AiEAy47aDhnC8ww3TSpa35ofk47tCY%2BhM0qnDNDWjCsFNggqvAUIjP%2F%2F%2F%2F%2F%2F%2F%2F%2F%2FARAFGgwwNTkwMDM1NDY4NjUiDAW9S4rXVbjwJcBTCyqQBSLPjAQv%2FDPPlAhe3wkqk9NnxQ9U2YXt%2BhLHQ65I4vWCwbPv3lmbH4gN4XZss9CBLidyT%2B5nj6oCE0HKqS2%2B3y6MTpiYVfnkTjNJG4cjjdslK%2Fr5t1LxEOkwieatxi79Kut%2BfWlCuAjv%2BLKNAIOYlEG9e1oxsB7ilaen54ergFnZ4eQT2mkPxpKHRu6POLogMlbu0HZTsdC%2BYpxxtPVzQH1r%2FSvAjUi%2BVJdX0R1%2FEXo48XklrU8nicXes6yBtSIzcQpkCfLq3lfSqP4Px0LzyhiVDKEkf%2FFuX5QwRbfIpO8gnjHt5haNHOJphHznd2ngVUmg%2F7QW694canx1w14YrD%2FSIzBUNh5Xx%2BTlFmQt4wpKb8fHKTUldTgf2ranVHoi4PNLasflyFQttL7GTyHFpfNW7%2FygIBKXiLgPmFDNxxqLase6JGx3Yc3wazvuJebgxRm4tYHmCRzBsMEn8cBJ5lL5m4%2FoTBSXOqrFrcjm%2B%2BYMAKgn5g%2FpigE5AHUu19gqvk7RYguaPb%2BpsUlC576isxeJzOCum3urQQ7k3DFmETVYHLVaT5FdvzFGeXzf5vWIohHA5HhnuNa4MP98o6v%2FZ7stgZ%2BhxUMDmMw3Ks1WRpzKIHfmDcMRYe840v%2FNek8T4x8UYy%2F6%2Fynx%2Br%2F3iltAMqcy%2FcO2t73c6lrraUop30i1ZQmPI9Ufu4gBkrjd4y8JAN12E8LloDnj4aml%2FBMdiZXseeJGFrPijlxODraP6qHfuZmlD0SQvl1qVtWfZofXsgaNa%2FeeoSLd8aw1HptcQ524lFXYHpwpYeLsaCuZShspFkyW85LG8raNdbWtP6EQ2PqrZydY8BSjKH19OPjOR4WO4VxWaOxQd5iBwZ%2FYlrk9MObd%2FrsGOrEB9ST5E8PCfp1ygrZywaU7InAkOiJGXe%2BHJ5Wfqx5gyQM%2BgN8pHyLck123LgcDih2Kdcrc4GRvu1jPfiO0FDJA%2FA2V8lgCYy82h8b%2Fw9DHMMzpHKFpqnEtqV5rMXH6ioSCzjxzDzHb9Hx4gJdgGM8b2wKQCnr2nVSrZ6frmVBt1mUP1yZFRXhGGf4NPuYMlO8b1qi2cWt2NyT7%2F0OLYYK4%2BD2swAtNm%2BMMOZ41qOGbZN6c&X-Amz-Algorithm=AWS4-HMAC-SHA256&X-Amz-Date=20250109T115709Z&X-Amz-SignedHeaders=host&X-Amz-Expires=300&X-Amz-Credential=ASIAQ3PHCVTY5INGZQLN%2F20250109%2Fus-east-1%2Fs3%2Faws4_request&X-Amz-Signature=4bdf060a61048b1e0fb23a9e2bdf9d0ebd8a2a905d543cc7d8bb6f13107a076e&hash=c52de67f5feb0c27d968488c1cbadadf9d6bb1f56ee7deaac3a7dea9595e43e7&host=68042c943591013ac2b2430a89b270f6af2c76d8dfd086a07176afe7c76c2c61&pii=S1383586622010425&tid=spdf-50627f0d-c503-4269-a04b-2fd536fd2062&sid=31e1de1925ff154c6e48aed-834933ca4474gxrqb&type=client&tsoh=d3d3LnNjaWVuY2VkaXJlY3QuY29t&ua=02055e0200565c035b57&rr=8ff43f84190fdbc5&cc=de,mechanical,BAU/REC/CIR
887,1,Breaking and separating,ProcessLvl1,mechanical recovery processes,Fragmentation,BATT_LIBToDirectRecycling,ComponentLvl2,cathodeActiveMaterial,BATT_CAMToRegeneration,ElementLvl1,O,0.9869,,±20%,BAU/REC/CIR,2050,3.5,meas,[Lu et al. 2022],https://pdf.sciencedirectassets.com/271948/1-s2.0-S1383586622X00130/1-s2.0-S1383586622010425/main.pdf?X-Amz-Security-Token=IQoJb3JpZ2luX2VjEKT%2F%2F%2F%2F%2F%2F%2F%2F%2F%2FwEaCXVzLWVhc3QtMSJHMEUCIEJIwFTrfhiHy4RQEG43Ef5W4KP%2Fse9AQ1OdO34QqdK5AiEAy47aDhnC8ww3TSpa35ofk47tCY%2BhM0qnDNDWjCsFNggqvAUIjP%2F%2F%2F%2F%2F%2F%2F%2F%2F%2FARAFGgwwNTkwMDM1NDY4NjUiDAW9S4rXVbjwJcBTCyqQBSLPjAQv%2FDPPlAhe3wkqk9NnxQ9U2YXt%2BhLHQ65I4vWCwbPv3lmbH4gN4XZss9CBLidyT%2B5nj6oCE0HKqS2%2B3y6MTpiYVfnkTjNJG4cjjdslK%2Fr5t1LxEOkwieatxi79Kut%2BfWlCuAjv%2BLKNAIOYlEG9e1oxsB7ilaen54ergFnZ4eQT2mkPxpKHRu6POLogMlbu0HZTsdC%2BYpxxtPVzQH1r%2FSvAjUi%2BVJdX0R1%2FEXo48XklrU8nicXes6yBtSIzcQpkCfLq3lfSqP4Px0LzyhiVDKEkf%2FFuX5QwRbfIpO8gnjHt5haNHOJphHznd2ngVUmg%2F7QW694canx1w14YrD%2FSIzBUNh5Xx%2BTlFmQt4wpKb8fHKTUldTgf2ranVHoi4PNLasflyFQttL7GTyHFpfNW7%2FygIBKXiLgPmFDNxxqLase6JGx3Yc3wazvuJebgxRm4tYHmCRzBsMEn8cBJ5lL5m4%2FoTBSXOqrFrcjm%2B%2BYMAKgn5g%2FpigE5AHUu19gqvk7RYguaPb%2BpsUlC576isxeJzOCum3urQQ7k3DFmETVYHLVaT5FdvzFGeXzf5vWIohHA5HhnuNa4MP98o6v%2FZ7stgZ%2BhxUMDmMw3Ks1WRpzKIHfmDcMRYe840v%2FNek8T4x8UYy%2F6%2Fynx%2Br%2F3iltAMqcy%2FcO2t73c6lrraUop30i1ZQmPI9Ufu4gBkrjd4y8JAN12E8LloDnj4aml%2FBMdiZXseeJGFrPijlxODraP6qHfuZmlD0SQvl1qVtWfZofXsgaNa%2FeeoSLd8aw1HptcQ524lFXYHpwpYeLsaCuZShspFkyW85LG8raNdbWtP6EQ2PqrZydY8BSjKH19OPjOR4WO4VxWaOxQd5iBwZ%2FYlrk9MObd%2FrsGOrEB9ST5E8PCfp1ygrZywaU7InAkOiJGXe%2BHJ5Wfqx5gyQM%2BgN8pHyLck123LgcDih2Kdcrc4GRvu1jPfiO0FDJA%2FA2V8lgCYy82h8b%2Fw9DHMMzpHKFpqnEtqV5rMXH6ioSCzjxzDzHb9Hx4gJdgGM8b2wKQCnr2nVSrZ6frmVBt1mUP1yZFRXhGGf4NPuYMlO8b1qi2cWt2NyT7%2F0OLYYK4%2BD2swAtNm%2BMMOZ41qOGbZN6c&X-Amz-Algorithm=AWS4-HMAC-SHA256&X-Amz-Date=20250109T115709Z&X-Amz-SignedHeaders=host&X-Amz-Expires=300&X-Amz-Credential=ASIAQ3PHCVTY5INGZQLN%2F20250109%2Fus-east-1%2Fs3%2Faws4_request&X-Amz-Signature=4bdf060a61048b1e0fb23a9e2bdf9d0ebd8a2a905d543cc7d8bb6f13107a076e&hash=c52de67f5feb0c27d968488c1cbadadf9d6bb1f56ee7deaac3a7dea9595e43e7&host=68042c943591013ac2b2430a89b270f6af2c76d8dfd086a07176afe7c76c2c61&pii=S1383586622010425&tid=spdf-50627f0d-c503-4269-a04b-2fd536fd2062&sid=31e1de1925ff154c6e48aed-834933ca4474gxrqb&type=client&tsoh=d3d3LnNjaWVuY2VkaXJlY3QuY29t&ua=02055e0200565c035b57&rr=8ff43f84190fdbc5&cc=de,mechanical,BAU/REC/CIR
888,1,Breaking and separating,ProcessLvl1,mechanical recovery processes,Fragmentation,BATT_LIBToDirectRecycling,ComponentLvl2,cathodeActiveMaterial,BATT_CAMToRegeneration,ElementLvl1,Li,0.9869,,±20%,BAU/REC/CIR,2050,3.5,meas,[Lu et al. 2022],https://pdf.sciencedirectassets.com/271948/1-s2.0-S1383586622X00130/1-s2.0-S1383586622010425/main.pdf?X-Amz-Security-Token=IQoJb3JpZ2luX2VjEKT%2F%2F%2F%2F%2F%2F%2F%2F%2F%2FwEaCXVzLWVhc3QtMSJHMEUCIEJIwFTrfhiHy4RQEG43Ef5W4KP%2Fse9AQ1OdO34QqdK5AiEAy47aDhnC8ww3TSpa35ofk47tCY%2BhM0qnDNDWjCsFNggqvAUIjP%2F%2F%2F%2F%2F%2F%2F%2F%2F%2FARAFGgwwNTkwMDM1NDY4NjUiDAW9S4rXVbjwJcBTCyqQBSLPjAQv%2FDPPlAhe3wkqk9NnxQ9U2YXt%2BhLHQ65I4vWCwbPv3lmbH4gN4XZss9CBLidyT%2B5nj6oCE0HKqS2%2B3y6MTpiYVfnkTjNJG4cjjdslK%2Fr5t1LxEOkwieatxi79Kut%2BfWlCuAjv%2BLKNAIOYlEG9e1oxsB7ilaen54ergFnZ4eQT2mkPxpKHRu6POLogMlbu0HZTsdC%2BYpxxtPVzQH1r%2FSvAjUi%2BVJdX0R1%2FEXo48XklrU8nicXes6yBtSIzcQpkCfLq3lfSqP4Px0LzyhiVDKEkf%2FFuX5QwRbfIpO8gnjHt5haNHOJphHznd2ngVUmg%2F7QW694canx1w14YrD%2FSIzBUNh5Xx%2BTlFmQt4wpKb8fHKTUldTgf2ranVHoi4PNLasflyFQttL7GTyHFpfNW7%2FygIBKXiLgPmFDNxxqLase6JGx3Yc3wazvuJebgxRm4tYHmCRzBsMEn8cBJ5lL5m4%2FoTBSXOqrFrcjm%2B%2BYMAKgn5g%2FpigE5AHUu19gqvk7RYguaPb%2BpsUlC576isxeJzOCum3urQQ7k3DFmETVYHLVaT5FdvzFGeXzf5vWIohHA5HhnuNa4MP98o6v%2FZ7stgZ%2BhxUMDmMw3Ks1WRpzKIHfmDcMRYe840v%2FNek8T4x8UYy%2F6%2Fynx%2Br%2F3iltAMqcy%2FcO2t73c6lrraUop30i1ZQmPI9Ufu4gBkrjd4y8JAN12E8LloDnj4aml%2FBMdiZXseeJGFrPijlxODraP6qHfuZmlD0SQvl1qVtWfZofXsgaNa%2FeeoSLd8aw1HptcQ524lFXYHpwpYeLsaCuZShspFkyW85LG8raNdbWtP6EQ2PqrZydY8BSjKH19OPjOR4WO4VxWaOxQd5iBwZ%2FYlrk9MObd%2FrsGOrEB9ST5E8PCfp1ygrZywaU7InAkOiJGXe%2BHJ5Wfqx5gyQM%2BgN8pHyLck123LgcDih2Kdcrc4GRvu1jPfiO0FDJA%2FA2V8lgCYy82h8b%2Fw9DHMMzpHKFpqnEtqV5rMXH6ioSCzjxzDzHb9Hx4gJdgGM8b2wKQCnr2nVSrZ6frmVBt1mUP1yZFRXhGGf4NPuYMlO8b1qi2cWt2NyT7%2F0OLYYK4%2BD2swAtNm%2BMMOZ41qOGbZN6c&X-Amz-Algorithm=AWS4-HMAC-SHA256&X-Amz-Date=20250109T115709Z&X-Amz-SignedHeaders=host&X-Amz-Expires=300&X-Amz-Credential=ASIAQ3PHCVTY5INGZQLN%2F20250109%2Fus-east-1%2Fs3%2Faws4_request&X-Amz-Signature=4bdf060a61048b1e0fb23a9e2bdf9d0ebd8a2a905d543cc7d8bb6f13107a076e&hash=c52de67f5feb0c27d968488c1cbadadf9d6bb1f56ee7deaac3a7dea9595e43e7&host=68042c943591013ac2b2430a89b270f6af2c76d8dfd086a07176afe7c76c2c61&pii=S1383586622010425&tid=spdf-50627f0d-c503-4269-a04b-2fd536fd2062&sid=31e1de1925ff154c6e48aed-834933ca4474gxrqb&type=client&tsoh=d3d3LnNjaWVuY2VkaXJlY3QuY29t&ua=02055e0200565c035b57&rr=8ff43f84190fdbc5&cc=de,mechanical,BAU/REC/CIR
889,1,Breaking and separating,ProcessLvl1,mechanical recovery processes,Fragmentation,BATT_LIBToDirectRecycling,ComponentLvl1,batteryCellCasing1,BATT_2RM_DirectRecycling,ElementLvl1,Al,0.98,,±20%,BAU/REC/CIR,2050,4.0,est,"Assumption, no reference",,mechanical,BAU/REC/CIR
890,1,Breaking and separating,ProcessLvl1,mechanical recovery processes,Fragmentation,BATT_LIBToDirectRecycling,ComponentLvl1,batteryCellCasing1,BATT_2RM_DirectRecycling,ElementLvl1,Fe,0.98,,±20%,BAU/REC/CIR,2050,4.0,est,"Assumption, no reference",,mechanical,BAU/REC/CIR
891,1,Breaking and separating,ProcessLvl1,mechanical recovery processes,Fragmentation,BATT_LIBToDirectRecycling,ComponentLvl1,batteryCellCasing1,BATT_2RM_DirectRecycling,MaterialLvl1,ferrousMetals1,0.98,,±20%,BAU/REC/CIR,2050,4.0,est,"Assumption, no reference",,mechanical,BAU/REC/CIR
892,1,Breaking and separating,ProcessLvl1,mechanical recovery processes,Fragmentation,BATT_LIBToDirectRecycling,ComponentLvl1,batteryCellCasing1,BATT_2RM_DirectRecycling,MaterialLvl1,plastics,0.98,,±20%,BAU/REC/CIR,2050,4.0,est,"Assumption, no reference",,mechanical,BAU/REC/CIR
893,1,Breaking and separating,ProcessLvl1,mechanical recovery processes,Fragmentation,BATT_LIBToDirectRecycling,ComponentLvl2,currentCollectorAnode,BATT_2RM_DirectRecycling,ElementLvl1,Cu,1.0,,±20%,BAU/REC/CIR,2050,3.5,meas,[Roy et al. 2024],"(PDF) Direct recycling of Li‐ion batteries from cell to pack level: Challenges and prospects on technology, scalability, sustainability, and economics",mechanical,BAU/REC/CIR
894,1,Breaking and separating,ProcessLvl1,mechanical recovery processes,Fragmentation,BATT_LIBToDirectRecycling,ComponentLvl2,currentCollectorCathode,BATT_2RM_DirectRecycling,ElementLvl1,Al,1.0,,±20%,BAU/REC/CIR,2050,3.5,meas,[Roy et al. 2024],"(PDF) Direct recycling of Li‐ion batteries from cell to pack level: Challenges and prospects on technology, scalability, sustainability, and economics",mechanical,BAU/REC/CIR
895,1,Breaking and separating,ProcessLvl1,mechanical recovery processes,Fragmentation,BATT_LIBToDirectRecycling,ComponentLvl2,batteryCellSeparator2,BATT_2RM_DirectRecycling,MaterialLvl1,plastics,1.0,,±20%,BAU/REC/CIR,2050,2.5,est,[Kyburz 2023],Interview Kyburz 2023,mechanical,BAU/REC/CIR
896,1,Breaking and separating,ProcessLvl1,mechanical recovery processes,Fragmentation,BATT_LIBToDirectRecycling,ComponentLvl2,batteryCellElectrolyte2,BATT_2RM_DirectRecycling,MaterialLvl4,organicSolvents,0.89,,±20%,BAU/REC/CIR,2050,3.5,meas,[Nowak et al. 2015],https://pubs.rsc.org/en/content/articlelanding/2015/ra/c5ra04451k,mechanical,BAU/REC/CIR
897,1,Breaking and separating,ProcessLvl1,mechanical recovery processes,Fragmentation,BATT_LIBToDirectRecycling,ComponentLvl2,batteryCellElectrolyte2,BATT_2RM_DirectRecycling,MaterialLvl4,shadowMaterial4,0.89,,±20%,BAU/REC/CIR,2050,3.5,meas,[Nowak et al. 2015],https://pubs.rsc.org/en/content/articlelanding/2015/ra/c5ra04451k,mechanical,BAU/REC/CIR
898,2,Calcination,ProcessLvl1,chemical recovery processes,Transformation,BATT_AAMToRegeneration,,,BATT_2RM_AAMRegeneration,MaterialLvl4,graphite4,0.91,,±20%,BAU/REC/CIR,2050,3.5,est,[Roy et al. 2024],"(PDF) Direct recycling of Li‐ion batteries from cell to pack level: Challenges and prospects on technology, scalability, sustainability, and economics",hydro,BAU/REC/CIR
899,3,Re-lithiation,ProcessLvl1,chemical recovery processes,Transformation,BATT_CAMToRegeneration,,,BATT_2RM_CAMRegeneration,ElementLvl1,Fe,0.91,,±20%,BAU/REC/CIR,2050,3.5,est,[Roy et al. 2024],"(PDF) Direct recycling of Li‐ion batteries from cell to pack level: Challenges and prospects on technology, scalability, sustainability, and economics",hydro,BAU/REC/CIR
900,3,Re-lithiation,ProcessLvl1,chemical recovery processes,Transformation,BATT_CAMToRegeneration,,,BATT_2RM_CAMRegeneration,ElementLvl1,P,0.91,,±20%,BAU/REC/CIR,2050,3.5,est,[Roy et al. 2024],"(PDF) Direct recycling of Li‐ion batteries from cell to pack level: Challenges and prospects on technology, scalability, sustainability, and economics",hydro,BAU/REC/CIR
901,3,Re-lithiation,ProcessLvl1,chemical recovery processes,Transformation,BATT_CAMToRegeneration,,,BATT_2RM_CAMRegeneration,ElementLvl1,O,0.91,,±20%,BAU/REC/CIR,2050,3.5,est,[Roy et al. 2024],"(PDF) Direct recycling of Li‐ion batteries from cell to pack level: Challenges and prospects on technology, scalability, sustainability, and economics",hydro,BAU/REC/CIR
902,3,Re-lithiation,ProcessLvl1,chemical recovery processes,Transformation,BATT_CAMToRegeneration,,,BATT_2RM_CAMRegeneration,ElementLvl1,Li,0.91,,±20%,BAU/REC/CIR,2050,3.5,est,[Roy et al. 2024],"(PDF) Direct recycling of Li‐ion batteries from cell to pack level: Challenges and prospects on technology, scalability, sustainability, and economics",hydro,BAU/REC/CIR
903,1,Breaking and separating,ProcessLvl1,mechanical recovery processes,Fragmentation,BATT_LIBToDirectRecycling,ComponentLvl2,anodeActiveMaterial,BATT_Losses_AAMToRegeneration,MaterialLvl4,graphite4,0.0131,0.9869,±20%,BAU/REC/CIR,2050,3.5,calc,Losses calculated from reference value,https://pdf.sciencedirectassets.com/271948/1-s2.0-S1383586622X00130/1-s2.0-S1383586622010425/main.pdf?X-Amz-Security-Token=IQoJb3JpZ2luX2VjEKT%2F%2F%2F%2F%2F%2F%2F%2F%2F%2FwEaCXVzLWVhc3QtMSJHMEUCIEJIwFTrfhiHy4RQEG43Ef5W4KP%2Fse9AQ1OdO34QqdK5AiEAy47aDhnC8ww3TSpa35ofk47tCY%2BhM0qnDNDWjCsFNggqvAUIjP%2F%2F%2F%2F%2F%2F%2F%2F%2F%2FARAFGgwwNTkwMDM1NDY4NjUiDAW9S4rXVbjwJcBTCyqQBSLPjAQv%2FDPPlAhe3wkqk9NnxQ9U2YXt%2BhLHQ65I4vWCwbPv3lmbH4gN4XZss9CBLidyT%2B5nj6oCE0HKqS2%2B3y6MTpiYVfnkTjNJG4cjjdslK%2Fr5t1LxEOkwieatxi79Kut%2BfWlCuAjv%2BLKNAIOYlEG9e1oxsB7ilaen54ergFnZ4eQT2mkPxpKHRu6POLogMlbu0HZTsdC%2BYpxxtPVzQH1r%2FSvAjUi%2BVJdX0R1%2FEXo48XklrU8nicXes6yBtSIzcQpkCfLq3lfSqP4Px0LzyhiVDKEkf%2FFuX5QwRbfIpO8gnjHt5haNHOJphHznd2ngVUmg%2F7QW694canx1w14YrD%2FSIzBUNh5Xx%2BTlFmQt4wpKb8fHKTUldTgf2ranVHoi4PNLasflyFQttL7GTyHFpfNW7%2FygIBKXiLgPmFDNxxqLase6JGx3Yc3wazvuJebgxRm4tYHmCRzBsMEn8cBJ5lL5m4%2FoTBSXOqrFrcjm%2B%2BYMAKgn5g%2FpigE5AHUu19gqvk7RYguaPb%2BpsUlC576isxeJzOCum3urQQ7k3DFmETVYHLVaT5FdvzFGeXzf5vWIohHA5HhnuNa4MP98o6v%2FZ7stgZ%2BhxUMDmMw3Ks1WRpzKIHfmDcMRYe840v%2FNek8T4x8UYy%2F6%2Fynx%2Br%2F3iltAMqcy%2FcO2t73c6lrraUop30i1ZQmPI9Ufu4gBkrjd4y8JAN12E8LloDnj4aml%2FBMdiZXseeJGFrPijlxODraP6qHfuZmlD0SQvl1qVtWfZofXsgaNa%2FeeoSLd8aw1HptcQ524lFXYHpwpYeLsaCuZShspFkyW85LG8raNdbWtP6EQ2PqrZydY8BSjKH19OPjOR4WO4VxWaOxQd5iBwZ%2FYlrk9MObd%2FrsGOrEB9ST5E8PCfp1ygrZywaU7InAkOiJGXe%2BHJ5Wfqx5gyQM%2BgN8pHyLck123LgcDih2Kdcrc4GRvu1jPfiO0FDJA%2FA2V8lgCYy82h8b%2Fw9DHMMzpHKFpqnEtqV5rMXH6ioSCzjxzDzHb9Hx4gJdgGM8b2wKQCnr2nVSrZ6frmVBt1mUP1yZFRXhGGf4NPuYMlO8b1qi2cWt2NyT7%2F0OLYYK4%2BD2swAtNm%2BMMOZ41qOGbZN6c&X-Amz-Algorithm=AWS4-HMAC-SHA256&X-Amz-Date=20250109T115709Z&X-Amz-SignedHeaders=host&X-Amz-Expires=300&X-Amz-Credential=ASIAQ3PHCVTY5INGZQLN%2F20250109%2Fus-east-1%2Fs3%2Faws4_request&X-Amz-Signature=4bdf060a61048b1e0fb23a9e2bdf9d0ebd8a2a905d543cc7d8bb6f13107a076e&hash=c52de67f5feb0c27d968488c1cbadadf9d6bb1f56ee7deaac3a7dea9595e43e7&host=68042c943591013ac2b2430a89b270f6af2c76d8dfd086a07176afe7c76c2c61&pii=S1383586622010425&tid=spdf-50627f0d-c503-4269-a04b-2fd536fd2062&sid=31e1de1925ff154c6e48aed-834933ca4474gxrqb&type=client&tsoh=d3d3LnNjaWVuY2VkaXJlY3QuY29t&ua=02055e0200565c035b57&rr=8ff43f84190fdbc5&cc=de,mechanical,BAU/REC/CIR
904,1,Breaking and separating,ProcessLvl1,mechanical recovery processes,Fragmentation,BATT_LIBToDirectRecycling,ComponentLvl2,cathodeActiveMaterial,BATT_Losses_CAMToRegeneration,ElementLvl1,Fe,0.0131,0.9869,±20%,BAU/REC/CIR,2050,3.5,calc,Losses calculated from reference value,https://pdf.sciencedirectassets.com/271948/1-s2.0-S1383586622X00130/1-s2.0-S1383586622010425/main.pdf?X-Amz-Security-Token=IQoJb3JpZ2luX2VjEKT%2F%2F%2F%2F%2F%2F%2F%2F%2F%2FwEaCXVzLWVhc3QtMSJHMEUCIEJIwFTrfhiHy4RQEG43Ef5W4KP%2Fse9AQ1OdO34QqdK5AiEAy47aDhnC8ww3TSpa35ofk47tCY%2BhM0qnDNDWjCsFNggqvAUIjP%2F%2F%2F%2F%2F%2F%2F%2F%2F%2FARAFGgwwNTkwMDM1NDY4NjUiDAW9S4rXVbjwJcBTCyqQBSLPjAQv%2FDPPlAhe3wkqk9NnxQ9U2YXt%2BhLHQ65I4vWCwbPv3lmbH4gN4XZss9CBLidyT%2B5nj6oCE0HKqS2%2B3y6MTpiYVfnkTjNJG4cjjdslK%2Fr5t1LxEOkwieatxi79Kut%2BfWlCuAjv%2BLKNAIOYlEG9e1oxsB7ilaen54ergFnZ4eQT2mkPxpKHRu6POLogMlbu0HZTsdC%2BYpxxtPVzQH1r%2FSvAjUi%2BVJdX0R1%2FEXo48XklrU8nicXes6yBtSIzcQpkCfLq3lfSqP4Px0LzyhiVDKEkf%2FFuX5QwRbfIpO8gnjHt5haNHOJphHznd2ngVUmg%2F7QW694canx1w14YrD%2FSIzBUNh5Xx%2BTlFmQt4wpKb8fHKTUldTgf2ranVHoi4PNLasflyFQttL7GTyHFpfNW7%2FygIBKXiLgPmFDNxxqLase6JGx3Yc3wazvuJebgxRm4tYHmCRzBsMEn8cBJ5lL5m4%2FoTBSXOqrFrcjm%2B%2BYMAKgn5g%2FpigE5AHUu19gqvk7RYguaPb%2BpsUlC576isxeJzOCum3urQQ7k3DFmETVYHLVaT5FdvzFGeXzf5vWIohHA5HhnuNa4MP98o6v%2FZ7stgZ%2BhxUMDmMw3Ks1WRpzKIHfmDcMRYe840v%2FNek8T4x8UYy%2F6%2Fynx%2Br%2F3iltAMqcy%2FcO2t73c6lrraUop30i1ZQmPI9Ufu4gBkrjd4y8JAN12E8LloDnj4aml%2FBMdiZXseeJGFrPijlxODraP6qHfuZmlD0SQvl1qVtWfZofXsgaNa%2FeeoSLd8aw1HptcQ524lFXYHpwpYeLsaCuZShspFkyW85LG8raNdbWtP6EQ2PqrZydY8BSjKH19OPjOR4WO4VxWaOxQd5iBwZ%2FYlrk9MObd%2FrsGOrEB9ST5E8PCfp1ygrZywaU7InAkOiJGXe%2BHJ5Wfqx5gyQM%2BgN8pHyLck123LgcDih2Kdcrc4GRvu1jPfiO0FDJA%2FA2V8lgCYy82h8b%2Fw9DHMMzpHKFpqnEtqV5rMXH6ioSCzjxzDzHb9Hx4gJdgGM8b2wKQCnr2nVSrZ6frmVBt1mUP1yZFRXhGGf4NPuYMlO8b1qi2cWt2NyT7%2F0OLYYK4%2BD2swAtNm%2BMMOZ41qOGbZN6c&X-Amz-Algorithm=AWS4-HMAC-SHA256&X-Amz-Date=20250109T115709Z&X-Amz-SignedHeaders=host&X-Amz-Expires=300&X-Amz-Credential=ASIAQ3PHCVTY5INGZQLN%2F20250109%2Fus-east-1%2Fs3%2Faws4_request&X-Amz-Signature=4bdf060a61048b1e0fb23a9e2bdf9d0ebd8a2a905d543cc7d8bb6f13107a076e&hash=c52de67f5feb0c27d968488c1cbadadf9d6bb1f56ee7deaac3a7dea9595e43e7&host=68042c943591013ac2b2430a89b270f6af2c76d8dfd086a07176afe7c76c2c61&pii=S1383586622010425&tid=spdf-50627f0d-c503-4269-a04b-2fd536fd2062&sid=31e1de1925ff154c6e48aed-834933ca4474gxrqb&type=client&tsoh=d3d3LnNjaWVuY2VkaXJlY3QuY29t&ua=02055e0200565c035b57&rr=8ff43f84190fdbc5&cc=de,mechanical,BAU/REC/CIR
905,1,Breaking and separating,ProcessLvl1,mechanical recovery processes,Fragmentation,BATT_LIBToDirectRecycling,ComponentLvl2,cathodeActiveMaterial,BATT_Losses_CAMToRegeneration,ElementLvl1,P,0.0131,0.9869,±20%,BAU/REC/CIR,2050,3.5,calc,Losses calculated from reference value,https://pdf.sciencedirectassets.com/271948/1-s2.0-S1383586622X00130/1-s2.0-S1383586622010425/main.pdf?X-Amz-Security-Token=IQoJb3JpZ2luX2VjEKT%2F%2F%2F%2F%2F%2F%2F%2F%2F%2FwEaCXVzLWVhc3QtMSJHMEUCIEJIwFTrfhiHy4RQEG43Ef5W4KP%2Fse9AQ1OdO34QqdK5AiEAy47aDhnC8ww3TSpa35ofk47tCY%2BhM0qnDNDWjCsFNggqvAUIjP%2F%2F%2F%2F%2F%2F%2F%2F%2F%2FARAFGgwwNTkwMDM1NDY4NjUiDAW9S4rXVbjwJcBTCyqQBSLPjAQv%2FDPPlAhe3wkqk9NnxQ9U2YXt%2BhLHQ65I4vWCwbPv3lmbH4gN4XZss9CBLidyT%2B5nj6oCE0HKqS2%2B3y6MTpiYVfnkTjNJG4cjjdslK%2Fr5t1LxEOkwieatxi79Kut%2BfWlCuAjv%2BLKNAIOYlEG9e1oxsB7ilaen54ergFnZ4eQT2mkPxpKHRu6POLogMlbu0HZTsdC%2BYpxxtPVzQH1r%2FSvAjUi%2BVJdX0R1%2FEXo48XklrU8nicXes6yBtSIzcQpkCfLq3lfSqP4Px0LzyhiVDKEkf%2FFuX5QwRbfIpO8gnjHt5haNHOJphHznd2ngVUmg%2F7QW694canx1w14YrD%2FSIzBUNh5Xx%2BTlFmQt4wpKb8fHKTUldTgf2ranVHoi4PNLasflyFQttL7GTyHFpfNW7%2FygIBKXiLgPmFDNxxqLase6JGx3Yc3wazvuJebgxRm4tYHmCRzBsMEn8cBJ5lL5m4%2FoTBSXOqrFrcjm%2B%2BYMAKgn5g%2FpigE5AHUu19gqvk7RYguaPb%2BpsUlC576isxeJzOCum3urQQ7k3DFmETVYHLVaT5FdvzFGeXzf5vWIohHA5HhnuNa4MP98o6v%2FZ7stgZ%2BhxUMDmMw3Ks1WRpzKIHfmDcMRYe840v%2FNek8T4x8UYy%2F6%2Fynx%2Br%2F3iltAMqcy%2FcO2t73c6lrraUop30i1ZQmPI9Ufu4gBkrjd4y8JAN12E8LloDnj4aml%2FBMdiZXseeJGFrPijlxODraP6qHfuZmlD0SQvl1qVtWfZofXsgaNa%2FeeoSLd8aw1HptcQ524lFXYHpwpYeLsaCuZShspFkyW85LG8raNdbWtP6EQ2PqrZydY8BSjKH19OPjOR4WO4VxWaOxQd5iBwZ%2FYlrk9MObd%2FrsGOrEB9ST5E8PCfp1ygrZywaU7InAkOiJGXe%2BHJ5Wfqx5gyQM%2BgN8pHyLck123LgcDih2Kdcrc4GRvu1jPfiO0FDJA%2FA2V8lgCYy82h8b%2Fw9DHMMzpHKFpqnEtqV5rMXH6ioSCzjxzDzHb9Hx4gJdgGM8b2wKQCnr2nVSrZ6frmVBt1mUP1yZFRXhGGf4NPuYMlO8b1qi2cWt2NyT7%2F0OLYYK4%2BD2swAtNm%2BMMOZ41qOGbZN6c&X-Amz-Algorithm=AWS4-HMAC-SHA256&X-Amz-Date=20250109T115709Z&X-Amz-SignedHeaders=host&X-Amz-Expires=300&X-Amz-Credential=ASIAQ3PHCVTY5INGZQLN%2F20250109%2Fus-east-1%2Fs3%2Faws4_request&X-Amz-Signature=4bdf060a61048b1e0fb23a9e2bdf9d0ebd8a2a905d543cc7d8bb6f13107a076e&hash=c52de67f5feb0c27d968488c1cbadadf9d6bb1f56ee7deaac3a7dea9595e43e7&host=68042c943591013ac2b2430a89b270f6af2c76d8dfd086a07176afe7c76c2c61&pii=S1383586622010425&tid=spdf-50627f0d-c503-4269-a04b-2fd536fd2062&sid=31e1de1925ff154c6e48aed-834933ca4474gxrqb&type=client&tsoh=d3d3LnNjaWVuY2VkaXJlY3QuY29t&ua=02055e0200565c035b57&rr=8ff43f84190fdbc5&cc=de,mechanical,BAU/REC/CIR
906,1,Breaking and separating,ProcessLvl1,mechanical recovery processes,Fragmentation,BATT_LIBToDirectRecycling,ComponentLvl2,cathodeActiveMaterial,BATT_Losses_CAMToRegeneration,ElementLvl1,O,0.0131,0.9869,±20%,BAU/REC/CIR,2050,3.5,calc,Losses calculated from reference value,https://pdf.sciencedirectassets.com/271948/1-s2.0-S1383586622X00130/1-s2.0-S1383586622010425/main.pdf?X-Amz-Security-Token=IQoJb3JpZ2luX2VjEKT%2F%2F%2F%2F%2F%2F%2F%2F%2F%2FwEaCXVzLWVhc3QtMSJHMEUCIEJIwFTrfhiHy4RQEG43Ef5W4KP%2Fse9AQ1OdO34QqdK5AiEAy47aDhnC8ww3TSpa35ofk47tCY%2BhM0qnDNDWjCsFNggqvAUIjP%2F%2F%2F%2F%2F%2F%2F%2F%2F%2FARAFGgwwNTkwMDM1NDY4NjUiDAW9S4rXVbjwJcBTCyqQBSLPjAQv%2FDPPlAhe3wkqk9NnxQ9U2YXt%2BhLHQ65I4vWCwbPv3lmbH4gN4XZss9CBLidyT%2B5nj6oCE0HKqS2%2B3y6MTpiYVfnkTjNJG4cjjdslK%2Fr5t1LxEOkwieatxi79Kut%2BfWlCuAjv%2BLKNAIOYlEG9e1oxsB7ilaen54ergFnZ4eQT2mkPxpKHRu6POLogMlbu0HZTsdC%2BYpxxtPVzQH1r%2FSvAjUi%2BVJdX0R1%2FEXo48XklrU8nicXes6yBtSIzcQpkCfLq3lfSqP4Px0LzyhiVDKEkf%2FFuX5QwRbfIpO8gnjHt5haNHOJphHznd2ngVUmg%2F7QW694canx1w14YrD%2FSIzBUNh5Xx%2BTlFmQt4wpKb8fHKTUldTgf2ranVHoi4PNLasflyFQttL7GTyHFpfNW7%2FygIBKXiLgPmFDNxxqLase6JGx3Yc3wazvuJebgxRm4tYHmCRzBsMEn8cBJ5lL5m4%2FoTBSXOqrFrcjm%2B%2BYMAKgn5g%2FpigE5AHUu19gqvk7RYguaPb%2BpsUlC576isxeJzOCum3urQQ7k3DFmETVYHLVaT5FdvzFGeXzf5vWIohHA5HhnuNa4MP98o6v%2FZ7stgZ%2BhxUMDmMw3Ks1WRpzKIHfmDcMRYe840v%2FNek8T4x8UYy%2F6%2Fynx%2Br%2F3iltAMqcy%2FcO2t73c6lrraUop30i1ZQmPI9Ufu4gBkrjd4y8JAN12E8LloDnj4aml%2FBMdiZXseeJGFrPijlxODraP6qHfuZmlD0SQvl1qVtWfZofXsgaNa%2FeeoSLd8aw1HptcQ524lFXYHpwpYeLsaCuZShspFkyW85LG8raNdbWtP6EQ2PqrZydY8BSjKH19OPjOR4WO4VxWaOxQd5iBwZ%2FYlrk9MObd%2FrsGOrEB9ST5E8PCfp1ygrZywaU7InAkOiJGXe%2BHJ5Wfqx5gyQM%2BgN8pHyLck123LgcDih2Kdcrc4GRvu1jPfiO0FDJA%2FA2V8lgCYy82h8b%2Fw9DHMMzpHKFpqnEtqV5rMXH6ioSCzjxzDzHb9Hx4gJdgGM8b2wKQCnr2nVSrZ6frmVBt1mUP1yZFRXhGGf4NPuYMlO8b1qi2cWt2NyT7%2F0OLYYK4%2BD2swAtNm%2BMMOZ41qOGbZN6c&X-Amz-Algorithm=AWS4-HMAC-SHA256&X-Amz-Date=20250109T115709Z&X-Amz-SignedHeaders=host&X-Amz-Expires=300&X-Amz-Credential=ASIAQ3PHCVTY5INGZQLN%2F20250109%2Fus-east-1%2Fs3%2Faws4_request&X-Amz-Signature=4bdf060a61048b1e0fb23a9e2bdf9d0ebd8a2a905d543cc7d8bb6f13107a076e&hash=c52de67f5feb0c27d968488c1cbadadf9d6bb1f56ee7deaac3a7dea9595e43e7&host=68042c943591013ac2b2430a89b270f6af2c76d8dfd086a07176afe7c76c2c61&pii=S1383586622010425&tid=spdf-50627f0d-c503-4269-a04b-2fd536fd2062&sid=31e1de1925ff154c6e48aed-834933ca4474gxrqb&type=client&tsoh=d3d3LnNjaWVuY2VkaXJlY3QuY29t&ua=02055e0200565c035b57&rr=8ff43f84190fdbc5&cc=de,mechanical,BAU/REC/CIR
907,1,Breaking and separating,ProcessLvl1,mechanical recovery processes,Fragmentation,BATT_LIBToDirectRecycling,ComponentLvl2,cathodeActiveMaterial,BATT_Losses_CAMToRegeneration,ElementLvl1,Li,0.0131,0.9869,±20%,BAU/REC/CIR,2050,3.5,calc,Losses calculated from reference value,https://pdf.sciencedirectassets.com/271948/1-s2.0-S1383586622X00130/1-s2.0-S1383586622010425/main.pdf?X-Amz-Security-Token=IQoJb3JpZ2luX2VjEKT%2F%2F%2F%2F%2F%2F%2F%2F%2F%2FwEaCXVzLWVhc3QtMSJHMEUCIEJIwFTrfhiHy4RQEG43Ef5W4KP%2Fse9AQ1OdO34QqdK5AiEAy47aDhnC8ww3TSpa35ofk47tCY%2BhM0qnDNDWjCsFNggqvAUIjP%2F%2F%2F%2F%2F%2F%2F%2F%2F%2FARAFGgwwNTkwMDM1NDY4NjUiDAW9S4rXVbjwJcBTCyqQBSLPjAQv%2FDPPlAhe3wkqk9NnxQ9U2YXt%2BhLHQ65I4vWCwbPv3lmbH4gN4XZss9CBLidyT%2B5nj6oCE0HKqS2%2B3y6MTpiYVfnkTjNJG4cjjdslK%2Fr5t1LxEOkwieatxi79Kut%2BfWlCuAjv%2BLKNAIOYlEG9e1oxsB7ilaen54ergFnZ4eQT2mkPxpKHRu6POLogMlbu0HZTsdC%2BYpxxtPVzQH1r%2FSvAjUi%2BVJdX0R1%2FEXo48XklrU8nicXes6yBtSIzcQpkCfLq3lfSqP4Px0LzyhiVDKEkf%2FFuX5QwRbfIpO8gnjHt5haNHOJphHznd2ngVUmg%2F7QW694canx1w14YrD%2FSIzBUNh5Xx%2BTlFmQt4wpKb8fHKTUldTgf2ranVHoi4PNLasflyFQttL7GTyHFpfNW7%2FygIBKXiLgPmFDNxxqLase6JGx3Yc3wazvuJebgxRm4tYHmCRzBsMEn8cBJ5lL5m4%2FoTBSXOqrFrcjm%2B%2BYMAKgn5g%2FpigE5AHUu19gqvk7RYguaPb%2BpsUlC576isxeJzOCum3urQQ7k3DFmETVYHLVaT5FdvzFGeXzf5vWIohHA5HhnuNa4MP98o6v%2FZ7stgZ%2BhxUMDmMw3Ks1WRpzKIHfmDcMRYe840v%2FNek8T4x8UYy%2F6%2Fynx%2Br%2F3iltAMqcy%2FcO2t73c6lrraUop30i1ZQmPI9Ufu4gBkrjd4y8JAN12E8LloDnj4aml%2FBMdiZXseeJGFrPijlxODraP6qHfuZmlD0SQvl1qVtWfZofXsgaNa%2FeeoSLd8aw1HptcQ524lFXYHpwpYeLsaCuZShspFkyW85LG8raNdbWtP6EQ2PqrZydY8BSjKH19OPjOR4WO4VxWaOxQd5iBwZ%2FYlrk9MObd%2FrsGOrEB9ST5E8PCfp1ygrZywaU7InAkOiJGXe%2BHJ5Wfqx5gyQM%2BgN8pHyLck123LgcDih2Kdcrc4GRvu1jPfiO0FDJA%2FA2V8lgCYy82h8b%2Fw9DHMMzpHKFpqnEtqV5rMXH6ioSCzjxzDzHb9Hx4gJdgGM8b2wKQCnr2nVSrZ6frmVBt1mUP1yZFRXhGGf4NPuYMlO8b1qi2cWt2NyT7%2F0OLYYK4%2BD2swAtNm%2BMMOZ41qOGbZN6c&X-Amz-Algorithm=AWS4-HMAC-SHA256&X-Amz-Date=20250109T115709Z&X-Amz-SignedHeaders=host&X-Amz-Expires=300&X-Amz-Credential=ASIAQ3PHCVTY5INGZQLN%2F20250109%2Fus-east-1%2Fs3%2Faws4_request&X-Amz-Signature=4bdf060a61048b1e0fb23a9e2bdf9d0ebd8a2a905d543cc7d8bb6f13107a076e&hash=c52de67f5feb0c27d968488c1cbadadf9d6bb1f56ee7deaac3a7dea9595e43e7&host=68042c943591013ac2b2430a89b270f6af2c76d8dfd086a07176afe7c76c2c61&pii=S1383586622010425&tid=spdf-50627f0d-c503-4269-a04b-2fd536fd2062&sid=31e1de1925ff154c6e48aed-834933ca4474gxrqb&type=client&tsoh=d3d3LnNjaWVuY2VkaXJlY3QuY29t&ua=02055e0200565c035b57&rr=8ff43f84190fdbc5&cc=de,mechanical,BAU/REC/CIR
908,1,Breaking and separating,ProcessLvl1,mechanical recovery processes,Fragmentation,BATT_LIBToDirectRecycling,ComponentLvl1,batteryCellCasing1,BATT_Losses_DirectRecycling,ElementLvl1,Al,0.020000000000000018,0.98,±20%,BAU/REC/CIR,2050,4.0,est,"Assumption, no reference",,mechanical,BAU/REC/CIR
909,1,Breaking and separating,ProcessLvl1,mechanical recovery processes,Fragmentation,BATT_LIBToDirectRecycling,ComponentLvl1,batteryCellCasing1,BATT_Losses_DirectRecycling,ElementLvl1,Fe,0.020000000000000018,0.98,±20%,BAU/REC/CIR,2050,4.0,est,"Assumption, no reference",,mechanical,BAU/REC/CIR
910,1,Breaking and separating,ProcessLvl1,mechanical recovery processes,Fragmentation,BATT_LIBToDirectRecycling,ComponentLvl1,batteryCellCasing1,BATT_Losses_DirectRecycling,MaterialLvl1,ferrousMetals1,0.020000000000000018,0.98,±20%,BAU/REC/CIR,2050,4.0,est,"Assumption, no reference",,mechanical,BAU/REC/CIR
911,1,Breaking and separating,ProcessLvl1,mechanical recovery processes,Fragmentation,BATT_LIBToDirectRecycling,ComponentLvl1,batteryCellCasing1,BATT_Losses_DirectRecycling,MaterialLvl1,plastics,0.020000000000000018,0.98,±20%,BAU/REC/CIR,2050,4.0,est,"Assumption, no reference",,mechanical,BAU/REC/CIR
912,1,Breaking and separating,ProcessLvl1,mechanical recovery processes,Fragmentation,BATT_LIBToDirectRecycling,ComponentLvl2,batteryCellElectrolyte2,BATT_Losses_DirectRecycling,MaterialLvl4,organicSolvents,0.10999999999999999,0.89,±20%,BAU/REC/CIR,2050,3.5,meas,Losses calculated from reference value,https://pubs.rsc.org/en/content/articlelanding/2015/ra/c5ra04451k,mechanical,BAU/REC/CIR
913,1,Breaking and separating,ProcessLvl1,mechanical recovery processes,Fragmentation,BATT_LIBToDirectRecycling,ComponentLvl2,batteryCellElectrolyte2,BATT_Losses_DirectRecycling,MaterialLvl4,shadowMaterial4,0.10999999999999999,0.89,±20%,BAU/REC/CIR,2050,3.5,meas,Losses calculated from reference value,https://pubs.rsc.org/en/content/articlelanding/2015/ra/c5ra04451k,mechanical,BAU/REC/CIR
914,2,Calcination,ProcessLvl1,chemical recovery processes,Transformation,BATT_AAMToRegeneration,,,BATT_Losses_AAMRegeneration,MaterialLvl4,graphite4,0.09,0.91,±20%,BAU/REC/CIR,2050,3.5,est,Losses calculated from reference value,"(PDF) Direct recycling of Li‐ion batteries from cell to pack level: Challenges and prospects on technology, scalability, sustainability, and economics",hydro,BAU/REC/CIR
915,3,Re-lithiation,ProcessLvl1,chemical recovery processes,Transformation,BATT_CAMToRegeneration,,,BATT_Losses_CAMRegeneration,ElementLvl1,Fe,0.09,0.91,±20%,BAU/REC/CIR,2050,3.5,est,Losses calculated from reference value,"(PDF) Direct recycling of Li‐ion batteries from cell to pack level: Challenges and prospects on technology, scalability, sustainability, and economics",hydro,BAU/REC/CIR
916,3,Re-lithiation,ProcessLvl1,chemical recovery processes,Transformation,BATT_CAMToRegeneration,,,BATT_Losses_CAMRegeneration,ElementLvl1,P,0.09,0.91,±20%,BAU/REC/CIR,2050,3.5,est,Losses calculated from reference value,"(PDF) Direct recycling of Li‐ion batteries from cell to pack level: Challenges and prospects on technology, scalability, sustainability, and economics",hydro,BAU/REC/CIR
917,3,Re-lithiation,ProcessLvl1,chemical recovery processes,Transformation,BATT_CAMToRegeneration,,,BATT_Losses_CAMRegeneration,ElementLvl1,O,0.09,0.91,±20%,BAU/REC/CIR,2050,3.5,est,Losses calculated from reference value,"(PDF) Direct recycling of Li‐ion batteries from cell to pack level: Challenges and prospects on technology, scalability, sustainability, and economics",hydro,BAU/REC/CIR
918,3,Re-lithiation,ProcessLvl1,chemical recovery processes,Transformation,BATT_CAMToRegeneration,,,BATT_Losses_CAMRegeneration,ElementLvl1,Li,0.09,0.91,±20%,BAU/REC/CIR,2050,3.5,est,Losses calculated from reference value,"(PDF) Direct recycling of Li‐ion batteries from cell to pack level: Challenges and prospects on technology, scalability, sustainability, and economics",hydro,BAU/REC/CIR
919,1,LIB Recycling Routes,ProcessLvl1,mechanical recovery processes,Distribution,BATT_LIBSorted,,,BATT_LIBToPyro1,BATT_ProductLvl1,battLiRechargeable,0.0415,,±15%,BAU,2010,2.5,other,Various references and assumptions,,mechanical,BAU
920,1,LIB Recycling Routes,ProcessLvl1,mechanical recovery processes,Distribution,BATT_EVInspectedRecycling,,,BATT_LIBToPyro1,BATT_ProductLvl1,battLiRechargeable,0.0415,,±15%,BAU,2010,2.5,other,Various references and assumptions,,mechanical,BAU
921,1,LIB Recycling Routes,ProcessLvl1,mechanical recovery processes,Distribution,BATT_LIBSorted,,,BATT_LIBToPyrolysis2,BATT_ProductLvl1,battLiRechargeable,0.0999,,±15%,BAU,2010,2.5,other,Various references and assumptions,,mechanical,BAU
922,1,LIB Recycling Routes,ProcessLvl1,mechanical recovery processes,Distribution,BATT_EVInspectedRecycling,,,BATT_LIBToPyrolysis2,BATT_ProductLvl1,battLiRechargeable,0.0999,,±15%,BAU,2010,2.5,other,Various references and assumptions,,mechanical,BAU
923,1,LIB Recycling Routes,ProcessLvl1,mechanical recovery processes,Distribution,BATT_LIBSorted,,,BATT_LIBToMechanical3,BATT_ProductLvl1,battLiRechargeable,0.7994,,±15%,BAU,2010,2.5,other,Various references and assumptions,,mechanical,BAU
924,1,LIB Recycling Routes,ProcessLvl1,mechanical recovery processes,Distribution,BATT_EVInspectedRecycling,,,BATT_LIBToMechanical3,BATT_ProductLvl1,battLiRechargeable,0.7994,,±15%,BAU,2010,2.5,other,Various references and assumptions,,mechanical,BAU
925,1,LIB Recycling Routes,ProcessLvl1,mechanical recovery processes,Distribution,BATT_LIBSorted,,,BATT_LIBToPyrolysis4,BATT_ProductLvl1,battLiRechargeable,0.0592,,±15%,BAU,2010,2.5,other,Various references and assumptions,,mechanical,BAU
926,1,LIB Recycling Routes,ProcessLvl1,mechanical recovery processes,Distribution,BATT_EVInspectedRecycling,,,BATT_LIBToPyrolysis4,BATT_ProductLvl1,battLiRechargeable,0.0592,,±15%,BAU,2010,2.5,other,Various references and assumptions,,mechanical,BAU
927,1,LIB Recycling Routes,ProcessLvl1,mechanical recovery processes,Distribution,BATT_LIBSorted,,,BATT_LIBToPyro1,BATT_ProductLvl1,battLiRechargeable,0.0414,,±15%,BAU,2022,2.5,other,Various references and assumptions,,mechanical,BAU
928,1,LIB Recycling Routes,ProcessLvl1,mechanical recovery processes,Distribution,BATT_EVInspectedRecycling,,,BATT_LIBToPyro1,BATT_ProductLvl1,battLiRechargeable,0.0414,,±15%,BAU,2022,2.5,other,Various references and assumptions,,mechanical,BAU
929,1,LIB Recycling Routes,ProcessLvl1,mechanical recovery processes,Distribution,BATT_LIBSorted,,,BATT_LIBToPyrolysis2,BATT_ProductLvl1,battLiRechargeable,0.0999,,±15%,BAU,2022,2.5,other,Various references and assumptions,,mechanical,BAU
930,1,LIB Recycling Routes,ProcessLvl1,mechanical recovery processes,Distribution,BATT_EVInspectedRecycling,,,BATT_LIBToPyrolysis2,BATT_ProductLvl1,battLiRechargeable,0.0999,,±15%,BAU,2022,2.5,other,Various references and assumptions,,mechanical,BAU
931,1,LIB Recycling Routes,ProcessLvl1,mechanical recovery processes,Distribution,BATT_LIBSorted,,,BATT_LIBToMechanical3,BATT_ProductLvl1,battLiRechargeable,0.7989,,±15%,BAU,2022,2.5,other,Various references and assumptions,,mechanical,BAU
932,1,LIB Recycling Routes,ProcessLvl1,mechanical recovery processes,Distribution,BATT_EVInspectedRecycling,,,BATT_LIBToMechanical3,BATT_ProductLvl1,battLiRechargeable,0.7989,,±15%,BAU,2022,2.5,other,Various references and assumptions,,mechanical,BAU
933,1,LIB Recycling Routes,ProcessLvl1,mechanical recovery processes,Distribution,BATT_LIBSorted,,,BATT_LIBToPyrolysis4,BATT_ProductLvl1,battLiRechargeable,0.0592,,±15%,BAU,2022,2.5,other,Various references and assumptions,,mechanical,BAU
934,1,LIB Recycling Routes,ProcessLvl1,mechanical recovery processes,Distribution,BATT_EVInspectedRecycling,,,BATT_LIBToPyrolysis4,BATT_ProductLvl1,battLiRechargeable,0.0592,,±15%,BAU,2022,2.5,other,Various references and assumptions,,mechanical,BAU
935,1,LIB Recycling Routes,ProcessLvl1,mechanical recovery processes,Distribution,BATT_LIBSorted,,,BATT_LIBToDirectRecycling,BATT_ProductLvl1,battLiRechargeable,0.0006,,±15%,BAU,2022,2.5,other,Various references and assumptions,,mechanical,BAU
936,1,LIB Recycling Routes,ProcessLvl1,mechanical recovery processes,Distribution,BATT_EVInspectedRecycling,,,BATT_LIBToDirectRecycling,BATT_ProductLvl1,battLiRechargeable,0.0006,,±15%,BAU,2022,2.5,other,Various references and assumptions,,mechanical,BAU
937,1,LIB Recycling Routes,ProcessLvl1,mechanical recovery processes,Distribution,BATT_LIBSorted,,,BATT_LIBToPyro1,BATT_ProductLvl1,battLiRechargeable,0.0156,,±15%,BAU,2028,3.0,other,Various references and assumptions,,mechanical,BAU
938,1,LIB Recycling Routes,ProcessLvl1,mechanical recovery processes,Distribution,BATT_EVInspectedRecycling,,,BATT_LIBToPyro1,BATT_ProductLvl1,battLiRechargeable,0.0156,,±15%,BAU,2028,3.0,other,Various references and assumptions,,mechanical,BAU
939,1,LIB Recycling Routes,ProcessLvl1,mechanical recovery processes,Distribution,BATT_LIBSorted,,,BATT_LIBToPyrolysis2,BATT_ProductLvl1,battLiRechargeable,0.2819,,±15%,BAU,2028,3.0,other,Various references and assumptions,,mechanical,BAU
940,1,LIB Recycling Routes,ProcessLvl1,mechanical recovery processes,Distribution,BATT_EVInspectedRecycling,,,BATT_LIBToPyrolysis2,BATT_ProductLvl1,battLiRechargeable,0.2819,,±15%,BAU,2028,3.0,other,Various references and assumptions,,mechanical,BAU
941,1,LIB Recycling Routes,ProcessLvl1,mechanical recovery processes,Distribution,BATT_LIBSorted,,,BATT_LIBToMechanical3,BATT_ProductLvl1,battLiRechargeable,0.6791,,±15%,BAU,2028,3.0,other,Various references and assumptions,,mechanical,BAU
942,1,LIB Recycling Routes,ProcessLvl1,mechanical recovery processes,Distribution,BATT_EVInspectedRecycling,,,BATT_LIBToMechanical3,BATT_ProductLvl1,battLiRechargeable,0.6791,,±15%,BAU,2028,3.0,other,Various references and assumptions,,mechanical,BAU
943,1,LIB Recycling Routes,ProcessLvl1,mechanical recovery processes,Distribution,BATT_LIBSorted,,,BATT_LIBToPyrolysis4,BATT_ProductLvl1,battLiRechargeable,0.0223,,±15%,BAU,2028,3.0,other,Various references and assumptions,,mechanical,BAU
944,1,LIB Recycling Routes,ProcessLvl1,mechanical recovery processes,Distribution,BATT_EVInspectedRecycling,,,BATT_LIBToPyrolysis4,BATT_ProductLvl1,battLiRechargeable,0.0223,,±15%,BAU,2028,3.0,other,Various references and assumptions,,mechanical,BAU
945,1,LIB Recycling Routes,ProcessLvl1,mechanical recovery processes,Distribution,BATT_LIBSorted,,,BATT_LIBToDirectRecycling,BATT_ProductLvl1,battLiRechargeable,0.0011,,±15%,BAU,2028,3.0,other,Various references and assumptions,,mechanical,BAU
946,1,LIB Recycling Routes,ProcessLvl1,mechanical recovery processes,Distribution,BATT_EVInspectedRecycling,,,BATT_LIBToDirectRecycling,BATT_ProductLvl1,battLiRechargeable,0.0011,,±15%,BAU,2028,3.0,other,Various references and assumptions,,mechanical,BAU
947,1,LIB Recycling Routes,ProcessLvl1,mechanical recovery processes,Distribution,BATT_LIBSorted,,,BATT_LIBToPyro1,BATT_ProductLvl1,battLiRechargeable,0.0082,,±20%,BAU,2032,3.5,other,Various references and assumptions,,mechanical,BAU
948,1,LIB Recycling Routes,ProcessLvl1,mechanical recovery processes,Distribution,BATT_EVInspectedRecycling,,,BATT_LIBToPyro1,BATT_ProductLvl1,battLiRechargeable,0.0082,,±20%,BAU,2032,3.5,other,Various references and assumptions,,mechanical,BAU
949,1,LIB Recycling Routes,ProcessLvl1,mechanical recovery processes,Distribution,BATT_LIBSorted,,,BATT_LIBToPyrolysis2,BATT_ProductLvl1,battLiRechargeable,0.5189,,±20%,BAU,2032,3.5,other,Various references and assumptions,,mechanical,BAU
950,1,LIB Recycling Routes,ProcessLvl1,mechanical recovery processes,Distribution,BATT_EVInspectedRecycling,,,BATT_LIBToPyrolysis2,BATT_ProductLvl1,battLiRechargeable,0.5189,,±20%,BAU,2032,3.5,other,Various references and assumptions,,mechanical,BAU
951,1,LIB Recycling Routes,ProcessLvl1,mechanical recovery processes,Distribution,BATT_LIBSorted,,,BATT_LIBToMechanical3,BATT_ProductLvl1,battLiRechargeable,0.4599,,±20%,BAU,2032,3.5,other,Various references and assumptions,,mechanical,BAU
952,1,LIB Recycling Routes,ProcessLvl1,mechanical recovery processes,Distribution,BATT_EVInspectedRecycling,,,BATT_LIBToMechanical3,BATT_ProductLvl1,battLiRechargeable,0.4599,,±20%,BAU,2032,3.5,other,Various references and assumptions,,mechanical,BAU
953,1,LIB Recycling Routes,ProcessLvl1,mechanical recovery processes,Distribution,BATT_LIBSorted,,,BATT_LIBToPyrolysis4,BATT_ProductLvl1,battLiRechargeable,0.0118,,±20%,BAU,2032,3.5,other,Various references and assumptions,,mechanical,BAU
954,1,LIB Recycling Routes,ProcessLvl1,mechanical recovery processes,Distribution,BATT_EVInspectedRecycling,,,BATT_LIBToPyrolysis4,BATT_ProductLvl1,battLiRechargeable,0.0118,,±20%,BAU,2032,3.5,other,Various references and assumptions,,mechanical,BAU
955,1,LIB Recycling Routes,ProcessLvl1,mechanical recovery processes,Distribution,BATT_LIBSorted,,,BATT_LIBToDirectRecycling,BATT_ProductLvl1,battLiRechargeable,0.0012,,±20%,BAU,2032,3.5,other,Various references and assumptions,,mechanical,BAU
956,1,LIB Recycling Routes,ProcessLvl1,mechanical recovery processes,Distribution,BATT_EVInspectedRecycling,,,BATT_LIBToDirectRecycling,BATT_ProductLvl1,battLiRechargeable,0.0012,,±20%,BAU,2032,3.5,other,Various references and assumptions,,mechanical,BAU
957,1,LIB Recycling Routes,ProcessLvl1,mechanical recovery processes,Distribution,BATT_LIBSorted,,,BATT_LIBToPyro1,BATT_ProductLvl1,battLiRechargeable,0.0057,,±20%,BAU,2050,4.0,other,Various references and assumptions,,mechanical,BAU
958,1,LIB Recycling Routes,ProcessLvl1,mechanical recovery processes,Distribution,BATT_EVInspectedRecycling,,,BATT_LIBToPyro1,BATT_ProductLvl1,battLiRechargeable,0.0057,,±20%,BAU,2050,4.0,other,Various references and assumptions,,mechanical,BAU
959,1,LIB Recycling Routes,ProcessLvl1,mechanical recovery processes,Distribution,BATT_LIBSorted,,,BATT_LIBToPyrolysis2,BATT_ProductLvl1,battLiRechargeable,0.6956,,±20%,BAU,2050,4.0,other,Various references and assumptions,,mechanical,BAU
960,1,LIB Recycling Routes,ProcessLvl1,mechanical recovery processes,Distribution,BATT_EVInspectedRecycling,,,BATT_LIBToPyrolysis2,BATT_ProductLvl1,battLiRechargeable,0.6956,,±20%,BAU,2050,4.0,other,Various references and assumptions,,mechanical,BAU
961,1,LIB Recycling Routes,ProcessLvl1,mechanical recovery processes,Distribution,BATT_LIBSorted,,,BATT_LIBToMechanical3,BATT_ProductLvl1,battLiRechargeable,0.2864,,±20%,BAU,2050,4.0,other,Various references and assumptions,,mechanical,BAU
962,1,LIB Recycling Routes,ProcessLvl1,mechanical recovery processes,Distribution,BATT_EVInspectedRecycling,,,BATT_LIBToMechanical3,BATT_ProductLvl1,battLiRechargeable,0.2864,,±20%,BAU,2050,4.0,other,Various references and assumptions,,mechanical,BAU
963,1,LIB Recycling Routes,ProcessLvl1,mechanical recovery processes,Distribution,BATT_LIBSorted,,,BATT_LIBToPyrolysis4,BATT_ProductLvl1,battLiRechargeable,0.0082,,±20%,BAU,2050,4.0,other,Various references and assumptions,,mechanical,BAU
964,1,LIB Recycling Routes,ProcessLvl1,mechanical recovery processes,Distribution,BATT_EVInspectedRecycling,,,BATT_LIBToPyrolysis4,BATT_ProductLvl1,battLiRechargeable,0.0082,,±20%,BAU,2050,4.0,other,Various references and assumptions,,mechanical,BAU
965,1,LIB Recycling Routes,ProcessLvl1,mechanical recovery processes,Distribution,BATT_LIBSorted,,,BATT_LIBToDirectRecycling,BATT_ProductLvl1,battLiRechargeable,0.0041,,±20%,BAU,2050,4.0,other,Various references and assumptions,,mechanical,BAU
966,1,LIB Recycling Routes,ProcessLvl1,mechanical recovery processes,Distribution,BATT_EVInspectedRecycling,,,BATT_LIBToDirectRecycling,BATT_ProductLvl1,battLiRechargeable,0.0041,,±20%,BAU,2050,4.0,other,Various references and assumptions,,mechanical,BAU
967,1,EV battery pack/module/cell disassembling,ProcessLvl1,preparation for reuse,Distribution,BATT_LIBEVSorted,,,BATT_2RM_dismantlingToSmelter,BATT_ProductLvl1,battPackXEV,0.97,,±15%,OBS/BAU/REC/CIR,2010,2.5,other,Various references and assumptions,,preparation,OBS/BAU/REC/CIR
968,1,EV battery pack/module/cell disassembling,ProcessLvl1,preparation for reuse,Distribution,BATT_LIBEVSorted,,,BATT_2RM_dismantlingToSmelter,BATT_ProductLvl1,battPackXEV_Losses,0.03,,±15%,OBS/BAU/REC/CIR,2010,2.5,other,Various references and assumptions,,preparation,OBS/BAU/REC/CIR
969,1,EV battery pack/module/cell disassembling,ProcessLvl1,preparation for reuse,Distribution,BATT_LIBEVSorted,,,BATT_LIBDismantled,BATT_ProductLvl1,battNaRechargeable,1.0,,±15%,OBS/BAU/REC/CIR,2010,2.5,other,Various references and assumptions,,preparation,OBS/BAU/REC/CIR
970,1,EV battery pack/module/cell disassembling,ProcessLvl1,preparation for reuse,Distribution,BATT_LIBEVSorted,,,BATT_LIBDismantled,BATT_ProductLvl1,battLiRechargeable,1.0,,±15%,OBS/BAU/REC/CIR,2010,2.5,other,Various references and assumptions,,preparation,OBS/BAU/REC/CIR
971,1,EV battery inspection,ProcessLvl1,preparation for reuse,Distribution,BATT_LIBDismantled,,,BATT_EVInspectedReuse,BATT_ProductLvl1,battLiRechargeable,0.0,,±15%,OBS/BAU/REC/CIR,2010,2.5,other,Various references and assumptions,,preparation,OBS/BAU/REC/CIR
972,1,EV battery inspection,ProcessLvl1,preparation for reuse,Distribution,BATT_LIBDismantled,,,BATT_EVInspectedRecycling,BATT_ProductLvl1,battLiRechargeable,1.0,,±15%,OBS/BAU/REC/CIR,2010,2.5,other,Various references and assumptions,,preparation,OBS/BAU/REC/CIR
973,1,EV battery inspection,ProcessLvl1,preparation for reuse,Distribution,BATT_LIBDismantled,,,BATT_EVInspectedReuse,BATT_ProductLvl1,battLiRechargeable,0.0,,±15%,OBS/BAU/REC/CIR,2019,2.5,other,Various references and assumptions,,preparation,OBS/BAU/REC/CIR
974,1,EV battery inspection,ProcessLvl1,preparation for reuse,Distribution,BATT_LIBDismantled,,,BATT_EVInspectedRecycling,BATT_ProductLvl1,battLiRechargeable,1.0,,±15%,OBS/BAU/REC/CIR,2019,2.5,other,Various references and assumptions,,preparation,OBS/BAU/REC/CIR
975,1,EV battery inspection,ProcessLvl1,preparation for reuse,Distribution,BATT_LIBDismantled,,,BATT_EVInspectedReuse,BATT_ProductLvl1,battLiRechargeable,0.0065,,±15%,BAU,2020,2.5,other,Various references and assumptions,,preparation,BAU
976,1,EV battery inspection,ProcessLvl1,preparation for reuse,Distribution,BATT_LIBDismantled,,,BATT_EVInspectedRecycling,BATT_ProductLvl1,battLiRechargeable,0.9935,,±15%,BAU,2020,2.5,other,Various references and assumptions,,preparation,BAU
977,1,EV battery inspection,ProcessLvl1,preparation for reuse,Distribution,BATT_LIBDismantled,,,BATT_EVInspectedReuse,BATT_ProductLvl1,battLiRechargeable,0.0129,,±15%,BAU,2021,2.5,other,Various references and assumptions,,preparation,BAU
978,1,EV battery inspection,ProcessLvl1,preparation for reuse,Distribution,BATT_LIBDismantled,,,BATT_EVInspectedRecycling,BATT_ProductLvl1,battLiRechargeable,0.9871,,±15%,BAU,2021,2.5,other,Various references and assumptions,,preparation,BAU
979,1,EV battery inspection,ProcessLvl1,preparation for reuse,Distribution,BATT_LIBDismantled,,,BATT_EVInspectedReuse,BATT_ProductLvl1,battLiRechargeable,0.0194,,±15%,BAU,2022,2.5,other,Various references and assumptions,,preparation,BAU
980,1,EV battery inspection,ProcessLvl1,preparation for reuse,Distribution,BATT_LIBDismantled,,,BATT_EVInspectedRecycling,BATT_ProductLvl1,battLiRechargeable,0.9806,,±15%,BAU,2022,2.5,other,Various references and assumptions,,preparation,BAU
981,1,EV battery inspection,ProcessLvl1,preparation for reuse,Distribution,BATT_LIBDismantled,,,BATT_EVInspectedReuse,BATT_ProductLvl1,battLiRechargeable,0.0258,,±15%,BAU,2023,2.5,other,Various references and assumptions,,preparation,BAU
982,1,EV battery inspection,ProcessLvl1,preparation for reuse,Distribution,BATT_LIBDismantled,,,BATT_EVInspectedRecycling,BATT_ProductLvl1,battLiRechargeable,0.9742,,±15%,BAU,2023,2.5,other,Various references and assumptions,,preparation,BAU
983,1,EV battery inspection,ProcessLvl1,preparation for reuse,Distribution,BATT_LIBDismantled,,,BATT_EVInspectedReuse,BATT_ProductLvl1,battLiRechargeable,0.0323,,±15%,BAU,2024,2.5,other,Various references and assumptions,,preparation,BAU
984,1,EV battery inspection,ProcessLvl1,preparation for reuse,Distribution,BATT_LIBDismantled,,,BATT_EVInspectedRecycling,BATT_ProductLvl1,battLiRechargeable,0.9677,,±15%,BAU,2024,2.5,other,Various references and assumptions,,preparation,BAU
985,1,EV battery inspection,ProcessLvl1,preparation for reuse,Distribution,BATT_LIBDismantled,,,BATT_EVInspectedReuse,BATT_ProductLvl1,battLiRechargeable,0.0387,,±15%,BAU,2025,2.5,other,Various references and assumptions,,preparation,BAU
986,1,EV battery inspection,ProcessLvl1,preparation for reuse,Distribution,BATT_LIBDismantled,,,BATT_EVInspectedRecycling,BATT_ProductLvl1,battLiRechargeable,0.9613,,±15%,BAU,2025,2.5,other,Various references and assumptions,,preparation,BAU
987,1,EV battery inspection,ProcessLvl1,preparation for reuse,Distribution,BATT_LIBDismantled,,,BATT_EVInspectedReuse,BATT_ProductLvl1,battLiRechargeable,0.0452,,±15%,BAU,2026,3.0,other,Various references and assumptions,,preparation,BAU
988,1,EV battery inspection,ProcessLvl1,preparation for reuse,Distribution,BATT_LIBDismantled,,,BATT_EVInspectedRecycling,BATT_ProductLvl1,battLiRechargeable,0.9548,,±15%,BAU,2026,3.0,other,Various references and assumptions,,preparation,BAU
989,1,EV battery inspection,ProcessLvl1,preparation for reuse,Distribution,BATT_LIBDismantled,,,BATT_EVInspectedReuse,BATT_ProductLvl1,battLiRechargeable,0.0516,,±15%,BAU,2027,3.0,other,Various references and assumptions,,preparation,BAU
990,1,EV battery inspection,ProcessLvl1,preparation for reuse,Distribution,BATT_LIBDismantled,,,BATT_EVInspectedRecycling,BATT_ProductLvl1,battLiRechargeable,0.9484,,±15%,BAU,2027,3.0,other,Various references and assumptions,,preparation,BAU
991,1,EV battery inspection,ProcessLvl1,preparation for reuse,Distribution,BATT_LIBDismantled,,,BATT_EVInspectedReuse,BATT_ProductLvl1,battLiRechargeable,0.0581,,±15%,BAU,2028,3.0,other,Various references and assumptions,,preparation,BAU
992,1,EV battery inspection,ProcessLvl1,preparation for reuse,Distribution,BATT_LIBDismantled,,,BATT_EVInspectedRecycling,BATT_ProductLvl1,battLiRechargeable,0.9419,,±15%,BAU,2028,3.0,other,Various references and assumptions,,preparation,BAU
993,1,EV battery inspection,ProcessLvl1,preparation for reuse,Distribution,BATT_LIBDismantled,,,BATT_EVInspectedReuse,BATT_ProductLvl1,battLiRechargeable,0.0645,,±15%,BAU,2029,3.0,other,Various references and assumptions,,preparation,BAU
994,1,EV battery inspection,ProcessLvl1,preparation for reuse,Distribution,BATT_LIBDismantled,,,BATT_EVInspectedRecycling,BATT_ProductLvl1,battLiRechargeable,0.9355,,±15%,BAU,2029,3.0,other,Various references and assumptions,,preparation,BAU
995,1,EV battery inspection,ProcessLvl1,preparation for reuse,Distribution,BATT_LIBDismantled,,,BATT_EVInspectedReuse,BATT_ProductLvl1,battLiRechargeable,0.071,,±15%,BAU,2030,3.0,other,Various references and assumptions,,preparation,BAU
996,1,EV battery inspection,ProcessLvl1,preparation for reuse,Distribution,BATT_LIBDismantled,,,BATT_EVInspectedRecycling,BATT_ProductLvl1,battLiRechargeable,0.929,,±15%,BAU,2030,3.0,other,Various references and assumptions,,preparation,BAU
997,1,EV battery inspection,ProcessLvl1,preparation for reuse,Distribution,BATT_LIBDismantled,,,BATT_EVInspectedReuse,BATT_ProductLvl1,battLiRechargeable,0.0774,,±20%,BAU,2031,3.5,other,Various references and assumptions,,preparation,BAU
998,1,EV battery inspection,ProcessLvl1,preparation for reuse,Distribution,BATT_LIBDismantled,,,BATT_EVInspectedRecycling,BATT_ProductLvl1,battLiRechargeable,0.9261,,±20%,BAU,2031,3.5,other,Various references and assumptions,,preparation,BAU
999,1,EV battery inspection,ProcessLvl1,preparation for reuse,Distribution,BATT_LIBDismantled,,,BATT_EVInspectedReuse,BATT_ProductLvl1,battLiRechargeable,0.0839,,±20%,BAU,2032,3.5,other,Various references and assumptions,,preparation,BAU
1000,1,EV battery inspection,ProcessLvl1,preparation for reuse,Distribution,BATT_LIBDismantled,,,BATT_EVInspectedRecycling,BATT_ProductLvl1,battLiRechargeable,0.9161,,±20%,BAU,2032,3.5,other,Various references and assumptions,,preparation,BAU
1001,1,EV battery inspection,ProcessLvl1,preparation for reuse,Distribution,BATT_LIBDismantled,,,BATT_EVInspectedReuse,BATT_ProductLvl1,battLiRechargeable,0.0903,,±20%,BAU,2033,3.5,other,Various references and assumptions,,preparation,BAU
1002,1,EV battery inspection,ProcessLvl1,preparation for reuse,Distribution,BATT_LIBDismantled,,,BATT_EVInspectedRecycling,BATT_ProductLvl1,battLiRechargeable,0.9097,,±20%,BAU,2033,3.5,other,Various references and assumptions,,preparation,BAU
1003,1,EV battery inspection,ProcessLvl1,preparation for reuse,Distribution,BATT_LIBDismantled,,,BATT_EVInspectedReuse,BATT_ProductLvl1,battLiRechargeable,0.0968,,±20%,BAU,2034,3.5,other,Various references and assumptions,,preparation,BAU
1004,1,EV battery inspection,ProcessLvl1,preparation for reuse,Distribution,BATT_LIBDismantled,,,BATT_EVInspectedRecycling,BATT_ProductLvl1,battLiRechargeable,0.9032,,±20%,BAU,2034,3.5,other,Various references and assumptions,,preparation,BAU
1005,1,EV battery inspection,ProcessLvl1,preparation for reuse,Distribution,BATT_LIBDismantled,,,BATT_EVInspectedReuse,BATT_ProductLvl1,battLiRechargeable,0.1032,,±20%,BAU,2035,3.5,other,Various references and assumptions,,preparation,BAU
1006,1,EV battery inspection,ProcessLvl1,preparation for reuse,Distribution,BATT_LIBDismantled,,,BATT_EVInspectedRecycling,BATT_ProductLvl1,battLiRechargeable,0.8968,,±20%,BAU,2035,3.5,other,Various references and assumptions,,preparation,BAU
1007,1,EV battery inspection,ProcessLvl1,preparation for reuse,Distribution,BATT_LIBDismantled,,,BATT_EVInspectedReuse,BATT_ProductLvl1,battLiRechargeable,0.1097,,±20%,BAU,2036,3.5,other,Various references and assumptions,,preparation,BAU
1008,1,EV battery inspection,ProcessLvl1,preparation for reuse,Distribution,BATT_LIBDismantled,,,BATT_EVInspectedRecycling,BATT_ProductLvl1,battLiRechargeable,0.8903,,±20%,BAU,2036,3.5,other,Various references and assumptions,,preparation,BAU
1009,1,EV battery inspection,ProcessLvl1,preparation for reuse,Distribution,BATT_LIBDismantled,,,BATT_EVInspectedReuse,BATT_ProductLvl1,battLiRechargeable,0.1161,,±20%,BAU,2037,3.5,other,Various references and assumptions,,preparation,BAU
1010,1,EV battery inspection,ProcessLvl1,preparation for reuse,Distribution,BATT_LIBDismantled,,,BATT_EVInspectedRecycling,BATT_ProductLvl1,battLiRechargeable,0.8839,,±20%,BAU,2037,3.5,other,Various references and assumptions,,preparation,BAU
1011,1,EV battery inspection,ProcessLvl1,preparation for reuse,Distribution,BATT_LIBDismantled,,,BATT_EVInspectedReuse,BATT_ProductLvl1,battLiRechargeable,0.1226,,±20%,BAU,2038,3.5,other,Various references and assumptions,,preparation,BAU
1012,1,EV battery inspection,ProcessLvl1,preparation for reuse,Distribution,BATT_LIBDismantled,,,BATT_EVInspectedRecycling,BATT_ProductLvl1,battLiRechargeable,0.8774,,±20%,BAU,2038,3.5,other,Various references and assumptions,,preparation,BAU
1013,1,EV battery inspection,ProcessLvl1,preparation for reuse,Distribution,BATT_LIBDismantled,,,BATT_EVInspectedReuse,BATT_ProductLvl1,battLiRechargeable,0.129,,±20%,BAU,2039,3.5,other,Various references and assumptions,,preparation,BAU
1014,1,EV battery inspection,ProcessLvl1,preparation for reuse,Distribution,BATT_LIBDismantled,,,BATT_EVInspectedRecycling,BATT_ProductLvl1,battLiRechargeable,0.871,,±20%,BAU,2039,3.5,other,Various references and assumptions,,preparation,BAU
1015,1,EV battery inspection,ProcessLvl1,preparation for reuse,Distribution,BATT_LIBDismantled,,,BATT_EVInspectedReuse,BATT_ProductLvl1,battLiRechargeable,0.1355,,±20%,BAU,2040,3.5,other,Various references and assumptions,,preparation,BAU
1016,1,EV battery inspection,ProcessLvl1,preparation for reuse,Distribution,BATT_LIBDismantled,,,BATT_EVInspectedRecycling,BATT_ProductLvl1,battLiRechargeable,0.8645,,±20%,BAU,2040,3.5,other,Various references and assumptions,,preparation,BAU
1017,1,EV battery inspection,ProcessLvl1,preparation for reuse,Distribution,BATT_LIBDismantled,,,BATT_EVInspectedReuse,BATT_ProductLvl1,battLiRechargeable,0.1419,,±20%,BAU,2041,4.0,other,Various references and assumptions,,preparation,BAU
1018,1,EV battery inspection,ProcessLvl1,preparation for reuse,Distribution,BATT_LIBDismantled,,,BATT_EVInspectedRecycling,BATT_ProductLvl1,battLiRechargeable,0.8581,,±20%,BAU,2041,4.0,other,Various references and assumptions,,preparation,BAU
1019,1,EV battery inspection,ProcessLvl1,preparation for reuse,Distribution,BATT_LIBDismantled,,,BATT_EVInspectedReuse,BATT_ProductLvl1,battLiRechargeable,0.1484,,±20%,BAU,2042,4.0,other,Various references and assumptions,,preparation,BAU
1020,1,EV battery inspection,ProcessLvl1,preparation for reuse,Distribution,BATT_LIBDismantled,,,BATT_EVInspectedRecycling,BATT_ProductLvl1,battLiRechargeable,0.8516,,±20%,BAU,2042,4.0,other,Various references and assumptions,,preparation,BAU
1021,1,EV battery inspection,ProcessLvl1,preparation for reuse,Distribution,BATT_LIBDismantled,,,BATT_EVInspectedReuse,BATT_ProductLvl1,battLiRechargeable,0.1548,,±20%,BAU,2043,4.0,other,Various references and assumptions,,preparation,BAU
1022,1,EV battery inspection,ProcessLvl1,preparation for reuse,Distribution,BATT_LIBDismantled,,,BATT_EVInspectedRecycling,BATT_ProductLvl1,battLiRechargeable,0.8452,,±20%,BAU,2043,4.0,other,Various references and assumptions,,preparation,BAU
1023,1,EV battery inspection,ProcessLvl1,preparation for reuse,Distribution,BATT_LIBDismantled,,,BATT_EVInspectedReuse,BATT_ProductLvl1,battLiRechargeable,0.1613,,±20%,BAU,2044,4.0,other,Various references and assumptions,,preparation,BAU
1024,1,EV battery inspection,ProcessLvl1,preparation for reuse,Distribution,BATT_LIBDismantled,,,BATT_EVInspectedRecycling,BATT_ProductLvl1,battLiRechargeable,0.8387,,±20%,BAU,2044,4.0,other,Various references and assumptions,,preparation,BAU
1025,1,EV battery inspection,ProcessLvl1,preparation for reuse,Distribution,BATT_LIBDismantled,,,BATT_EVInspectedReuse,BATT_ProductLvl1,battLiRechargeable,0.1677,,±20%,BAU,2045,4.0,other,Various references and assumptions,,preparation,BAU
1026,1,EV battery inspection,ProcessLvl1,preparation for reuse,Distribution,BATT_LIBDismantled,,,BATT_EVInspectedRecycling,BATT_ProductLvl1,battLiRechargeable,0.8323,,±20%,BAU,2045,4.0,other,Various references and assumptions,,preparation,BAU
1027,1,EV battery inspection,ProcessLvl1,preparation for reuse,Distribution,BATT_LIBDismantled,,,BATT_EVInspectedReuse,BATT_ProductLvl1,battLiRechargeable,0.1742,,±20%,BAU,2046,4.0,other,Various references and assumptions,,preparation,BAU
1028,1,EV battery inspection,ProcessLvl1,preparation for reuse,Distribution,BATT_LIBDismantled,,,BATT_EVInspectedRecycling,BATT_ProductLvl1,battLiRechargeable,0.8258,,±20%,BAU,2046,4.0,other,Various references and assumptions,,preparation,BAU
1029,1,EV battery inspection,ProcessLvl1,preparation for reuse,Distribution,BATT_LIBDismantled,,,BATT_EVInspectedReuse,BATT_ProductLvl1,battLiRechargeable,0.1806,,±20%,BAU,2047,4.0,other,Various references and assumptions,,preparation,BAU
1030,1,EV battery inspection,ProcessLvl1,preparation for reuse,Distribution,BATT_LIBDismantled,,,BATT_EVInspectedRecycling,BATT_ProductLvl1,battLiRechargeable,0.8194,,±20%,BAU,2047,4.0,other,Various references and assumptions,,preparation,BAU
1031,1,EV battery inspection,ProcessLvl1,preparation for reuse,Distribution,BATT_LIBDismantled,,,BATT_EVInspectedReuse,BATT_ProductLvl1,battLiRechargeable,0.1871,,±20%,BAU,2048,4.0,other,Various references and assumptions,,preparation,BAU
1032,1,EV battery inspection,ProcessLvl1,preparation for reuse,Distribution,BATT_LIBDismantled,,,BATT_EVInspectedRecycling,BATT_ProductLvl1,battLiRechargeable,0.8129,,±20%,BAU,2048,4.0,other,Various references and assumptions,,preparation,BAU
1033,1,EV battery inspection,ProcessLvl1,preparation for reuse,Distribution,BATT_LIBDismantled,,,BATT_EVInspectedReuse,BATT_ProductLvl1,battLiRechargeable,0.1935,,±20%,BAU,2049,4.0,other,Various references and assumptions,,preparation,BAU
1034,1,EV battery inspection,ProcessLvl1,preparation for reuse,Distribution,BATT_LIBDismantled,,,BATT_EVInspectedRecycling,BATT_ProductLvl1,battLiRechargeable,0.8065,,±20%,BAU,2049,4.0,other,Various references and assumptions,,preparation,BAU
1035,1,EV battery inspection,ProcessLvl1,preparation for reuse,Distribution,BATT_LIBDismantled,,,BATT_EVInspectedReuse,BATT_ProductLvl1,battLiRechargeable,0.2,,±20%,BAU,2050,4.0,other,Various references and assumptions,,preparation,BAU
1036,1,EV battery inspection,ProcessLvl1,preparation for reuse,Distribution,BATT_LIBDismantled,,,BATT_EVInspectedRecycling,BATT_ProductLvl1,battLiRechargeable,0.8,,±20%,BAU,2050,4.0,other,Various references and assumptions,,preparation,BAU
1037,1,EV battery inspection,ProcessLvl1,preparation for reuse,Distribution,BATT_LIBDismantled,,,BATT_EVInspectedReuse,BATT_ProductLvl1,battNaRechargeable,0.0,,±15%,BAU,2010,2.5,other,Various references and assumptions,,preparation,BAU
1038,1,EV battery inspection,ProcessLvl1,preparation for reuse,Distribution,BATT_LIBDismantled,,,BATT_EVInspectedRecyclingSIB,BATT_ProductLvl1,battNaRechargeable,1.0,,±15%,BAU,2010,2.5,other,Various references and assumptions,,preparation,BAU
1039,1,EV battery inspection,ProcessLvl1,preparation for reuse,Distribution,BATT_LIBDismantled,,,BATT_EVInspectedReuse,BATT_ProductLvl1,battNaRechargeable,0.0,,±15%,BAU,2019,2.5,other,Various references and assumptions,,preparation,BAU
1040,1,EV battery inspection,ProcessLvl1,preparation for reuse,Distribution,BATT_LIBDismantled,,,BATT_EVInspectedRecyclingSIB,BATT_ProductLvl1,battNaRechargeable,1.0,,±15%,BAU,2019,2.5,other,Various references and assumptions,,preparation,BAU
1041,1,EV battery inspection,ProcessLvl1,preparation for reuse,Distribution,BATT_LIBDismantled,,,BATT_EVInspectedReuse,BATT_ProductLvl1,battNaRechargeable,0.0065,,±15%,BAU,2020,2.5,other,Various references and assumptions,,preparation,BAU
1042,1,EV battery inspection,ProcessLvl1,preparation for reuse,Distribution,BATT_LIBDismantled,,,BATT_EVInspectedRecyclingSIB,BATT_ProductLvl1,battNaRechargeable,0.9935,,±15%,BAU,2020,2.5,other,Various references and assumptions,,preparation,BAU
1043,1,EV battery inspection,ProcessLvl1,preparation for reuse,Distribution,BATT_LIBDismantled,,,BATT_EVInspectedReuse,BATT_ProductLvl1,battNaRechargeable,0.0129,,±15%,BAU,2021,2.5,other,Various references and assumptions,,preparation,BAU
1044,1,EV battery inspection,ProcessLvl1,preparation for reuse,Distribution,BATT_LIBDismantled,,,BATT_EVInspectedRecyclingSIB,BATT_ProductLvl1,battNaRechargeable,0.9871,,±15%,BAU,2021,2.5,other,Various references and assumptions,,preparation,BAU
1045,1,EV battery inspection,ProcessLvl1,preparation for reuse,Distribution,BATT_LIBDismantled,,,BATT_EVInspectedReuse,BATT_ProductLvl1,battNaRechargeable,0.0194,,±15%,BAU,2022,2.5,other,Various references and assumptions,,preparation,BAU
1046,1,EV battery inspection,ProcessLvl1,preparation for reuse,Distribution,BATT_LIBDismantled,,,BATT_EVInspectedRecyclingSIB,BATT_ProductLvl1,battNaRechargeable,0.9806,,±15%,BAU,2022,2.5,other,Various references and assumptions,,preparation,BAU
1047,1,EV battery inspection,ProcessLvl1,preparation for reuse,Distribution,BATT_LIBDismantled,,,BATT_EVInspectedReuse,BATT_ProductLvl1,battNaRechargeable,0.0258,,±15%,BAU,2023,2.5,other,Various references and assumptions,,preparation,BAU
1048,1,EV battery inspection,ProcessLvl1,preparation for reuse,Distribution,BATT_LIBDismantled,,,BATT_EVInspectedRecyclingSIB,BATT_ProductLvl1,battNaRechargeable,0.9742,,±15%,BAU,2023,2.5,other,Various references and assumptions,,preparation,BAU
1049,1,EV battery inspection,ProcessLvl1,preparation for reuse,Distribution,BATT_LIBDismantled,,,BATT_EVInspectedReuse,BATT_ProductLvl1,battNaRechargeable,0.0323,,±15%,BAU,2024,2.5,other,Various references and assumptions,,preparation,BAU
1050,1,EV battery inspection,ProcessLvl1,preparation for reuse,Distribution,BATT_LIBDismantled,,,BATT_EVInspectedRecyclingSIB,BATT_ProductLvl1,battNaRechargeable,0.9677,,±15%,BAU,2024,2.5,other,Various references and assumptions,,preparation,BAU
1051,1,EV battery inspection,ProcessLvl1,preparation for reuse,Distribution,BATT_LIBDismantled,,,BATT_EVInspectedReuse,BATT_ProductLvl1,battNaRechargeable,0.0387,,±15%,BAU,2025,2.5,other,Various references and assumptions,,preparation,BAU
1052,1,EV battery inspection,ProcessLvl1,preparation for reuse,Distribution,BATT_LIBDismantled,,,BATT_EVInspectedRecyclingSIB,BATT_ProductLvl1,battNaRechargeable,0.9613,,±15%,BAU,2025,2.5,other,Various references and assumptions,,preparation,BAU
1053,1,EV battery inspection,ProcessLvl1,preparation for reuse,Distribution,BATT_LIBDismantled,,,BATT_EVInspectedReuse,BATT_ProductLvl1,battNaRechargeable,0.0452,,±15%,BAU,2026,3.0,other,Various references and assumptions,,preparation,BAU
1054,1,EV battery inspection,ProcessLvl1,preparation for reuse,Distribution,BATT_LIBDismantled,,,BATT_EVInspectedRecyclingSIB,BATT_ProductLvl1,battNaRechargeable,0.9548,,±15%,BAU,2026,3.0,other,Various references and assumptions,,preparation,BAU
1055,1,EV battery inspection,ProcessLvl1,preparation for reuse,Distribution,BATT_LIBDismantled,,,BATT_EVInspectedReuse,BATT_ProductLvl1,battNaRechargeable,0.0516,,±15%,BAU,2027,3.0,other,Various references and assumptions,,preparation,BAU
1056,1,EV battery inspection,ProcessLvl1,preparation for reuse,Distribution,BATT_LIBDismantled,,,BATT_EVInspectedRecyclingSIB,BATT_ProductLvl1,battNaRechargeable,0.9484,,±15%,BAU,2027,3.0,other,Various references and assumptions,,preparation,BAU
1057,1,EV battery inspection,ProcessLvl1,preparation for reuse,Distribution,BATT_LIBDismantled,,,BATT_EVInspectedReuse,BATT_ProductLvl1,battNaRechargeable,0.0581,,±15%,BAU,2028,3.0,other,Various references and assumptions,,preparation,BAU
1058,1,EV battery inspection,ProcessLvl1,preparation for reuse,Distribution,BATT_LIBDismantled,,,BATT_EVInspectedRecyclingSIB,BATT_ProductLvl1,battNaRechargeable,0.9419,,±15%,BAU,2028,3.0,other,Various references and assumptions,,preparation,BAU
1059,1,EV battery inspection,ProcessLvl1,preparation for reuse,Distribution,BATT_LIBDismantled,,,BATT_EVInspectedReuse,BATT_ProductLvl1,battNaRechargeable,0.0645,,±15%,BAU,2029,3.0,other,Various references and assumptions,,preparation,BAU
1060,1,EV battery inspection,ProcessLvl1,preparation for reuse,Distribution,BATT_LIBDismantled,,,BATT_EVInspectedRecyclingSIB,BATT_ProductLvl1,battNaRechargeable,0.9355,,±15%,BAU,2029,3.0,other,Various references and assumptions,,preparation,BAU
1061,1,EV battery inspection,ProcessLvl1,preparation for reuse,Distribution,BATT_LIBDismantled,,,BATT_EVInspectedReuse,BATT_ProductLvl1,battNaRechargeable,0.071,,±15%,BAU,2030,3.0,other,Various references and assumptions,,preparation,BAU
1062,1,EV battery inspection,ProcessLvl1,preparation for reuse,Distribution,BATT_LIBDismantled,,,BATT_EVInspectedRecyclingSIB,BATT_ProductLvl1,battNaRechargeable,0.929,,±15%,BAU,2030,3.0,other,Various references and assumptions,,preparation,BAU
1063,1,EV battery inspection,ProcessLvl1,preparation for reuse,Distribution,BATT_LIBDismantled,,,BATT_EVInspectedReuse,BATT_ProductLvl1,battNaRechargeable,0.0759,,±20%,BAU,2031,3.5,other,Various references and assumptions,,preparation,BAU
1064,1,EV battery inspection,ProcessLvl1,preparation for reuse,Distribution,BATT_LIBDismantled,,,BATT_EVInspectedRecyclingSIB,BATT_ProductLvl1,battNaRechargeable,0.9241,,±20%,BAU,2031,3.5,other,Various references and assumptions,,preparation,BAU
1065,1,EV battery inspection,ProcessLvl1,preparation for reuse,Distribution,BATT_LIBDismantled,,,BATT_EVInspectedReuse,BATT_ProductLvl1,battNaRechargeable,0.0839,,±20%,BAU,2032,3.5,other,Various references and assumptions,,preparation,BAU
1066,1,EV battery inspection,ProcessLvl1,preparation for reuse,Distribution,BATT_LIBDismantled,,,BATT_EVInspectedRecyclingSIB,BATT_ProductLvl1,battNaRechargeable,0.9161,,±20%,BAU,2032,3.5,other,Various references and assumptions,,preparation,BAU
1067,1,EV battery inspection,ProcessLvl1,preparation for reuse,Distribution,BATT_LIBDismantled,,,BATT_EVInspectedReuse,BATT_ProductLvl1,battNaRechargeable,0.0903,,±20%,BAU,2033,3.5,other,Various references and assumptions,,preparation,BAU
1068,1,EV battery inspection,ProcessLvl1,preparation for reuse,Distribution,BATT_LIBDismantled,,,BATT_EVInspectedRecyclingSIB,BATT_ProductLvl1,battNaRechargeable,0.9097,,±20%,BAU,2033,3.5,other,Various references and assumptions,,preparation,BAU
1069,1,EV battery inspection,ProcessLvl1,preparation for reuse,Distribution,BATT_LIBDismantled,,,BATT_EVInspectedReuse,BATT_ProductLvl1,battNaRechargeable,0.0968,,±20%,BAU,2034,3.5,other,Various references and assumptions,,preparation,BAU
1070,1,EV battery inspection,ProcessLvl1,preparation for reuse,Distribution,BATT_LIBDismantled,,,BATT_EVInspectedRecyclingSIB,BATT_ProductLvl1,battNaRechargeable,0.9032,,±20%,BAU,2034,3.5,other,Various references and assumptions,,preparation,BAU
1071,1,EV battery inspection,ProcessLvl1,preparation for reuse,Distribution,BATT_LIBDismantled,,,BATT_EVInspectedReuse,BATT_ProductLvl1,battNaRechargeable,0.1032,,±20%,BAU,2035,3.5,other,Various references and assumptions,,preparation,BAU
1072,1,EV battery inspection,ProcessLvl1,preparation for reuse,Distribution,BATT_LIBDismantled,,,BATT_EVInspectedRecyclingSIB,BATT_ProductLvl1,battNaRechargeable,0.8968,,±20%,BAU,2035,3.5,other,Various references and assumptions,,preparation,BAU
1073,1,EV battery inspection,ProcessLvl1,preparation for reuse,Distribution,BATT_LIBDismantled,,,BATT_EVInspectedReuse,BATT_ProductLvl1,battNaRechargeable,0.1097,,±20%,BAU,2036,3.5,other,Various references and assumptions,,preparation,BAU
1074,1,EV battery inspection,ProcessLvl1,preparation for reuse,Distribution,BATT_LIBDismantled,,,BATT_EVInspectedRecyclingSIB,BATT_ProductLvl1,battNaRechargeable,0.8903,,±20%,BAU,2036,3.5,other,Various references and assumptions,,preparation,BAU
1075,1,EV battery inspection,ProcessLvl1,preparation for reuse,Distribution,BATT_LIBDismantled,,,BATT_EVInspectedReuse,BATT_ProductLvl1,battNaRechargeable,0.1161,,±20%,BAU,2037,3.5,other,Various references and assumptions,,preparation,BAU
1076,1,EV battery inspection,ProcessLvl1,preparation for reuse,Distribution,BATT_LIBDismantled,,,BATT_EVInspectedRecyclingSIB,BATT_ProductLvl1,battNaRechargeable,0.8839,,±20%,BAU,2037,3.5,other,Various references and assumptions,,preparation,BAU
1077,1,EV battery inspection,ProcessLvl1,preparation for reuse,Distribution,BATT_LIBDismantled,,,BATT_EVInspectedReuse,BATT_ProductLvl1,battNaRechargeable,0.1226,,±20%,BAU,2038,3.5,other,Various references and assumptions,,preparation,BAU
1078,1,EV battery inspection,ProcessLvl1,preparation for reuse,Distribution,BATT_LIBDismantled,,,BATT_EVInspectedRecyclingSIB,BATT_ProductLvl1,battNaRechargeable,0.8774,,±20%,BAU,2038,3.5,other,Various references and assumptions,,preparation,BAU
1079,1,EV battery inspection,ProcessLvl1,preparation for reuse,Distribution,BATT_LIBDismantled,,,BATT_EVInspectedReuse,BATT_ProductLvl1,battNaRechargeable,0.129,,±20%,BAU,2039,3.5,other,Various references and assumptions,,preparation,BAU
1080,1,EV battery inspection,ProcessLvl1,preparation for reuse,Distribution,BATT_LIBDismantled,,,BATT_EVInspectedRecyclingSIB,BATT_ProductLvl1,battNaRechargeable,0.871,,±20%,BAU,2039,3.5,other,Various references and assumptions,,preparation,BAU
1081,1,EV battery inspection,ProcessLvl1,preparation for reuse,Distribution,BATT_LIBDismantled,,,BATT_EVInspectedReuse,BATT_ProductLvl1,battNaRechargeable,0.1355,,±20%,BAU,2040,3.5,other,Various references and assumptions,,preparation,BAU
1082,1,EV battery inspection,ProcessLvl1,preparation for reuse,Distribution,BATT_LIBDismantled,,,BATT_EVInspectedRecyclingSIB,BATT_ProductLvl1,battNaRechargeable,0.8645,,±20%,BAU,2040,3.5,other,Various references and assumptions,,preparation,BAU
1083,1,EV battery inspection,ProcessLvl1,preparation for reuse,Distribution,BATT_LIBDismantled,,,BATT_EVInspectedReuse,BATT_ProductLvl1,battNaRechargeable,0.1419,,±20%,BAU,2041,4.0,other,Various references and assumptions,,preparation,BAU
1084,1,EV battery inspection,ProcessLvl1,preparation for reuse,Distribution,BATT_LIBDismantled,,,BATT_EVInspectedRecyclingSIB,BATT_ProductLvl1,battNaRechargeable,0.8581,,±20%,BAU,2041,4.0,other,Various references and assumptions,,preparation,BAU
1085,1,EV battery inspection,ProcessLvl1,preparation for reuse,Distribution,BATT_LIBDismantled,,,BATT_EVInspectedReuse,BATT_ProductLvl1,battNaRechargeable,0.1484,,±20%,BAU,2042,4.0,other,Various references and assumptions,,preparation,BAU
1086,1,EV battery inspection,ProcessLvl1,preparation for reuse,Distribution,BATT_LIBDismantled,,,BATT_EVInspectedRecyclingSIB,BATT_ProductLvl1,battNaRechargeable,0.8516,,±20%,BAU,2042,4.0,other,Various references and assumptions,,preparation,BAU
1087,1,EV battery inspection,ProcessLvl1,preparation for reuse,Distribution,BATT_LIBDismantled,,,BATT_EVInspectedReuse,BATT_ProductLvl1,battNaRechargeable,0.1548,,±20%,BAU,2043,4.0,other,Various references and assumptions,,preparation,BAU
1088,1,EV battery inspection,ProcessLvl1,preparation for reuse,Distribution,BATT_LIBDismantled,,,BATT_EVInspectedRecyclingSIB,BATT_ProductLvl1,battNaRechargeable,0.8452,,±20%,BAU,2043,4.0,other,Various references and assumptions,,preparation,BAU
1089,1,EV battery inspection,ProcessLvl1,preparation for reuse,Distribution,BATT_LIBDismantled,,,BATT_EVInspectedReuse,BATT_ProductLvl1,battNaRechargeable,0.1613,,±20%,BAU,2044,4.0,other,Various references and assumptions,,preparation,BAU
1090,1,EV battery inspection,ProcessLvl1,preparation for reuse,Distribution,BATT_LIBDismantled,,,BATT_EVInspectedRecyclingSIB,BATT_ProductLvl1,battNaRechargeable,0.8387,,±20%,BAU,2044,4.0,other,Various references and assumptions,,preparation,BAU
1091,1,EV battery inspection,ProcessLvl1,preparation for reuse,Distribution,BATT_LIBDismantled,,,BATT_EVInspectedReuse,BATT_ProductLvl1,battNaRechargeable,0.1677,,±20%,BAU,2045,4.0,other,Various references and assumptions,,preparation,BAU
1092,1,EV battery inspection,ProcessLvl1,preparation for reuse,Distribution,BATT_LIBDismantled,,,BATT_EVInspectedRecyclingSIB,BATT_ProductLvl1,battNaRechargeable,0.8323,,±20%,BAU,2045,4.0,other,Various references and assumptions,,preparation,BAU
1093,1,EV battery inspection,ProcessLvl1,preparation for reuse,Distribution,BATT_LIBDismantled,,,BATT_EVInspectedReuse,BATT_ProductLvl1,battNaRechargeable,0.1742,,±20%,BAU,2046,4.0,other,Various references and assumptions,,preparation,BAU
1094,1,EV battery inspection,ProcessLvl1,preparation for reuse,Distribution,BATT_LIBDismantled,,,BATT_EVInspectedRecyclingSIB,BATT_ProductLvl1,battNaRechargeable,0.8258,,±20%,BAU,2046,4.0,other,Various references and assumptions,,preparation,BAU
1095,1,EV battery inspection,ProcessLvl1,preparation for reuse,Distribution,BATT_LIBDismantled,,,BATT_EVInspectedReuse,BATT_ProductLvl1,battNaRechargeable,0.1806,,±20%,BAU,2047,4.0,other,Various references and assumptions,,preparation,BAU
1096,1,EV battery inspection,ProcessLvl1,preparation for reuse,Distribution,BATT_LIBDismantled,,,BATT_EVInspectedRecyclingSIB,BATT_ProductLvl1,battNaRechargeable,0.8194,,±20%,BAU,2047,4.0,other,Various references and assumptions,,preparation,BAU
1097,1,EV battery inspection,ProcessLvl1,preparation for reuse,Distribution,BATT_LIBDismantled,,,BATT_EVInspectedReuse,BATT_ProductLvl1,battNaRechargeable,0.1871,,±20%,BAU,2048,4.0,other,Various references and assumptions,,preparation,BAU
1098,1,EV battery inspection,ProcessLvl1,preparation for reuse,Distribution,BATT_LIBDismantled,,,BATT_EVInspectedRecyclingSIB,BATT_ProductLvl1,battNaRechargeable,0.8129,,±20%,BAU,2048,4.0,other,Various references and assumptions,,preparation,BAU
1099,1,EV battery inspection,ProcessLvl1,preparation for reuse,Distribution,BATT_LIBDismantled,,,BATT_EVInspectedReuse,BATT_ProductLvl1,battNaRechargeable,0.1935,,±20%,BAU,2049,4.0,other,Various references and assumptions,,preparation,BAU
1100,1,EV battery inspection,ProcessLvl1,preparation for reuse,Distribution,BATT_LIBDismantled,,,BATT_EVInspectedRecyclingSIB,BATT_ProductLvl1,battNaRechargeable,0.8065,,±20%,BAU,2049,4.0,other,Various references and assumptions,,preparation,BAU
1101,1,EV battery inspection,ProcessLvl1,preparation for reuse,Distribution,BATT_LIBDismantled,,,BATT_EVInspectedReuse,BATT_ProductLvl1,battNaRechargeable,0.2,,±20%,BAU,2050,4.0,other,Various references and assumptions,,preparation,BAU
1102,1,EV battery inspection,ProcessLvl1,preparation for reuse,Distribution,BATT_LIBDismantled,,,BATT_EVInspectedRecyclingSIB,BATT_ProductLvl1,battNaRechargeable,0.8,,±20%,BAU,2050,4.0,other,Various references and assumptions,,preparation,BAU
1103,1,Mechanical processing,ProcessLvl1,mechanical recovery processes,Fragmentation,BATT_ZnAlkaliSorted,BATT_ProductLvl1,battZn,BATT_2RM_mechRecZnAlkali,MaterialLvl1,ferrousMetals1,0.98,,±5%,OBS/BAU/REC/CIR,2010,1.0,calc,"[Rombach et al., 2016]",https://www.researchgate.net/publication/265974503_Recycling_Efficiency_of_the_reprocessing_of_primary_batteries,mechanical,OBS/BAU/REC/CIR
1104,1,Mechanical processing,ProcessLvl1,mechanical recovery processes,Fragmentation,BATT_ZnAlkaliSorted,BATT_ProductLvl1,battZn,BATT_ZnAlkaliBlackMass,ElementLvl1,Mn,0.99,,±5%,OBS/BAU/REC/CIR,2010,1.0,calc,"[Rombach et al., 2016]",https://www.researchgate.net/publication/265974503_Recycling_Efficiency_of_the_reprocessing_of_primary_batteries,mechanical,OBS/BAU/REC/CIR
1105,1,Mechanical processing,ProcessLvl1,mechanical recovery processes,Fragmentation,BATT_ZnAlkaliSorted,BATT_ProductLvl1,battZn,BATT_ZnAlkaliBlackMass,ElementLvl1,Zn,0.99,,±5%,OBS/BAU/REC/CIR,2010,1.0,calc,"[Rombach et al., 2016]",https://www.researchgate.net/publication/265974503_Recycling_Efficiency_of_the_reprocessing_of_primary_batteries,mechanical,OBS/BAU/REC/CIR
1106,1,Mechanical processing,ProcessLvl1,mechanical recovery processes,Fragmentation,BATT_ZnAlkaliSorted,BATT_ProductLvl1,battZn,BATT_ZnAlkaliBlackMass,ElementLvl1,Hg,0.95,,±15%,OBS/BAU/REC/CIR,2010,2.5,est,"Assumption, no reference",,mechanical,OBS/BAU/REC/CIR
1107,1,Mechanical processing,ProcessLvl1,mechanical recovery processes,Fragmentation,BATT_ZnAlkaliSorted,BATT_ProductLvl1,battZn,BATT_ZnAlkaliBlackMass,ElementLvl1,Ag,0.95,,±15%,OBS/BAU/REC/CIR,2010,2.5,est,"Assumption, no reference",,mechanical,OBS/BAU/REC/CIR
1108,2,Waelz kiln process,ProcessLvl1,thermal recovery processes,Transformation,BATT_ZnAlkaliBlackMass,,,BATT_ZnAlkaliUnwashed,ElementLvl1,Mn,0.04,,±5%,OBS/BAU/REC/CIR,2010,1.0,calc,"[Rombach et al., 2016]",https://www.researchgate.net/publication/265974503_Recycling_Efficiency_of_the_reprocessing_of_primary_batteries,thermal,OBS/BAU/REC/CIR
1109,2,Waelz kiln process,ProcessLvl1,thermal recovery processes,Transformation,BATT_ZnAlkaliBlackMass,,,BATT_ZnAlkaliUnwashed,ElementLvl1,Zn,0.95,,±5%,OBS/BAU/REC/CIR,2010,1.0,calc,"[Rombach et al., 2016]",https://www.researchgate.net/publication/265974503_Recycling_Efficiency_of_the_reprocessing_of_primary_batteries,thermal,OBS/BAU/REC/CIR
1110,2,Waelz kiln process,ProcessLvl1,thermal recovery processes,Transformation,BATT_ZnAlkaliBlackMass,,,BATT_ZnAlkaliUnwashed,ElementLvl1,Ag,0.99,,±15%,OBS/BAU/REC/CIR,2010,2.5,est,"Assumption, no reference",,thermal,OBS/BAU/REC/CIR
1111,2,Waelz kiln process,ProcessLvl1,thermal recovery processes,Transformation,BATT_ZnAlkaliBlackMass,,,BATT_slagsAndSludgesZnAlkali,ElementLvl1,Mn,0.96,,±5%,OBS/BAU/REC/CIR,2010,1.0,calc,"[Rombach et al., 2016]",https://www.researchgate.net/publication/265974503_Recycling_Efficiency_of_the_reprocessing_of_primary_batteries,thermal,OBS/BAU/REC/CIR
1112,2,Waelz kiln process,ProcessLvl1,thermal recovery processes,Transformation,BATT_ZnAlkaliBlackMass,,,BATT_slagsAndSludgesZnAlkali,ElementLvl1,Zn,0.05,,±5%,OBS/BAU/REC/CIR,2010,1.0,calc,"[Rombach et al., 2016]",https://www.researchgate.net/publication/265974503_Recycling_Efficiency_of_the_reprocessing_of_primary_batteries,thermal,OBS/BAU/REC/CIR
1113,2,Waelz kiln process,ProcessLvl1,thermal recovery processes,Transformation,BATT_ZnAlkaliBlackMass,,,BATT_2RM_therRecHg,ElementLvl1,Hg,0.99,,±15%,OBS/BAU/REC/CIR,2010,2.5,est,"Assumption, no reference",,thermal,OBS/BAU/REC/CIR
1114,3,Zn-electrowinning,ProcessLvl1,chemical recovery processes,Transformation,BATT_ZnAlkaliUnwashed,,,BATT_2RM_refinedZn/Ag,ElementLvl1,Zn,0.98,,±5%,OBS/BAU/REC/CIR,2010,1.0,calc,"[Rombach et al., 2016]",https://www.researchgate.net/publication/265974503_Recycling_Efficiency_of_the_reprocessing_of_primary_batteries,hydro,OBS/BAU/REC/CIR
1115,3,Zn-electrowinning,ProcessLvl1,chemical recovery processes,Transformation,BATT_ZnAlkaliUnwashed,,,BATT_2RM_refinedZn/Ag,ElementLvl1,Ag,0.985,,±10%,OBS/BAU/REC/CIR,2010,2.0,calc,"[Lundström et al., 2020]",https://pubs.acs.org/doi/abs/10.1021/acssuschemeng.0c04701,hydro,OBS/BAU/REC/CIR
1116,1,Mechanical processing,ProcessLvl1,mechanical recovery processes,Fragmentation,BATT_ZnAlkaliSorted,BATT_ProductLvl1,battZn,BATT_Losses_mechRecZnAlkali,MaterialLvl1,ferrousMetals1,0.02,,±5%,OBS/BAU/REC/CIR,2010,1.0,calc,"Losses calculated from referecne value [Rombach et al., 2016]",https://www.researchgate.net/publication/265974503_Recycling_Efficiency_of_the_reprocessing_of_primary_batteries,mechanical,OBS/BAU/REC/CIR
1117,1,Mechanical processing,ProcessLvl1,mechanical recovery processes,Fragmentation,BATT_ZnAlkaliSorted,BATT_ProductLvl1,battZn,BATT_Losses_ZnAlkaliBlackMass,ElementLvl1,Mn,0.01,,±5%,OBS/BAU/REC/CIR,2010,1.0,calc,"Losses calculated from referecne value [Rombach et al., 2016]",https://www.researchgate.net/publication/265974503_Recycling_Efficiency_of_the_reprocessing_of_primary_batteries,mechanical,OBS/BAU/REC/CIR
1118,1,Mechanical processing,ProcessLvl1,mechanical recovery processes,Fragmentation,BATT_ZnAlkaliSorted,BATT_ProductLvl1,battZn,BATT_Losses_ZnAlkaliBlackMass,ElementLvl1,Zn,0.01,,±5%,OBS/BAU/REC/CIR,2010,1.0,calc,"Losses calculated from referecne value [Rombach et al., 2016]",https://www.researchgate.net/publication/265974503_Recycling_Efficiency_of_the_reprocessing_of_primary_batteries,mechanical,OBS/BAU/REC/CIR
1119,1,Mechanical processing,ProcessLvl1,mechanical recovery processes,Fragmentation,BATT_ZnAlkaliSorted,BATT_ProductLvl1,battZn,BATT_Losses_ZnAlkaliBlackMass,ElementLvl1,Hg,0.05,,±15%,OBS/BAU/REC/CIR,2010,2.5,est,"Assumption, no reference",,mechanical,OBS/BAU/REC/CIR
1120,1,Mechanical processing,ProcessLvl1,mechanical recovery processes,Fragmentation,BATT_ZnAlkaliSorted,BATT_ProductLvl1,battZn,BATT_Losses_ZnAlkaliBlackMass,ElementLvl1,Ag,0.05,,±15%,OBS/BAU/REC/CIR,2010,2.5,est,"Assumption, no reference",,mechanical,OBS/BAU/REC/CIR
1121,2,Waelz kiln process,ProcessLvl1,thermal recovery processes,Transformation,BATT_ZnAlkaliBlackMass,,,BATT_Losses_ZnAlkaliUnwashed,ElementLvl1,Ag,0.01,,±15%,OBS/BAU/REC/CIR,2010,2.5,est,"Assumption, no reference",,thermal,OBS/BAU/REC/CIR
1122,2,Waelz kiln process,ProcessLvl1,thermal recovery processes,Transformation,BATT_ZnAlkaliBlackMass,,,BATT_Losses_therRecHg,ElementLvl1,Hg,0.01,,±15%,OBS/BAU/REC/CIR,2010,2.5,est,"Assumption, no reference",,thermal,OBS/BAU/REC/CIR
1123,3,Zn-electrowinning,ProcessLvl1,chemical recovery processes,Transformation,BATT_ZnAlkaliUnwashed,,,BATT_Losses_refinedZn/Ag,ElementLvl1,Zn,0.02,,±5%,OBS/BAU/REC/CIR,2010,1.0,calc,"Losses calculated from referecne value [Rombach et al., 2016]",https://www.researchgate.net/publication/265974503_Recycling_Efficiency_of_the_reprocessing_of_primary_batteries,hydro,OBS/BAU/REC/CIR
1124,3,Zn-electrowinning,ProcessLvl1,chemical recovery processes,Transformation,BATT_ZnAlkaliUnwashed,,,BATT_Losses_refinedZn/Ag,ElementLvl1,Ag,0.015,,±10%,OBS/BAU/REC/CIR,2010,2.0,calc,"Losses calculated from reference value [Lundström et al., 2020]",https://pubs.acs.org/doi/abs/10.1021/acssuschemeng.0c04701,hydro,OBS/BAU/REC/CIR
1125,1,Breaking and separating,ProcessLvl1,mechanical recovery processes,Fragmentation,BATT_LeadAcidSorted,BATT_ProductLvl1,battPb,BATT_2RM_mechRecLeadAcid,ComponentLvl1,batteryCellElectrolyte1,0.95,,±15%,OBS/BAU/REC/CIR,2010,2.5,est,"Assumption, no reference",,mechanical,OBS/BAU/REC/CIR
1126,1,Breaking and separating,ProcessLvl1,mechanical recovery processes,Fragmentation,BATT_LeadAcidSorted,BATT_ProductLvl1,battPb,BATT_2RM_mechRecLeadAcid,ComponentLvl1,batteryCellCasing1,0.95,,±15%,OBS/BAU/REC/CIR,2010,2.5,est,"Assumption, no reference",,mechanical,OBS/BAU/REC/CIR
1127,1,Breaking and separating,ProcessLvl1,mechanical recovery processes,Fragmentation,BATT_LeadAcidSorted,BATT_ProductLvl1,battPb,BATT_2RM_mechRecLeadAcid,ComponentLvl2,batteryCellSeparator2,0.0,,±15%,OBS/BAU/REC/CIR,2010,2.5,est,"Assumption, no reference",,mechanical,OBS/BAU/REC/CIR
1128,1,Breaking and separating,ProcessLvl1,mechanical recovery processes,Fragmentation,BATT_LeadAcidSorted,BATT_ProductLvl1,battPb,BATT_LeadAcidPbPaste,ComponentLvl2,anodeActiveMaterial,0.95,,±15%,OBS/BAU/REC/CIR,2010,2.5,est,"Assumption, no reference",,mechanical,OBS/BAU/REC/CIR
1129,1,Breaking and separating,ProcessLvl1,mechanical recovery processes,Fragmentation,BATT_LeadAcidSorted,BATT_ProductLvl1,battPb,BATT_LeadAcidPbPaste,ComponentLvl2,anodeAndCathodeActiveMaterial,0.95,,±15%,OBS/BAU/REC/CIR,2010,2.5,est,"Assumption, no reference",,mechanical,OBS/BAU/REC/CIR
1130,1,Breaking and separating,ProcessLvl1,mechanical recovery processes,Fragmentation,BATT_LeadAcidSorted,BATT_ProductLvl1,battPb,BATT_LeadAcidPbPaste,ComponentLvl2,cathodeActiveMaterial,0.95,,±15%,OBS/BAU/REC/CIR,2010,2.5,est,"Assumption, no reference",,mechanical,OBS/BAU/REC/CIR
1131,1,Breaking and separating,ProcessLvl1,mechanical recovery processes,Fragmentation,BATT_LeadAcidSorted,BATT_ProductLvl1,battPb,BATT_LeadAcidPbPaste,ComponentLvl2,currentCollectorAnodeAndCathode,0.95,,±15%,OBS/BAU/REC/CIR,2010,2.5,est,"Assumption, no reference",,mechanical,OBS/BAU/REC/CIR
1132,2,Thermal recovery (rotary furnance),ProcessLvl1,thermal recovery processes,Transformation,BATT_LeadAcidPbPaste,,,BATT_2RM_crudeLeadAntimonyAlloy,ElementLvl1,Pb,0.98,,±5%,OBS/BAU/REC/CIR,2010,1.0,meas,"[Wu et al., 2017]",https://www.sciencedirect.com/science/article/abs/pii/S095965261632234X,thermal,OBS/BAU/REC/CIR
1133,2,Thermal recovery (rotary furnance),ProcessLvl1,thermal recovery processes,Transformation,BATT_LeadAcidPbPaste,,,BATT_2RM_crudeLeadAntimonyAlloy,ElementLvl1,Sb,0.98,,±5%,OBS/BAU/REC/CIR,2010,1.0,meas,"[Wu et al., 2017]",https://www.sciencedirect.com/science/article/abs/pii/S095965261632234X,thermal,OBS/BAU/REC/CIR
1134,2,Thermal recovery (rotary furnance),ProcessLvl1,thermal recovery processes,Transformation,BATT_LeadAcidPbPaste,,,BATT_slagsAndSludgesLeadAcid,ElementLvl1,Pb,0.015,,±5%,OBS/BAU/REC/CIR,2010,1.0,calc,"[Wu et al., 2017]",https://www.sciencedirect.com/science/article/abs/pii/S095965261632234X,thermal,OBS/BAU/REC/CIR
1135,2,Thermal recovery (rotary furnance),ProcessLvl1,thermal recovery processes,Transformation,BATT_LeadAcidPbPaste,,,BATT_2RM_therRecLeadDust,ElementLvl1,Pb,0.005,,±5%,OBS/BAU/REC/CIR,2010,1.0,calc,"[Wu et al., 2017]",https://www.sciencedirect.com/science/article/abs/pii/S095965261632234X,thermal,OBS/BAU/REC/CIR
1136,1,Breaking and separating,ProcessLvl1,mechanical recovery processes,Fragmentation,BATT_LeadAcidSorted,BATT_ProductLvl1,battPb,BATT_Losses_mechRecLeadAcid,ComponentLvl1,batteryCellElectrolyte1,0.05,,±15%,OBS/BAU/REC/CIR,2010,2.5,est,"Assumption, no reference",,mechanical,OBS/BAU/REC/CIR
1137,1,Breaking and separating,ProcessLvl1,mechanical recovery processes,Fragmentation,BATT_LeadAcidSorted,BATT_ProductLvl1,battPb,BATT_Losses_mechRecLeadAcid,ComponentLvl1,batteryCellCasing1,0.05,,±15%,OBS/BAU/REC/CIR,2010,2.5,est,"Assumption, no reference",,mechanical,OBS/BAU/REC/CIR
1138,1,Breaking and separating,ProcessLvl1,mechanical recovery processes,Fragmentation,BATT_LeadAcidSorted,BATT_ProductLvl1,battPb,BATT_Losses_LeadAcidPbPaste,ComponentLvl2,anodeActiveMaterial,0.05,,±15%,OBS/BAU/REC/CIR,2010,2.5,est,"Assumption, no reference",,mechanical,OBS/BAU/REC/CIR
1139,1,Breaking and separating,ProcessLvl1,mechanical recovery processes,Fragmentation,BATT_LeadAcidSorted,BATT_ProductLvl1,battPb,BATT_Losses_LeadAcidPbPaste,ComponentLvl2,anodeAndCathodeActiveMaterial,0.05,,±15%,OBS/BAU/REC/CIR,2010,2.5,est,"Assumption, no reference",,mechanical,OBS/BAU/REC/CIR
1140,1,Breaking and separating,ProcessLvl1,mechanical recovery processes,Fragmentation,BATT_LeadAcidSorted,BATT_ProductLvl1,battPb,BATT_Losses_LeadAcidPbPaste,ComponentLvl2,cathodeActiveMaterial,0.05,,±15%,OBS/BAU/REC/CIR,2010,2.5,est,"Assumption, no reference",,mechanical,OBS/BAU/REC/CIR
1141,1,Breaking and separating,ProcessLvl1,mechanical recovery processes,Fragmentation,BATT_LeadAcidSorted,BATT_ProductLvl1,battPb,BATT_Losses_LeadAcidPbPaste,ComponentLvl2,currentCollectorAnodeAndCathode,0.05,,±15%,OBS/BAU/REC/CIR,2010,2.5,est,"Assumption, no reference",,mechanical,OBS/BAU/REC/CIR
1142,2,Thermal recovery (rotary furnance),ProcessLvl1,thermal recovery processes,Transformation,BATT_LeadAcidPbPaste,,,BATT_Losses_crudeLeadAntimonyAlloy,ElementLvl1,Sb,0.02,,±5%,OBS/BAU/REC/CIR,2010,1.0,calc,"Losses calculated from reference value [Wu et al., 2017]",https://www.sciencedirect.com/science/article/abs/pii/S095965261632234X,thermal,OBS/BAU/REC/CIR
1143,1,Breaking and separating,ProcessLvl1,mechanical recovery processes,Fragmentation,BATT_NiCdSorted,BATT_ProductLvl1,battNiCd,BATT_2RM_mechRecNiCd,ComponentLvl1,batteryCellCasing1,0.95,,±15%,OBS/BAU/REC/CIR,2010,2.5,est,"Assumption, no reference",,mechanical,OBS/BAU/REC/CIR
1144,1,Breaking and separating,ProcessLvl1,mechanical recovery processes,Fragmentation,BATT_NiCdSorted,BATT_ProductLvl1,battNiCd,BATT_2RM_mechRecNiCd,ComponentLvl1,batteryCellElectrolyte1,0.0,,±15%,OBS/BAU/REC/CIR,2010,2.5,est,"Assumption, no reference",,mechanical,OBS/BAU/REC/CIR
1145,1,Breaking and separating,ProcessLvl1,mechanical recovery processes,Fragmentation,BATT_NiCdSorted,BATT_ProductLvl1,battNiCd,BATT_NiCdBlackMass,ComponentLvl1,batteryCellAnode,0.95,,±15%,OBS/BAU/REC/CIR,2010,2.5,est,"Assumption, no reference",,mechanical,OBS/BAU/REC/CIR
1146,1,Breaking and separating,ProcessLvl1,mechanical recovery processes,Fragmentation,BATT_NiCdSorted,BATT_ProductLvl1,battNiCd,BATT_NiCdBlackMass,ComponentLvl2,currentCollectorAnode,0.95,,±15%,OBS/BAU/REC/CIR,2010,2.5,est,"Assumption, no reference",,mechanical,OBS/BAU/REC/CIR
1147,1,Breaking and separating,ProcessLvl1,mechanical recovery processes,Fragmentation,BATT_NiCdSorted,BATT_ProductLvl1,battNiCd,BATT_NiCdBlackMass,ComponentLvl2,cathodeAdditive,0.95,,±15%,OBS/BAU/REC/CIR,2010,2.5,est,"Assumption, no reference",,mechanical,OBS/BAU/REC/CIR
1148,1,Breaking and separating,ProcessLvl1,mechanical recovery processes,Fragmentation,BATT_NiCdSorted,BATT_ProductLvl1,battNiCd,BATT_NiCdBlackMass,ComponentLvl2,currentCollectorCathode,0.95,,±15%,OBS/BAU/REC/CIR,2010,2.5,est,"Assumption, no reference",,mechanical,OBS/BAU/REC/CIR
1149,1,Breaking and separating,ProcessLvl1,mechanical recovery processes,Fragmentation,BATT_NiCdSorted,BATT_ProductLvl1,battNiCd,BATT_NiCdBlackMass,ComponentLvl1,batteryCellCathode,0.95,,±15%,OBS/BAU/REC/CIR,2010,2.5,est,"Assumption, no reference",,mechanical,OBS/BAU/REC/CIR
1150,1,Breaking and separating,ProcessLvl1,mechanical recovery processes,Fragmentation,BATT_NiCdSorted,BATT_ProductLvl1,battNiCd,BATT_2RM_mechRecNiCd,ComponentLvl1,batteryCellSeparator1,0.0,,±15%,OBS/BAU/REC/CIR,2010,2.5,est,"Assumption, no reference",,mechanical,OBS/BAU/REC/CIR
1151,1,Breaking and separating,ProcessLvl1,mechanical recovery processes,Fragmentation,BATT_NiCdSorted,BATT_ProductLvl1,battNiCd,BATT_2RM_mechRecNiCd,ComponentLvl1,batteryCellBinder1,0.0,,±15%,OBS/BAU/REC/CIR,2010,2.5,est,"Assumption, no reference",,mechanical,OBS/BAU/REC/CIR
1152,2,Vacuum Distillation,ProcessLvl1,thermal recovery processes,Transformation,BATT_NiCdBlackMass,,,BATT_2RM_therRecNiCd,ElementLvl1,Cd,0.99,,±15%,OBS/BAU/REC/CIR,2010,2.5,calc,"[Zhan and Xu, 2014]",https://pubs.acs.org/doi/10.1021/es5030383,thermal,OBS/BAU/REC/CIR
1153,2,Vacuum Distillation,ProcessLvl1,thermal recovery processes,Transformation,BATT_NiCdBlackMass,,,BATT_2RM_therRecNiCd,ElementLvl1,Ni,0.99,,±5%,OBS/BAU/REC/CIR,2010,1.0,calc,"[Hämmer and Wambach, 2024]",https://www.mdpi.com/2071-1050/16/19/8735,thermal,OBS/BAU/REC/CIR
1154,2,Vacuum Distillation,ProcessLvl1,thermal recovery processes,Transformation,BATT_NiCdBlackMass,,,BATT_2RM_therRecNiCd,ElementLvl1,Co,0.94,,±5%,OBS/BAU/REC/CIR,2010,1.0,calc,"[Hämmer and Wambach, 2024]",https://www.mdpi.com/2071-1050/16/19/8735,thermal,OBS/BAU/REC/CIR
1155,2,Vacuum Distillation,ProcessLvl1,thermal recovery processes,Transformation,BATT_NiCdBlackMass,,,BATT_2RM_therRecNiCd,MaterialLvl0,ferrousMetals0,0.645,,±5%,OBS/BAU/REC/CIR,2010,1.0,calc,"[Hämmer and Wambach, 2024]",https://www.mdpi.com/2071-1050/16/19/8735,thermal,OBS/BAU/REC/CIR
1156,2,Vacuum Distillation,ProcessLvl1,thermal recovery processes,Transformation,BATT_NiCdBlackMass,,,BATT_slagsAndSludgesNiCd,ElementLvl1,Ni,0.01,,±5%,OBS/BAU/REC/CIR,2010,1.0,calc,"[Hämmer and Wambach, 2024]",https://www.mdpi.com/2071-1050/16/19/8735,thermal,OBS/BAU/REC/CIR
1157,2,Vacuum Distillation,ProcessLvl1,thermal recovery processes,Transformation,BATT_NiCdBlackMass,,,BATT_slagsAndSludgesNiCd,ElementLvl1,Co,0.06,,±5%,OBS/BAU/REC/CIR,2010,1.0,calc,"[Hämmer and Wambach, 2024]",https://www.mdpi.com/2071-1050/16/19/8735,thermal,OBS/BAU/REC/CIR
1158,2,Vacuum Distillation,ProcessLvl1,thermal recovery processes,Transformation,BATT_NiCdBlackMass,,,BATT_slagsAndSludgesNiCd,MaterialLvl0,ferrousMetals0,0.355,,±5%,OBS/BAU/REC/CIR,2010,1.0,calc,"[Hämmer and Wambach, 2024]",https://www.mdpi.com/2071-1050/16/19/8735,thermal,OBS/BAU/REC/CIR
1159,1,Breaking and separating,ProcessLvl1,mechanical recovery processes,Fragmentation,BATT_NiCdSorted,BATT_ProductLvl1,battNiCd,BATT_Losses_mechRecNiCd,ComponentLvl1,batteryCellCasing1,0.05,,±15%,OBS/BAU/REC/CIR,2010,2.5,est,"Assumption, no reference",,mechanical,OBS/BAU/REC/CIR
1160,1,Breaking and separating,ProcessLvl1,mechanical recovery processes,Fragmentation,BATT_NiCdSorted,BATT_ProductLvl1,battNiCd,BATT_Losses_NiCdBlackMass,ComponentLvl1,batteryCellAnode,0.05,,±15%,OBS/BAU/REC/CIR,2010,2.5,est,"Assumption, no reference",,mechanical,OBS/BAU/REC/CIR
1161,1,Breaking and separating,ProcessLvl1,mechanical recovery processes,Fragmentation,BATT_NiCdSorted,BATT_ProductLvl1,battNiCd,BATT_Losses_NiCdBlackMass,ComponentLvl2,currentCollectorAnode,0.05,,±15%,OBS/BAU/REC/CIR,2010,2.5,est,"Assumption, no reference",,mechanical,OBS/BAU/REC/CIR
1162,1,Breaking and separating,ProcessLvl1,mechanical recovery processes,Fragmentation,BATT_NiCdSorted,BATT_ProductLvl1,battNiCd,BATT_Losses_NiCdBlackMass,ComponentLvl2,cathodeAdditive,0.05,,±15%,OBS/BAU/REC/CIR,2010,2.5,est,"Assumption, no reference",,mechanical,OBS/BAU/REC/CIR
1163,1,Breaking and separating,ProcessLvl1,mechanical recovery processes,Fragmentation,BATT_NiCdSorted,BATT_ProductLvl1,battNiCd,BATT_Losses_NiCdBlackMass,ComponentLvl2,currentCollectorCathode,0.05,,±15%,OBS/BAU/REC/CIR,2010,2.5,est,"Assumption, no reference",,mechanical,OBS/BAU/REC/CIR
1164,1,Breaking and separating,ProcessLvl1,mechanical recovery processes,Fragmentation,BATT_NiCdSorted,BATT_ProductLvl1,battNiCd,BATT_Losses_NiCdBlackMass,ComponentLvl1,batteryCellCathode,0.05,,±15%,OBS/BAU/REC/CIR,2010,2.5,est,"Assumption, no reference",,mechanical,OBS/BAU/REC/CIR
1165,2,Vacuum Distillation,ProcessLvl1,thermal recovery processes,Transformation,BATT_NiCdBlackMass,,,BATT_Losses_therRecNiCd,ElementLvl1,Cd,0.01,,±15%,OBS/BAU/REC/CIR,2010,2.5,calc,"Losses calculated from reference value [Zhan and Xu, 2014]",https://pubs.acs.org/doi/10.1021/es5030383,thermal,OBS/BAU/REC/CIR
1166,1,Breaking and separating,ProcessLvl1,mechanical recovery processes,Fragmentation,BATT_NiMHSorted,BATT_ProductLvl1,battNiMH,BATT_2RM_mechRecNiMH,ComponentLvl1,batteryCellCasing1,0.95,,±15%,REC,2010,2.5,est,"Assumption, no reference",,mechanical,REC
1167,1,Breaking and separating,ProcessLvl1,mechanical recovery processes,Fragmentation,BATT_NiMHSorted,BATT_ProductLvl1,battNiMH,BATT_2RM_mechRecNiMH,ComponentLvl1,batteryCellElectrolyte1,0.0,,±15%,REC,2010,2.5,est,"Assumption, no reference",,mechanical,REC
1168,1,Breaking and separating,ProcessLvl1,mechanical recovery processes,Fragmentation,BATT_NiMHSorted,BATT_ProductLvl1,battNiMH,BATT_NiMHBlackMass,ComponentLvl1,batteryCellAnode,0.95,,±15%,REC,2010,2.5,est,"Assumption, no reference",,mechanical,REC
1169,1,Breaking and separating,ProcessLvl1,mechanical recovery processes,Fragmentation,BATT_NiMHSorted,BATT_ProductLvl1,battNiMH,BATT_NiMHBlackMass,ComponentLvl2,currentCollectorAnode,0.95,,±15%,REC,2010,2.5,est,"Assumption, no reference",,mechanical,REC
1170,1,Breaking and separating,ProcessLvl1,mechanical recovery processes,Fragmentation,BATT_NiMHSorted,BATT_ProductLvl1,battNiMH,BATT_NiMHBlackMass,ComponentLvl2,cathodeAdditive,0.95,,±15%,REC,2010,2.5,est,"Assumption, no reference",,mechanical,REC
1171,1,Breaking and separating,ProcessLvl1,mechanical recovery processes,Fragmentation,BATT_NiMHSorted,BATT_ProductLvl1,battNiMH,BATT_NiMHBlackMass,ComponentLvl2,currentCollectorCathode,0.95,,±15%,REC,2010,2.5,est,"Assumption, no reference",,mechanical,REC
1172,1,Breaking and separating,ProcessLvl1,mechanical recovery processes,Fragmentation,BATT_NiMHSorted,BATT_ProductLvl1,battNiMH,BATT_NiMHBlackMass,ComponentLvl1,batteryCellCathode,0.95,,±15%,REC,2010,2.5,est,"Assumption, no reference",,mechanical,REC
1173,1,Breaking and separating,ProcessLvl1,mechanical recovery processes,Fragmentation,BATT_NiMHSorted,BATT_ProductLvl1,battNiMH,BATT_2RM_mechRecNiMH,ComponentLvl1,batteryCellSeparator1,0.0,,±15%,REC,2010,2.5,est,"Assumption, no reference",,mechanical,REC
1174,1,Breaking and separating,ProcessLvl1,mechanical recovery processes,Fragmentation,BATT_NiMHSorted,BATT_ProductLvl1,battNiMH,BATT_2RM_mechRecNiMH,ComponentLvl1,batteryCellBinder1,0.0,,±15%,REC,2010,2.5,est,"Assumption, no reference",,mechanical,REC
1175,2,Pyrometallurgical process,ProcessLvl1,thermal recovery processes,Transformation,BATT_NiMHBlackMass,,,BATT_2RM_therRecNiMH,ElementLvl1,Co,0.94,,±5%,REC,2010,1.0,calc,"[Hämmer and Wambach, 2024]",https://www.mdpi.com/2071-1050/16/19/8735,thermal,REC
1176,2,Pyrometallurgical process,ProcessLvl1,thermal recovery processes,Transformation,BATT_NiMHBlackMass,,,BATT_2RM_therRecNiMH,ElementLvl1,Ni,0.99,,±5%,REC,2010,1.0,calc,"[Hämmer and Wambach, 2024]",https://www.mdpi.com/2071-1050/16/19/8735,thermal,REC
1177,2,Pyrometallurgical process,ProcessLvl1,thermal recovery processes,Transformation,BATT_NiMHBlackMass,,,BATT_2RM_therRecNiMH,MaterialLvl0,ferrousMetals0,0.645,,±5%,REC,2010,1.0,calc,"[Hämmer and Wambach, 2024]",https://www.mdpi.com/2071-1050/16/19/8735,thermal,REC
1178,2,Pyrometallurgical process,ProcessLvl1,thermal recovery processes,Transformation,BATT_NiMHBlackMass,,,BATT_slagsAndSludgesNiMHToHydro,ElementLvl1,Nd,1.0,,±15%,REC,2010,2.5,est,"[Salehi et al., 2023]",https://pdf.sciencedirectassets.com/271969/1-s2.0-S1364032123X00057/1-s2.0-S1364032123001041/main.pdf?X-Amz-Security-Token=IQoJb3JpZ2luX2VjELv%2F%2F%2F%2F%2F%2F%2F%2F%2F%2FwEaCXVzLWVhc3QtMSJHMEUCIHYhdgpSfTmT9xM%2Bjb1xBcqgD4F8ijP9EyYXLOPhRDq2AiEA9KrFU9P0LTfAIP%2B%2FbI%2BqTXehqbXtYp%2B1hsLtKgwqemYqvAUI1P%2F%2F%2F%2F%2F%2F%2F%2F%2F%2FARAFGgwwNTkwMDM1NDY4NjUiDAkhu3XsvnXR6GqeOSqQBdutM67ETRO8Wr2uDNpIh3rNroti3%2B76GTgUG62oA1A9VgMnev1rZyM%2BW4nis4sgZLh2Amvkv0Y5gbmwXJ6XOz54A3WWKCASUcvu5y5hOtXK8jr7sdITeKOQPVdmCFJDTCqT1gLu21m19vyHqO8kw0Gr%2FkS2SP6%2BfX%2FY2h5o2DNP%2FxWhvPYVWMw2WkR2nQl7qcU1DJQo2igKKSt0%2F3y7WJ4pecDXQeYzFIH%2FDN5uwClEEjQeculMRfuLGYy4f7Y6ctKiisAxs3ia5GvwbifWrryuCwNjM7t8C2EWAUbidXI7IrgmQmHYXk%2FjGeiuIa1bioRjSqbg%2Fsq74pqytlNhaoYsIz7T8CQp3MkwWYV%2FoTPmnFBjtlYy%2BP0snbPJg0nyVhZO8ILi114FwJSOPxfFrozPes3i9GtNgtOjAZdslD8hoUeUSCiVXh44htDQ%2FGb%2F7eC%2FRJfRxmwbzrRJqjH44rbE8c5oOWIzUdpgSoRrcREw5MSsuCViBD5KER3DD%2BFqUMNRhapOoht7CCiZj778yJyB1GXFQsjmQTl%2B8yjjMhaXyjQZqkI5HTlV7GzrFU3CeEFQdDZkiCYemYuxdh9REJief49pjkdQSBsjTZ23oMwSa37sSToq1Y5Rjly2iejWFtVSTj8h5taPiic4UoTWzDkWgqLkRy3yrgSmm%2BploRW6quJdJpUjy1gU0O%2BPMwg57%2BnkIsJq5pFGdRXVigutNyoqfXthUV%2B2%2FghBcMYts7KT3L7t6rCJgLyW2R68c9dzAEkiF5erj9jknEQT2H%2Fe1rGjM690%2BuSsA9%2FtsIDEaNMWpQyh0hnnb920Xox%2BGMN1R2tQjswyyB1br8P2VFFuVcljqBnStQeBVL2WrpaOFFTBMN%2FJrL0GOrEBHTR6DA0IYd4T6a8oPkWWF9J18raylsN%2Fb5z6Jxh1E%2BzDW1kaU1OYleU0nrSqx9qKRIRWzL5%2BKllbt8FVyPLxgJviNlejitbcaUMnYlP4wDirWxWeV5KKy2an%2BmGZrTK%2Fe1E89E%2Frc%2FGdE4%2FDi3ir3Jh%2Ft%2BLswfMQ1%2Bc0r2QvVbo90QW630FBQ0DQ5MqdunSQSsbkKgQzo9qT86BMLz6IabMGidTj2uIZVU72a0CqHXab&X-Amz-Algorithm=AWS4-HMAC-SHA256&X-Amz-Date=20250211T110749Z&X-Amz-SignedHeaders=host&X-Amz-Expires=300&X-Amz-Credential=ASIAQ3PHCVTY4LVJN4IV%2F20250211%2Fus-east-1%2Fs3%2Faws4_request&X-Amz-Signature=9fa80d67f856563ca821e94e75c6df8ae16f8073c2a6c9a7ad504ed0bc89a59f&hash=0bda12ca3fdfe264f9a87e4bd5d4b3a0faf46f684c697f339a2ca7d667b6c5ce&host=68042c943591013ac2b2430a89b270f6af2c76d8dfd086a07176afe7c76c2c61&pii=S1364032123001041&tid=spdf-145f8cdc-0384-48c6-be00-9c0ef6b5f7fe&sid=3da86069855ea54b304b451388f334d02cb6gxrqb&type=client&tsoh=d3d3LnNjaWVuY2VkaXJlY3QuY29t&ua=01035d535f5202570154&rr=9103e0a3eea27a4e&cc=de,thermal,REC
1179,2,Pyrometallurgical process,ProcessLvl1,thermal recovery processes,Transformation,BATT_NiMHBlackMass,,,BATT_slagsAndSludgesNiMHToHydro,ElementLvl1,La,1.0,,±15%,REC,2010,2.5,est,"[Salehi et al., 2023]",https://pdf.sciencedirectassets.com/271969/1-s2.0-S1364032123X00057/1-s2.0-S1364032123001041/main.pdf?X-Amz-Security-Token=IQoJb3JpZ2luX2VjELv%2F%2F%2F%2F%2F%2F%2F%2F%2F%2FwEaCXVzLWVhc3QtMSJHMEUCIHYhdgpSfTmT9xM%2Bjb1xBcqgD4F8ijP9EyYXLOPhRDq2AiEA9KrFU9P0LTfAIP%2B%2FbI%2BqTXehqbXtYp%2B1hsLtKgwqemYqvAUI1P%2F%2F%2F%2F%2F%2F%2F%2F%2F%2FARAFGgwwNTkwMDM1NDY4NjUiDAkhu3XsvnXR6GqeOSqQBdutM67ETRO8Wr2uDNpIh3rNroti3%2B76GTgUG62oA1A9VgMnev1rZyM%2BW4nis4sgZLh2Amvkv0Y5gbmwXJ6XOz54A3WWKCASUcvu5y5hOtXK8jr7sdITeKOQPVdmCFJDTCqT1gLu21m19vyHqO8kw0Gr%2FkS2SP6%2BfX%2FY2h5o2DNP%2FxWhvPYVWMw2WkR2nQl7qcU1DJQo2igKKSt0%2F3y7WJ4pecDXQeYzFIH%2FDN5uwClEEjQeculMRfuLGYy4f7Y6ctKiisAxs3ia5GvwbifWrryuCwNjM7t8C2EWAUbidXI7IrgmQmHYXk%2FjGeiuIa1bioRjSqbg%2Fsq74pqytlNhaoYsIz7T8CQp3MkwWYV%2FoTPmnFBjtlYy%2BP0snbPJg0nyVhZO8ILi114FwJSOPxfFrozPes3i9GtNgtOjAZdslD8hoUeUSCiVXh44htDQ%2FGb%2F7eC%2FRJfRxmwbzrRJqjH44rbE8c5oOWIzUdpgSoRrcREw5MSsuCViBD5KER3DD%2BFqUMNRhapOoht7CCiZj778yJyB1GXFQsjmQTl%2B8yjjMhaXyjQZqkI5HTlV7GzrFU3CeEFQdDZkiCYemYuxdh9REJief49pjkdQSBsjTZ23oMwSa37sSToq1Y5Rjly2iejWFtVSTj8h5taPiic4UoTWzDkWgqLkRy3yrgSmm%2BploRW6quJdJpUjy1gU0O%2BPMwg57%2BnkIsJq5pFGdRXVigutNyoqfXthUV%2B2%2FghBcMYts7KT3L7t6rCJgLyW2R68c9dzAEkiF5erj9jknEQT2H%2Fe1rGjM690%2BuSsA9%2FtsIDEaNMWpQyh0hnnb920Xox%2BGMN1R2tQjswyyB1br8P2VFFuVcljqBnStQeBVL2WrpaOFFTBMN%2FJrL0GOrEBHTR6DA0IYd4T6a8oPkWWF9J18raylsN%2Fb5z6Jxh1E%2BzDW1kaU1OYleU0nrSqx9qKRIRWzL5%2BKllbt8FVyPLxgJviNlejitbcaUMnYlP4wDirWxWeV5KKy2an%2BmGZrTK%2Fe1E89E%2Frc%2FGdE4%2FDi3ir3Jh%2Ft%2BLswfMQ1%2Bc0r2QvVbo90QW630FBQ0DQ5MqdunSQSsbkKgQzo9qT86BMLz6IabMGidTj2uIZVU72a0CqHXab&X-Amz-Algorithm=AWS4-HMAC-SHA256&X-Amz-Date=20250211T110749Z&X-Amz-SignedHeaders=host&X-Amz-Expires=300&X-Amz-Credential=ASIAQ3PHCVTY4LVJN4IV%2F20250211%2Fus-east-1%2Fs3%2Faws4_request&X-Amz-Signature=9fa80d67f856563ca821e94e75c6df8ae16f8073c2a6c9a7ad504ed0bc89a59f&hash=0bda12ca3fdfe264f9a87e4bd5d4b3a0faf46f684c697f339a2ca7d667b6c5ce&host=68042c943591013ac2b2430a89b270f6af2c76d8dfd086a07176afe7c76c2c61&pii=S1364032123001041&tid=spdf-145f8cdc-0384-48c6-be00-9c0ef6b5f7fe&sid=3da86069855ea54b304b451388f334d02cb6gxrqb&type=client&tsoh=d3d3LnNjaWVuY2VkaXJlY3QuY29t&ua=01035d535f5202570154&rr=9103e0a3eea27a4e&cc=de,thermal,REC
1180,2,Pyrometallurgical process,ProcessLvl1,thermal recovery processes,Transformation,BATT_NiMHBlackMass,,,BATT_slagsAndSludgesNiMHToHydro,ElementLvl1,Ce,1.0,,±15%,REC,2010,2.5,est,"[Salehi et al., 2023]",https://pdf.sciencedirectassets.com/271969/1-s2.0-S1364032123X00057/1-s2.0-S1364032123001041/main.pdf?X-Amz-Security-Token=IQoJb3JpZ2luX2VjELv%2F%2F%2F%2F%2F%2F%2F%2F%2F%2FwEaCXVzLWVhc3QtMSJHMEUCIHYhdgpSfTmT9xM%2Bjb1xBcqgD4F8ijP9EyYXLOPhRDq2AiEA9KrFU9P0LTfAIP%2B%2FbI%2BqTXehqbXtYp%2B1hsLtKgwqemYqvAUI1P%2F%2F%2F%2F%2F%2F%2F%2F%2F%2FARAFGgwwNTkwMDM1NDY4NjUiDAkhu3XsvnXR6GqeOSqQBdutM67ETRO8Wr2uDNpIh3rNroti3%2B76GTgUG62oA1A9VgMnev1rZyM%2BW4nis4sgZLh2Amvkv0Y5gbmwXJ6XOz54A3WWKCASUcvu5y5hOtXK8jr7sdITeKOQPVdmCFJDTCqT1gLu21m19vyHqO8kw0Gr%2FkS2SP6%2BfX%2FY2h5o2DNP%2FxWhvPYVWMw2WkR2nQl7qcU1DJQo2igKKSt0%2F3y7WJ4pecDXQeYzFIH%2FDN5uwClEEjQeculMRfuLGYy4f7Y6ctKiisAxs3ia5GvwbifWrryuCwNjM7t8C2EWAUbidXI7IrgmQmHYXk%2FjGeiuIa1bioRjSqbg%2Fsq74pqytlNhaoYsIz7T8CQp3MkwWYV%2FoTPmnFBjtlYy%2BP0snbPJg0nyVhZO8ILi114FwJSOPxfFrozPes3i9GtNgtOjAZdslD8hoUeUSCiVXh44htDQ%2FGb%2F7eC%2FRJfRxmwbzrRJqjH44rbE8c5oOWIzUdpgSoRrcREw5MSsuCViBD5KER3DD%2BFqUMNRhapOoht7CCiZj778yJyB1GXFQsjmQTl%2B8yjjMhaXyjQZqkI5HTlV7GzrFU3CeEFQdDZkiCYemYuxdh9REJief49pjkdQSBsjTZ23oMwSa37sSToq1Y5Rjly2iejWFtVSTj8h5taPiic4UoTWzDkWgqLkRy3yrgSmm%2BploRW6quJdJpUjy1gU0O%2BPMwg57%2BnkIsJq5pFGdRXVigutNyoqfXthUV%2B2%2FghBcMYts7KT3L7t6rCJgLyW2R68c9dzAEkiF5erj9jknEQT2H%2Fe1rGjM690%2BuSsA9%2FtsIDEaNMWpQyh0hnnb920Xox%2BGMN1R2tQjswyyB1br8P2VFFuVcljqBnStQeBVL2WrpaOFFTBMN%2FJrL0GOrEBHTR6DA0IYd4T6a8oPkWWF9J18raylsN%2Fb5z6Jxh1E%2BzDW1kaU1OYleU0nrSqx9qKRIRWzL5%2BKllbt8FVyPLxgJviNlejitbcaUMnYlP4wDirWxWeV5KKy2an%2BmGZrTK%2Fe1E89E%2Frc%2FGdE4%2FDi3ir3Jh%2Ft%2BLswfMQ1%2Bc0r2QvVbo90QW630FBQ0DQ5MqdunSQSsbkKgQzo9qT86BMLz6IabMGidTj2uIZVU72a0CqHXab&X-Amz-Algorithm=AWS4-HMAC-SHA256&X-Amz-Date=20250211T110749Z&X-Amz-SignedHeaders=host&X-Amz-Expires=300&X-Amz-Credential=ASIAQ3PHCVTY4LVJN4IV%2F20250211%2Fus-east-1%2Fs3%2Faws4_request&X-Amz-Signature=9fa80d67f856563ca821e94e75c6df8ae16f8073c2a6c9a7ad504ed0bc89a59f&hash=0bda12ca3fdfe264f9a87e4bd5d4b3a0faf46f684c697f339a2ca7d667b6c5ce&host=68042c943591013ac2b2430a89b270f6af2c76d8dfd086a07176afe7c76c2c61&pii=S1364032123001041&tid=spdf-145f8cdc-0384-48c6-be00-9c0ef6b5f7fe&sid=3da86069855ea54b304b451388f334d02cb6gxrqb&type=client&tsoh=d3d3LnNjaWVuY2VkaXJlY3QuY29t&ua=01035d535f5202570154&rr=9103e0a3eea27a4e&cc=de,thermal,REC
1181,2,Pyrometallurgical process,ProcessLvl1,thermal recovery processes,Transformation,BATT_NiMHBlackMass,,,BATT_slagsAndSludgesNiMHToHydro,ElementLvl1,Pr,1.0,,±15%,REC,2010,2.5,est,"[Salehi et al., 2023]",https://pdf.sciencedirectassets.com/271969/1-s2.0-S1364032123X00057/1-s2.0-S1364032123001041/main.pdf?X-Amz-Security-Token=IQoJb3JpZ2luX2VjELv%2F%2F%2F%2F%2F%2F%2F%2F%2F%2FwEaCXVzLWVhc3QtMSJHMEUCIHYhdgpSfTmT9xM%2Bjb1xBcqgD4F8ijP9EyYXLOPhRDq2AiEA9KrFU9P0LTfAIP%2B%2FbI%2BqTXehqbXtYp%2B1hsLtKgwqemYqvAUI1P%2F%2F%2F%2F%2F%2F%2F%2F%2F%2FARAFGgwwNTkwMDM1NDY4NjUiDAkhu3XsvnXR6GqeOSqQBdutM67ETRO8Wr2uDNpIh3rNroti3%2B76GTgUG62oA1A9VgMnev1rZyM%2BW4nis4sgZLh2Amvkv0Y5gbmwXJ6XOz54A3WWKCASUcvu5y5hOtXK8jr7sdITeKOQPVdmCFJDTCqT1gLu21m19vyHqO8kw0Gr%2FkS2SP6%2BfX%2FY2h5o2DNP%2FxWhvPYVWMw2WkR2nQl7qcU1DJQo2igKKSt0%2F3y7WJ4pecDXQeYzFIH%2FDN5uwClEEjQeculMRfuLGYy4f7Y6ctKiisAxs3ia5GvwbifWrryuCwNjM7t8C2EWAUbidXI7IrgmQmHYXk%2FjGeiuIa1bioRjSqbg%2Fsq74pqytlNhaoYsIz7T8CQp3MkwWYV%2FoTPmnFBjtlYy%2BP0snbPJg0nyVhZO8ILi114FwJSOPxfFrozPes3i9GtNgtOjAZdslD8hoUeUSCiVXh44htDQ%2FGb%2F7eC%2FRJfRxmwbzrRJqjH44rbE8c5oOWIzUdpgSoRrcREw5MSsuCViBD5KER3DD%2BFqUMNRhapOoht7CCiZj778yJyB1GXFQsjmQTl%2B8yjjMhaXyjQZqkI5HTlV7GzrFU3CeEFQdDZkiCYemYuxdh9REJief49pjkdQSBsjTZ23oMwSa37sSToq1Y5Rjly2iejWFtVSTj8h5taPiic4UoTWzDkWgqLkRy3yrgSmm%2BploRW6quJdJpUjy1gU0O%2BPMwg57%2BnkIsJq5pFGdRXVigutNyoqfXthUV%2B2%2FghBcMYts7KT3L7t6rCJgLyW2R68c9dzAEkiF5erj9jknEQT2H%2Fe1rGjM690%2BuSsA9%2FtsIDEaNMWpQyh0hnnb920Xox%2BGMN1R2tQjswyyB1br8P2VFFuVcljqBnStQeBVL2WrpaOFFTBMN%2FJrL0GOrEBHTR6DA0IYd4T6a8oPkWWF9J18raylsN%2Fb5z6Jxh1E%2BzDW1kaU1OYleU0nrSqx9qKRIRWzL5%2BKllbt8FVyPLxgJviNlejitbcaUMnYlP4wDirWxWeV5KKy2an%2BmGZrTK%2Fe1E89E%2Frc%2FGdE4%2FDi3ir3Jh%2Ft%2BLswfMQ1%2Bc0r2QvVbo90QW630FBQ0DQ5MqdunSQSsbkKgQzo9qT86BMLz6IabMGidTj2uIZVU72a0CqHXab&X-Amz-Algorithm=AWS4-HMAC-SHA256&X-Amz-Date=20250211T110749Z&X-Amz-SignedHeaders=host&X-Amz-Expires=300&X-Amz-Credential=ASIAQ3PHCVTY4LVJN4IV%2F20250211%2Fus-east-1%2Fs3%2Faws4_request&X-Amz-Signature=9fa80d67f856563ca821e94e75c6df8ae16f8073c2a6c9a7ad504ed0bc89a59f&hash=0bda12ca3fdfe264f9a87e4bd5d4b3a0faf46f684c697f339a2ca7d667b6c5ce&host=68042c943591013ac2b2430a89b270f6af2c76d8dfd086a07176afe7c76c2c61&pii=S1364032123001041&tid=spdf-145f8cdc-0384-48c6-be00-9c0ef6b5f7fe&sid=3da86069855ea54b304b451388f334d02cb6gxrqb&type=client&tsoh=d3d3LnNjaWVuY2VkaXJlY3QuY29t&ua=01035d535f5202570154&rr=9103e0a3eea27a4e&cc=de,thermal,REC
1182,2,Pyrometallurgical process,ProcessLvl1,thermal recovery processes,Transformation,BATT_NiMHBlackMass,,,BATT_slagsAndSludgesNiMHToHydro,ElementLvl1,Co,0.06,,±5%,REC,2010,1.0,meas,"[Hämmer and Wambach, 2024]",,thermal,REC
1183,2,Pyrometallurgical process,ProcessLvl1,thermal recovery processes,Transformation,BATT_NiMHBlackMass,,,BATT_slagsAndSludgesNiMHToHydro,ElementLvl1,Ni,0.01,,±5%,REC,2010,1.0,meas,"[Hämmer and Wambach, 2024]",,thermal,REC
1184,2,Pyrometallurgical process,ProcessLvl1,thermal recovery processes,Transformation,BATT_NiMHBlackMass,,,BATT_slagsAndSludgesNiMHToHydro,MaterialLvl0,ferrousMetals0,0.355,,±5%,REC,2010,1.0,meas,"[Hämmer and Wambach, 2024]",,thermal,REC
1185,3,Hydrometallurgical processes,ProcessLvl1,hydrometallurgy batteries,Transformation,BATT_slagsAndSludgesNiMHToHydro,,,BATT_2RM_chemRecNiMH,ElementLvl1,Nd,0.0,,±15%,REC,2010,2.5,meas,"Assumption, no reference",,hydro,REC
1186,3,Hydrometallurgical processes,ProcessLvl1,hydrometallurgy batteries,Transformation,BATT_slagsAndSludgesNiMHToHydro,,,BATT_2RM_chemRecNiMH,ElementLvl1,La,0.0,,±15%,REC,2010,2.5,meas,"Assumption, no reference",,hydro,REC
1187,3,Hydrometallurgical processes,ProcessLvl1,hydrometallurgy batteries,Transformation,BATT_slagsAndSludgesNiMHToHydro,,,BATT_2RM_chemRecNiMH,ElementLvl1,Ce,0.0,,±15%,REC,2010,2.5,meas,"Assumption, no reference",,hydro,REC
1188,3,Hydrometallurgical processes,ProcessLvl1,hydrometallurgy batteries,Transformation,BATT_slagsAndSludgesNiMHToHydro,,,BATT_2RM_chemRecNiMH,ElementLvl1,Pr,0.0,,±15%,REC,2010,2.5,meas,"Assumption, no reference",,hydro,REC
1189,3,Hydrometallurgical processes,ProcessLvl1,hydrometallurgy batteries,Transformation,BATT_slagsAndSludgesNiMHToHydro,,,BATT_slagsAndSludgesNiMH_REC,ElementLvl1,Co,1.0,,±5%,REC,2010,1.0,calc,"[Hämmer and Wambach, 2024]",https://www.mdpi.com/2071-1050/16/19/8735,hydro,REC
1190,3,Hydrometallurgical processes,ProcessLvl1,hydrometallurgy batteries,Transformation,BATT_slagsAndSludgesNiMHToHydro,,,BATT_slagsAndSludgesNiMH_REC,ElementLvl1,Ni,1.0,,±5%,REC,2010,1.0,calc,"[Hämmer and Wambach, 2024]",https://www.mdpi.com/2071-1050/16/19/8735,hydro,REC
1191,3,Hydrometallurgical processes,ProcessLvl1,hydrometallurgy batteries,Transformation,BATT_slagsAndSludgesNiMHToHydro,,,BATT_slagsAndSludgesNiMH_REC,MaterialLvl0,ferrousMetals0,1.0,,±5%,REC,2010,1.0,calc,"[Hämmer and Wambach, 2024]",https://www.mdpi.com/2071-1050/16/19/8735,hydro,REC
1192,3,Hydrometallurgical processes,ProcessLvl1,hydrometallurgy batteries,Transformation,BATT_slagsAndSludgesNiMHToHydro,,,BATT_2RM_chemRecNiMH,ElementLvl1,Nd,0.0,,±15%,REC,2025,2.5,meas,"Assumption, no reference",,hydro,REC
1193,3,Hydrometallurgical processes,ProcessLvl1,hydrometallurgy batteries,Transformation,BATT_slagsAndSludgesNiMHToHydro,,,BATT_2RM_chemRecNiMH,ElementLvl1,La,0.0,,±15%,REC,2025,2.5,meas,"Assumption, no reference",,hydro,REC
1194,3,Hydrometallurgical processes,ProcessLvl1,hydrometallurgy batteries,Transformation,BATT_slagsAndSludgesNiMHToHydro,,,BATT_2RM_chemRecNiMH,ElementLvl1,Ce,0.0,,±15%,REC,2025,2.5,meas,"Assumption, no reference",,hydro,REC
1195,3,Hydrometallurgical processes,ProcessLvl1,hydrometallurgy batteries,Transformation,BATT_slagsAndSludgesNiMHToHydro,,,BATT_2RM_chemRecNiMH,ElementLvl1,Pr,0.0,,±15%,REC,2025,2.5,meas,"Assumption, no reference",,hydro,REC
1196,3,Hydrometallurgical processes,ProcessLvl1,hydrometallurgy batteries,Transformation,BATT_slagsAndSludgesNiMHToHydro,,,BATT_slagsAndSludgesNiMH_REC,ElementLvl1,Co,1.0,,±5%,REC,2025,1.0,calc,"[Hämmer and Wambach, 2024]",https://www.mdpi.com/2071-1050/16/19/8735,hydro,REC
1197,3,Hydrometallurgical processes,ProcessLvl1,hydrometallurgy batteries,Transformation,BATT_slagsAndSludgesNiMHToHydro,,,BATT_slagsAndSludgesNiMH_REC,ElementLvl1,Ni,1.0,,±5%,REC,2025,1.0,calc,"[Hämmer and Wambach, 2024]",https://www.mdpi.com/2071-1050/16/19/8735,hydro,REC
1198,3,Hydrometallurgical processes,ProcessLvl1,hydrometallurgy batteries,Transformation,BATT_slagsAndSludgesNiMHToHydro,,,BATT_slagsAndSludgesNiMH_REC,MaterialLvl0,ferrousMetals0,1.0,,±5%,REC,2025,1.0,calc,"[Hämmer and Wambach, 2024]",https://www.mdpi.com/2071-1050/16/19/8735,hydro,REC
1199,3,Hydrometallurgical processes,ProcessLvl1,hydrometallurgy batteries,Transformation,BATT_slagsAndSludgesNiMHToHydro,,,BATT_2RM_chemRecNiMH,ElementLvl1,Nd,0.6,,±20%,REC,2050,4.0,meas,"Assumption, no reference",,hydro,REC
1200,3,Hydrometallurgical processes,ProcessLvl1,hydrometallurgy batteries,Transformation,BATT_slagsAndSludgesNiMHToHydro,,,BATT_2RM_chemRecNiMH,ElementLvl1,La,0.6,,±20%,REC,2050,4.0,meas,"Assumption, no reference",,hydro,REC
1201,3,Hydrometallurgical processes,ProcessLvl1,hydrometallurgy batteries,Transformation,BATT_slagsAndSludgesNiMHToHydro,,,BATT_2RM_chemRecNiMH,ElementLvl1,Ce,0.6,,±20%,REC,2050,4.0,meas,"Assumption, no reference",,hydro,REC
1202,3,Hydrometallurgical processes,ProcessLvl1,hydrometallurgy batteries,Transformation,BATT_slagsAndSludgesNiMHToHydro,,,BATT_2RM_chemRecNiMH,ElementLvl1,Pr,0.6,,±20%,REC,2050,4.0,meas,"Assumption, no reference",,hydro,REC
1203,3,Hydrometallurgical processes,ProcessLvl1,hydrometallurgy batteries,Transformation,BATT_slagsAndSludgesNiMHToHydro,,,BATT_slagsAndSludgesNiMH_REC,ElementLvl1,Co,1.0,,±15%,REC,2050,2.5,calc,"[Hämmer and Wambach, 2024]",https://www.mdpi.com/2071-1050/16/19/8735,hydro,REC
1204,3,Hydrometallurgical processes,ProcessLvl1,hydrometallurgy batteries,Transformation,BATT_slagsAndSludgesNiMHToHydro,,,BATT_slagsAndSludgesNiMH_REC,ElementLvl1,Ni,1.0,,±15%,REC,2050,2.5,calc,"[Hämmer and Wambach, 2024]",https://www.mdpi.com/2071-1050/16/19/8735,hydro,REC
1205,3,Hydrometallurgical processes,ProcessLvl1,hydrometallurgy batteries,Transformation,BATT_slagsAndSludgesNiMHToHydro,,,BATT_slagsAndSludgesNiMH_REC,MaterialLvl0,ferrousMetals0,1.0,,±15%,REC,2050,2.5,calc,"[Hämmer and Wambach, 2024]",https://www.mdpi.com/2071-1050/16/19/8735,hydro,REC
1206,1,Breaking and separating,ProcessLvl1,mechanical recovery processes,Fragmentation,BATT_NiMHSorted,BATT_ProductLvl1,battNiMH,BATT_Losses_mechRecNiMH,ComponentLvl1,batteryCellCasing1,0.05,,±15%,REC,2010,2.5,est,"Assumption, no reference",,mechanical,REC
1207,1,Breaking and separating,ProcessLvl1,mechanical recovery processes,Fragmentation,BATT_NiMHSorted,BATT_ProductLvl1,battNiMH,BATT_Losses_NiMHBlackMass,ComponentLvl1,batteryCellAnode,0.05,,±15%,REC,2010,2.5,est,"Assumption, no reference",,mechanical,REC
1208,1,Breaking and separating,ProcessLvl1,mechanical recovery processes,Fragmentation,BATT_NiMHSorted,BATT_ProductLvl1,battNiMH,BATT_Losses_NiMHBlackMass,ComponentLvl2,currentCollectorAnode,0.05,,±15%,REC,2010,2.5,est,"Assumption, no reference",,mechanical,REC
1209,1,Breaking and separating,ProcessLvl1,mechanical recovery processes,Fragmentation,BATT_NiMHSorted,BATT_ProductLvl1,battNiMH,BATT_Losses_NiMHBlackMass,ComponentLvl2,cathodeAdditive,0.05,,±15%,REC,2010,2.5,est,"Assumption, no reference",,mechanical,REC
1210,1,Breaking and separating,ProcessLvl1,mechanical recovery processes,Fragmentation,BATT_NiMHSorted,BATT_ProductLvl1,battNiMH,BATT_Losses_NiMHBlackMass,ComponentLvl2,currentCollectorCathode,0.05,,±15%,REC,2010,2.5,est,"Assumption, no reference",,mechanical,REC
1211,1,Breaking and separating,ProcessLvl1,mechanical recovery processes,Fragmentation,BATT_NiMHSorted,BATT_ProductLvl1,battNiMH,BATT_Losses_NiMHBlackMass,ComponentLvl1,batteryCellCathode,0.05,,±15%,REC,2010,2.5,est,"Assumption, no reference",,mechanical,REC
1212,3,Hydrometallurgical processes,ProcessLvl1,hydrometallurgy batteries,Transformation,BATT_slagsAndSludgesNiMHToHydro,,,BATT_Losses_chemRecNiMH,ElementLvl1,Nd,0.4,,±20%,REC,2050,4.0,meas,"Assumption, no reference",,hydro,REC
1213,3,Hydrometallurgical processes,ProcessLvl1,hydrometallurgy batteries,Transformation,BATT_slagsAndSludgesNiMHToHydro,,,BATT_Losses_chemRecNiMH,ElementLvl1,La,0.4,,±20%,REC,2050,4.0,meas,"Assumption, no reference",,hydro,REC
1214,3,Hydrometallurgical processes,ProcessLvl1,hydrometallurgy batteries,Transformation,BATT_slagsAndSludgesNiMHToHydro,,,BATT_Losses_chemRecNiMH,ElementLvl1,Ce,0.4,,±20%,REC,2050,4.0,meas,"Assumption, no reference",,hydro,REC
1215,3,Hydrometallurgical processes,ProcessLvl1,hydrometallurgy batteries,Transformation,BATT_slagsAndSludgesNiMHToHydro,,,BATT_Losses_chemRecNiMH,ElementLvl1,Pr,0.4,,±20%,REC,2050,4.0,meas,"Assumption, no reference",,hydro,REC
1216,1,Thermal recovery processes,ProcessLvl3,pyrometallurgy batteries ,Transformation,BATT_LIBToPyro1,BATT_ProductLvl1,battLiPrimary,BATT_LIBSlagToHydro1,ElementLvl1,Li,1.0,,±5%,OBS,2010,1.0,calc,"[Hämmer and Wambach, 2024]",https://www.mdpi.com/2071-1050/16/19/8735,thermal,OBS
1217,1,Thermal recovery processes,ProcessLvl3,pyrometallurgy batteries ,Transformation,BATT_LIBToPyro1,BATT_ProductLvl1,battLiPrimary,BATT_LIBSlagToHydro1,ElementLvl1,Al,1.0,,±5%,OBS,2010,1.0,calc,"[Hämmer and Wambach, 2024]",https://www.mdpi.com/2071-1050/16/19/8735,thermal,OBS
1218,1,Thermal recovery processes,ProcessLvl3,pyrometallurgy batteries ,Transformation,BATT_LIBToPyro1,BATT_ProductLvl1,battLiPrimary,BATT_LIBSlagToHydro1,ElementLvl1,Mn,1.0,,±5%,OBS,2010,1.0,calc,"[Hämmer and Wambach, 2024]",https://www.mdpi.com/2071-1050/16/19/8735,thermal,OBS
1219,1,Thermal recovery processes,ProcessLvl3,pyrometallurgy batteries ,Transformation,BATT_LIBToPyro1,BATT_ProductLvl1,battLiPrimary,BATT_LIBSlagToHydro1,ElementLvl1,P,1.0,,±5%,OBS,2010,1.0,calc,"[Hämmer and Wambach, 2024]",https://www.mdpi.com/2071-1050/16/19/8728,thermal,OBS
1220,1,Thermal recovery processes,ProcessLvl3,pyrometallurgy batteries ,Transformation,BATT_LIBToPyro1,BATT_ProductLvl1,battLiPrimary,BATT_LIBSlagToHydro1,ElementLvl1,Cu,0.072,,±5%,OBS,2010,1.0,calc,"[Hämmer and Wambach, 2024]",https://www.mdpi.com/2071-1050/16/19/8729,thermal,OBS
1221,1,Thermal recovery processes,ProcessLvl3,pyrometallurgy batteries ,Transformation,BATT_LIBToPyro1,BATT_ProductLvl1,battLiPrimary,BATT_LIBSlagToHydro1,ElementLvl1,Ni,0.01,,±5%,OBS,2010,1.0,calc,"[Hämmer and Wambach, 2024]",https://www.mdpi.com/2071-1050/16/19/8730,thermal,OBS
1222,1,Thermal recovery processes,ProcessLvl3,pyrometallurgy batteries ,Transformation,BATT_LIBToPyro1,BATT_ProductLvl1,battLiPrimary,BATT_LIBSlagToHydro1,ElementLvl1,Fe,0.355,,±5%,OBS,2010,1.0,calc,"[Hämmer and Wambach, 2024]",https://www.mdpi.com/2071-1050/16/19/8731,thermal,OBS
1223,1,Thermal recovery processes,ProcessLvl3,pyrometallurgy batteries ,Transformation,BATT_LIBToPyro1,BATT_ProductLvl1,battLiPrimary,BATT_LIBSlagToHydro1,ElementLvl1,Co,0.06,,±5%,OBS,2010,1.0,calc,"[Hämmer and Wambach, 2024]",https://www.mdpi.com/2071-1050/16/19/8732,thermal,OBS
1224,1,Thermal recovery processes,ProcessLvl3,pyrometallurgy batteries ,Transformation,BATT_LIBToPyro1,BATT_ProductLvl1,battLiPrimary,BATT_LIBAlloyToHydro1,ElementLvl1,Cu,0.928,,±5%,OBS,2010,1.0,calc,"[Hämmer and Wambach, 2024]",https://www.mdpi.com/2071-1050/16/19/8733,thermal,OBS
1225,1,Thermal recovery processes,ProcessLvl3,pyrometallurgy batteries ,Transformation,BATT_LIBToPyro1,BATT_ProductLvl1,battLiPrimary,BATT_LIBAlloyToHydro1,ElementLvl1,Ni,0.99,,±5%,OBS,2010,1.0,calc,"[Hämmer and Wambach, 2024]",https://www.mdpi.com/2071-1050/16/19/8734,thermal,OBS
1226,1,Thermal recovery processes,ProcessLvl3,pyrometallurgy batteries ,Transformation,BATT_LIBToPyro1,BATT_ProductLvl1,battLiPrimary,BATT_LIBAlloyToHydro1,ElementLvl1,Fe,0.645,,±5%,OBS,2010,1.0,calc,"[Hämmer and Wambach, 2024]",https://www.mdpi.com/2071-1050/16/19/8735,thermal,OBS
1227,1,Thermal recovery processes,ProcessLvl3,pyrometallurgy batteries ,Transformation,BATT_LIBToPyro1,BATT_ProductLvl1,battLiPrimary,BATT_LIBAlloyToHydro1,ElementLvl1,Co,0.94,,±5%,OBS,2010,1.0,calc,"[Hämmer and Wambach, 2024]",https://www.mdpi.com/2071-1050/16/19/8735,thermal,OBS
1228,2,Hydrometallurgy (Leaching/SolventExtraction/Priciptation&Crystallization),ProcessLvl3,hydrometallurgy batteries,Transformation,BATT_LIBAlloyToHydro1,,,BATT_2RM_chemRecLIB1,ElementLvl1,Cu,0.9604,,±5%,OBS,2010,1.0,calc,"[Hämmer and Wambach, 2024]",https://www.mdpi.com/2071-1050/16/19/8737,hydro,OBS
1229,2,Hydrometallurgy (Leaching/SolventExtraction/Priciptation&Crystallization),ProcessLvl3,hydrometallurgy batteries,Transformation,BATT_LIBAlloyToHydro1,,,BATT_2RM_chemRecLIB1,ElementLvl1,Ni,0.9122,,±5%,OBS,2010,1.0,calc,"[Hämmer and Wambach, 2024]",https://www.mdpi.com/2071-1050/16/19/8738,hydro,OBS
1230,2,Hydrometallurgy (Leaching/SolventExtraction/Priciptation&Crystallization),ProcessLvl3,hydrometallurgy batteries,Transformation,BATT_LIBAlloyToHydro1,,,BATT_2RM_chemRecLIB1,ElementLvl1,Fe,0.9604,,±5%,OBS,2010,1.0,calc,"[Hämmer and Wambach, 2024]",https://www.mdpi.com/2071-1050/16/19/8739,hydro,OBS
1231,2,Hydrometallurgy (Leaching/SolventExtraction/Priciptation&Crystallization),ProcessLvl3,hydrometallurgy batteries,Transformation,BATT_LIBAlloyToHydro1,,,BATT_2RM_chemRecLIB1,ElementLvl1,Co,0.7942,,±5%,OBS,2010,1.0,calc,"[Hämmer and Wambach, 2024]",https://www.mdpi.com/2071-1050/16/19/8740,hydro,OBS
1232,2,Hydrometallurgy (Leaching/SolventExtraction/Priciptation&Crystallization),ProcessLvl3,hydrometallurgy batteries,Transformation,BATT_LIBSlagToHydro1,,,BATT_slagsAndSludgesLIB1,ElementLvl1,Al,1.0,,±15%,OBS,2010,2.5,est,"Assumption, no reference",,hydro,OBS
1233,2,Hydrometallurgy (Leaching/SolventExtraction/Priciptation&Crystallization),ProcessLvl3,hydrometallurgy batteries,Transformation,BATT_LIBSlagToHydro1,,,BATT_slagsAndSludgesLIB1,ElementLvl1,Mn,1.0,,±15%,OBS,2010,2.5,est,"Assumption, no reference",,hydro,OBS
1234,2,Hydrometallurgy (Leaching/SolventExtraction/Priciptation&Crystallization),ProcessLvl3,hydrometallurgy batteries,Transformation,BATT_LIBSlagToHydro1,,,BATT_slagsAndSludgesLIB1,ElementLvl1,P,1.0,,±15%,OBS,2010,2.5,est,"Assumption, no reference",,hydro,OBS
1235,2,Hydrometallurgy (Leaching/SolventExtraction/Priciptation&Crystallization),ProcessLvl3,hydrometallurgy batteries,Transformation,BATT_LIBSlagToHydro1,,,BATT_slagsAndSludgesLIB1,ElementLvl1,Cu,1.0,,±15%,OBS,2010,2.5,est,"Assumption, no reference",,hydro,OBS
1236,2,Hydrometallurgy (Leaching/SolventExtraction/Priciptation&Crystallization),ProcessLvl3,hydrometallurgy batteries,Transformation,BATT_LIBSlagToHydro1,,,BATT_slagsAndSludgesLIB1,ElementLvl1,Ni,1.0,,±15%,OBS,2010,2.5,est,"Assumption, no reference",,hydro,OBS
1237,2,Hydrometallurgy (Leaching/SolventExtraction/Priciptation&Crystallization),ProcessLvl3,hydrometallurgy batteries,Transformation,BATT_LIBSlagToHydro1,,,BATT_slagsAndSludgesLIB1,ElementLvl1,Fe,1.0,,±15%,OBS,2010,2.5,est,"Assumption, no reference",,hydro,OBS
1238,2,Hydrometallurgy (Leaching/SolventExtraction/Priciptation&Crystallization),ProcessLvl3,hydrometallurgy batteries,Transformation,BATT_LIBSlagToHydro1,,,BATT_slagsAndSludgesLIB1,ElementLvl1,Co,1.0,,±15%,OBS,2010,2.5,est,"Assumption, no reference",,hydro,OBS
1239,2,Hydrometallurgy (Leaching/SolventExtraction/Priciptation&Crystallization),ProcessLvl3,hydrometallurgy batteries,Transformation,BATT_LIBSlagToHydro1,,,BATT_slagsAndSludgesLIB1,ElementLvl1,Li,1.0,,±15%,OBS,2010,2.5,est,"Assumption, no reference",,hydro,OBS
1240,2,Hydrometallurgy (Leaching/SolventExtraction/Priciptation&Crystallization),ProcessLvl3,hydrometallurgy batteries,Transformation,BATT_LIBSlagToHydro1,,,BATT_2RM_chemRecSlagsAndSludges1,ElementLvl1,Li,0.0,,±15%,OBS,2010,2.5,est,"Assumption, no reference",,hydro,OBS
1241,1,Thermal recovery processes,ProcessLvl3,pyrometallurgy batteries ,Transformation,BATT_LIBToPyro1,BATT_ProductLvl1,battLiPrimary,BATT_LIBSlagToHydro1,ElementLvl1,Li,1.0,,±5%,REC,2025,1.0,calc,"[Hämmer and Wambach, 2024]",https://www.mdpi.com/2071-1050/16/19/8726,thermal,REC
1242,1,Thermal recovery processes,ProcessLvl3,pyrometallurgy batteries ,Transformation,BATT_LIBToPyro1,BATT_ProductLvl1,battLiPrimary,BATT_LIBSlagToHydro1,ElementLvl1,Al,1.0,,±5%,REC,2025,1.0,calc,"[Hämmer and Wambach, 2024]",https://www.mdpi.com/2071-1050/16/19/8727,thermal,REC
1243,1,Thermal recovery processes,ProcessLvl3,pyrometallurgy batteries ,Transformation,BATT_LIBToPyro1,BATT_ProductLvl1,battLiPrimary,BATT_LIBSlagToHydro1,ElementLvl1,Mn,1.0,,±5%,REC,2025,1.0,calc,"[Hämmer and Wambach, 2024]",https://www.mdpi.com/2071-1050/16/19/8728,thermal,REC
1244,1,Thermal recovery processes,ProcessLvl3,pyrometallurgy batteries ,Transformation,BATT_LIBToPyro1,BATT_ProductLvl1,battLiPrimary,BATT_LIBSlagToHydro1,ElementLvl1,P,1.0,,±5%,REC,2025,1.0,calc,"[Hämmer and Wambach, 2024]",https://www.mdpi.com/2071-1050/16/19/8728,thermal,REC
1245,1,Thermal recovery processes,ProcessLvl3,pyrometallurgy batteries ,Transformation,BATT_LIBToPyro1,BATT_ProductLvl1,battLiPrimary,BATT_LIBSlagToHydro1,ElementLvl1,Cu,0.072,,±5%,REC,2025,1.0,calc,"[Hämmer and Wambach, 2024]",https://www.mdpi.com/2071-1050/16/19/8729,thermal,REC
1246,1,Thermal recovery processes,ProcessLvl3,pyrometallurgy batteries ,Transformation,BATT_LIBToPyro1,BATT_ProductLvl1,battLiPrimary,BATT_LIBSlagToHydro1,ElementLvl1,Ni,0.01,,±5%,REC,2025,1.0,calc,"[Hämmer and Wambach, 2024]",https://www.mdpi.com/2071-1050/16/19/8730,thermal,REC
1247,1,Thermal recovery processes,ProcessLvl3,pyrometallurgy batteries ,Transformation,BATT_LIBToPyro1,BATT_ProductLvl1,battLiPrimary,BATT_LIBSlagToHydro1,ElementLvl1,Fe,0.355,,±5%,REC,2025,1.0,calc,"[Hämmer and Wambach, 2024]",https://www.mdpi.com/2071-1050/16/19/8731,thermal,REC
1248,1,Thermal recovery processes,ProcessLvl3,pyrometallurgy batteries ,Transformation,BATT_LIBToPyro1,BATT_ProductLvl1,battLiPrimary,BATT_LIBSlagToHydro1,ElementLvl1,Co,0.06,,±5%,REC,2025,1.0,calc,"[Hämmer and Wambach, 2024]",https://www.mdpi.com/2071-1050/16/19/8732,thermal,REC
1249,1,Thermal recovery processes,ProcessLvl3,pyrometallurgy batteries ,Transformation,BATT_LIBToPyro1,BATT_ProductLvl1,battLiPrimary,BATT_LIBAlloyToHydro1,ElementLvl1,Cu,0.928,,±5%,REC,2025,1.0,calc,"[Hämmer and Wambach, 2024]",https://www.mdpi.com/2071-1050/16/19/8733,thermal,REC
1250,1,Thermal recovery processes,ProcessLvl3,pyrometallurgy batteries ,Transformation,BATT_LIBToPyro1,BATT_ProductLvl1,battLiPrimary,BATT_LIBAlloyToHydro1,ElementLvl1,Ni,0.99,,±5%,REC,2025,1.0,calc,"[Hämmer and Wambach, 2024]",https://www.mdpi.com/2071-1050/16/19/8734,thermal,REC
1251,1,Thermal recovery processes,ProcessLvl3,pyrometallurgy batteries ,Transformation,BATT_LIBToPyro1,BATT_ProductLvl1,battLiPrimary,BATT_LIBAlloyToHydro1,ElementLvl1,Fe,0.645,,±5%,REC,2025,1.0,calc,"[Hämmer and Wambach, 2024]",https://www.mdpi.com/2071-1050/16/19/8735,thermal,REC
1252,1,Thermal recovery processes,ProcessLvl3,pyrometallurgy batteries ,Transformation,BATT_LIBToPyro1,BATT_ProductLvl1,battLiPrimary,BATT_LIBAlloyToHydro1,ElementLvl1,Co,0.94,,±5%,REC,2025,1.0,calc,"[Hämmer and Wambach, 2024]",https://www.mdpi.com/2071-1050/16/19/8735,thermal,REC
1253,2,Hydrometallurgy (Leaching/SolventExtraction/Priciptation&Crystallization),ProcessLvl3,hydrometallurgy batteries,Transformation,BATT_LIBAlloyToHydro1,,,BATT_2RM_chemRecLIB1,ElementLvl1,Cu,0.9604,,±5%,REC,2025,1.0,calc,"[Hämmer and Wambach, 2024]",https://www.mdpi.com/2071-1050/16/19/8737,hydro,REC
1254,2,Hydrometallurgy (Leaching/SolventExtraction/Priciptation&Crystallization),ProcessLvl3,hydrometallurgy batteries,Transformation,BATT_LIBAlloyToHydro1,,,BATT_2RM_chemRecLIB1,ElementLvl1,Ni,0.9122,,±5%,REC,2025,1.0,calc,"[Hämmer and Wambach, 2024]",https://www.mdpi.com/2071-1050/16/19/8738,hydro,REC
1255,2,Hydrometallurgy (Leaching/SolventExtraction/Priciptation&Crystallization),ProcessLvl3,hydrometallurgy batteries,Transformation,BATT_LIBAlloyToHydro1,,,BATT_2RM_chemRecLIB1,ElementLvl1,Fe,0.9604,,±5%,REC,2025,1.0,calc,"[Hämmer and Wambach, 2024]",https://www.mdpi.com/2071-1050/16/19/8739,hydro,REC
1256,2,Hydrometallurgy (Leaching/SolventExtraction/Priciptation&Crystallization),ProcessLvl3,hydrometallurgy batteries,Transformation,BATT_LIBAlloyToHydro1,,,BATT_2RM_chemRecLIB1,ElementLvl1,Co,0.7942,,±5%,REC,2025,1.0,calc,"[Hämmer and Wambach, 2024]",https://www.mdpi.com/2071-1050/16/19/8740,hydro,REC
1257,2,Hydrometallurgy (Leaching/SolventExtraction/Priciptation&Crystallization),ProcessLvl3,hydrometallurgy batteries,Transformation,BATT_LIBSlagToHydro1,,,BATT_slagsAndSludgesLIB1,ElementLvl1,Al,1.0,,±15%,REC,2025,2.5,est,"Assumption, no reference",,hydro,REC
1258,2,Hydrometallurgy (Leaching/SolventExtraction/Priciptation&Crystallization),ProcessLvl3,hydrometallurgy batteries,Transformation,BATT_LIBSlagToHydro1,,,BATT_slagsAndSludgesLIB1,ElementLvl1,Mn,1.0,,±15%,REC,2025,2.5,est,"Assumption, no reference",,hydro,REC
1259,2,Hydrometallurgy (Leaching/SolventExtraction/Priciptation&Crystallization),ProcessLvl3,hydrometallurgy batteries,Transformation,BATT_LIBSlagToHydro1,,,BATT_slagsAndSludgesLIB1,ElementLvl1,P,1.0,,±15%,REC,2025,2.5,est,"Assumption, no reference",,hydro,REC
1260,2,Hydrometallurgy (Leaching/SolventExtraction/Priciptation&Crystallization),ProcessLvl3,hydrometallurgy batteries,Transformation,BATT_LIBSlagToHydro1,,,BATT_slagsAndSludgesLIB1,ElementLvl1,Cu,1.0,,±15%,REC,2025,2.5,est,"Assumption, no reference",,hydro,REC
1261,2,Hydrometallurgy (Leaching/SolventExtraction/Priciptation&Crystallization),ProcessLvl3,hydrometallurgy batteries,Transformation,BATT_LIBSlagToHydro1,,,BATT_slagsAndSludgesLIB1,ElementLvl1,Ni,1.0,,±15%,REC,2025,2.5,est,"Assumption, no reference",,hydro,REC
1262,2,Hydrometallurgy (Leaching/SolventExtraction/Priciptation&Crystallization),ProcessLvl3,hydrometallurgy batteries,Transformation,BATT_LIBSlagToHydro1,,,BATT_slagsAndSludgesLIB1,ElementLvl1,Fe,1.0,,±15%,REC,2025,2.5,est,"Assumption, no reference",,hydro,REC
1263,2,Hydrometallurgy (Leaching/SolventExtraction/Priciptation&Crystallization),ProcessLvl3,hydrometallurgy batteries,Transformation,BATT_LIBSlagToHydro1,,,BATT_slagsAndSludgesLIB1,ElementLvl1,Co,1.0,,±15%,REC,2025,2.5,est,"Assumption, no reference",,hydro,REC
1264,2,Hydrometallurgy (Leaching/SolventExtraction/Priciptation&Crystallization),ProcessLvl3,hydrometallurgy batteries,Transformation,BATT_LIBSlagToHydro1,,,BATT_slagsAndSludgesLIB1,ElementLvl1,Li,0.9,,±15%,REC,2025,2.5,est,"Assumption, no reference",,hydro,REC
1265,2,Hydrometallurgy (Leaching/SolventExtraction/Priciptation&Crystallization),ProcessLvl3,hydrometallurgy batteries,Transformation,BATT_LIBSlagToHydro1,,,BATT_2RM_chemRecSlagsAndSludges1,ElementLvl1,Li,0.1,,±15%,REC,2025,2.5,est,"Assumption, no reference",,hydro,REC
1266,1,Thermal recovery processes,ProcessLvl3,pyrometallurgy batteries ,Transformation,BATT_LIBToPyro1,BATT_ProductLvl1,battLiPrimary,BATT_LIBSlagToHydro1,ElementLvl1,Li,1.0,,±10%,REC,2028,1.5,calc,"[Hämmer and Wambach, 2024]",https://www.mdpi.com/2071-1050/16/19/8726,thermal,REC
1267,1,Thermal recovery processes,ProcessLvl3,pyrometallurgy batteries ,Transformation,BATT_LIBToPyro1,BATT_ProductLvl1,battLiPrimary,BATT_LIBSlagToHydro1,ElementLvl1,Al,1.0,,±10%,REC,2028,1.5,calc,"[Hämmer and Wambach, 2024]",https://www.mdpi.com/2071-1050/16/19/8727,thermal,REC
1268,1,Thermal recovery processes,ProcessLvl3,pyrometallurgy batteries ,Transformation,BATT_LIBToPyro1,BATT_ProductLvl1,battLiPrimary,BATT_LIBSlagToHydro1,ElementLvl1,Mn,1.0,,±10%,REC,2028,1.5,calc,"[Hämmer and Wambach, 2024]",https://www.mdpi.com/2071-1050/16/19/8728,thermal,REC
1269,1,Thermal recovery processes,ProcessLvl3,pyrometallurgy batteries ,Transformation,BATT_LIBToPyro1,BATT_ProductLvl1,battLiPrimary,BATT_LIBSlagToHydro1,ElementLvl1,P,1.0,,±10%,REC,2028,1.5,calc,"[Hämmer and Wambach, 2024]",https://www.mdpi.com/2071-1050/16/19/8728,thermal,REC
1270,1,Thermal recovery processes,ProcessLvl3,pyrometallurgy batteries ,Transformation,BATT_LIBToPyro1,BATT_ProductLvl1,battLiPrimary,BATT_LIBSlagToHydro1,ElementLvl1,Cu,0.072,,±10%,REC,2028,1.5,calc,"[Hämmer and Wambach, 2024]",https://www.mdpi.com/2071-1050/16/19/8729,thermal,REC
1271,1,Thermal recovery processes,ProcessLvl3,pyrometallurgy batteries ,Transformation,BATT_LIBToPyro1,BATT_ProductLvl1,battLiPrimary,BATT_LIBSlagToHydro1,ElementLvl1,Ni,0.01,,±10%,REC,2028,1.5,calc,"[Hämmer and Wambach, 2024]",https://www.mdpi.com/2071-1050/16/19/8730,thermal,REC
1272,1,Thermal recovery processes,ProcessLvl3,pyrometallurgy batteries ,Transformation,BATT_LIBToPyro1,BATT_ProductLvl1,battLiPrimary,BATT_LIBSlagToHydro1,ElementLvl1,Fe,0.355,,±10%,REC,2028,1.5,calc,"[Hämmer and Wambach, 2024]",https://www.mdpi.com/2071-1050/16/19/8731,thermal,REC
1273,1,Thermal recovery processes,ProcessLvl3,pyrometallurgy batteries ,Transformation,BATT_LIBToPyro1,BATT_ProductLvl1,battLiPrimary,BATT_LIBSlagToHydro1,ElementLvl1,Co,0.06,,±10%,REC,2028,1.5,calc,"[Hämmer and Wambach, 2024]",https://www.mdpi.com/2071-1050/16/19/8732,thermal,REC
1274,1,Thermal recovery processes,ProcessLvl3,pyrometallurgy batteries ,Transformation,BATT_LIBToPyro1,BATT_ProductLvl1,battLiPrimary,BATT_LIBAlloyToHydro1,ElementLvl1,Cu,0.928,,±10%,REC,2028,1.5,est,"[Hämmer and Wambach, 2024]",https://www.mdpi.com/2071-1050/16/19/8733,thermal,REC
1275,1,Thermal recovery processes,ProcessLvl3,pyrometallurgy batteries ,Transformation,BATT_LIBToPyro1,BATT_ProductLvl1,battLiPrimary,BATT_LIBAlloyToHydro1,ElementLvl1,Ni,0.99,,±10%,REC,2028,1.5,calc,"[Hämmer and Wambach, 2024]",https://www.mdpi.com/2071-1050/16/19/8734,thermal,REC
1276,1,Thermal recovery processes,ProcessLvl3,pyrometallurgy batteries ,Transformation,BATT_LIBToPyro1,BATT_ProductLvl1,battLiPrimary,BATT_LIBAlloyToHydro1,ElementLvl1,Fe,0.645,,±10%,REC,2028,1.5,calc,"[Hämmer and Wambach, 2024]",https://www.mdpi.com/2071-1050/16/19/8735,thermal,REC
1277,1,Thermal recovery processes,ProcessLvl3,pyrometallurgy batteries ,Transformation,BATT_LIBToPyro1,BATT_ProductLvl1,battLiPrimary,BATT_LIBAlloyToHydro1,ElementLvl1,Co,0.94,,±10%,REC,2028,1.5,est,"[Hämmer and Wambach, 2024]",https://www.mdpi.com/2071-1050/16/19/8735,thermal,REC
1278,2,Hydrometallurgy (Leaching/SolventExtraction/Priciptation&Crystallization),ProcessLvl3,hydrometallurgy batteries,Transformation,BATT_LIBAlloyToHydro1,,,BATT_2RM_chemRecLIB1,ElementLvl1,Cu,0.97,,±15%,REC,2028,3.0,est,"Assumption, no reference",,hydro,REC
1279,2,Hydrometallurgy (Leaching/SolventExtraction/Priciptation&Crystallization),ProcessLvl3,hydrometallurgy batteries,Transformation,BATT_LIBAlloyToHydro1,,,BATT_2RM_chemRecLIB1,ElementLvl1,Ni,0.9122,,±10%,REC,2028,1.5,calc,"[Hämmer and Wambach, 2024]",https://www.mdpi.com/2071-1050/16/19/8738,hydro,REC
1280,2,Hydrometallurgy (Leaching/SolventExtraction/Priciptation&Crystallization),ProcessLvl3,hydrometallurgy batteries,Transformation,BATT_LIBAlloyToHydro1,,,BATT_2RM_chemRecLIB1,ElementLvl1,Fe,0.9604,,±10%,REC,2028,1.5,calc,"[Hämmer and Wambach, 2024]",https://www.mdpi.com/2071-1050/16/19/8739,hydro,REC
1281,2,Hydrometallurgy (Leaching/SolventExtraction/Priciptation&Crystallization),ProcessLvl3,hydrometallurgy batteries,Transformation,BATT_LIBAlloyToHydro1,,,BATT_2RM_chemRecLIB1,ElementLvl1,Co,0.96,,±15%,REC,2028,3.0,est,"Assumption, no reference",,hydro,REC
1282,2,Hydrometallurgy (Leaching/SolventExtraction/Priciptation&Crystallization),ProcessLvl3,hydrometallurgy batteries,Transformation,BATT_LIBSlagToHydro1,,,BATT_2RM_chemRecSlagsAndSludges1,ElementLvl1,Li,0.5,,±15%,REC,2028,3.0,est,"Assumption, no reference",,hydro,REC
1283,2,Hydrometallurgy (Leaching/SolventExtraction/Priciptation&Crystallization),ProcessLvl3,hydrometallurgy batteries,Transformation,BATT_LIBSlagToHydro1,,,BATT_2RM_chemRecSlagsAndSludges1,ElementLvl1,Mn,0.1,,±15%,REC,2028,3.0,est,"Assumption, no reference",,hydro,REC
1284,2,Hydrometallurgy (Leaching/SolventExtraction/Priciptation&Crystallization),ProcessLvl3,hydrometallurgy batteries,Transformation,BATT_LIBSlagToHydro1,,,BATT_2RM_chemRecSlagsAndSludges1,ElementLvl1,Al,0.1,,±15%,REC,2028,3.0,est,"Assumption, no reference",,hydro,REC
1285,2,Hydrometallurgy (Leaching/SolventExtraction/Priciptation&Crystallization),ProcessLvl3,hydrometallurgy batteries,Transformation,BATT_LIBSlagToHydro1,,,BATT_2RM_chemRecSlagsAndSludges1,ElementLvl1,P,0.1,,±15%,REC,2028,3.0,est,"Assumption, no reference",,hydro,REC
1286,2,Hydrometallurgy (Leaching/SolventExtraction/Priciptation&Crystallization),ProcessLvl3,hydrometallurgy batteries,Transformation,BATT_LIBSlagToHydro1,,,BATT_slagsAndSludgesLIB1,ElementLvl1,Al,0.9,,±15%,REC,2028,3.0,est,"Assumption, no reference",,hydro,REC
1287,2,Hydrometallurgy (Leaching/SolventExtraction/Priciptation&Crystallization),ProcessLvl3,hydrometallurgy batteries,Transformation,BATT_LIBSlagToHydro1,,,BATT_slagsAndSludgesLIB1,ElementLvl1,Mn,0.9,,±15%,REC,2028,3.0,est,"Assumption, no reference",,hydro,REC
1288,2,Hydrometallurgy (Leaching/SolventExtraction/Priciptation&Crystallization),ProcessLvl3,hydrometallurgy batteries,Transformation,BATT_LIBSlagToHydro1,,,BATT_slagsAndSludgesLIB1,ElementLvl1,P,0.9,,±15%,REC,2028,3.0,est,"Assumption, no reference",,hydro,REC
1289,2,Hydrometallurgy (Leaching/SolventExtraction/Priciptation&Crystallization),ProcessLvl3,hydrometallurgy batteries,Transformation,BATT_LIBSlagToHydro1,,,BATT_slagsAndSludgesLIB1,ElementLvl1,Cu,1.0,,±15%,REC,2028,3.0,est,"Assumption, no reference",,hydro,REC
1290,2,Hydrometallurgy (Leaching/SolventExtraction/Priciptation&Crystallization),ProcessLvl3,hydrometallurgy batteries,Transformation,BATT_LIBSlagToHydro1,,,BATT_slagsAndSludgesLIB1,ElementLvl1,Ni,1.0,,±15%,REC,2028,3.0,est,"Assumption, no reference",,hydro,REC
1291,2,Hydrometallurgy (Leaching/SolventExtraction/Priciptation&Crystallization),ProcessLvl3,hydrometallurgy batteries,Transformation,BATT_LIBSlagToHydro1,,,BATT_slagsAndSludgesLIB1,ElementLvl1,Fe,1.0,,±15%,REC,2028,3.0,est,"Assumption, no reference",,hydro,REC
1292,2,Hydrometallurgy (Leaching/SolventExtraction/Priciptation&Crystallization),ProcessLvl3,hydrometallurgy batteries,Transformation,BATT_LIBSlagToHydro1,,,BATT_slagsAndSludgesLIB1,ElementLvl1,Co,1.0,,±15%,REC,2028,3.0,est,"Assumption, no reference",,hydro,REC
1293,2,Hydrometallurgy (Leaching/SolventExtraction/Priciptation&Crystallization),ProcessLvl3,hydrometallurgy batteries,Transformation,BATT_LIBSlagToHydro1,,,BATT_slagsAndSludgesLIB1,ElementLvl1,Li,0.5,,±15%,REC,2028,3.0,est,"Assumption, no reference",,hydro,REC
1294,1,Thermal recovery processes,ProcessLvl3,pyrometallurgy batteries ,Transformation,BATT_LIBToPyro1,BATT_ProductLvl1,battLiPrimary,BATT_LIBSlagToHydro1,ElementLvl1,Li,1.0,,±10%,REC,2032,2.0,calc,"[Hämmer and Wambach, 2024]",https://www.mdpi.com/2071-1050/16/19/8726,thermal,REC
1295,1,Thermal recovery processes,ProcessLvl3,pyrometallurgy batteries ,Transformation,BATT_LIBToPyro1,BATT_ProductLvl1,battLiPrimary,BATT_LIBSlagToHydro1,ElementLvl1,Al,1.0,,±10%,REC,2032,2.0,calc,"[Hämmer and Wambach, 2024]",https://www.mdpi.com/2071-1050/16/19/8727,thermal,REC
1296,1,Thermal recovery processes,ProcessLvl3,pyrometallurgy batteries ,Transformation,BATT_LIBToPyro1,BATT_ProductLvl1,battLiPrimary,BATT_LIBSlagToHydro1,ElementLvl1,Mn,1.0,,±10%,REC,2032,2.0,calc,"[Hämmer and Wambach, 2024]",https://www.mdpi.com/2071-1050/16/19/8728,thermal,REC
1297,1,Thermal recovery processes,ProcessLvl3,pyrometallurgy batteries ,Transformation,BATT_LIBToPyro1,BATT_ProductLvl1,battLiPrimary,BATT_LIBSlagToHydro1,ElementLvl1,P,1.0,,±10%,REC,2032,2.0,calc,"[Hämmer and Wambach, 2024]",https://www.mdpi.com/2071-1050/16/19/8728,thermal,REC
1298,1,Thermal recovery processes,ProcessLvl3,pyrometallurgy batteries ,Transformation,BATT_LIBToPyro1,BATT_ProductLvl1,battLiPrimary,BATT_LIBSlagToHydro1,ElementLvl1,Cu,0.03,,±10%,REC,2032,2.0,calc,"[Hämmer and Wambach, 2024]",https://www.mdpi.com/2071-1050/16/19/8729,thermal,REC
1299,1,Thermal recovery processes,ProcessLvl3,pyrometallurgy batteries ,Transformation,BATT_LIBToPyro1,BATT_ProductLvl1,battLiPrimary,BATT_LIBSlagToHydro1,ElementLvl1,Ni,0.01,,±10%,REC,2032,2.0,calc,"[Hämmer and Wambach, 2024]",https://www.mdpi.com/2071-1050/16/19/8730,thermal,REC
1300,1,Thermal recovery processes,ProcessLvl3,pyrometallurgy batteries ,Transformation,BATT_LIBToPyro1,BATT_ProductLvl1,battLiPrimary,BATT_LIBSlagToHydro1,ElementLvl1,Fe,0.355,,±10%,REC,2032,2.0,calc,"[Hämmer and Wambach, 2024]",https://www.mdpi.com/2071-1050/16/19/8731,thermal,REC
1301,1,Thermal recovery processes,ProcessLvl3,pyrometallurgy batteries ,Transformation,BATT_LIBToPyro1,BATT_ProductLvl1,battLiPrimary,BATT_LIBSlagToHydro1,ElementLvl1,Co,0.03,,±10%,REC,2032,2.0,calc,"[Hämmer and Wambach, 2024]",https://www.mdpi.com/2071-1050/16/19/8732,thermal,REC
1302,1,Thermal recovery processes,ProcessLvl3,pyrometallurgy batteries ,Transformation,BATT_LIBToPyro1,BATT_ProductLvl1,battLiPrimary,BATT_LIBAlloyToHydro1,ElementLvl1,Cu,0.97,,±20%,REC,2032,3.5,est,"Assumption, no reference",,thermal,REC
1303,1,Thermal recovery processes,ProcessLvl3,pyrometallurgy batteries ,Transformation,BATT_LIBToPyro1,BATT_ProductLvl1,battLiPrimary,BATT_LIBAlloyToHydro1,ElementLvl1,Ni,0.99,,±10%,REC,2032,2.0,calc,"[Hämmer and Wambach, 2024]",https://www.mdpi.com/2071-1050/16/19/8734,thermal,REC
1304,1,Thermal recovery processes,ProcessLvl3,pyrometallurgy batteries ,Transformation,BATT_LIBToPyro1,BATT_ProductLvl1,battLiPrimary,BATT_LIBAlloyToHydro1,ElementLvl1,Fe,0.645,,±10%,REC,2032,2.0,calc,"[Hämmer and Wambach, 2024]",https://www.mdpi.com/2071-1050/16/19/8735,thermal,REC
1305,1,Thermal recovery processes,ProcessLvl3,pyrometallurgy batteries ,Transformation,BATT_LIBToPyro1,BATT_ProductLvl1,battLiPrimary,BATT_LIBAlloyToHydro1,ElementLvl1,Co,0.97,,±20%,REC,2032,3.5,est,"Assumption, no reference",,thermal,REC
1306,2,Hydrometallurgy (Leaching/SolventExtraction/Priciptation&Crystallization),ProcessLvl3,hydrometallurgy batteries,Transformation,BATT_LIBAlloyToHydro1,,,BATT_2RM_chemRecLIB1,ElementLvl1,Cu,0.98,,±20%,REC,2032,3.5,est,"Assumption, no reference",,hydro,REC
1307,2,Hydrometallurgy (Leaching/SolventExtraction/Priciptation&Crystallization),ProcessLvl3,hydrometallurgy batteries,Transformation,BATT_LIBAlloyToHydro1,,,BATT_2RM_chemRecLIB1,ElementLvl1,Ni,0.96,,±10%,REC,2032,2.0,calc,"[Hämmer and Wambach, 2024]",https://www.mdpi.com/2071-1050/16/19/8738,hydro,REC
1308,2,Hydrometallurgy (Leaching/SolventExtraction/Priciptation&Crystallization),ProcessLvl3,hydrometallurgy batteries,Transformation,BATT_LIBAlloyToHydro1,,,BATT_2RM_chemRecLIB1,ElementLvl1,Fe,0.9604,,±10%,REC,2032,2.0,calc,"[Hämmer and Wambach, 2024]",https://www.mdpi.com/2071-1050/16/19/8739,hydro,REC
1309,2,Hydrometallurgy (Leaching/SolventExtraction/Priciptation&Crystallization),ProcessLvl3,hydrometallurgy batteries,Transformation,BATT_LIBAlloyToHydro1,,,BATT_2RM_chemRecLIB1,ElementLvl1,Co,0.98,,±20%,REC,2032,3.5,est,"Assumption, no reference",,hydro,REC
1310,2,Hydrometallurgy (Leaching/SolventExtraction/Priciptation&Crystallization),ProcessLvl3,hydrometallurgy batteries,Transformation,BATT_LIBSlagToHydro1,,,BATT_2RM_chemRecSlagsAndSludges1,ElementLvl1,Li,0.8,,±20%,REC,2032,3.5,est,"Assumption, no reference",,hydro,REC
1311,2,Hydrometallurgy (Leaching/SolventExtraction/Priciptation&Crystallization),ProcessLvl3,hydrometallurgy batteries,Transformation,BATT_LIBSlagToHydro1,,,BATT_2RM_chemRecSlagsAndSludges1,ElementLvl1,Mn,0.2,,±20%,REC,2032,3.5,est,"Assumption, no reference",,hydro,REC
1312,2,Hydrometallurgy (Leaching/SolventExtraction/Priciptation&Crystallization),ProcessLvl3,hydrometallurgy batteries,Transformation,BATT_LIBSlagToHydro1,,,BATT_2RM_chemRecSlagsAndSludges1,ElementLvl1,Al,0.2,,±20%,REC,2032,3.5,est,"Assumption, no reference",,hydro,REC
1313,2,Hydrometallurgy (Leaching/SolventExtraction/Priciptation&Crystallization),ProcessLvl3,hydrometallurgy batteries,Transformation,BATT_LIBSlagToHydro1,,,BATT_2RM_chemRecSlagsAndSludges1,ElementLvl1,P,0.2,,±20%,REC,2032,3.5,est,"Assumption, no reference",,hydro,REC
1314,2,Hydrometallurgy (Leaching/SolventExtraction/Priciptation&Crystallization),ProcessLvl3,hydrometallurgy batteries,Transformation,BATT_LIBSlagToHydro1,,,BATT_slagsAndSludgesLIB1,ElementLvl1,Al,0.8,,±20%,REC,2032,3.5,est,"Assumption, no reference",,hydro,REC
1315,2,Hydrometallurgy (Leaching/SolventExtraction/Priciptation&Crystallization),ProcessLvl3,hydrometallurgy batteries,Transformation,BATT_LIBSlagToHydro1,,,BATT_slagsAndSludgesLIB1,ElementLvl1,Mn,0.8,,±20%,REC,2032,3.5,est,"Assumption, no reference",,hydro,REC
1316,2,Hydrometallurgy (Leaching/SolventExtraction/Priciptation&Crystallization),ProcessLvl3,hydrometallurgy batteries,Transformation,BATT_LIBSlagToHydro1,,,BATT_slagsAndSludgesLIB1,ElementLvl1,P,0.8,,±20%,REC,2032,3.5,est,"Assumption, no reference",,hydro,REC
1317,2,Hydrometallurgy (Leaching/SolventExtraction/Priciptation&Crystallization),ProcessLvl3,hydrometallurgy batteries,Transformation,BATT_LIBSlagToHydro1,,,BATT_slagsAndSludgesLIB1,ElementLvl1,Cu,1.0,,±20%,REC,2032,3.5,est,"Assumption, no reference",,hydro,REC
1318,2,Hydrometallurgy (Leaching/SolventExtraction/Priciptation&Crystallization),ProcessLvl3,hydrometallurgy batteries,Transformation,BATT_LIBSlagToHydro1,,,BATT_slagsAndSludgesLIB1,ElementLvl1,Ni,1.0,,±20%,REC,2032,3.5,est,"Assumption, no reference",,hydro,REC
1319,2,Hydrometallurgy (Leaching/SolventExtraction/Priciptation&Crystallization),ProcessLvl3,hydrometallurgy batteries,Transformation,BATT_LIBSlagToHydro1,,,BATT_slagsAndSludgesLIB1,ElementLvl1,Fe,1.0,,±20%,REC,2032,3.5,est,"Assumption, no reference",,hydro,REC
1320,2,Hydrometallurgy (Leaching/SolventExtraction/Priciptation&Crystallization),ProcessLvl3,hydrometallurgy batteries,Transformation,BATT_LIBSlagToHydro1,,,BATT_slagsAndSludgesLIB1,ElementLvl1,Co,1.0,,±20%,REC,2032,3.5,est,"Assumption, no reference",,hydro,REC
1321,2,Hydrometallurgy (Leaching/SolventExtraction/Priciptation&Crystallization),ProcessLvl3,hydrometallurgy batteries,Transformation,BATT_LIBSlagToHydro1,,,BATT_slagsAndSludgesLIB1,ElementLvl1,Li,0.2,,±20%,REC,2032,3.5,est,"Assumption, no reference",,hydro,REC
1322,1,Thermal recovery processes,ProcessLvl3,pyrometallurgy batteries ,Transformation,BATT_LIBToPyro1,BATT_ProductLvl1,battLiPrimary,BATT_LIBSlagToHydro1,ElementLvl1,Li,1.0,,±15%,REC,2050,2.5,calc,"[Hämmer and Wambach, 2024]",https://www.mdpi.com/2071-1050/16/19/8726,thermal,REC
1323,1,Thermal recovery processes,ProcessLvl3,pyrometallurgy batteries ,Transformation,BATT_LIBToPyro1,BATT_ProductLvl1,battLiPrimary,BATT_LIBSlagToHydro1,ElementLvl1,Al,1.0,,±15%,REC,2050,2.5,calc,"[Hämmer and Wambach, 2024]",https://www.mdpi.com/2071-1050/16/19/8727,thermal,REC
1324,1,Thermal recovery processes,ProcessLvl3,pyrometallurgy batteries ,Transformation,BATT_LIBToPyro1,BATT_ProductLvl1,battLiPrimary,BATT_LIBSlagToHydro1,ElementLvl1,Mn,1.0,,±15%,REC,2050,2.5,calc,"[Hämmer and Wambach, 2024]",https://www.mdpi.com/2071-1050/16/19/8728,thermal,REC
1325,1,Thermal recovery processes,ProcessLvl3,pyrometallurgy batteries ,Transformation,BATT_LIBToPyro1,BATT_ProductLvl1,battLiPrimary,BATT_LIBSlagToHydro1,ElementLvl1,P,1.0,,±15%,REC,2050,2.5,calc,"[Hämmer and Wambach, 2024]",https://www.mdpi.com/2071-1050/16/19/8728,thermal,REC
1326,1,Thermal recovery processes,ProcessLvl3,pyrometallurgy batteries ,Transformation,BATT_LIBToPyro1,BATT_ProductLvl1,battLiPrimary,BATT_LIBSlagToHydro1,ElementLvl1,Cu,0.03,,±15%,REC,2050,2.5,calc,"[Hämmer and Wambach, 2024]",https://www.mdpi.com/2071-1050/16/19/8729,thermal,REC
1327,1,Thermal recovery processes,ProcessLvl3,pyrometallurgy batteries ,Transformation,BATT_LIBToPyro1,BATT_ProductLvl1,battLiPrimary,BATT_LIBSlagToHydro1,ElementLvl1,Ni,0.01,,±15%,REC,2050,2.5,calc,"[Hämmer and Wambach, 2024]",https://www.mdpi.com/2071-1050/16/19/8730,thermal,REC
1328,1,Thermal recovery processes,ProcessLvl3,pyrometallurgy batteries ,Transformation,BATT_LIBToPyro1,BATT_ProductLvl1,battLiPrimary,BATT_LIBSlagToHydro1,ElementLvl1,Fe,0.355,,±15%,REC,2050,2.5,calc,"[Hämmer and Wambach, 2024]",https://www.mdpi.com/2071-1050/16/19/8731,thermal,REC
1329,1,Thermal recovery processes,ProcessLvl3,pyrometallurgy batteries ,Transformation,BATT_LIBToPyro1,BATT_ProductLvl1,battLiPrimary,BATT_LIBSlagToHydro1,ElementLvl1,Co,0.03,,±15%,REC,2050,2.5,calc,"[Hämmer and Wambach, 2024]",https://www.mdpi.com/2071-1050/16/19/8732,thermal,REC
1330,1,Thermal recovery processes,ProcessLvl3,pyrometallurgy batteries ,Transformation,BATT_LIBToPyro1,BATT_ProductLvl1,battLiPrimary,BATT_LIBAlloyToHydro1,ElementLvl1,Cu,0.97,,±20%,REC,2050,4.0,est,"Assumption, no reference",,thermal,REC
1331,1,Thermal recovery processes,ProcessLvl3,pyrometallurgy batteries ,Transformation,BATT_LIBToPyro1,BATT_ProductLvl1,battLiPrimary,BATT_LIBAlloyToHydro1,ElementLvl1,Ni,0.99,,±15%,REC,2050,2.5,calc,"[Hämmer and Wambach, 2024]",https://www.mdpi.com/2071-1050/16/19/8734,thermal,REC
1332,1,Thermal recovery processes,ProcessLvl3,pyrometallurgy batteries ,Transformation,BATT_LIBToPyro1,BATT_ProductLvl1,battLiPrimary,BATT_LIBAlloyToHydro1,ElementLvl1,Fe,0.645,,±15%,REC,2050,2.5,calc,"[Hämmer and Wambach, 2024]",https://www.mdpi.com/2071-1050/16/19/8735,thermal,REC
1333,1,Thermal recovery processes,ProcessLvl3,pyrometallurgy batteries ,Transformation,BATT_LIBToPyro1,BATT_ProductLvl1,battLiPrimary,BATT_LIBAlloyToHydro1,ElementLvl1,Co,0.97,,±20%,REC,2050,4.0,est,"Assumption, no reference",,thermal,REC
1334,2,Hydrometallurgy (Leaching/SolventExtraction/Priciptation&Crystallization),ProcessLvl3,hydrometallurgy batteries,Transformation,BATT_LIBAlloyToHydro1,,,BATT_2RM_chemRecLIB1,ElementLvl1,Cu,0.98,,±20%,REC,2050,4.0,est,"Assumption, no reference",,hydro,REC
1335,2,Hydrometallurgy (Leaching/SolventExtraction/Priciptation&Crystallization),ProcessLvl3,hydrometallurgy batteries,Transformation,BATT_LIBAlloyToHydro1,,,BATT_2RM_chemRecLIB1,ElementLvl1,Ni,0.96,,±15%,REC,2050,2.5,calc,"[Hämmer and Wambach, 2024]",https://www.mdpi.com/2071-1050/16/19/8738,hydro,REC
1336,2,Hydrometallurgy (Leaching/SolventExtraction/Priciptation&Crystallization),ProcessLvl3,hydrometallurgy batteries,Transformation,BATT_LIBAlloyToHydro1,,,BATT_2RM_chemRecLIB1,ElementLvl1,Fe,0.9604,,±15%,REC,2050,2.5,calc,"[Hämmer and Wambach, 2024]",https://www.mdpi.com/2071-1050/16/19/8739,hydro,REC
1337,2,Hydrometallurgy (Leaching/SolventExtraction/Priciptation&Crystallization),ProcessLvl3,hydrometallurgy batteries,Transformation,BATT_LIBAlloyToHydro1,,,BATT_2RM_chemRecLIB1,ElementLvl1,Co,0.98,,±20%,REC,2050,4.0,est,"Assumption, no reference",,hydro,REC
1338,2,Hydrometallurgy (Leaching/SolventExtraction/Priciptation&Crystallization),ProcessLvl3,hydrometallurgy batteries,Transformation,BATT_LIBSlagToHydro1,,,BATT_2RM_chemRecSlagsAndSludges1,ElementLvl1,Li,0.9,,±20%,REC,2050,4.0,est,"Assumption, no reference",,hydro,REC
1339,2,Hydrometallurgy (Leaching/SolventExtraction/Priciptation&Crystallization),ProcessLvl3,hydrometallurgy batteries,Transformation,BATT_LIBSlagToHydro1,,,BATT_2RM_chemRecSlagsAndSludges1,ElementLvl1,Mn,0.5,,±20%,REC,2050,4.0,est,"Assumption, no reference",,hydro,REC
1340,2,Hydrometallurgy (Leaching/SolventExtraction/Priciptation&Crystallization),ProcessLvl3,hydrometallurgy batteries,Transformation,BATT_LIBSlagToHydro1,,,BATT_2RM_chemRecSlagsAndSludges1,ElementLvl1,Al,0.5,,±20%,REC,2050,4.0,est,"Assumption, no reference",,hydro,REC
1341,2,Hydrometallurgy (Leaching/SolventExtraction/Priciptation&Crystallization),ProcessLvl3,hydrometallurgy batteries,Transformation,BATT_LIBSlagToHydro1,,,BATT_2RM_chemRecSlagsAndSludges1,ElementLvl1,P,0.5,,±20%,REC,2050,4.0,est,"Assumption, no reference",,hydro,REC
1342,2,Hydrometallurgy (Leaching/SolventExtraction/Priciptation&Crystallization),ProcessLvl3,hydrometallurgy batteries,Transformation,BATT_LIBSlagToHydro1,,,BATT_slagsAndSludgesLIB1,ElementLvl1,Al,0.5,,±20%,REC,2050,4.0,est,"Assumption, no reference",,hydro,REC
1343,2,Hydrometallurgy (Leaching/SolventExtraction/Priciptation&Crystallization),ProcessLvl3,hydrometallurgy batteries,Transformation,BATT_LIBSlagToHydro1,,,BATT_slagsAndSludgesLIB1,ElementLvl1,Mn,0.5,,±20%,REC,2050,4.0,est,"Assumption, no reference",,hydro,REC
1344,2,Hydrometallurgy (Leaching/SolventExtraction/Priciptation&Crystallization),ProcessLvl3,hydrometallurgy batteries,Transformation,BATT_LIBSlagToHydro1,,,BATT_slagsAndSludgesLIB1,ElementLvl1,P,0.5,,±20%,REC,2050,4.0,est,"Assumption, no reference",,hydro,REC
1345,2,Hydrometallurgy (Leaching/SolventExtraction/Priciptation&Crystallization),ProcessLvl3,hydrometallurgy batteries,Transformation,BATT_LIBSlagToHydro1,,,BATT_slagsAndSludgesLIB1,ElementLvl1,Cu,1.0,,±20%,REC,2050,4.0,est,"Assumption, no reference",,hydro,REC
1346,2,Hydrometallurgy (Leaching/SolventExtraction/Priciptation&Crystallization),ProcessLvl3,hydrometallurgy batteries,Transformation,BATT_LIBSlagToHydro1,,,BATT_slagsAndSludgesLIB1,ElementLvl1,Ni,1.0,,±20%,REC,2050,4.0,est,"Assumption, no reference",,hydro,REC
1347,2,Hydrometallurgy (Leaching/SolventExtraction/Priciptation&Crystallization),ProcessLvl3,hydrometallurgy batteries,Transformation,BATT_LIBSlagToHydro1,,,BATT_slagsAndSludgesLIB1,ElementLvl1,Fe,1.0,,±20%,REC,2050,4.0,est,"Assumption, no reference",,hydro,REC
1348,2,Hydrometallurgy (Leaching/SolventExtraction/Priciptation&Crystallization),ProcessLvl3,hydrometallurgy batteries,Transformation,BATT_LIBSlagToHydro1,,,BATT_slagsAndSludgesLIB1,ElementLvl1,Co,1.0,,±20%,REC,2050,4.0,est,"Assumption, no reference",,hydro,REC
1349,2,Hydrometallurgy (Leaching/SolventExtraction/Priciptation&Crystallization),ProcessLvl3,hydrometallurgy batteries,Transformation,BATT_LIBSlagToHydro1,,,BATT_slagsAndSludgesLIB1,ElementLvl1,Li,0.1,,±20%,REC,2050,4.0,est,"Assumption, no reference",,hydro,REC
1350,2,Hydrometallurgy (Leaching/SolventExtraction/Priciptation&Crystallization),ProcessLvl3,hydrometallurgy batteries,Transformation,BATT_LIBAlloyToHydro1,,,BATT_Losses_chemRecLIB1,ElementLvl1,Cu,0.03959999999999997,,±5%,OBS,2010,1.0,calc,"[Hämmer and Wambach, 2024]",https://www.mdpi.com/2071-1050/16/19/8737,hydro,OBS
1351,2,Hydrometallurgy (Leaching/SolventExtraction/Priciptation&Crystallization),ProcessLvl3,hydrometallurgy batteries,Transformation,BATT_LIBAlloyToHydro1,,,BATT_Losses_chemRecLIB1,ElementLvl1,Ni,0.08779999999999999,,±5%,OBS,2010,1.0,calc,"[Hämmer and Wambach, 2024]",https://www.mdpi.com/2071-1050/16/19/8738,hydro,OBS
1352,2,Hydrometallurgy (Leaching/SolventExtraction/Priciptation&Crystallization),ProcessLvl3,hydrometallurgy batteries,Transformation,BATT_LIBAlloyToHydro1,,,BATT_Losses_chemRecLIB1,ElementLvl1,Fe,0.03959999999999997,,±5%,OBS,2010,1.0,calc,"[Hämmer and Wambach, 2024]",https://www.mdpi.com/2071-1050/16/19/8739,hydro,OBS
1353,2,Hydrometallurgy (Leaching/SolventExtraction/Priciptation&Crystallization),ProcessLvl3,hydrometallurgy batteries,Transformation,BATT_LIBAlloyToHydro1,,,BATT_Losses_chemRecLIB1,ElementLvl1,Co,0.20579999999999998,,±5%,OBS,2010,1.0,calc,"[Hämmer and Wambach, 2024]",https://www.mdpi.com/2071-1050/16/19/8740,hydro,OBS
1354,2,Hydrometallurgy (Leaching/SolventExtraction/Priciptation&Crystallization),ProcessLvl3,hydrometallurgy batteries,Transformation,BATT_LIBAlloyToHydro1,,,BATT_Losses_chemRecLIB1,ElementLvl1,Cu,0.03959999999999997,,±5%,REC,2025,1.0,calc,"[Hämmer and Wambach, 2024]",https://www.mdpi.com/2071-1050/16/19/8737,hydro,REC
1355,2,Hydrometallurgy (Leaching/SolventExtraction/Priciptation&Crystallization),ProcessLvl3,hydrometallurgy batteries,Transformation,BATT_LIBAlloyToHydro1,,,BATT_Losses_chemRecLIB1,ElementLvl1,Ni,0.08779999999999999,,±5%,REC,2025,1.0,calc,"[Hämmer and Wambach, 2024]",https://www.mdpi.com/2071-1050/16/19/8738,hydro,REC
1356,2,Hydrometallurgy (Leaching/SolventExtraction/Priciptation&Crystallization),ProcessLvl3,hydrometallurgy batteries,Transformation,BATT_LIBAlloyToHydro1,,,BATT_Losses_chemRecLIB1,ElementLvl1,Fe,0.03959999999999997,,±5%,REC,2025,1.0,calc,"[Hämmer and Wambach, 2024]",https://www.mdpi.com/2071-1050/16/19/8739,hydro,REC
1357,2,Hydrometallurgy (Leaching/SolventExtraction/Priciptation&Crystallization),ProcessLvl3,hydrometallurgy batteries,Transformation,BATT_LIBAlloyToHydro1,,,BATT_Losses_chemRecLIB1,ElementLvl1,Co,0.20579999999999998,,±5%,REC,2025,1.0,calc,"[Hämmer and Wambach, 2024]",https://www.mdpi.com/2071-1050/16/19/8740,hydro,REC
1358,2,Hydrometallurgy (Leaching/SolventExtraction/Priciptation&Crystallization),ProcessLvl3,hydrometallurgy batteries,Transformation,BATT_LIBAlloyToHydro1,,,BATT_Losses_chemRecLIB1,ElementLvl1,Cu,0.030000000000000027,,±15%,REC,2028,3.0,est,"Assumption, no reference",,hydro,REC
1359,2,Hydrometallurgy (Leaching/SolventExtraction/Priciptation&Crystallization),ProcessLvl3,hydrometallurgy batteries,Transformation,BATT_LIBAlloyToHydro1,,,BATT_Losses_chemRecLIB1,ElementLvl1,Ni,0.08779999999999999,,±10%,REC,2028,1.5,calc,"[Hämmer and Wambach, 2024]",https://www.mdpi.com/2071-1050/16/19/8738,hydro,REC
1360,2,Hydrometallurgy (Leaching/SolventExtraction/Priciptation&Crystallization),ProcessLvl3,hydrometallurgy batteries,Transformation,BATT_LIBAlloyToHydro1,,,BATT_Losses_chemRecLIB1,ElementLvl1,Fe,0.03959999999999997,,±15%,REC,2028,3.0,calc,"Assumption, no reference",,hydro,REC
1361,2,Hydrometallurgy (Leaching/SolventExtraction/Priciptation&Crystallization),ProcessLvl3,hydrometallurgy batteries,Transformation,BATT_LIBAlloyToHydro1,,,BATT_Losses_chemRecLIB1,ElementLvl1,Co,0.040000000000000036,,±15%,REC,2028,3.0,est,"Assumption, no reference",,hydro,REC
1362,2,Hydrometallurgy (Leaching/SolventExtraction/Priciptation&Crystallization),ProcessLvl3,hydrometallurgy batteries,Transformation,BATT_LIBAlloyToHydro1,,,BATT_Losses_chemRecLIB1,ElementLvl1,Cu,0.020000000000000018,,±20%,REC,2032,3.5,est,"Assumption, no reference",,hydro,REC
1363,2,Hydrometallurgy (Leaching/SolventExtraction/Priciptation&Crystallization),ProcessLvl3,hydrometallurgy batteries,Transformation,BATT_LIBAlloyToHydro1,,,BATT_Losses_chemRecLIB1,ElementLvl1,Ni,0.040000000000000036,,±10%,REC,2032,2.0,calc,"[Hämmer and Wambach, 2024]",https://www.mdpi.com/2071-1050/16/19/8738,hydro,REC
1364,2,Hydrometallurgy (Leaching/SolventExtraction/Priciptation&Crystallization),ProcessLvl3,hydrometallurgy batteries,Transformation,BATT_LIBAlloyToHydro1,,,BATT_Losses_chemRecLIB1,ElementLvl1,Fe,0.03959999999999997,,±20%,REC,2032,3.5,calc,"Assumption, no reference",,hydro,REC
1365,2,Hydrometallurgy (Leaching/SolventExtraction/Priciptation&Crystallization),ProcessLvl3,hydrometallurgy batteries,Transformation,BATT_LIBAlloyToHydro1,,,BATT_Losses_chemRecLIB1,ElementLvl1,Co,0.020000000000000018,,±20%,REC,2032,3.5,est,"Assumption, no reference",,hydro,REC
1366,2,Hydrometallurgy (Leaching/SolventExtraction/Priciptation&Crystallization),ProcessLvl3,hydrometallurgy batteries,Transformation,BATT_LIBAlloyToHydro1,,,BATT_Losses_chemRecLIB1,ElementLvl1,Cu,0.020000000000000018,,±20%,REC,2050,4.0,est,"Assumption, no reference",,hydro,REC
1367,2,Hydrometallurgy (Leaching/SolventExtraction/Priciptation&Crystallization),ProcessLvl3,hydrometallurgy batteries,Transformation,BATT_LIBAlloyToHydro1,,,BATT_Losses_chemRecLIB1,ElementLvl1,Ni,0.040000000000000036,,±15%,REC,2050,2.5,calc,"[Hämmer and Wambach, 2024]",https://www.mdpi.com/2071-1050/16/19/8738,hydro,REC
1368,2,Hydrometallurgy (Leaching/SolventExtraction/Priciptation&Crystallization),ProcessLvl3,hydrometallurgy batteries,Transformation,BATT_LIBAlloyToHydro1,,,BATT_Losses_chemRecLIB1,ElementLvl1,Fe,0.03959999999999997,,±20%,REC,2050,4.0,calc,"Assumption, no reference",,hydro,REC
1369,2,Hydrometallurgy (Leaching/SolventExtraction/Priciptation&Crystallization),ProcessLvl3,hydrometallurgy batteries,Transformation,BATT_LIBAlloyToHydro1,,,BATT_Losses_chemRecLIB1,ElementLvl1,Co,0.020000000000000018,,±20%,REC,2050,4.0,est,"Assumption, no reference",,hydro,REC
1370,1,Thermal recovery processes,ProcessLvl3,pyrometallurgy batteries ,Transformation,BATT_LIBToPyro1,BATT_ProductLvl1,battLiRechargeable,BATT_LIBSlagToHydro1,ElementLvl1,Li,1.0,,±5%,OBS,2010,1.0,calc,"[Hämmer and Wambach, 2024]",https://www.mdpi.com/2071-1050/16/19/8726,thermal,OBS
1371,1,Thermal recovery processes,ProcessLvl3,pyrometallurgy batteries ,Transformation,BATT_LIBToPyro1,BATT_ProductLvl1,battLiRechargeable,BATT_LIBSlagToHydro1,ElementLvl1,Al,1.0,,±5%,OBS,2010,1.0,calc,"[Hämmer and Wambach, 2024]",https://www.mdpi.com/2071-1050/16/19/8727,thermal,OBS
1372,1,Thermal recovery processes,ProcessLvl3,pyrometallurgy batteries ,Transformation,BATT_LIBToPyro1,BATT_ProductLvl1,battLiRechargeable,BATT_LIBSlagToHydro1,ElementLvl1,Mn,1.0,,±5%,OBS,2010,1.0,calc,"[Hämmer and Wambach, 2024]",https://www.mdpi.com/2071-1050/16/19/8728,thermal,OBS
1373,1,Thermal recovery processes,ProcessLvl3,pyrometallurgy batteries ,Transformation,BATT_LIBToPyro1,BATT_ProductLvl1,battLiRechargeable,BATT_LIBSlagToHydro1,ElementLvl1,P,1.0,,±5%,OBS,2010,1.0,calc,"[Hämmer and Wambach, 2024]",https://www.mdpi.com/2071-1050/16/19/8728,thermal,OBS
1374,1,Thermal recovery processes,ProcessLvl3,pyrometallurgy batteries ,Transformation,BATT_LIBToPyro1,BATT_ProductLvl1,battLiRechargeable,BATT_LIBSlagToHydro1,ElementLvl1,Cu,0.072,,±5%,OBS,2010,1.0,calc,"[Hämmer and Wambach, 2024]",https://www.mdpi.com/2071-1050/16/19/8729,thermal,OBS
1375,1,Thermal recovery processes,ProcessLvl3,pyrometallurgy batteries ,Transformation,BATT_LIBToPyro1,BATT_ProductLvl1,battLiRechargeable,BATT_LIBSlagToHydro1,ElementLvl1,Ni,0.01,,±5%,OBS,2010,1.0,calc,"[Hämmer and Wambach, 2024]",https://www.mdpi.com/2071-1050/16/19/8730,thermal,OBS
1376,1,Thermal recovery processes,ProcessLvl3,pyrometallurgy batteries ,Transformation,BATT_LIBToPyro1,BATT_ProductLvl1,battLiRechargeable,BATT_LIBSlagToHydro1,ElementLvl1,Fe,0.355,,±5%,OBS,2010,1.0,calc,"[Hämmer and Wambach, 2024]",https://www.mdpi.com/2071-1050/16/19/8731,thermal,OBS
1377,1,Thermal recovery processes,ProcessLvl3,pyrometallurgy batteries ,Transformation,BATT_LIBToPyro1,BATT_ProductLvl1,battLiRechargeable,BATT_LIBSlagToHydro1,ElementLvl1,Co,0.06,,±5%,OBS,2010,1.0,calc,"[Hämmer and Wambach, 2024]",https://www.mdpi.com/2071-1050/16/19/8732,thermal,OBS
1378,1,Thermal recovery processes,ProcessLvl3,pyrometallurgy batteries ,Transformation,BATT_LIBToPyro1,BATT_ProductLvl1,battLiRechargeable,BATT_LIBAlloyToHydro1,ElementLvl1,Cu,0.928,,±5%,OBS,2010,1.0,calc,"[Hämmer and Wambach, 2024]",https://www.mdpi.com/2071-1050/16/19/8733,thermal,OBS
1379,1,Thermal recovery processes,ProcessLvl3,pyrometallurgy batteries ,Transformation,BATT_LIBToPyro1,BATT_ProductLvl1,battLiRechargeable,BATT_LIBAlloyToHydro1,ElementLvl1,Ni,0.99,,±5%,OBS,2010,1.0,calc,"[Hämmer and Wambach, 2024]",https://www.mdpi.com/2071-1050/16/19/8734,thermal,OBS
1380,1,Thermal recovery processes,ProcessLvl3,pyrometallurgy batteries ,Transformation,BATT_LIBToPyro1,BATT_ProductLvl1,battLiRechargeable,BATT_LIBAlloyToHydro1,ElementLvl1,Fe,0.645,,±5%,OBS,2010,1.0,calc,"[Hämmer and Wambach, 2024]",https://www.mdpi.com/2071-1050/16/19/8735,thermal,OBS
1381,1,Thermal recovery processes,ProcessLvl3,pyrometallurgy batteries ,Transformation,BATT_LIBToPyro1,BATT_ProductLvl1,battLiRechargeable,BATT_LIBAlloyToHydro1,ElementLvl1,Co,0.94,,±5%,OBS,2010,1.0,calc,"[Hämmer and Wambach, 2024]",https://www.mdpi.com/2071-1050/16/19/8735,thermal,OBS
1382,2,Hydrometallurgy (Leaching/SolventExtraction/Priciptation&Crystallization),ProcessLvl3,hydrometallurgy batteries,Transformation,BATT_LIBAlloyToHydro1,,,BATT_2RM_chemRecLIB1,ElementLvl1,Cu,0.9604,,±5%,OBS,2010,1.0,calc,"[Hämmer and Wambach, 2024]",https://www.mdpi.com/2071-1050/16/19/8737,hydro,OBS
1383,2,Hydrometallurgy (Leaching/SolventExtraction/Priciptation&Crystallization),ProcessLvl3,hydrometallurgy batteries,Transformation,BATT_LIBAlloyToHydro1,,,BATT_2RM_chemRecLIB1,ElementLvl1,Ni,0.9122,,±5%,OBS,2010,1.0,calc,"[Hämmer and Wambach, 2024]",https://www.mdpi.com/2071-1050/16/19/8738,hydro,OBS
1384,2,Hydrometallurgy (Leaching/SolventExtraction/Priciptation&Crystallization),ProcessLvl3,hydrometallurgy batteries,Transformation,BATT_LIBAlloyToHydro1,,,BATT_2RM_chemRecLIB1,ElementLvl1,Fe,0.9604,,±5%,OBS,2010,1.0,calc,"[Hämmer and Wambach, 2024]",https://www.mdpi.com/2071-1050/16/19/8739,hydro,OBS
1385,2,Hydrometallurgy (Leaching/SolventExtraction/Priciptation&Crystallization),ProcessLvl3,hydrometallurgy batteries,Transformation,BATT_LIBAlloyToHydro1,,,BATT_2RM_chemRecLIB1,ElementLvl1,Co,0.7942,,±5%,OBS,2010,1.0,calc,"[Hämmer and Wambach, 2024]",https://www.mdpi.com/2071-1050/16/19/8740,hydro,OBS
1386,2,Hydrometallurgy (Leaching/SolventExtraction/Priciptation&Crystallization),ProcessLvl3,hydrometallurgy batteries,Transformation,BATT_LIBSlagToHydro1,,,BATT_slagsAndSludgesLIB1,ElementLvl1,Al,1.0,,±15%,OBS,2010,2.5,est,"Assumption, no reference",,hydro,OBS
1387,2,Hydrometallurgy (Leaching/SolventExtraction/Priciptation&Crystallization),ProcessLvl3,hydrometallurgy batteries,Transformation,BATT_LIBSlagToHydro1,,,BATT_slagsAndSludgesLIB1,ElementLvl1,Mn,1.0,,±15%,OBS,2010,2.5,est,"Assumption, no reference",,hydro,OBS
1388,2,Hydrometallurgy (Leaching/SolventExtraction/Priciptation&Crystallization),ProcessLvl3,hydrometallurgy batteries,Transformation,BATT_LIBSlagToHydro1,,,BATT_slagsAndSludgesLIB1,ElementLvl1,P,1.0,,±15%,OBS,2010,2.5,est,"Assumption, no reference",,hydro,OBS
1389,2,Hydrometallurgy (Leaching/SolventExtraction/Priciptation&Crystallization),ProcessLvl3,hydrometallurgy batteries,Transformation,BATT_LIBSlagToHydro1,,,BATT_slagsAndSludgesLIB1,ElementLvl1,Cu,1.0,,±15%,OBS,2010,2.5,est,"Assumption, no reference",,hydro,OBS
1390,2,Hydrometallurgy (Leaching/SolventExtraction/Priciptation&Crystallization),ProcessLvl3,hydrometallurgy batteries,Transformation,BATT_LIBSlagToHydro1,,,BATT_slagsAndSludgesLIB1,ElementLvl1,Ni,1.0,,±15%,OBS,2010,2.5,est,"Assumption, no reference",,hydro,OBS
1391,2,Hydrometallurgy (Leaching/SolventExtraction/Priciptation&Crystallization),ProcessLvl3,hydrometallurgy batteries,Transformation,BATT_LIBSlagToHydro1,,,BATT_slagsAndSludgesLIB1,ElementLvl1,Fe,1.0,,±15%,OBS,2010,2.5,est,"Assumption, no reference",,hydro,OBS
1392,2,Hydrometallurgy (Leaching/SolventExtraction/Priciptation&Crystallization),ProcessLvl3,hydrometallurgy batteries,Transformation,BATT_LIBSlagToHydro1,,,BATT_slagsAndSludgesLIB1,ElementLvl1,Co,1.0,,±15%,OBS,2010,2.5,est,"Assumption, no reference",,hydro,OBS
1393,2,Hydrometallurgy (Leaching/SolventExtraction/Priciptation&Crystallization),ProcessLvl3,hydrometallurgy batteries,Transformation,BATT_LIBSlagToHydro1,,,BATT_slagsAndSludgesLIB1,ElementLvl1,Li,1.0,,±15%,OBS,2010,2.5,est,"Assumption, no reference",,hydro,OBS
1394,2,Hydrometallurgy (Leaching/SolventExtraction/Priciptation&Crystallization),ProcessLvl3,hydrometallurgy batteries,Transformation,BATT_LIBSlagToHydro1,,,BATT_2RM_chemRecSlagsAndSludges1,ElementLvl1,Li,0.0,,±15%,OBS,2010,2.5,est,"Assumption, no reference",,hydro,OBS
1395,1,Thermal recovery processes,ProcessLvl3,pyrometallurgy batteries ,Transformation,BATT_LIBToPyro1,BATT_ProductLvl1,battLiRechargeable,BATT_LIBSlagToHydro1,ElementLvl1,Li,1.0,,±5%,REC,2025,1.0,calc,"[Hämmer and Wambach, 2024]",https://www.mdpi.com/2071-1050/16/19/8726,thermal,REC
1396,1,Thermal recovery processes,ProcessLvl3,pyrometallurgy batteries ,Transformation,BATT_LIBToPyro1,BATT_ProductLvl1,battLiRechargeable,BATT_LIBSlagToHydro1,ElementLvl1,Al,1.0,,±5%,REC,2025,1.0,calc,"[Hämmer and Wambach, 2024]",https://www.mdpi.com/2071-1050/16/19/8727,thermal,REC
1397,1,Thermal recovery processes,ProcessLvl3,pyrometallurgy batteries ,Transformation,BATT_LIBToPyro1,BATT_ProductLvl1,battLiRechargeable,BATT_LIBSlagToHydro1,ElementLvl1,Mn,1.0,,±5%,REC,2025,1.0,calc,"[Hämmer and Wambach, 2024]",https://www.mdpi.com/2071-1050/16/19/8728,thermal,REC
1398,1,Thermal recovery processes,ProcessLvl3,pyrometallurgy batteries ,Transformation,BATT_LIBToPyro1,BATT_ProductLvl1,battLiRechargeable,BATT_LIBSlagToHydro1,ElementLvl1,P,1.0,,±5%,REC,2025,1.0,calc,"[Hämmer and Wambach, 2024]",https://www.mdpi.com/2071-1050/16/19/8728,thermal,REC
1399,1,Thermal recovery processes,ProcessLvl3,pyrometallurgy batteries ,Transformation,BATT_LIBToPyro1,BATT_ProductLvl1,battLiRechargeable,BATT_LIBSlagToHydro1,ElementLvl1,Cu,0.072,,±5%,REC,2025,1.0,calc,"[Hämmer and Wambach, 2024]",https://www.mdpi.com/2071-1050/16/19/8729,thermal,REC
1400,1,Thermal recovery processes,ProcessLvl3,pyrometallurgy batteries ,Transformation,BATT_LIBToPyro1,BATT_ProductLvl1,battLiRechargeable,BATT_LIBSlagToHydro1,ElementLvl1,Ni,0.01,,±5%,REC,2025,1.0,calc,"[Hämmer and Wambach, 2024]",https://www.mdpi.com/2071-1050/16/19/8730,thermal,REC
1401,1,Thermal recovery processes,ProcessLvl3,pyrometallurgy batteries ,Transformation,BATT_LIBToPyro1,BATT_ProductLvl1,battLiRechargeable,BATT_LIBSlagToHydro1,ElementLvl1,Fe,0.355,,±5%,REC,2025,1.0,calc,"[Hämmer and Wambach, 2024]",https://www.mdpi.com/2071-1050/16/19/8731,thermal,REC
1402,1,Thermal recovery processes,ProcessLvl3,pyrometallurgy batteries ,Transformation,BATT_LIBToPyro1,BATT_ProductLvl1,battLiRechargeable,BATT_LIBSlagToHydro1,ElementLvl1,Co,0.06,,±5%,REC,2025,1.0,calc,"[Hämmer and Wambach, 2024]",https://www.mdpi.com/2071-1050/16/19/8732,thermal,REC
1403,1,Thermal recovery processes,ProcessLvl3,pyrometallurgy batteries ,Transformation,BATT_LIBToPyro1,BATT_ProductLvl1,battLiRechargeable,BATT_LIBAlloyToHydro1,ElementLvl1,Cu,0.928,,±5%,REC,2025,1.0,calc,"[Hämmer and Wambach, 2024]",https://www.mdpi.com/2071-1050/16/19/8733,thermal,REC
1404,1,Thermal recovery processes,ProcessLvl3,pyrometallurgy batteries ,Transformation,BATT_LIBToPyro1,BATT_ProductLvl1,battLiRechargeable,BATT_LIBAlloyToHydro1,ElementLvl1,Ni,0.99,,±5%,REC,2025,1.0,calc,"[Hämmer and Wambach, 2024]",https://www.mdpi.com/2071-1050/16/19/8734,thermal,REC
1405,1,Thermal recovery processes,ProcessLvl3,pyrometallurgy batteries ,Transformation,BATT_LIBToPyro1,BATT_ProductLvl1,battLiRechargeable,BATT_LIBAlloyToHydro1,ElementLvl1,Fe,0.645,,±5%,REC,2025,1.0,calc,"[Hämmer and Wambach, 2024]",https://www.mdpi.com/2071-1050/16/19/8735,thermal,REC
1406,1,Thermal recovery processes,ProcessLvl3,pyrometallurgy batteries ,Transformation,BATT_LIBToPyro1,BATT_ProductLvl1,battLiRechargeable,BATT_LIBAlloyToHydro1,ElementLvl1,Co,0.94,,±5%,REC,2025,1.0,calc,"[Hämmer and Wambach, 2024]",https://www.mdpi.com/2071-1050/16/19/8735,thermal,REC
1407,2,Hydrometallurgy (Leaching/SolventExtraction/Priciptation&Crystallization),ProcessLvl3,hydrometallurgy batteries,Transformation,BATT_LIBAlloyToHydro1,,,BATT_2RM_chemRecLIB1,ElementLvl1,Cu,0.9604,,±5%,REC,2025,1.0,calc,"[Hämmer and Wambach, 2024]",https://www.mdpi.com/2071-1050/16/19/8737,hydro,REC
1408,2,Hydrometallurgy (Leaching/SolventExtraction/Priciptation&Crystallization),ProcessLvl3,hydrometallurgy batteries,Transformation,BATT_LIBAlloyToHydro1,,,BATT_2RM_chemRecLIB1,ElementLvl1,Ni,0.9122,,±5%,REC,2025,1.0,calc,"[Hämmer and Wambach, 2024]",https://www.mdpi.com/2071-1050/16/19/8738,hydro,REC
1409,2,Hydrometallurgy (Leaching/SolventExtraction/Priciptation&Crystallization),ProcessLvl3,hydrometallurgy batteries,Transformation,BATT_LIBAlloyToHydro1,,,BATT_2RM_chemRecLIB1,ElementLvl1,Fe,0.9604,,±5%,REC,2025,1.0,calc,"[Hämmer and Wambach, 2024]",https://www.mdpi.com/2071-1050/16/19/8739,hydro,REC
1410,2,Hydrometallurgy (Leaching/SolventExtraction/Priciptation&Crystallization),ProcessLvl3,hydrometallurgy batteries,Transformation,BATT_LIBAlloyToHydro1,,,BATT_2RM_chemRecLIB1,ElementLvl1,Co,0.7942,,±5%,REC,2025,1.0,calc,"[Hämmer and Wambach, 2024]",https://www.mdpi.com/2071-1050/16/19/8740,hydro,REC
1411,2,Hydrometallurgy (Leaching/SolventExtraction/Priciptation&Crystallization),ProcessLvl3,hydrometallurgy batteries,Transformation,BATT_LIBSlagToHydro1,,,BATT_slagsAndSludgesLIB1,ElementLvl1,Al,1.0,,±15%,REC,2025,2.5,est,"Assumption, no reference",,hydro,REC
1412,2,Hydrometallurgy (Leaching/SolventExtraction/Priciptation&Crystallization),ProcessLvl3,hydrometallurgy batteries,Transformation,BATT_LIBSlagToHydro1,,,BATT_slagsAndSludgesLIB1,ElementLvl1,Mn,1.0,,±15%,REC,2025,2.5,est,"Assumption, no reference",,hydro,REC
1413,2,Hydrometallurgy (Leaching/SolventExtraction/Priciptation&Crystallization),ProcessLvl3,hydrometallurgy batteries,Transformation,BATT_LIBSlagToHydro1,,,BATT_slagsAndSludgesLIB1,ElementLvl1,P,1.0,,±15%,REC,2025,2.5,est,"Assumption, no reference",,hydro,REC
1414,2,Hydrometallurgy (Leaching/SolventExtraction/Priciptation&Crystallization),ProcessLvl3,hydrometallurgy batteries,Transformation,BATT_LIBSlagToHydro1,,,BATT_slagsAndSludgesLIB1,ElementLvl1,Cu,1.0,,±15%,REC,2025,2.5,est,"Assumption, no reference",,hydro,REC
1415,2,Hydrometallurgy (Leaching/SolventExtraction/Priciptation&Crystallization),ProcessLvl3,hydrometallurgy batteries,Transformation,BATT_LIBSlagToHydro1,,,BATT_slagsAndSludgesLIB1,ElementLvl1,Ni,1.0,,±15%,REC,2025,2.5,est,"Assumption, no reference",,hydro,REC
1416,2,Hydrometallurgy (Leaching/SolventExtraction/Priciptation&Crystallization),ProcessLvl3,hydrometallurgy batteries,Transformation,BATT_LIBSlagToHydro1,,,BATT_slagsAndSludgesLIB1,ElementLvl1,Fe,1.0,,±15%,REC,2025,2.5,est,"Assumption, no reference",,hydro,REC
1417,2,Hydrometallurgy (Leaching/SolventExtraction/Priciptation&Crystallization),ProcessLvl3,hydrometallurgy batteries,Transformation,BATT_LIBSlagToHydro1,,,BATT_slagsAndSludgesLIB1,ElementLvl1,Co,1.0,,±15%,REC,2025,2.5,est,"Assumption, no reference",,hydro,REC
1418,2,Hydrometallurgy (Leaching/SolventExtraction/Priciptation&Crystallization),ProcessLvl3,hydrometallurgy batteries,Transformation,BATT_LIBSlagToHydro1,,,BATT_slagsAndSludgesLIB1,ElementLvl1,Li,0.9,,±15%,REC,2025,2.5,est,"Assumption, no reference",,hydro,REC
1419,2,Hydrometallurgy (Leaching/SolventExtraction/Priciptation&Crystallization),ProcessLvl3,hydrometallurgy batteries,Transformation,BATT_LIBSlagToHydro1,,,BATT_2RM_chemRecSlagsAndSludges1,ElementLvl1,Li,0.1,,±15%,REC,2025,2.5,est,"Assumption, no reference",,hydro,REC
1420,1,Thermal recovery processes,ProcessLvl3,pyrometallurgy batteries ,Transformation,BATT_LIBToPyro1,BATT_ProductLvl1,battLiRechargeable,BATT_LIBSlagToHydro1,ElementLvl1,Li,1.0,,±10%,REC,2028,1.5,calc,"[Hämmer and Wambach, 2024]",https://www.mdpi.com/2071-1050/16/19/8726,thermal,REC
1421,1,Thermal recovery processes,ProcessLvl3,pyrometallurgy batteries ,Transformation,BATT_LIBToPyro1,BATT_ProductLvl1,battLiRechargeable,BATT_LIBSlagToHydro1,ElementLvl1,Al,1.0,,±10%,REC,2028,1.5,calc,"[Hämmer and Wambach, 2024]",https://www.mdpi.com/2071-1050/16/19/8727,thermal,REC
1422,1,Thermal recovery processes,ProcessLvl3,pyrometallurgy batteries ,Transformation,BATT_LIBToPyro1,BATT_ProductLvl1,battLiRechargeable,BATT_LIBSlagToHydro1,ElementLvl1,Mn,1.0,,±10%,REC,2028,1.5,calc,"[Hämmer and Wambach, 2024]",https://www.mdpi.com/2071-1050/16/19/8728,thermal,REC
1423,1,Thermal recovery processes,ProcessLvl3,pyrometallurgy batteries ,Transformation,BATT_LIBToPyro1,BATT_ProductLvl1,battLiRechargeable,BATT_LIBSlagToHydro1,ElementLvl1,P,1.0,,±10%,REC,2028,1.5,calc,"[Hämmer and Wambach, 2024]",https://www.mdpi.com/2071-1050/16/19/8728,thermal,REC
1424,1,Thermal recovery processes,ProcessLvl3,pyrometallurgy batteries ,Transformation,BATT_LIBToPyro1,BATT_ProductLvl1,battLiRechargeable,BATT_LIBSlagToHydro1,ElementLvl1,Cu,0.072,,±10%,REC,2028,1.5,calc,"[Hämmer and Wambach, 2024]",https://www.mdpi.com/2071-1050/16/19/8729,thermal,REC
1425,1,Thermal recovery processes,ProcessLvl3,pyrometallurgy batteries ,Transformation,BATT_LIBToPyro1,BATT_ProductLvl1,battLiRechargeable,BATT_LIBSlagToHydro1,ElementLvl1,Ni,0.01,,±10%,REC,2028,1.5,calc,"[Hämmer and Wambach, 2024]",https://www.mdpi.com/2071-1050/16/19/8730,thermal,REC
1426,1,Thermal recovery processes,ProcessLvl3,pyrometallurgy batteries ,Transformation,BATT_LIBToPyro1,BATT_ProductLvl1,battLiRechargeable,BATT_LIBSlagToHydro1,ElementLvl1,Fe,0.355,,±10%,REC,2028,1.5,calc,"[Hämmer and Wambach, 2024]",https://www.mdpi.com/2071-1050/16/19/8731,thermal,REC
1427,1,Thermal recovery processes,ProcessLvl3,pyrometallurgy batteries ,Transformation,BATT_LIBToPyro1,BATT_ProductLvl1,battLiRechargeable,BATT_LIBSlagToHydro1,ElementLvl1,Co,0.06,,±10%,REC,2028,1.5,calc,"[Hämmer and Wambach, 2024]",https://www.mdpi.com/2071-1050/16/19/8732,thermal,REC
1428,1,Thermal recovery processes,ProcessLvl3,pyrometallurgy batteries ,Transformation,BATT_LIBToPyro1,BATT_ProductLvl1,battLiRechargeable,BATT_LIBAlloyToHydro1,ElementLvl1,Cu,0.928,,±10%,REC,2028,1.5,est,"[Hämmer and Wambach, 2024]",https://www.mdpi.com/2071-1050/16/19/8733,thermal,REC
1429,1,Thermal recovery processes,ProcessLvl3,pyrometallurgy batteries ,Transformation,BATT_LIBToPyro1,BATT_ProductLvl1,battLiRechargeable,BATT_LIBAlloyToHydro1,ElementLvl1,Ni,0.99,,±10%,REC,2028,1.5,calc,"[Hämmer and Wambach, 2024]",https://www.mdpi.com/2071-1050/16/19/8734,thermal,REC
1430,1,Thermal recovery processes,ProcessLvl3,pyrometallurgy batteries ,Transformation,BATT_LIBToPyro1,BATT_ProductLvl1,battLiRechargeable,BATT_LIBAlloyToHydro1,ElementLvl1,Fe,0.645,,±10%,REC,2028,1.5,calc,"[Hämmer and Wambach, 2024]",https://www.mdpi.com/2071-1050/16/19/8735,thermal,REC
1431,1,Thermal recovery processes,ProcessLvl3,pyrometallurgy batteries ,Transformation,BATT_LIBToPyro1,BATT_ProductLvl1,battLiRechargeable,BATT_LIBAlloyToHydro1,ElementLvl1,Co,0.94,,±10%,REC,2028,1.5,est,"[Hämmer and Wambach, 2024]",https://www.mdpi.com/2071-1050/16/19/8735,thermal,REC
1432,2,Hydrometallurgy (Leaching/SolventExtraction/Priciptation&Crystallization),ProcessLvl3,hydrometallurgy batteries,Transformation,BATT_LIBAlloyToHydro1,,,BATT_2RM_chemRecLIB1,ElementLvl1,Cu,0.97,,±15%,REC,2028,3.0,est,"Assumption, no reference",,hydro,REC
1433,2,Hydrometallurgy (Leaching/SolventExtraction/Priciptation&Crystallization),ProcessLvl3,hydrometallurgy batteries,Transformation,BATT_LIBAlloyToHydro1,,,BATT_2RM_chemRecLIB1,ElementLvl1,Ni,0.9122,,±10%,REC,2028,1.5,calc,"[Hämmer and Wambach, 2024]",https://www.mdpi.com/2071-1050/16/19/8738,hydro,REC
1434,2,Hydrometallurgy (Leaching/SolventExtraction/Priciptation&Crystallization),ProcessLvl3,hydrometallurgy batteries,Transformation,BATT_LIBAlloyToHydro1,,,BATT_2RM_chemRecLIB1,ElementLvl1,Fe,0.9604,,±10%,REC,2028,1.5,calc,"[Hämmer and Wambach, 2024]",https://www.mdpi.com/2071-1050/16/19/8739,hydro,REC
1435,2,Hydrometallurgy (Leaching/SolventExtraction/Priciptation&Crystallization),ProcessLvl3,hydrometallurgy batteries,Transformation,BATT_LIBAlloyToHydro1,,,BATT_2RM_chemRecLIB1,ElementLvl1,Co,0.96,,±15%,REC,2028,3.0,est,"Assumption, no reference",,hydro,REC
1436,2,Hydrometallurgy (Leaching/SolventExtraction/Priciptation&Crystallization),ProcessLvl3,hydrometallurgy batteries,Transformation,BATT_LIBSlagToHydro1,,,BATT_2RM_chemRecSlagsAndSludges1,ElementLvl1,Li,0.5,,±15%,REC,2028,3.0,est,"Assumption, no reference",,hydro,REC
1437,2,Hydrometallurgy (Leaching/SolventExtraction/Priciptation&Crystallization),ProcessLvl3,hydrometallurgy batteries,Transformation,BATT_LIBSlagToHydro1,,,BATT_2RM_chemRecSlagsAndSludges1,ElementLvl1,Mn,0.1,,±15%,REC,2028,3.0,est,"Assumption, no reference",,hydro,REC
1438,2,Hydrometallurgy (Leaching/SolventExtraction/Priciptation&Crystallization),ProcessLvl3,hydrometallurgy batteries,Transformation,BATT_LIBSlagToHydro1,,,BATT_2RM_chemRecSlagsAndSludges1,ElementLvl1,Al,0.1,,±15%,REC,2028,3.0,est,"Assumption, no reference",,hydro,REC
1439,2,Hydrometallurgy (Leaching/SolventExtraction/Priciptation&Crystallization),ProcessLvl3,hydrometallurgy batteries,Transformation,BATT_LIBSlagToHydro1,,,BATT_2RM_chemRecSlagsAndSludges1,ElementLvl1,P,0.1,,±15%,REC,2028,3.0,est,"Assumption, no reference",,hydro,REC
1440,2,Hydrometallurgy (Leaching/SolventExtraction/Priciptation&Crystallization),ProcessLvl3,hydrometallurgy batteries,Transformation,BATT_LIBSlagToHydro1,,,BATT_slagsAndSludgesLIB1,ElementLvl1,Al,0.9,,±15%,REC,2028,3.0,est,"Assumption, no reference",,hydro,REC
1441,2,Hydrometallurgy (Leaching/SolventExtraction/Priciptation&Crystallization),ProcessLvl3,hydrometallurgy batteries,Transformation,BATT_LIBSlagToHydro1,,,BATT_slagsAndSludgesLIB1,ElementLvl1,Mn,0.9,,±15%,REC,2028,3.0,est,"Assumption, no reference",,hydro,REC
1442,2,Hydrometallurgy (Leaching/SolventExtraction/Priciptation&Crystallization),ProcessLvl3,hydrometallurgy batteries,Transformation,BATT_LIBSlagToHydro1,,,BATT_slagsAndSludgesLIB1,ElementLvl1,P,0.9,,±15%,REC,2028,3.0,est,"Assumption, no reference",,hydro,REC
1443,2,Hydrometallurgy (Leaching/SolventExtraction/Priciptation&Crystallization),ProcessLvl3,hydrometallurgy batteries,Transformation,BATT_LIBSlagToHydro1,,,BATT_slagsAndSludgesLIB1,ElementLvl1,Cu,1.0,,±15%,REC,2028,3.0,est,"Assumption, no reference",,hydro,REC
1444,2,Hydrometallurgy (Leaching/SolventExtraction/Priciptation&Crystallization),ProcessLvl3,hydrometallurgy batteries,Transformation,BATT_LIBSlagToHydro1,,,BATT_slagsAndSludgesLIB1,ElementLvl1,Ni,1.0,,±15%,REC,2028,3.0,est,"Assumption, no reference",,hydro,REC
1445,2,Hydrometallurgy (Leaching/SolventExtraction/Priciptation&Crystallization),ProcessLvl3,hydrometallurgy batteries,Transformation,BATT_LIBSlagToHydro1,,,BATT_slagsAndSludgesLIB1,ElementLvl1,Fe,1.0,,±15%,REC,2028,3.0,est,"Assumption, no reference",,hydro,REC
1446,2,Hydrometallurgy (Leaching/SolventExtraction/Priciptation&Crystallization),ProcessLvl3,hydrometallurgy batteries,Transformation,BATT_LIBSlagToHydro1,,,BATT_slagsAndSludgesLIB1,ElementLvl1,Co,1.0,,±15%,REC,2028,3.0,est,"Assumption, no reference",,hydro,REC
1447,2,Hydrometallurgy (Leaching/SolventExtraction/Priciptation&Crystallization),ProcessLvl3,hydrometallurgy batteries,Transformation,BATT_LIBSlagToHydro1,,,BATT_slagsAndSludgesLIB1,ElementLvl1,Li,0.5,,±15%,REC,2028,3.0,est,"Assumption, no reference",,hydro,REC
1448,1,Thermal recovery processes,ProcessLvl3,pyrometallurgy batteries ,Transformation,BATT_LIBToPyro1,BATT_ProductLvl1,battLiRechargeable,BATT_LIBSlagToHydro1,ElementLvl1,Li,1.0,,±10%,REC,2032,2.0,calc,"[Hämmer and Wambach, 2024]",https://www.mdpi.com/2071-1050/16/19/8726,thermal,REC
1449,1,Thermal recovery processes,ProcessLvl3,pyrometallurgy batteries ,Transformation,BATT_LIBToPyro1,BATT_ProductLvl1,battLiRechargeable,BATT_LIBSlagToHydro1,ElementLvl1,Al,1.0,,±10%,REC,2032,2.0,calc,"[Hämmer and Wambach, 2024]",https://www.mdpi.com/2071-1050/16/19/8727,thermal,REC
1450,1,Thermal recovery processes,ProcessLvl3,pyrometallurgy batteries ,Transformation,BATT_LIBToPyro1,BATT_ProductLvl1,battLiRechargeable,BATT_LIBSlagToHydro1,ElementLvl1,Mn,1.0,,±10%,REC,2032,2.0,calc,"[Hämmer and Wambach, 2024]",https://www.mdpi.com/2071-1050/16/19/8728,thermal,REC
1451,1,Thermal recovery processes,ProcessLvl3,pyrometallurgy batteries ,Transformation,BATT_LIBToPyro1,BATT_ProductLvl1,battLiRechargeable,BATT_LIBSlagToHydro1,ElementLvl1,P,1.0,,±10%,REC,2032,2.0,calc,"[Hämmer and Wambach, 2024]",https://www.mdpi.com/2071-1050/16/19/8728,thermal,REC
1452,1,Thermal recovery processes,ProcessLvl3,pyrometallurgy batteries ,Transformation,BATT_LIBToPyro1,BATT_ProductLvl1,battLiRechargeable,BATT_LIBSlagToHydro1,ElementLvl1,Cu,0.03,,±10%,REC,2032,2.0,calc,"[Hämmer and Wambach, 2024]",https://www.mdpi.com/2071-1050/16/19/8729,thermal,REC
1453,1,Thermal recovery processes,ProcessLvl3,pyrometallurgy batteries ,Transformation,BATT_LIBToPyro1,BATT_ProductLvl1,battLiRechargeable,BATT_LIBSlagToHydro1,ElementLvl1,Ni,0.01,,±10%,REC,2032,2.0,calc,"[Hämmer and Wambach, 2024]",https://www.mdpi.com/2071-1050/16/19/8730,thermal,REC
1454,1,Thermal recovery processes,ProcessLvl3,pyrometallurgy batteries ,Transformation,BATT_LIBToPyro1,BATT_ProductLvl1,battLiRechargeable,BATT_LIBSlagToHydro1,ElementLvl1,Fe,0.355,,±10%,REC,2032,2.0,calc,"[Hämmer and Wambach, 2024]",https://www.mdpi.com/2071-1050/16/19/8731,thermal,REC
1455,1,Thermal recovery processes,ProcessLvl3,pyrometallurgy batteries ,Transformation,BATT_LIBToPyro1,BATT_ProductLvl1,battLiRechargeable,BATT_LIBSlagToHydro1,ElementLvl1,Co,0.03,,±10%,REC,2032,2.0,calc,"[Hämmer and Wambach, 2024]",https://www.mdpi.com/2071-1050/16/19/8732,thermal,REC
1456,1,Thermal recovery processes,ProcessLvl3,pyrometallurgy batteries ,Transformation,BATT_LIBToPyro1,BATT_ProductLvl1,battLiRechargeable,BATT_LIBAlloyToHydro1,ElementLvl1,Cu,0.97,,±20%,REC,2032,3.5,est,"Assumption, no reference",,thermal,REC
1457,1,Thermal recovery processes,ProcessLvl3,pyrometallurgy batteries ,Transformation,BATT_LIBToPyro1,BATT_ProductLvl1,battLiRechargeable,BATT_LIBAlloyToHydro1,ElementLvl1,Ni,0.99,,±10%,REC,2032,2.0,calc,"[Hämmer and Wambach, 2024]",https://www.mdpi.com/2071-1050/16/19/8734,thermal,REC
1458,1,Thermal recovery processes,ProcessLvl3,pyrometallurgy batteries ,Transformation,BATT_LIBToPyro1,BATT_ProductLvl1,battLiRechargeable,BATT_LIBAlloyToHydro1,ElementLvl1,Fe,0.645,,±10%,REC,2032,2.0,calc,"[Hämmer and Wambach, 2024]",https://www.mdpi.com/2071-1050/16/19/8735,thermal,REC
1459,1,Thermal recovery processes,ProcessLvl3,pyrometallurgy batteries ,Transformation,BATT_LIBToPyro1,BATT_ProductLvl1,battLiRechargeable,BATT_LIBAlloyToHydro1,ElementLvl1,Co,0.97,,±20%,REC,2032,3.5,est,"Assumption, no reference",,thermal,REC
1460,2,Hydrometallurgy (Leaching/SolventExtraction/Priciptation&Crystallization),ProcessLvl3,hydrometallurgy batteries,Transformation,BATT_LIBAlloyToHydro1,,,BATT_2RM_chemRecLIB1,ElementLvl1,Cu,0.98,,±20%,REC,2032,3.5,est,"Assumption, no reference",,hydro,REC
1461,2,Hydrometallurgy (Leaching/SolventExtraction/Priciptation&Crystallization),ProcessLvl3,hydrometallurgy batteries,Transformation,BATT_LIBAlloyToHydro1,,,BATT_2RM_chemRecLIB1,ElementLvl1,Ni,0.96,,±10%,REC,2032,2.0,calc,"[Hämmer and Wambach, 2024]",https://www.mdpi.com/2071-1050/16/19/8738,hydro,REC
1462,2,Hydrometallurgy (Leaching/SolventExtraction/Priciptation&Crystallization),ProcessLvl3,hydrometallurgy batteries,Transformation,BATT_LIBAlloyToHydro1,,,BATT_2RM_chemRecLIB1,ElementLvl1,Fe,0.9604,,±10%,REC,2032,2.0,calc,"[Hämmer and Wambach, 2024]",https://www.mdpi.com/2071-1050/16/19/8739,hydro,REC
1463,2,Hydrometallurgy (Leaching/SolventExtraction/Priciptation&Crystallization),ProcessLvl3,hydrometallurgy batteries,Transformation,BATT_LIBAlloyToHydro1,,,BATT_2RM_chemRecLIB1,ElementLvl1,Co,0.98,,±20%,REC,2032,3.5,est,"Assumption, no reference",,hydro,REC
1464,2,Hydrometallurgy (Leaching/SolventExtraction/Priciptation&Crystallization),ProcessLvl3,hydrometallurgy batteries,Transformation,BATT_LIBSlagToHydro1,,,BATT_2RM_chemRecSlagsAndSludges1,ElementLvl1,Li,0.8,,±20%,REC,2032,3.5,est,"Assumption, no reference",,hydro,REC
1465,2,Hydrometallurgy (Leaching/SolventExtraction/Priciptation&Crystallization),ProcessLvl3,hydrometallurgy batteries,Transformation,BATT_LIBSlagToHydro1,,,BATT_2RM_chemRecSlagsAndSludges1,ElementLvl1,Mn,0.2,,±20%,REC,2032,3.5,est,"Assumption, no reference",,hydro,REC
1466,2,Hydrometallurgy (Leaching/SolventExtraction/Priciptation&Crystallization),ProcessLvl3,hydrometallurgy batteries,Transformation,BATT_LIBSlagToHydro1,,,BATT_2RM_chemRecSlagsAndSludges1,ElementLvl1,Al,0.2,,±20%,REC,2032,3.5,est,"Assumption, no reference",,hydro,REC
1467,2,Hydrometallurgy (Leaching/SolventExtraction/Priciptation&Crystallization),ProcessLvl3,hydrometallurgy batteries,Transformation,BATT_LIBSlagToHydro1,,,BATT_2RM_chemRecSlagsAndSludges1,ElementLvl1,P,0.2,,±20%,REC,2032,3.5,est,"Assumption, no reference",,hydro,REC
1468,2,Hydrometallurgy (Leaching/SolventExtraction/Priciptation&Crystallization),ProcessLvl3,hydrometallurgy batteries,Transformation,BATT_LIBSlagToHydro1,,,BATT_slagsAndSludgesLIB1,ElementLvl1,Al,0.8,,±20%,REC,2032,3.5,est,"Assumption, no reference",,hydro,REC
1469,2,Hydrometallurgy (Leaching/SolventExtraction/Priciptation&Crystallization),ProcessLvl3,hydrometallurgy batteries,Transformation,BATT_LIBSlagToHydro1,,,BATT_slagsAndSludgesLIB1,ElementLvl1,Mn,0.8,,±20%,REC,2032,3.5,est,"Assumption, no reference",,hydro,REC
1470,2,Hydrometallurgy (Leaching/SolventExtraction/Priciptation&Crystallization),ProcessLvl3,hydrometallurgy batteries,Transformation,BATT_LIBSlagToHydro1,,,BATT_slagsAndSludgesLIB1,ElementLvl1,P,0.8,,±20%,REC,2032,3.5,est,"Assumption, no reference",,hydro,REC
1471,2,Hydrometallurgy (Leaching/SolventExtraction/Priciptation&Crystallization),ProcessLvl3,hydrometallurgy batteries,Transformation,BATT_LIBSlagToHydro1,,,BATT_slagsAndSludgesLIB1,ElementLvl1,Cu,1.0,,±20%,REC,2032,3.5,est,"Assumption, no reference",,hydro,REC
1472,2,Hydrometallurgy (Leaching/SolventExtraction/Priciptation&Crystallization),ProcessLvl3,hydrometallurgy batteries,Transformation,BATT_LIBSlagToHydro1,,,BATT_slagsAndSludgesLIB1,ElementLvl1,Ni,1.0,,±20%,REC,2032,3.5,est,"Assumption, no reference",,hydro,REC
1473,2,Hydrometallurgy (Leaching/SolventExtraction/Priciptation&Crystallization),ProcessLvl3,hydrometallurgy batteries,Transformation,BATT_LIBSlagToHydro1,,,BATT_slagsAndSludgesLIB1,ElementLvl1,Fe,1.0,,±20%,REC,2032,3.5,est,"Assumption, no reference",,hydro,REC
1474,2,Hydrometallurgy (Leaching/SolventExtraction/Priciptation&Crystallization),ProcessLvl3,hydrometallurgy batteries,Transformation,BATT_LIBSlagToHydro1,,,BATT_slagsAndSludgesLIB1,ElementLvl1,Co,1.0,,±20%,REC,2032,3.5,est,"Assumption, no reference",,hydro,REC
1475,2,Hydrometallurgy (Leaching/SolventExtraction/Priciptation&Crystallization),ProcessLvl3,hydrometallurgy batteries,Transformation,BATT_LIBSlagToHydro1,,,BATT_slagsAndSludgesLIB1,ElementLvl1,Li,0.2,,±20%,REC,2032,3.5,est,"Assumption, no reference",,hydro,REC
1476,1,Thermal recovery processes,ProcessLvl3,pyrometallurgy batteries ,Transformation,BATT_LIBToPyro1,BATT_ProductLvl1,battLiRechargeable,BATT_LIBSlagToHydro1,ElementLvl1,Li,1.0,,±15%,REC,2050,2.5,calc,"[Hämmer and Wambach, 2024]",https://www.mdpi.com/2071-1050/16/19/8726,thermal,REC
1477,1,Thermal recovery processes,ProcessLvl3,pyrometallurgy batteries ,Transformation,BATT_LIBToPyro1,BATT_ProductLvl1,battLiRechargeable,BATT_LIBSlagToHydro1,ElementLvl1,Al,1.0,,±15%,REC,2050,2.5,calc,"[Hämmer and Wambach, 2024]",https://www.mdpi.com/2071-1050/16/19/8727,thermal,REC
1478,1,Thermal recovery processes,ProcessLvl3,pyrometallurgy batteries ,Transformation,BATT_LIBToPyro1,BATT_ProductLvl1,battLiRechargeable,BATT_LIBSlagToHydro1,ElementLvl1,Mn,1.0,,±15%,REC,2050,2.5,calc,"[Hämmer and Wambach, 2024]",https://www.mdpi.com/2071-1050/16/19/8728,thermal,REC
1479,1,Thermal recovery processes,ProcessLvl3,pyrometallurgy batteries ,Transformation,BATT_LIBToPyro1,BATT_ProductLvl1,battLiRechargeable,BATT_LIBSlagToHydro1,ElementLvl1,P,1.0,,±15%,REC,2050,2.5,calc,"[Hämmer and Wambach, 2024]",https://www.mdpi.com/2071-1050/16/19/8728,thermal,REC
1480,1,Thermal recovery processes,ProcessLvl3,pyrometallurgy batteries ,Transformation,BATT_LIBToPyro1,BATT_ProductLvl1,battLiRechargeable,BATT_LIBSlagToHydro1,ElementLvl1,Cu,0.03,,±15%,REC,2050,2.5,calc,"[Hämmer and Wambach, 2024]",https://www.mdpi.com/2071-1050/16/19/8729,thermal,REC
1481,1,Thermal recovery processes,ProcessLvl3,pyrometallurgy batteries ,Transformation,BATT_LIBToPyro1,BATT_ProductLvl1,battLiRechargeable,BATT_LIBSlagToHydro1,ElementLvl1,Ni,0.01,,±15%,REC,2050,2.5,calc,"[Hämmer and Wambach, 2024]",https://www.mdpi.com/2071-1050/16/19/8730,thermal,REC
1482,1,Thermal recovery processes,ProcessLvl3,pyrometallurgy batteries ,Transformation,BATT_LIBToPyro1,BATT_ProductLvl1,battLiRechargeable,BATT_LIBSlagToHydro1,ElementLvl1,Fe,0.355,,±15%,REC,2050,2.5,calc,"[Hämmer and Wambach, 2024]",https://www.mdpi.com/2071-1050/16/19/8731,thermal,REC
1483,1,Thermal recovery processes,ProcessLvl3,pyrometallurgy batteries ,Transformation,BATT_LIBToPyro1,BATT_ProductLvl1,battLiRechargeable,BATT_LIBSlagToHydro1,ElementLvl1,Co,0.03,,±15%,REC,2050,2.5,calc,"[Hämmer and Wambach, 2024]",https://www.mdpi.com/2071-1050/16/19/8732,thermal,REC
1484,1,Thermal recovery processes,ProcessLvl3,pyrometallurgy batteries ,Transformation,BATT_LIBToPyro1,BATT_ProductLvl1,battLiRechargeable,BATT_LIBAlloyToHydro1,ElementLvl1,Cu,0.97,,±20%,REC,2050,4.0,est,"Assumption, no reference",,thermal,REC
1485,1,Thermal recovery processes,ProcessLvl3,pyrometallurgy batteries ,Transformation,BATT_LIBToPyro1,BATT_ProductLvl1,battLiRechargeable,BATT_LIBAlloyToHydro1,ElementLvl1,Ni,0.99,,±15%,REC,2050,2.5,calc,"[Hämmer and Wambach, 2024]",https://www.mdpi.com/2071-1050/16/19/8734,thermal,REC
1486,1,Thermal recovery processes,ProcessLvl3,pyrometallurgy batteries ,Transformation,BATT_LIBToPyro1,BATT_ProductLvl1,battLiRechargeable,BATT_LIBAlloyToHydro1,ElementLvl1,Fe,0.645,,±15%,REC,2050,2.5,calc,"[Hämmer and Wambach, 2024]",https://www.mdpi.com/2071-1050/16/19/8735,thermal,REC
1487,1,Thermal recovery processes,ProcessLvl3,pyrometallurgy batteries ,Transformation,BATT_LIBToPyro1,BATT_ProductLvl1,battLiRechargeable,BATT_LIBAlloyToHydro1,ElementLvl1,Co,0.97,,±20%,REC,2050,4.0,est,"Assumption, no reference",,thermal,REC
1488,2,Hydrometallurgy (Leaching/SolventExtraction/Priciptation&Crystallization),ProcessLvl3,hydrometallurgy batteries,Transformation,BATT_LIBAlloyToHydro1,,,BATT_2RM_chemRecLIB1,ElementLvl1,Cu,0.98,,±20%,REC,2050,4.0,est,"Assumption, no reference",,hydro,REC
1489,2,Hydrometallurgy (Leaching/SolventExtraction/Priciptation&Crystallization),ProcessLvl3,hydrometallurgy batteries,Transformation,BATT_LIBAlloyToHydro1,,,BATT_2RM_chemRecLIB1,ElementLvl1,Ni,0.96,,±15%,REC,2050,2.5,calc,"[Hämmer and Wambach, 2024]",https://www.mdpi.com/2071-1050/16/19/8738,hydro,REC
1490,2,Hydrometallurgy (Leaching/SolventExtraction/Priciptation&Crystallization),ProcessLvl3,hydrometallurgy batteries,Transformation,BATT_LIBAlloyToHydro1,,,BATT_2RM_chemRecLIB1,ElementLvl1,Fe,0.9604,,±15%,REC,2050,2.5,calc,"[Hämmer and Wambach, 2024]",https://www.mdpi.com/2071-1050/16/19/8739,hydro,REC
1491,2,Hydrometallurgy (Leaching/SolventExtraction/Priciptation&Crystallization),ProcessLvl3,hydrometallurgy batteries,Transformation,BATT_LIBAlloyToHydro1,,,BATT_2RM_chemRecLIB1,ElementLvl1,Co,0.98,,±20%,REC,2050,4.0,est,"Assumption, no reference",,hydro,REC
1492,2,Hydrometallurgy (Leaching/SolventExtraction/Priciptation&Crystallization),ProcessLvl3,hydrometallurgy batteries,Transformation,BATT_LIBSlagToHydro1,,,BATT_2RM_chemRecSlagsAndSludges1,ElementLvl1,Li,0.9,,±20%,REC,2050,4.0,est,"Assumption, no reference",,hydro,REC
1493,2,Hydrometallurgy (Leaching/SolventExtraction/Priciptation&Crystallization),ProcessLvl3,hydrometallurgy batteries,Transformation,BATT_LIBSlagToHydro1,,,BATT_2RM_chemRecSlagsAndSludges1,ElementLvl1,Mn,0.5,,±20%,REC,2050,4.0,est,"Assumption, no reference",,hydro,REC
1494,2,Hydrometallurgy (Leaching/SolventExtraction/Priciptation&Crystallization),ProcessLvl3,hydrometallurgy batteries,Transformation,BATT_LIBSlagToHydro1,,,BATT_2RM_chemRecSlagsAndSludges1,ElementLvl1,Al,0.5,,±20%,REC,2050,4.0,est,"Assumption, no reference",,hydro,REC
1495,2,Hydrometallurgy (Leaching/SolventExtraction/Priciptation&Crystallization),ProcessLvl3,hydrometallurgy batteries,Transformation,BATT_LIBSlagToHydro1,,,BATT_2RM_chemRecSlagsAndSludges1,ElementLvl1,P,0.5,,±20%,REC,2050,4.0,est,"Assumption, no reference",,hydro,REC
1496,2,Hydrometallurgy (Leaching/SolventExtraction/Priciptation&Crystallization),ProcessLvl3,hydrometallurgy batteries,Transformation,BATT_LIBSlagToHydro1,,,BATT_slagsAndSludgesLIB1,ElementLvl1,Al,0.5,,±20%,REC,2050,4.0,est,"Assumption, no reference",,hydro,REC
1497,2,Hydrometallurgy (Leaching/SolventExtraction/Priciptation&Crystallization),ProcessLvl3,hydrometallurgy batteries,Transformation,BATT_LIBSlagToHydro1,,,BATT_slagsAndSludgesLIB1,ElementLvl1,Mn,0.5,,±20%,REC,2050,4.0,est,"Assumption, no reference",,hydro,REC
1498,2,Hydrometallurgy (Leaching/SolventExtraction/Priciptation&Crystallization),ProcessLvl3,hydrometallurgy batteries,Transformation,BATT_LIBSlagToHydro1,,,BATT_slagsAndSludgesLIB1,ElementLvl1,P,0.5,,±20%,REC,2050,4.0,est,"Assumption, no reference",,hydro,REC
1499,2,Hydrometallurgy (Leaching/SolventExtraction/Priciptation&Crystallization),ProcessLvl3,hydrometallurgy batteries,Transformation,BATT_LIBSlagToHydro1,,,BATT_slagsAndSludgesLIB1,ElementLvl1,Cu,1.0,,±20%,REC,2050,4.0,est,"Assumption, no reference",,hydro,REC
1500,2,Hydrometallurgy (Leaching/SolventExtraction/Priciptation&Crystallization),ProcessLvl3,hydrometallurgy batteries,Transformation,BATT_LIBSlagToHydro1,,,BATT_slagsAndSludgesLIB1,ElementLvl1,Ni,1.0,,±20%,REC,2050,4.0,est,"Assumption, no reference",,hydro,REC
1501,2,Hydrometallurgy (Leaching/SolventExtraction/Priciptation&Crystallization),ProcessLvl3,hydrometallurgy batteries,Transformation,BATT_LIBSlagToHydro1,,,BATT_slagsAndSludgesLIB1,ElementLvl1,Fe,1.0,,±20%,REC,2050,4.0,est,"Assumption, no reference",,hydro,REC
1502,2,Hydrometallurgy (Leaching/SolventExtraction/Priciptation&Crystallization),ProcessLvl3,hydrometallurgy batteries,Transformation,BATT_LIBSlagToHydro1,,,BATT_slagsAndSludgesLIB1,ElementLvl1,Co,1.0,,±20%,REC,2050,4.0,est,"Assumption, no reference",,hydro,REC
1503,2,Hydrometallurgy (Leaching/SolventExtraction/Priciptation&Crystallization),ProcessLvl3,hydrometallurgy batteries,Transformation,BATT_LIBSlagToHydro1,,,BATT_slagsAndSludgesLIB1,ElementLvl1,Li,0.1,,±20%,REC,2050,4.0,est,"Assumption, no reference",,hydro,REC
1504,2,Hydrometallurgy (Leaching/SolventExtraction/Priciptation&Crystallization),ProcessLvl3,hydrometallurgy batteries,Transformation,BATT_LIBAlloyToHydro1,,,BATT_Losses_chemRecLIB1,ElementLvl1,Cu,0.03959999999999997,,±5%,OBS,2010,1.0,calc,"[Hämmer and Wambach, 2024]",https://www.mdpi.com/2071-1050/16/19/8737,hydro,OBS
1505,2,Hydrometallurgy (Leaching/SolventExtraction/Priciptation&Crystallization),ProcessLvl3,hydrometallurgy batteries,Transformation,BATT_LIBAlloyToHydro1,,,BATT_Losses_chemRecLIB1,ElementLvl1,Ni,0.08779999999999999,,±5%,OBS,2010,1.0,calc,"[Hämmer and Wambach, 2024]",https://www.mdpi.com/2071-1050/16/19/8738,hydro,OBS
1506,2,Hydrometallurgy (Leaching/SolventExtraction/Priciptation&Crystallization),ProcessLvl3,hydrometallurgy batteries,Transformation,BATT_LIBAlloyToHydro1,,,BATT_Losses_chemRecLIB1,ElementLvl1,Fe,0.03959999999999997,,±5%,OBS,2010,1.0,calc,"[Hämmer and Wambach, 2024]",https://www.mdpi.com/2071-1050/16/19/8739,hydro,OBS
1507,2,Hydrometallurgy (Leaching/SolventExtraction/Priciptation&Crystallization),ProcessLvl3,hydrometallurgy batteries,Transformation,BATT_LIBAlloyToHydro1,,,BATT_Losses_chemRecLIB1,ElementLvl1,Co,0.20579999999999998,,±5%,OBS,2010,1.0,calc,"[Hämmer and Wambach, 2024]",https://www.mdpi.com/2071-1050/16/19/8740,hydro,OBS
1508,2,Hydrometallurgy (Leaching/SolventExtraction/Priciptation&Crystallization),ProcessLvl3,hydrometallurgy batteries,Transformation,BATT_LIBAlloyToHydro1,,,BATT_Losses_chemRecLIB1,ElementLvl1,Cu,0.03959999999999997,,±5%,REC,2025,1.0,calc,"[Hämmer and Wambach, 2024]",https://www.mdpi.com/2071-1050/16/19/8737,hydro,REC
1509,2,Hydrometallurgy (Leaching/SolventExtraction/Priciptation&Crystallization),ProcessLvl3,hydrometallurgy batteries,Transformation,BATT_LIBAlloyToHydro1,,,BATT_Losses_chemRecLIB1,ElementLvl1,Ni,0.08779999999999999,,±5%,REC,2025,1.0,calc,"[Hämmer and Wambach, 2024]",https://www.mdpi.com/2071-1050/16/19/8738,hydro,REC
1510,2,Hydrometallurgy (Leaching/SolventExtraction/Priciptation&Crystallization),ProcessLvl3,hydrometallurgy batteries,Transformation,BATT_LIBAlloyToHydro1,,,BATT_Losses_chemRecLIB1,ElementLvl1,Fe,0.03959999999999997,,±5%,REC,2025,1.0,calc,"[Hämmer and Wambach, 2024]",https://www.mdpi.com/2071-1050/16/19/8739,hydro,REC
1511,2,Hydrometallurgy (Leaching/SolventExtraction/Priciptation&Crystallization),ProcessLvl3,hydrometallurgy batteries,Transformation,BATT_LIBAlloyToHydro1,,,BATT_Losses_chemRecLIB1,ElementLvl1,Co,0.20579999999999998,,±5%,REC,2025,1.0,calc,"[Hämmer and Wambach, 2024]",https://www.mdpi.com/2071-1050/16/19/8740,hydro,REC
1512,2,Hydrometallurgy (Leaching/SolventExtraction/Priciptation&Crystallization),ProcessLvl3,hydrometallurgy batteries,Transformation,BATT_LIBAlloyToHydro1,,,BATT_Losses_chemRecLIB1,ElementLvl1,Cu,0.030000000000000027,,±15%,REC,2028,3.0,est,"Assumption, no reference",,hydro,REC
1513,2,Hydrometallurgy (Leaching/SolventExtraction/Priciptation&Crystallization),ProcessLvl3,hydrometallurgy batteries,Transformation,BATT_LIBAlloyToHydro1,,,BATT_Losses_chemRecLIB1,ElementLvl1,Ni,0.08779999999999999,,±10%,REC,2028,1.5,calc,"[Hämmer and Wambach, 2024]",https://www.mdpi.com/2071-1050/16/19/8738,hydro,REC
1514,2,Hydrometallurgy (Leaching/SolventExtraction/Priciptation&Crystallization),ProcessLvl3,hydrometallurgy batteries,Transformation,BATT_LIBAlloyToHydro1,,,BATT_Losses_chemRecLIB1,ElementLvl1,Fe,0.03959999999999997,,±15%,REC,2028,3.0,calc,"Assumption, no reference",,hydro,REC
1515,2,Hydrometallurgy (Leaching/SolventExtraction/Priciptation&Crystallization),ProcessLvl3,hydrometallurgy batteries,Transformation,BATT_LIBAlloyToHydro1,,,BATT_Losses_chemRecLIB1,ElementLvl1,Co,0.040000000000000036,,±15%,REC,2028,3.0,est,"Assumption, no reference",,hydro,REC
1516,2,Hydrometallurgy (Leaching/SolventExtraction/Priciptation&Crystallization),ProcessLvl3,hydrometallurgy batteries,Transformation,BATT_LIBAlloyToHydro1,,,BATT_Losses_chemRecLIB1,ElementLvl1,Cu,0.020000000000000018,,±20%,REC,2032,3.5,est,"Assumption, no reference",,hydro,REC
1517,2,Hydrometallurgy (Leaching/SolventExtraction/Priciptation&Crystallization),ProcessLvl3,hydrometallurgy batteries,Transformation,BATT_LIBAlloyToHydro1,,,BATT_Losses_chemRecLIB1,ElementLvl1,Ni,0.040000000000000036,,±10%,REC,2032,2.0,calc,"[Hämmer and Wambach, 2024]",https://www.mdpi.com/2071-1050/16/19/8738,hydro,REC
1518,2,Hydrometallurgy (Leaching/SolventExtraction/Priciptation&Crystallization),ProcessLvl3,hydrometallurgy batteries,Transformation,BATT_LIBAlloyToHydro1,,,BATT_Losses_chemRecLIB1,ElementLvl1,Fe,0.03959999999999997,,±20%,REC,2032,3.5,calc,"Assumption, no reference",,hydro,REC
1519,2,Hydrometallurgy (Leaching/SolventExtraction/Priciptation&Crystallization),ProcessLvl3,hydrometallurgy batteries,Transformation,BATT_LIBAlloyToHydro1,,,BATT_Losses_chemRecLIB1,ElementLvl1,Co,0.020000000000000018,,±20%,REC,2032,3.5,est,"Assumption, no reference",,hydro,REC
1520,2,Hydrometallurgy (Leaching/SolventExtraction/Priciptation&Crystallization),ProcessLvl3,hydrometallurgy batteries,Transformation,BATT_LIBAlloyToHydro1,,,BATT_Losses_chemRecLIB1,ElementLvl1,Cu,0.020000000000000018,,±20%,REC,2050,4.0,est,"Assumption, no reference",,hydro,REC
1521,2,Hydrometallurgy (Leaching/SolventExtraction/Priciptation&Crystallization),ProcessLvl3,hydrometallurgy batteries,Transformation,BATT_LIBAlloyToHydro1,,,BATT_Losses_chemRecLIB1,ElementLvl1,Ni,0.040000000000000036,,±15%,REC,2050,2.5,calc,"[Hämmer and Wambach, 2024]",https://www.mdpi.com/2071-1050/16/19/8738,hydro,REC
1522,2,Hydrometallurgy (Leaching/SolventExtraction/Priciptation&Crystallization),ProcessLvl3,hydrometallurgy batteries,Transformation,BATT_LIBAlloyToHydro1,,,BATT_Losses_chemRecLIB1,ElementLvl1,Fe,0.03959999999999997,,±20%,REC,2050,4.0,calc,"Assumption, no reference",,hydro,REC
1523,2,Hydrometallurgy (Leaching/SolventExtraction/Priciptation&Crystallization),ProcessLvl3,hydrometallurgy batteries,Transformation,BATT_LIBAlloyToHydro1,,,BATT_Losses_chemRecLIB1,ElementLvl1,Co,0.020000000000000018,,±20%,REC,2050,4.0,est,"Assumption, no reference",,hydro,REC
1524,1,Pyrolisis,ProcessLvl2,pyrolysis,Transformation,BATT_LIBToPyrolysis2,ComponentLvl2,anodeActiveMaterial,BATT_LIBToMechanical2,MaterialLvl4,graphite4,1.0,,±15%,OBS,2010,2.5,est,"Assumption, no reference",,thermal,OBS
1525,1,Pyrolisis,ProcessLvl2,pyrolysis,Transformation,BATT_LIBToPyrolysis2,ComponentLvl2,cathodeActiveMaterial,BATT_LIBToMechanical2,ElementLvl1,Al,1.0,,±15%,OBS,2010,2.5,est,"Assumption, no reference",,thermal,OBS
1526,1,Pyrolisis,ProcessLvl2,pyrolysis,Transformation,BATT_LIBToPyrolysis2,ComponentLvl2,cathodeActiveMaterial,BATT_LIBToMechanical2,ElementLvl1,Cl,1.0,,±15%,OBS,2010,2.5,est,"Assumption, no reference",,thermal,OBS
1527,1,Pyrolisis,ProcessLvl2,pyrolysis,Transformation,BATT_LIBToPyrolysis2,ComponentLvl2,cathodeActiveMaterial,BATT_LIBToMechanical2,ElementLvl1,Co,1.0,,±15%,OBS,2010,2.5,est,"Assumption, no reference",,thermal,OBS
1528,1,Pyrolisis,ProcessLvl2,pyrolysis,Transformation,BATT_LIBToPyrolysis2,ComponentLvl2,cathodeActiveMaterial,BATT_LIBToMechanical2,ElementLvl1,Fe,1.0,,±15%,OBS,2010,2.5,est,"Assumption, no reference",,thermal,OBS
1529,1,Pyrolisis,ProcessLvl2,pyrolysis,Transformation,BATT_LIBToPyrolysis2,ComponentLvl2,cathodeActiveMaterial,BATT_LIBToMechanical2,ElementLvl1,Li,1.0,,±15%,OBS,2010,2.5,est,"Assumption, no reference",,thermal,OBS
1530,1,Pyrolisis,ProcessLvl2,pyrolysis,Transformation,BATT_LIBToPyrolysis2,ComponentLvl2,cathodeActiveMaterial,BATT_LIBToMechanical2,ElementLvl1,Mn,1.0,,±15%,OBS,2010,2.5,est,"Assumption, no reference",,thermal,OBS
1531,1,Pyrolisis,ProcessLvl2,pyrolysis,Transformation,BATT_LIBToPyrolysis2,ComponentLvl2,cathodeActiveMaterial,BATT_LIBToMechanical2,ElementLvl1,Ni,1.0,,±15%,OBS,2010,2.5,est,"Assumption, no reference",,thermal,OBS
1532,1,Pyrolisis,ProcessLvl2,pyrolysis,Transformation,BATT_LIBToPyrolysis2,ComponentLvl2,cathodeActiveMaterial,BATT_LIBToMechanical2,ElementLvl1,O,1.0,,±15%,OBS,2010,2.5,est,"Assumption, no reference",,thermal,OBS
1533,1,Pyrolisis,ProcessLvl2,pyrolysis,Transformation,BATT_LIBToPyrolysis2,ComponentLvl2,cathodeActiveMaterial,BATT_LIBToMechanical2,ElementLvl1,P,1.0,,±15%,OBS,2010,2.5,est,"Assumption, no reference",,thermal,OBS
1534,1,Pyrolisis,ProcessLvl2,pyrolysis,Transformation,BATT_LIBToPyrolysis2,ComponentLvl2,cathodeActiveMaterial,BATT_LIBToMechanical2,ElementLvl1,S,1.0,,±15%,OBS,2010,2.5,est,"Assumption, no reference",,thermal,OBS
1535,1,Pyrolisis,ProcessLvl2,pyrolysis,Transformation,BATT_LIBToPyrolysis2,ComponentLvl2,anodeActiveMaterial,BATT_LIBToMechanical2,ElementLvl1,Si,1.0,,±15%,OBS,2010,2.5,est,"Assumption, no reference",,thermal,OBS
1536,1,Pyrolisis,ProcessLvl2,pyrolysis,Transformation,BATT_LIBToPyrolysis2,ComponentLvl2,anodeActiveMaterial,BATT_LIBToMechanical2,ElementLvl1,Li,1.0,,±15%,OBS,2010,2.5,est,"Assumption, no reference",,thermal,OBS
1537,1,Pyrolisis,ProcessLvl2,pyrolysis,Transformation,BATT_LIBToPyrolysis2,ComponentLvl2,batteryCellCasing2,BATT_LIBToMechanical2,MaterialLvl1,AlAndAlAlloys,1.0,,±15%,OBS,2010,2.5,est,"Assumption, no reference",,thermal,OBS
1538,1,Pyrolisis,ProcessLvl2,pyrolysis,Transformation,BATT_LIBToPyrolysis2,ComponentLvl2,batteryCellCasing2,BATT_LIBToMechanical2,MaterialLvl1,ferrousMetals1,1.0,,±15%,OBS,2010,2.5,est,"Assumption, no reference",,thermal,OBS
1539,1,Pyrolisis,ProcessLvl2,pyrolysis,Transformation,BATT_LIBToPyrolysis2,ComponentLvl2,batteryCellCasing2,BATT_LIBToMechanical2,ElementLvl1,Fe,1.0,,±15%,OBS,2010,2.5,est,"Assumption, no reference",,thermal,OBS
1540,1,Pyrolisis,ProcessLvl2,pyrolysis,Transformation,BATT_LIBToPyrolysis2,ComponentLvl2,currentCollectorCathode,BATT_LIBToMechanical2,ElementLvl1,Al,1.0,,±15%,OBS,2010,2.5,est,"Assumption, no reference",,thermal,OBS
1541,1,Pyrolisis,ProcessLvl2,pyrolysis,Transformation,BATT_LIBToPyrolysis2,ComponentLvl2,currentCollectorAnode,BATT_LIBToMechanical2,ElementLvl1,Cu,1.0,,±15%,OBS,2010,2.5,est,"Assumption, no reference",,thermal,OBS
1542,2,Breaking and separating,ProcessLvl1,mechanical recovery processes,Fragmentation,BATT_LIBToMechanical2,ComponentLvl2,anodeActiveMaterial,BATT_LIBBlackMassToHydro2,MaterialLvl4,graphite4,0.85252981,,±5%,OBS,2010,1.0,calc,"[Vaccari et al., 2024]",https://www.sciencedirect.com/science/article/pii/S0921344924002374,mechanical,OBS
1543,2,Breaking and separating,ProcessLvl1,mechanical recovery processes,Fragmentation,BATT_LIBToMechanical2,ComponentLvl2,cathodeActiveMaterial,BATT_LIBBlackMassToHydro2,ElementLvl1,Al,0.85252981,,±5%,OBS,2010,1.0,calc,"[Vaccari et al., 2024]",https://www.sciencedirect.com/science/article/pii/S0921344924002374,mechanical,OBS
1544,2,Breaking and separating,ProcessLvl1,mechanical recovery processes,Fragmentation,BATT_LIBToMechanical2,ComponentLvl2,cathodeActiveMaterial,BATT_LIBBlackMassToHydro2,ElementLvl1,Cl,0.85252981,,±5%,OBS,2010,1.0,calc,"[Vaccari et al., 2024]",https://www.sciencedirect.com/science/article/pii/S0921344924002374,mechanical,OBS
1545,2,Breaking and separating,ProcessLvl1,mechanical recovery processes,Fragmentation,BATT_LIBToMechanical2,ComponentLvl2,cathodeActiveMaterial,BATT_LIBBlackMassToHydro2,ElementLvl1,Co,0.85252981,,±5%,OBS,2010,1.0,calc,"[Vaccari et al., 2024]",https://www.sciencedirect.com/science/article/pii/S0921344924002374,mechanical,OBS
1546,2,Breaking and separating,ProcessLvl1,mechanical recovery processes,Fragmentation,BATT_LIBToMechanical2,ComponentLvl2,cathodeActiveMaterial,BATT_LIBBlackMassToHydro2,ElementLvl1,Fe,0.85252981,,±5%,OBS,2010,1.0,calc,"[Vaccari et al., 2024]",https://www.sciencedirect.com/science/article/pii/S0921344924002374,mechanical,OBS
1547,2,Breaking and separating,ProcessLvl1,mechanical recovery processes,Fragmentation,BATT_LIBToMechanical2,ComponentLvl2,cathodeActiveMaterial,BATT_LIBBlackMassToHydro2,ElementLvl1,Li,0.85252981,,±5%,OBS,2010,1.0,calc,"[Vaccari et al., 2024]",https://www.sciencedirect.com/science/article/pii/S0921344924002374,mechanical,OBS
1548,2,Breaking and separating,ProcessLvl1,mechanical recovery processes,Fragmentation,BATT_LIBToMechanical2,ComponentLvl2,cathodeActiveMaterial,BATT_LIBBlackMassToHydro2,ElementLvl1,Mn,0.85252981,,±5%,OBS,2010,1.0,calc,"[Vaccari et al., 2024]",https://www.sciencedirect.com/science/article/pii/S0921344924002374,mechanical,OBS
1549,2,Breaking and separating,ProcessLvl1,mechanical recovery processes,Fragmentation,BATT_LIBToMechanical2,ComponentLvl2,cathodeActiveMaterial,BATT_LIBBlackMassToHydro2,ElementLvl1,Ni,0.85252981,,±5%,OBS,2010,1.0,calc,"[Vaccari et al., 2024]",https://www.sciencedirect.com/science/article/pii/S0921344924002374,mechanical,OBS
1550,2,Breaking and separating,ProcessLvl1,mechanical recovery processes,Fragmentation,BATT_LIBToMechanical2,ComponentLvl2,cathodeActiveMaterial,BATT_LIBBlackMassToHydro2,ElementLvl1,O,0.85252981,,±5%,OBS,2010,1.0,calc,"[Vaccari et al., 2024]",https://www.sciencedirect.com/science/article/pii/S0921344924002374,mechanical,OBS
1551,2,Breaking and separating,ProcessLvl1,mechanical recovery processes,Fragmentation,BATT_LIBToMechanical2,ComponentLvl2,cathodeActiveMaterial,BATT_LIBBlackMassToHydro2,ElementLvl1,P,0.85252981,,±5%,OBS,2010,1.0,calc,"[Vaccari et al., 2024]",https://www.sciencedirect.com/science/article/pii/S0921344924002374,mechanical,OBS
1552,2,Breaking and separating,ProcessLvl1,mechanical recovery processes,Fragmentation,BATT_LIBToMechanical2,ComponentLvl2,cathodeActiveMaterial,BATT_LIBBlackMassToHydro2,ElementLvl1,S,0.85252981,,±5%,OBS,2010,1.0,calc,"[Vaccari et al., 2024]",https://www.sciencedirect.com/science/article/pii/S0921344924002374,mechanical,OBS
1553,2,Breaking and separating,ProcessLvl1,mechanical recovery processes,Fragmentation,BATT_LIBToMechanical2,ComponentLvl2,batteryCellCasing2,BATT_2RM_mechRecLIB2,MaterialLvl1,AlAndAlAlloys,0.937762,,±5%,OBS,2010,1.0,calc,"[Vaccari et al., 2024]",https://www.sciencedirect.com/science/article/pii/S0921344924002374,mechanical,OBS
1554,2,Breaking and separating,ProcessLvl1,mechanical recovery processes,Fragmentation,BATT_LIBToMechanical2,ComponentLvl2,batteryCellCasing2,BATT_2RM_mechRecLIB2,MaterialLvl1,ferrousMetals1,0.937762,,±5%,OBS,2010,1.0,calc,"[Vaccari et al., 2024]",https://www.sciencedirect.com/science/article/pii/S0921344924002374,mechanical,OBS
1555,2,Breaking and separating,ProcessLvl1,mechanical recovery processes,Fragmentation,BATT_LIBToMechanical2,ComponentLvl2,batteryCellCasing2,BATT_2RM_mechRecLIB2,ElementLvl1,Fe,0.937762,,±5%,OBS,2010,1.0,calc,"[Vaccari et al., 2024]",https://www.sciencedirect.com/science/article/pii/S0921344924002374,mechanical,OBS
1556,2,Breaking and separating,ProcessLvl1,mechanical recovery processes,Fragmentation,BATT_LIBToMechanical2,ComponentLvl2,currentCollectorCathode,BATT_2RM_mechRecLIB2,ElementLvl1,Al,0.83708448124,,±5%,OBS,2010,1.0,calc,"[Vaccari et al., 2024]",https://www.sciencedirect.com/science/article/pii/S0921344924002374,mechanical,OBS
1557,2,Breaking and separating,ProcessLvl1,mechanical recovery processes,Fragmentation,BATT_LIBToMechanical2,ComponentLvl2,currentCollectorAnode,BATT_2RM_mechRecLIB2,ElementLvl1,Cu,0.89642666788,,±5%,OBS,2010,1.0,calc,"[Vaccari et al., 2024]",https://www.sciencedirect.com/science/article/pii/S0921344924002374,mechanical,OBS
1558,3,Hydrometallurgy (Leaching/SolventExtraction/Priciptation&Crystallization),ProcessLvl3,hydrometallurgy batteries,Transformation,BATT_LIBBlackMassToHydro2,,,BATT_2RM_chemRecLIB2,ElementLvl1,Li,0.92,,±5%,OBS,2010,1.0,calc,"[Hämmer and Wambach, 2024]",https://www.mdpi.com/2071-1050/16/19/8737,hydro,OBS
1559,3,Hydrometallurgy (Leaching/SolventExtraction/Priciptation&Crystallization),ProcessLvl3,hydrometallurgy batteries,Transformation,BATT_LIBBlackMassToHydro2,,,BATT_2RM_chemRecLIB2,ElementLvl1,Ni,0.9122,,±5%,OBS,2010,1.0,calc,"[Hämmer and Wambach, 2024]",https://www.mdpi.com/2071-1050/16/19/8738,hydro,OBS
1560,3,Hydrometallurgy (Leaching/SolventExtraction/Priciptation&Crystallization),ProcessLvl3,hydrometallurgy batteries,Transformation,BATT_LIBBlackMassToHydro2,,,BATT_2RM_chemRecLIB2,ElementLvl1,Co,0.7942,,±5%,OBS,2010,1.0,calc,"[Hämmer and Wambach, 2024]",https://www.mdpi.com/2071-1050/16/19/8740,hydro,OBS
1561,3,Hydrometallurgy (Leaching/SolventExtraction/Priciptation&Crystallization),ProcessLvl3,hydrometallurgy batteries,Transformation,BATT_LIBBlackMassToHydro2,,,BATT_2RM_chemRecLIB2,ElementLvl1,Mn,0.0,,±15%,OBS,2010,2.5,calc,"Assumption, no reference",,hydro,OBS
1562,3,Hydrometallurgy (Leaching/SolventExtraction/Priciptation&Crystallization),ProcessLvl3,hydrometallurgy batteries,Transformation,BATT_LIBBlackMassToHydro2,,,BATT_2RM_chemRecLIB2,MaterialLvl4,graphite4,0.0,,±15%,OBS,2010,2.5,est,"Assumption, no reference",,hydro,OBS
1563,1,Pyrolisis,ProcessLvl2,pyrolysis,Transformation,BATT_LIBToPyrolysis2,ComponentLvl2,anodeActiveMaterial,BATT_LIBToMechanical2,MaterialLvl4,graphite4,1.0,,±15%,REC,2025,2.5,est,"Assumption, no reference",,thermal,REC
1564,1,Pyrolisis,ProcessLvl2,pyrolysis,Transformation,BATT_LIBToPyrolysis2,ComponentLvl2,cathodeActiveMaterial,BATT_LIBToMechanical2,ElementLvl1,Al,1.0,,±15%,REC,2025,2.5,est,"Assumption, no reference",,thermal,REC
1565,1,Pyrolisis,ProcessLvl2,pyrolysis,Transformation,BATT_LIBToPyrolysis2,ComponentLvl2,cathodeActiveMaterial,BATT_LIBToMechanical2,ElementLvl1,Cl,1.0,,±15%,REC,2025,2.5,est,"Assumption, no reference",,thermal,REC
1566,1,Pyrolisis,ProcessLvl2,pyrolysis,Transformation,BATT_LIBToPyrolysis2,ComponentLvl2,cathodeActiveMaterial,BATT_LIBToMechanical2,ElementLvl1,Co,1.0,,±15%,REC,2025,2.5,est,"Assumption, no reference",,thermal,REC
1567,1,Pyrolisis,ProcessLvl2,pyrolysis,Transformation,BATT_LIBToPyrolysis2,ComponentLvl2,cathodeActiveMaterial,BATT_LIBToMechanical2,ElementLvl1,Fe,1.0,,±15%,REC,2025,2.5,est,"Assumption, no reference",,thermal,REC
1568,1,Pyrolisis,ProcessLvl2,pyrolysis,Transformation,BATT_LIBToPyrolysis2,ComponentLvl2,cathodeActiveMaterial,BATT_LIBToMechanical2,ElementLvl1,Li,1.0,,±15%,REC,2025,2.5,est,"Assumption, no reference",,thermal,REC
1569,1,Pyrolisis,ProcessLvl2,pyrolysis,Transformation,BATT_LIBToPyrolysis2,ComponentLvl2,cathodeActiveMaterial,BATT_LIBToMechanical2,ElementLvl1,Mn,1.0,,±15%,REC,2025,2.5,est,"Assumption, no reference",,thermal,REC
1570,1,Pyrolisis,ProcessLvl2,pyrolysis,Transformation,BATT_LIBToPyrolysis2,ComponentLvl2,cathodeActiveMaterial,BATT_LIBToMechanical2,ElementLvl1,Ni,1.0,,±15%,REC,2025,2.5,est,"Assumption, no reference",,thermal,REC
1571,1,Pyrolisis,ProcessLvl2,pyrolysis,Transformation,BATT_LIBToPyrolysis2,ComponentLvl2,cathodeActiveMaterial,BATT_LIBToMechanical2,ElementLvl1,O,1.0,,±15%,REC,2025,2.5,est,"Assumption, no reference",,thermal,REC
1572,1,Pyrolisis,ProcessLvl2,pyrolysis,Transformation,BATT_LIBToPyrolysis2,ComponentLvl2,cathodeActiveMaterial,BATT_LIBToMechanical2,ElementLvl1,P,1.0,,±15%,REC,2025,2.5,est,"Assumption, no reference",,thermal,REC
1573,1,Pyrolisis,ProcessLvl2,pyrolysis,Transformation,BATT_LIBToPyrolysis2,ComponentLvl2,cathodeActiveMaterial,BATT_LIBToMechanical2,ElementLvl1,S,1.0,,±15%,REC,2025,2.5,est,"Assumption, no reference",,thermal,REC
1574,1,Pyrolisis,ProcessLvl2,pyrolysis,Transformation,BATT_LIBToPyrolysis2,ComponentLvl2,anodeActiveMaterial,BATT_LIBToMechanical2,ElementLvl1,Si,1.0,,±15%,REC,2025,2.5,est,"Assumption, no reference",,thermal,REC
1575,1,Pyrolisis,ProcessLvl2,pyrolysis,Transformation,BATT_LIBToPyrolysis2,ComponentLvl2,anodeActiveMaterial,BATT_LIBToMechanical2,ElementLvl1,Li,1.0,,±15%,REC,2025,2.5,est,"Assumption, no reference",,thermal,REC
1576,1,Pyrolisis,ProcessLvl2,pyrolysis,Transformation,BATT_LIBToPyrolysis2,ComponentLvl2,batteryCellCasing2,BATT_LIBToMechanical2,MaterialLvl1,AlAndAlAlloys,1.0,,±15%,REC,2025,2.5,est,"Assumption, no reference",,thermal,REC
1577,1,Pyrolisis,ProcessLvl2,pyrolysis,Transformation,BATT_LIBToPyrolysis2,ComponentLvl2,batteryCellCasing2,BATT_LIBToMechanical2,MaterialLvl1,ferrousMetals1,1.0,,±15%,REC,2025,2.5,est,"Assumption, no reference",,thermal,REC
1578,1,Pyrolisis,ProcessLvl2,pyrolysis,Transformation,BATT_LIBToPyrolysis2,ComponentLvl2,batteryCellCasing2,BATT_LIBToMechanical2,ElementLvl1,Fe,1.0,,±15%,REC,2025,2.5,est,"Assumption, no reference",,thermal,REC
1579,1,Pyrolisis,ProcessLvl2,pyrolysis,Transformation,BATT_LIBToPyrolysis2,ComponentLvl2,currentCollectorCathode,BATT_LIBToMechanical2,ElementLvl1,Al,1.0,,±15%,REC,2025,2.5,est,"Assumption, no reference",,thermal,REC
1580,1,Pyrolisis,ProcessLvl2,pyrolysis,Transformation,BATT_LIBToPyrolysis2,ComponentLvl2,currentCollectorAnode,BATT_LIBToMechanical2,ElementLvl1,Cu,1.0,,±15%,REC,2025,2.5,est,"Assumption, no reference",,thermal,REC
1581,2,Breaking and separating,ProcessLvl1,mechanical recovery processes,Fragmentation,BATT_LIBToMechanical2,ComponentLvl2,anodeActiveMaterial,BATT_LIBBlackMassToHydro2,MaterialLvl4,graphite4,0.85252981,,±5%,REC,2025,1.0,calc,"[Vaccari et al., 2024]",https://www.sciencedirect.com/science/article/pii/S0921344924002374,mechanical,REC
1582,2,Breaking and separating,ProcessLvl1,mechanical recovery processes,Fragmentation,BATT_LIBToMechanical2,ComponentLvl2,cathodeActiveMaterial,BATT_LIBBlackMassToHydro2,ElementLvl1,Al,0.85252981,,±5%,REC,2025,1.0,calc,"[Vaccari et al., 2024]",https://www.sciencedirect.com/science/article/pii/S0921344924002374,mechanical,REC
1583,2,Breaking and separating,ProcessLvl1,mechanical recovery processes,Fragmentation,BATT_LIBToMechanical2,ComponentLvl2,cathodeActiveMaterial,BATT_LIBBlackMassToHydro2,ElementLvl1,Cl,0.85252981,,±5%,REC,2025,1.0,calc,"[Vaccari et al., 2024]",https://www.sciencedirect.com/science/article/pii/S0921344924002374,mechanical,REC
1584,2,Breaking and separating,ProcessLvl1,mechanical recovery processes,Fragmentation,BATT_LIBToMechanical2,ComponentLvl2,cathodeActiveMaterial,BATT_LIBBlackMassToHydro2,ElementLvl1,Co,0.85252981,,±5%,REC,2025,1.0,calc,"[Vaccari et al., 2024]",https://www.sciencedirect.com/science/article/pii/S0921344924002374,mechanical,REC
1585,2,Breaking and separating,ProcessLvl1,mechanical recovery processes,Fragmentation,BATT_LIBToMechanical2,ComponentLvl2,cathodeActiveMaterial,BATT_LIBBlackMassToHydro2,ElementLvl1,Fe,0.85252981,,±5%,REC,2025,1.0,calc,"[Vaccari et al., 2024]",https://www.sciencedirect.com/science/article/pii/S0921344924002374,mechanical,REC
1586,2,Breaking and separating,ProcessLvl1,mechanical recovery processes,Fragmentation,BATT_LIBToMechanical2,ComponentLvl2,cathodeActiveMaterial,BATT_LIBBlackMassToHydro2,ElementLvl1,Li,0.85252981,,±5%,REC,2025,1.0,calc,"[Vaccari et al., 2024]",https://www.sciencedirect.com/science/article/pii/S0921344924002374,mechanical,REC
1587,2,Breaking and separating,ProcessLvl1,mechanical recovery processes,Fragmentation,BATT_LIBToMechanical2,ComponentLvl2,cathodeActiveMaterial,BATT_LIBBlackMassToHydro2,ElementLvl1,Mn,0.85252981,,±5%,REC,2025,1.0,calc,"[Vaccari et al., 2024]",https://www.sciencedirect.com/science/article/pii/S0921344924002374,mechanical,REC
1588,2,Breaking and separating,ProcessLvl1,mechanical recovery processes,Fragmentation,BATT_LIBToMechanical2,ComponentLvl2,cathodeActiveMaterial,BATT_LIBBlackMassToHydro2,ElementLvl1,Ni,0.85252981,,±5%,REC,2025,1.0,calc,"[Vaccari et al., 2024]",https://www.sciencedirect.com/science/article/pii/S0921344924002374,mechanical,REC
1589,2,Breaking and separating,ProcessLvl1,mechanical recovery processes,Fragmentation,BATT_LIBToMechanical2,ComponentLvl2,cathodeActiveMaterial,BATT_LIBBlackMassToHydro2,ElementLvl1,O,0.85252981,,±5%,REC,2025,1.0,calc,"[Vaccari et al., 2024]",https://www.sciencedirect.com/science/article/pii/S0921344924002374,mechanical,REC
1590,2,Breaking and separating,ProcessLvl1,mechanical recovery processes,Fragmentation,BATT_LIBToMechanical2,ComponentLvl2,cathodeActiveMaterial,BATT_LIBBlackMassToHydro2,ElementLvl1,P,0.85252981,,±5%,REC,2025,1.0,calc,"[Vaccari et al., 2024]",https://www.sciencedirect.com/science/article/pii/S0921344924002374,mechanical,REC
1591,2,Breaking and separating,ProcessLvl1,mechanical recovery processes,Fragmentation,BATT_LIBToMechanical2,ComponentLvl2,cathodeActiveMaterial,BATT_LIBBlackMassToHydro2,ElementLvl1,S,0.85252981,,±5%,REC,2025,1.0,calc,"[Vaccari et al., 2024]",https://www.sciencedirect.com/science/article/pii/S0921344924002374,mechanical,REC
1592,2,Breaking and separating,ProcessLvl1,mechanical recovery processes,Fragmentation,BATT_LIBToMechanical2,ComponentLvl2,batteryCellCasing2,BATT_2RM_mechRecLIB2,MaterialLvl1,AlAndAlAlloys,0.937762,,±5%,REC,2025,1.0,calc,"[Vaccari et al., 2024]",https://www.sciencedirect.com/science/article/pii/S0921344924002374,mechanical,REC
1593,2,Breaking and separating,ProcessLvl1,mechanical recovery processes,Fragmentation,BATT_LIBToMechanical2,ComponentLvl2,batteryCellCasing2,BATT_2RM_mechRecLIB2,MaterialLvl1,ferrousMetals1,0.937762,,±5%,REC,2025,1.0,calc,"[Vaccari et al., 2024]",https://www.sciencedirect.com/science/article/pii/S0921344924002374,mechanical,REC
1594,2,Breaking and separating,ProcessLvl1,mechanical recovery processes,Fragmentation,BATT_LIBToMechanical2,ComponentLvl2,batteryCellCasing2,BATT_2RM_mechRecLIB2,ElementLvl1,Fe,0.937762,,±5%,REC,2025,1.0,calc,"[Vaccari et al., 2024]",https://www.sciencedirect.com/science/article/pii/S0921344924002374,mechanical,REC
1595,2,Breaking and separating,ProcessLvl1,mechanical recovery processes,Fragmentation,BATT_LIBToMechanical2,ComponentLvl2,currentCollectorCathode,BATT_2RM_mechRecLIB2,ElementLvl1,Al,0.83708448124,,±5%,REC,2025,1.0,calc,"[Vaccari et al., 2024]",https://www.sciencedirect.com/science/article/pii/S0921344924002374,mechanical,REC
1596,2,Breaking and separating,ProcessLvl1,mechanical recovery processes,Fragmentation,BATT_LIBToMechanical2,ComponentLvl2,currentCollectorAnode,BATT_2RM_mechRecLIB2,ElementLvl1,Cu,0.89642666788,,±5%,REC,2025,1.0,calc,"[Vaccari et al., 2024]",https://www.sciencedirect.com/science/article/pii/S0921344924002374,mechanical,REC
1597,3,Hydrometallurgy (Leaching/SolventExtraction/Priciptation&Crystallization),ProcessLvl3,hydrometallurgy batteries,Transformation,BATT_LIBBlackMassToHydro2,,,BATT_2RM_chemRecLIB2,ElementLvl1,Li,0.92,,±5%,REC,2025,1.0,calc,"[Hämmer and Wambach, 2024]",https://www.mdpi.com/2071-1050/16/19/8737,hydro,REC
1598,3,Hydrometallurgy (Leaching/SolventExtraction/Priciptation&Crystallization),ProcessLvl3,hydrometallurgy batteries,Transformation,BATT_LIBBlackMassToHydro2,,,BATT_2RM_chemRecLIB2,ElementLvl1,Ni,0.9122,,±5%,REC,2025,1.0,calc,"[Hämmer and Wambach, 2024]",https://www.mdpi.com/2071-1050/16/19/8738,hydro,REC
1599,3,Hydrometallurgy (Leaching/SolventExtraction/Priciptation&Crystallization),ProcessLvl3,hydrometallurgy batteries,Transformation,BATT_LIBBlackMassToHydro2,,,BATT_2RM_chemRecLIB2,ElementLvl1,Co,0.7942,,±5%,REC,2025,1.0,calc,"[Hämmer and Wambach, 2024]",https://www.mdpi.com/2071-1050/16/19/8740,hydro,REC
1600,3,Hydrometallurgy (Leaching/SolventExtraction/Priciptation&Crystallization),ProcessLvl3,hydrometallurgy batteries,Transformation,BATT_LIBBlackMassToHydro2,,,BATT_2RM_chemRecLIB2,ElementLvl1,Mn,0.0,,±15%,REC,2025,2.5,calc,"Assumption, no reference",,hydro,REC
1601,3,Hydrometallurgy (Leaching/SolventExtraction/Priciptation&Crystallization),ProcessLvl3,hydrometallurgy batteries,Transformation,BATT_LIBBlackMassToHydro2,,,BATT_2RM_chemRecLIB2,MaterialLvl4,graphite4,0.0,,±15%,REC,2025,2.5,est,"Assumption, no reference",,hydro,REC
1602,2,Breaking and separating,ProcessLvl1,mechanical recovery processes,Fragmentation,BATT_LIBToMechanical2,ComponentLvl2,anodeActiveMaterial,BATT_LIBBlackMassToHydro2,MaterialLvl4,graphite4,0.95,,±20%,REC,2028,3.0,est,"Assumption, no reference",,mechanical,REC
1603,2,Breaking and separating,ProcessLvl1,mechanical recovery processes,Fragmentation,BATT_LIBToMechanical2,ComponentLvl2,cathodeActiveMaterial,BATT_LIBBlackMassToHydro2,ElementLvl1,Al,0.95,,±15%,REC,2028,3.0,est,"Assumption, no reference",,mechanical,REC
1604,2,Breaking and separating,ProcessLvl1,mechanical recovery processes,Fragmentation,BATT_LIBToMechanical2,ComponentLvl2,cathodeActiveMaterial,BATT_LIBBlackMassToHydro2,ElementLvl1,Cl,0.95,,±15%,REC,2028,3.0,est,"Assumption, no reference",,mechanical,REC
1605,2,Breaking and separating,ProcessLvl1,mechanical recovery processes,Fragmentation,BATT_LIBToMechanical2,ComponentLvl2,cathodeActiveMaterial,BATT_LIBBlackMassToHydro2,ElementLvl1,Co,0.95,,±15%,REC,2028,3.0,est,"Assumption, no reference",,mechanical,REC
1606,2,Breaking and separating,ProcessLvl1,mechanical recovery processes,Fragmentation,BATT_LIBToMechanical2,ComponentLvl2,cathodeActiveMaterial,BATT_LIBBlackMassToHydro2,ElementLvl1,Fe,0.95,,±15%,REC,2028,3.0,est,"Assumption, no reference",,mechanical,REC
1607,2,Breaking and separating,ProcessLvl1,mechanical recovery processes,Fragmentation,BATT_LIBToMechanical2,ComponentLvl2,cathodeActiveMaterial,BATT_LIBBlackMassToHydro2,ElementLvl1,Li,0.95,,±15%,REC,2028,3.0,est,"Assumption, no reference",,mechanical,REC
1608,2,Breaking and separating,ProcessLvl1,mechanical recovery processes,Fragmentation,BATT_LIBToMechanical2,ComponentLvl2,cathodeActiveMaterial,BATT_LIBBlackMassToHydro2,ElementLvl1,Mn,0.95,,±15%,REC,2028,3.0,est,"Assumption, no reference",,mechanical,REC
1609,2,Breaking and separating,ProcessLvl1,mechanical recovery processes,Fragmentation,BATT_LIBToMechanical2,ComponentLvl2,cathodeActiveMaterial,BATT_LIBBlackMassToHydro2,ElementLvl1,Ni,0.95,,±15%,REC,2028,3.0,est,"Assumption, no reference",,mechanical,REC
1610,2,Breaking and separating,ProcessLvl1,mechanical recovery processes,Fragmentation,BATT_LIBToMechanical2,ComponentLvl2,cathodeActiveMaterial,BATT_LIBBlackMassToHydro2,ElementLvl1,O,0.95,,±15%,REC,2028,3.0,est,"Assumption, no reference",,mechanical,REC
1611,2,Breaking and separating,ProcessLvl1,mechanical recovery processes,Fragmentation,BATT_LIBToMechanical2,ComponentLvl2,cathodeActiveMaterial,BATT_LIBBlackMassToHydro2,ElementLvl1,P,0.95,,±15%,REC,2028,3.0,est,"Assumption, no reference",,mechanical,REC
1612,2,Breaking and separating,ProcessLvl1,mechanical recovery processes,Fragmentation,BATT_LIBToMechanical2,ComponentLvl2,cathodeActiveMaterial,BATT_LIBBlackMassToHydro2,ElementLvl1,S,0.95,,±15%,REC,2028,3.0,est,"Assumption, no reference",,mechanical,REC
1613,2,Breaking and separating,ProcessLvl1,mechanical recovery processes,Fragmentation,BATT_LIBToMechanical2,ComponentLvl2,batteryCellCasing2,BATT_2RM_mechRecLIB2,MaterialLvl1,AlAndAlAlloys,0.937762,,±10%,REC,2028,1.5,calc,"[Vaccari et al., 2024]",https://www.sciencedirect.com/science/article/pii/S0921344924002374,mechanical,REC
1614,2,Breaking and separating,ProcessLvl1,mechanical recovery processes,Fragmentation,BATT_LIBToMechanical2,ComponentLvl2,batteryCellCasing2,BATT_2RM_mechRecLIB2,MaterialLvl1,ferrousMetals1,0.937762,,±10%,REC,2028,1.5,calc,"[Vaccari et al., 2024]",https://www.sciencedirect.com/science/article/pii/S0921344924002374,mechanical,REC
1615,2,Breaking and separating,ProcessLvl1,mechanical recovery processes,Fragmentation,BATT_LIBToMechanical2,ComponentLvl2,batteryCellCasing2,BATT_2RM_mechRecLIB2,ElementLvl1,Fe,0.937762,,±10%,REC,2028,1.5,calc,"[Vaccari et al., 2024]",https://www.sciencedirect.com/science/article/pii/S0921344924002374,mechanical,REC
1616,2,Breaking and separating,ProcessLvl1,mechanical recovery processes,Fragmentation,BATT_LIBToMechanical2,ComponentLvl2,currentCollectorCathode,BATT_2RM_mechRecLIB2,ElementLvl1,Al,0.9,,±15%,REC,2028,3.0,est,"Assumption, no reference",,mechanical,REC
1617,2,Breaking and separating,ProcessLvl1,mechanical recovery processes,Fragmentation,BATT_LIBToMechanical2,ComponentLvl2,currentCollectorAnode,BATT_2RM_mechRecLIB2,ElementLvl1,Cu,0.9,,±15%,REC,2028,3.0,est,"Assumption, no reference",,mechanical,REC
1618,3,Hydrometallurgy (Leaching/SolventExtraction/Priciptation&Crystallization),ProcessLvl3,hydrometallurgy batteries,Transformation,BATT_LIBBlackMassToHydro2,,,BATT_2RM_chemRecLIB2,ElementLvl1,Li,0.92,,±10%,REC,2028,1.5,calc,"[Hämmer and Wambach, 2024]",https://www.mdpi.com/2071-1050/16/19/8737,hydro,REC
1619,3,Hydrometallurgy (Leaching/SolventExtraction/Priciptation&Crystallization),ProcessLvl3,hydrometallurgy batteries,Transformation,BATT_LIBBlackMassToHydro2,,,BATT_2RM_chemRecLIB2,ElementLvl1,Ni,0.95,,±15%,REC,2028,3.0,est,"Assumption, no reference",,hydro,REC
1620,3,Hydrometallurgy (Leaching/SolventExtraction/Priciptation&Crystallization),ProcessLvl3,hydrometallurgy batteries,Transformation,BATT_LIBBlackMassToHydro2,,,BATT_2RM_chemRecLIB2,ElementLvl1,Co,0.95,,±15%,REC,2028,3.0,est,"Assumption, no reference",,hydro,REC
1621,3,Hydrometallurgy (Leaching/SolventExtraction/Priciptation&Crystallization),ProcessLvl3,hydrometallurgy batteries,Transformation,BATT_LIBBlackMassToHydro2,,,BATT_2RM_chemRecLIB2,ElementLvl1,Mn,0.12,,±15%,REC,2028,3.0,est,"Assumption, no reference",,hydro,REC
1622,3,Hydrometallurgy (Leaching/SolventExtraction/Priciptation&Crystallization),ProcessLvl3,hydrometallurgy batteries,Transformation,BATT_LIBBlackMassToHydro2,,,BATT_2RM_chemRecLIB2,ElementLvl1,Al,0.12,,±15%,REC,2028,3.0,est,"Assumption, no reference",,hydro,REC
1623,3,Hydrometallurgy (Leaching/SolventExtraction/Priciptation&Crystallization),ProcessLvl3,hydrometallurgy batteries,Transformation,BATT_LIBBlackMassToHydro2,,,BATT_2RM_chemRecLIB2,ElementLvl1,Fe,0.12,,±15%,REC,2028,3.0,est,"Assumption, no reference",,hydro,REC
1624,3,Hydrometallurgy (Leaching/SolventExtraction/Priciptation&Crystallization),ProcessLvl3,hydrometallurgy batteries,Transformation,BATT_LIBBlackMassToHydro2,,,BATT_2RM_chemRecLIB2,ElementLvl1,P,0.12,,±15%,REC,2028,3.0,est,"Assumption, no reference",,hydro,REC
1625,3,Hydrometallurgy (Leaching/SolventExtraction/Priciptation&Crystallization),ProcessLvl3,hydrometallurgy batteries,Transformation,BATT_LIBBlackMassToHydro2,,,BATT_2RM_chemRecLIB2,MaterialLvl4,graphite4,0.53,,±20%,REC,2028,3.0,est,"Assumption, no reference",,hydro,REC
1626,2,Breaking and separating,ProcessLvl1,mechanical recovery processes,Fragmentation,BATT_LIBToMechanical2,ComponentLvl2,anodeActiveMaterial,BATT_LIBBlackMassToHydro2,MaterialLvl4,graphite4,0.97,,±20%,REC,2032,3.5,est,"Assumption, no reference",,mechanical,REC
1627,2,Breaking and separating,ProcessLvl1,mechanical recovery processes,Fragmentation,BATT_LIBToMechanical2,ComponentLvl2,cathodeActiveMaterial,BATT_LIBBlackMassToHydro2,ElementLvl1,Al,0.97,,±20%,REC,2032,3.5,est,"Assumption, no reference",,mechanical,REC
1628,2,Breaking and separating,ProcessLvl1,mechanical recovery processes,Fragmentation,BATT_LIBToMechanical2,ComponentLvl2,cathodeActiveMaterial,BATT_LIBBlackMassToHydro2,ElementLvl1,Cl,0.97,,±20%,REC,2032,3.5,est,"Assumption, no reference",,mechanical,REC
1629,2,Breaking and separating,ProcessLvl1,mechanical recovery processes,Fragmentation,BATT_LIBToMechanical2,ComponentLvl2,cathodeActiveMaterial,BATT_LIBBlackMassToHydro2,ElementLvl1,Co,0.97,,±20%,REC,2032,3.5,est,"Assumption, no reference",,mechanical,REC
1630,2,Breaking and separating,ProcessLvl1,mechanical recovery processes,Fragmentation,BATT_LIBToMechanical2,ComponentLvl2,cathodeActiveMaterial,BATT_LIBBlackMassToHydro2,ElementLvl1,Fe,0.97,,±20%,REC,2032,3.5,est,"Assumption, no reference",,mechanical,REC
1631,2,Breaking and separating,ProcessLvl1,mechanical recovery processes,Fragmentation,BATT_LIBToMechanical2,ComponentLvl2,cathodeActiveMaterial,BATT_LIBBlackMassToHydro2,ElementLvl1,Li,0.97,,±20%,REC,2032,3.5,est,"Assumption, no reference",,mechanical,REC
1632,2,Breaking and separating,ProcessLvl1,mechanical recovery processes,Fragmentation,BATT_LIBToMechanical2,ComponentLvl2,cathodeActiveMaterial,BATT_LIBBlackMassToHydro2,ElementLvl1,Mn,0.97,,±20%,REC,2032,3.5,est,"Assumption, no reference",,mechanical,REC
1633,2,Breaking and separating,ProcessLvl1,mechanical recovery processes,Fragmentation,BATT_LIBToMechanical2,ComponentLvl2,cathodeActiveMaterial,BATT_LIBBlackMassToHydro2,ElementLvl1,Ni,0.97,,±20%,REC,2032,3.5,est,"Assumption, no reference",,mechanical,REC
1634,2,Breaking and separating,ProcessLvl1,mechanical recovery processes,Fragmentation,BATT_LIBToMechanical2,ComponentLvl2,cathodeActiveMaterial,BATT_LIBBlackMassToHydro2,ElementLvl1,O,0.97,,±20%,REC,2032,3.5,est,"Assumption, no reference",,mechanical,REC
1635,2,Breaking and separating,ProcessLvl1,mechanical recovery processes,Fragmentation,BATT_LIBToMechanical2,ComponentLvl2,cathodeActiveMaterial,BATT_LIBBlackMassToHydro2,ElementLvl1,P,0.97,,±20%,REC,2032,3.5,est,"Assumption, no reference",,mechanical,REC
1636,2,Breaking and separating,ProcessLvl1,mechanical recovery processes,Fragmentation,BATT_LIBToMechanical2,ComponentLvl2,cathodeActiveMaterial,BATT_LIBBlackMassToHydro2,ElementLvl1,S,0.97,,±20%,REC,2032,3.5,est,"Assumption, no reference",,mechanical,REC
1637,2,Breaking and separating,ProcessLvl1,mechanical recovery processes,Fragmentation,BATT_LIBToMechanical2,ComponentLvl2,batteryCellCasing2,BATT_2RM_mechRecLIB2,MaterialLvl1,AlAndAlAlloys,0.937762,,±10%,REC,2032,2.0,calc,"[Vaccari et al., 2024]",https://www.sciencedirect.com/science/article/pii/S0921344924002374,mechanical,REC
1638,2,Breaking and separating,ProcessLvl1,mechanical recovery processes,Fragmentation,BATT_LIBToMechanical2,ComponentLvl2,batteryCellCasing2,BATT_2RM_mechRecLIB2,MaterialLvl1,ferrousMetals1,0.937762,,±10%,REC,2032,2.0,calc,"[Vaccari et al., 2024]",https://www.sciencedirect.com/science/article/pii/S0921344924002374,mechanical,REC
1639,2,Breaking and separating,ProcessLvl1,mechanical recovery processes,Fragmentation,BATT_LIBToMechanical2,ComponentLvl2,batteryCellCasing2,BATT_2RM_mechRecLIB2,ElementLvl1,Fe,0.937762,,±10%,REC,2032,2.0,calc,"[Vaccari et al., 2024]",https://www.sciencedirect.com/science/article/pii/S0921344924002374,mechanical,REC
1640,2,Breaking and separating,ProcessLvl1,mechanical recovery processes,Fragmentation,BATT_LIBToMechanical2,ComponentLvl2,currentCollectorCathode,BATT_2RM_mechRecLIB2,ElementLvl1,Al,0.95,,±20%,REC,2032,3.5,est,"Assumption, no reference",,mechanical,REC
1641,2,Breaking and separating,ProcessLvl1,mechanical recovery processes,Fragmentation,BATT_LIBToMechanical2,ComponentLvl2,currentCollectorAnode,BATT_2RM_mechRecLIB2,ElementLvl1,Cu,0.95,,±20%,REC,2032,3.5,est,"Assumption, no reference",,mechanical,REC
1642,3,Hydrometallurgy (Leaching/SolventExtraction/Priciptation&Crystallization),ProcessLvl3,hydrometallurgy batteries,Transformation,BATT_LIBBlackMassToHydro2,,,BATT_2RM_chemRecLIB2,ElementLvl1,Li,0.92,,±10%,REC,2032,2.0,calc,"[Hämmer and Wambach, 2024]",https://www.mdpi.com/2071-1050/16/19/8737,hydro,REC
1643,3,Hydrometallurgy (Leaching/SolventExtraction/Priciptation&Crystallization),ProcessLvl3,hydrometallurgy batteries,Transformation,BATT_LIBBlackMassToHydro2,,,BATT_2RM_chemRecLIB2,ElementLvl1,Ni,0.98,,±20%,REC,2032,3.5,est,"Assumption, no reference",,hydro,REC
1644,3,Hydrometallurgy (Leaching/SolventExtraction/Priciptation&Crystallization),ProcessLvl3,hydrometallurgy batteries,Transformation,BATT_LIBBlackMassToHydro2,,,BATT_2RM_chemRecLIB2,ElementLvl1,Co,0.98,,±20%,REC,2032,3.5,est,"Assumption, no reference",,hydro,REC
1645,3,Hydrometallurgy (Leaching/SolventExtraction/Priciptation&Crystallization),ProcessLvl3,hydrometallurgy batteries,Transformation,BATT_LIBBlackMassToHydro2,,,BATT_2RM_chemRecLIB2,ElementLvl1,Mn,0.21,,±20%,REC,2032,3.5,est,"Assumption, no reference",,hydro,REC
1646,3,Hydrometallurgy (Leaching/SolventExtraction/Priciptation&Crystallization),ProcessLvl3,hydrometallurgy batteries,Transformation,BATT_LIBBlackMassToHydro2,,,BATT_2RM_chemRecLIB2,ElementLvl1,Al,0.21,,±20%,REC,2032,3.5,est,"Assumption, no reference",,hydro,REC
1647,3,Hydrometallurgy (Leaching/SolventExtraction/Priciptation&Crystallization),ProcessLvl3,hydrometallurgy batteries,Transformation,BATT_LIBBlackMassToHydro2,,,BATT_2RM_chemRecLIB2,ElementLvl1,Fe,0.21,,±20%,REC,2032,3.5,est,"Assumption, no reference",,hydro,REC
1648,3,Hydrometallurgy (Leaching/SolventExtraction/Priciptation&Crystallization),ProcessLvl3,hydrometallurgy batteries,Transformation,BATT_LIBBlackMassToHydro2,,,BATT_2RM_chemRecLIB2,ElementLvl1,P,0.21,,±20%,REC,2032,3.5,est,"Assumption, no reference",,hydro,REC
1649,3,Hydrometallurgy (Leaching/SolventExtraction/Priciptation&Crystallization),ProcessLvl3,hydrometallurgy batteries,Transformation,BATT_LIBBlackMassToHydro2,,,BATT_2RM_chemRecLIB2,MaterialLvl4,graphite4,0.83,,±20%,REC,2032,3.5,est,"Assumption, no reference",,hydro,REC
1650,2,Breaking and separating,ProcessLvl1,mechanical recovery processes,Fragmentation,BATT_LIBToMechanical2,ComponentLvl2,anodeActiveMaterial,BATT_LIBBlackMassToHydro2,MaterialLvl4,graphite4,0.97,,±20%,REC,2050,4.0,est,"Assumption, no reference",,mechanical,REC
1651,2,Breaking and separating,ProcessLvl1,mechanical recovery processes,Fragmentation,BATT_LIBToMechanical2,ComponentLvl2,cathodeActiveMaterial,BATT_LIBBlackMassToHydro2,ElementLvl1,Al,0.97,,±20%,REC,2050,4.0,est,"Assumption, no reference",,mechanical,REC
1652,2,Breaking and separating,ProcessLvl1,mechanical recovery processes,Fragmentation,BATT_LIBToMechanical2,ComponentLvl2,cathodeActiveMaterial,BATT_LIBBlackMassToHydro2,ElementLvl1,Cl,0.97,,±20%,REC,2050,4.0,est,"Assumption, no reference",,mechanical,REC
1653,2,Breaking and separating,ProcessLvl1,mechanical recovery processes,Fragmentation,BATT_LIBToMechanical2,ComponentLvl2,cathodeActiveMaterial,BATT_LIBBlackMassToHydro2,ElementLvl1,Co,0.97,,±20%,REC,2050,4.0,est,"Assumption, no reference",,mechanical,REC
1654,2,Breaking and separating,ProcessLvl1,mechanical recovery processes,Fragmentation,BATT_LIBToMechanical2,ComponentLvl2,cathodeActiveMaterial,BATT_LIBBlackMassToHydro2,ElementLvl1,Fe,0.97,,±20%,REC,2050,4.0,est,"Assumption, no reference",,mechanical,REC
1655,2,Breaking and separating,ProcessLvl1,mechanical recovery processes,Fragmentation,BATT_LIBToMechanical2,ComponentLvl2,cathodeActiveMaterial,BATT_LIBBlackMassToHydro2,ElementLvl1,Li,0.97,,±20%,REC,2050,4.0,est,"Assumption, no reference",,mechanical,REC
1656,2,Breaking and separating,ProcessLvl1,mechanical recovery processes,Fragmentation,BATT_LIBToMechanical2,ComponentLvl2,cathodeActiveMaterial,BATT_LIBBlackMassToHydro2,ElementLvl1,Mn,0.97,,±20%,REC,2050,4.0,est,"Assumption, no reference",,mechanical,REC
1657,2,Breaking and separating,ProcessLvl1,mechanical recovery processes,Fragmentation,BATT_LIBToMechanical2,ComponentLvl2,cathodeActiveMaterial,BATT_LIBBlackMassToHydro2,ElementLvl1,Ni,0.97,,±20%,REC,2050,4.0,est,"Assumption, no reference",,mechanical,REC
1658,2,Breaking and separating,ProcessLvl1,mechanical recovery processes,Fragmentation,BATT_LIBToMechanical2,ComponentLvl2,cathodeActiveMaterial,BATT_LIBBlackMassToHydro2,ElementLvl1,O,0.97,,±20%,REC,2050,4.0,est,"Assumption, no reference",,mechanical,REC
1659,2,Breaking and separating,ProcessLvl1,mechanical recovery processes,Fragmentation,BATT_LIBToMechanical2,ComponentLvl2,cathodeActiveMaterial,BATT_LIBBlackMassToHydro2,ElementLvl1,P,0.97,,±20%,REC,2050,4.0,est,"Assumption, no reference",,mechanical,REC
1660,2,Breaking and separating,ProcessLvl1,mechanical recovery processes,Fragmentation,BATT_LIBToMechanical2,ComponentLvl2,cathodeActiveMaterial,BATT_LIBBlackMassToHydro2,ElementLvl1,S,0.97,,±20%,REC,2050,4.0,est,"Assumption, no reference",,mechanical,REC
1661,2,Breaking and separating,ProcessLvl1,mechanical recovery processes,Fragmentation,BATT_LIBToMechanical2,ComponentLvl2,batteryCellCasing2,BATT_2RM_mechRecLIB2,MaterialLvl1,AlAndAlAlloys,0.937762,,±15%,REC,2050,2.5,calc,"[Vaccari et al., 2024]",https://www.sciencedirect.com/science/article/pii/S0921344924002374,mechanical,REC
1662,2,Breaking and separating,ProcessLvl1,mechanical recovery processes,Fragmentation,BATT_LIBToMechanical2,ComponentLvl2,batteryCellCasing2,BATT_2RM_mechRecLIB2,MaterialLvl1,ferrousMetals1,0.937762,,±15%,REC,2050,2.5,calc,"[Vaccari et al., 2024]",https://www.sciencedirect.com/science/article/pii/S0921344924002374,mechanical,REC
1663,2,Breaking and separating,ProcessLvl1,mechanical recovery processes,Fragmentation,BATT_LIBToMechanical2,ComponentLvl2,batteryCellCasing2,BATT_2RM_mechRecLIB2,ElementLvl1,Fe,0.937762,,±15%,REC,2050,2.5,calc,"[Vaccari et al., 2024]",https://www.sciencedirect.com/science/article/pii/S0921344924002374,mechanical,REC
1664,2,Breaking and separating,ProcessLvl1,mechanical recovery processes,Fragmentation,BATT_LIBToMechanical2,ComponentLvl2,currentCollectorCathode,BATT_2RM_mechRecLIB2,ElementLvl1,Al,0.95,,±20%,REC,2050,4.0,est,"Assumption, no reference",,mechanical,REC
1665,2,Breaking and separating,ProcessLvl1,mechanical recovery processes,Fragmentation,BATT_LIBToMechanical2,ComponentLvl2,currentCollectorAnode,BATT_2RM_mechRecLIB2,ElementLvl1,Cu,0.95,,±20%,REC,2050,4.0,est,"Assumption, no reference",,mechanical,REC
1666,3,Hydrometallurgy (Leaching/SolventExtraction/Priciptation&Crystallization),ProcessLvl3,hydrometallurgy batteries,Transformation,BATT_LIBBlackMassToHydro2,,,BATT_2RM_chemRecLIB2,ElementLvl1,Li,0.94,,±15%,REC,2050,2.5,calc,"[Hämmer and Wambach, 2024]",https://www.mdpi.com/2071-1050/16/19/8737,hydro,REC
1667,3,Hydrometallurgy (Leaching/SolventExtraction/Priciptation&Crystallization),ProcessLvl3,hydrometallurgy batteries,Transformation,BATT_LIBBlackMassToHydro2,,,BATT_2RM_chemRecLIB2,ElementLvl1,Ni,0.98,,±20%,REC,2050,4.0,est,"Assumption, no reference",,hydro,REC
1668,3,Hydrometallurgy (Leaching/SolventExtraction/Priciptation&Crystallization),ProcessLvl3,hydrometallurgy batteries,Transformation,BATT_LIBBlackMassToHydro2,,,BATT_2RM_chemRecLIB2,ElementLvl1,Co,0.98,,±20%,REC,2050,4.0,est,"Assumption, no reference",,hydro,REC
1669,3,Hydrometallurgy (Leaching/SolventExtraction/Priciptation&Crystallization),ProcessLvl3,hydrometallurgy batteries,Transformation,BATT_LIBBlackMassToHydro2,,,BATT_2RM_chemRecLIB2,ElementLvl1,Mn,0.52,,±20%,REC,2050,4.0,est,"[Li et al., 2023]",https://doi.org/10.1016/j.seppur.2022.122559,hydro,REC
1670,3,Hydrometallurgy (Leaching/SolventExtraction/Priciptation&Crystallization),ProcessLvl3,hydrometallurgy batteries,Transformation,BATT_LIBBlackMassToHydro2,,,BATT_2RM_chemRecLIB2,ElementLvl1,Al,0.52,,±20%,REC,2050,4.0,est,"Assumption, no reference",,hydro,REC
1671,3,Hydrometallurgy (Leaching/SolventExtraction/Priciptation&Crystallization),ProcessLvl3,hydrometallurgy batteries,Transformation,BATT_LIBBlackMassToHydro2,,,BATT_2RM_chemRecLIB2,ElementLvl1,Fe,0.52,,±20%,REC,2050,4.0,est,"Assumption, no reference",,hydro,REC
1672,3,Hydrometallurgy (Leaching/SolventExtraction/Priciptation&Crystallization),ProcessLvl3,hydrometallurgy batteries,Transformation,BATT_LIBBlackMassToHydro2,,,BATT_2RM_chemRecLIB2,ElementLvl1,P,0.52,,±20%,REC,2050,4.0,est,"Assumption, no reference",,hydro,REC
1673,3,Hydrometallurgy (Leaching/SolventExtraction/Priciptation&Crystallization),ProcessLvl3,hydrometallurgy batteries,Transformation,BATT_LIBBlackMassToHydro2,,,BATT_2RM_chemRecLIB2,MaterialLvl4,graphite4,0.95,,±20%,REC,2050,4.0,est,"Assumption, no reference",,hydro,REC
1674,2,Breaking and separating,ProcessLvl1,mechanical recovery processes,Fragmentation,BATT_LIBToMechanical2,ComponentLvl2,anodeActiveMaterial,BATT_Losses_LIBBlackMassToHydro2,MaterialLvl4,graphite4,0.14747018999999995,,±5%,OBS,2010,1.0,calc,"[Vaccari et al., 2024]",https://www.sciencedirect.com/science/article/pii/S0921344924002374,mechanical,OBS
1675,2,Breaking and separating,ProcessLvl1,mechanical recovery processes,Fragmentation,BATT_LIBToMechanical2,ComponentLvl2,cathodeActiveMaterial,BATT_Losses_LIBBlackMassToHydro2,ElementLvl1,Al,0.14747018999999995,,±5%,OBS,2010,1.0,calc,"[Vaccari et al., 2024]",https://www.sciencedirect.com/science/article/pii/S0921344924002374,mechanical,OBS
1676,2,Breaking and separating,ProcessLvl1,mechanical recovery processes,Fragmentation,BATT_LIBToMechanical2,ComponentLvl2,cathodeActiveMaterial,BATT_Losses_LIBBlackMassToHydro2,ElementLvl1,Cl,0.14747018999999995,,±5%,OBS,2010,1.0,calc,"[Vaccari et al., 2024]",https://www.sciencedirect.com/science/article/pii/S0921344924002374,mechanical,OBS
1677,2,Breaking and separating,ProcessLvl1,mechanical recovery processes,Fragmentation,BATT_LIBToMechanical2,ComponentLvl2,cathodeActiveMaterial,BATT_Losses_LIBBlackMassToHydro2,ElementLvl1,Co,0.14747018999999995,,±5%,OBS,2010,1.0,calc,"[Vaccari et al., 2024]",https://www.sciencedirect.com/science/article/pii/S0921344924002374,mechanical,OBS
1678,2,Breaking and separating,ProcessLvl1,mechanical recovery processes,Fragmentation,BATT_LIBToMechanical2,ComponentLvl2,cathodeActiveMaterial,BATT_Losses_LIBBlackMassToHydro2,ElementLvl1,Fe,0.14747018999999995,,±5%,OBS,2010,1.0,calc,"[Vaccari et al., 2024]",https://www.sciencedirect.com/science/article/pii/S0921344924002374,mechanical,OBS
1679,2,Breaking and separating,ProcessLvl1,mechanical recovery processes,Fragmentation,BATT_LIBToMechanical2,ComponentLvl2,cathodeActiveMaterial,BATT_Losses_LIBBlackMassToHydro2,ElementLvl1,Li,0.14747018999999995,,±5%,OBS,2010,1.0,calc,"[Vaccari et al., 2024]",https://www.sciencedirect.com/science/article/pii/S0921344924002374,mechanical,OBS
1680,2,Breaking and separating,ProcessLvl1,mechanical recovery processes,Fragmentation,BATT_LIBToMechanical2,ComponentLvl2,cathodeActiveMaterial,BATT_Losses_LIBBlackMassToHydro2,ElementLvl1,Mn,0.14747018999999995,,±5%,OBS,2010,1.0,calc,"[Vaccari et al., 2024]",https://www.sciencedirect.com/science/article/pii/S0921344924002374,mechanical,OBS
1681,2,Breaking and separating,ProcessLvl1,mechanical recovery processes,Fragmentation,BATT_LIBToMechanical2,ComponentLvl2,cathodeActiveMaterial,BATT_Losses_LIBBlackMassToHydro2,ElementLvl1,Ni,0.14747018999999995,,±5%,OBS,2010,1.0,calc,"[Vaccari et al., 2024]",https://www.sciencedirect.com/science/article/pii/S0921344924002374,mechanical,OBS
1682,2,Breaking and separating,ProcessLvl1,mechanical recovery processes,Fragmentation,BATT_LIBToMechanical2,ComponentLvl2,cathodeActiveMaterial,BATT_Losses_LIBBlackMassToHydro2,ElementLvl1,O,0.14747018999999995,,±5%,OBS,2010,1.0,calc,"[Vaccari et al., 2024]",https://www.sciencedirect.com/science/article/pii/S0921344924002374,mechanical,OBS
1683,2,Breaking and separating,ProcessLvl1,mechanical recovery processes,Fragmentation,BATT_LIBToMechanical2,ComponentLvl2,cathodeActiveMaterial,BATT_Losses_LIBBlackMassToHydro2,ElementLvl1,P,0.14747018999999995,,±5%,OBS,2010,1.0,calc,"[Vaccari et al., 2024]",https://www.sciencedirect.com/science/article/pii/S0921344924002374,mechanical,OBS
1684,2,Breaking and separating,ProcessLvl1,mechanical recovery processes,Fragmentation,BATT_LIBToMechanical2,ComponentLvl2,cathodeActiveMaterial,BATT_Losses_LIBBlackMassToHydro2,ElementLvl1,S,0.14747018999999995,,±5%,OBS,2010,1.0,calc,"[Vaccari et al., 2024]",https://www.sciencedirect.com/science/article/pii/S0921344924002374,mechanical,OBS
1685,2,Breaking and separating,ProcessLvl1,mechanical recovery processes,Fragmentation,BATT_LIBToMechanical2,ComponentLvl2,batteryCellCasing2,BATT_Losses_mechRecLIB2,MaterialLvl1,AlAndAlAlloys,0.062238000000000016,,±5%,OBS,2010,1.0,calc,"[Vaccari et al., 2024]",https://www.sciencedirect.com/science/article/pii/S0921344924002374,mechanical,OBS
1686,2,Breaking and separating,ProcessLvl1,mechanical recovery processes,Fragmentation,BATT_LIBToMechanical2,ComponentLvl2,batteryCellCasing2,BATT_Losses_mechRecLIB2,MaterialLvl1,ferrousMetals1,0.062238000000000016,,±5%,OBS,2010,1.0,calc,"[Vaccari et al., 2024]",https://www.sciencedirect.com/science/article/pii/S0921344924002374,mechanical,OBS
1687,2,Breaking and separating,ProcessLvl1,mechanical recovery processes,Fragmentation,BATT_LIBToMechanical2,ComponentLvl2,batteryCellCasing2,BATT_Losses_mechRecLIB2,ElementLvl1,Fe,0.062238000000000016,,±5%,OBS,2010,1.0,calc,"[Vaccari et al., 2024]",https://www.sciencedirect.com/science/article/pii/S0921344924002374,mechanical,OBS
1688,2,Breaking and separating,ProcessLvl1,mechanical recovery processes,Fragmentation,BATT_LIBToMechanical2,ComponentLvl2,currentCollectorCathode,BATT_Losses_mechRecLIB2,ElementLvl1,Al,0.16291551876,,±5%,OBS,2010,1.0,calc,"[Vaccari et al., 2024]",https://www.sciencedirect.com/science/article/pii/S0921344924002374,mechanical,OBS
1689,2,Breaking and separating,ProcessLvl1,mechanical recovery processes,Fragmentation,BATT_LIBToMechanical2,ComponentLvl2,currentCollectorAnode,BATT_Losses_mechRecLIB2,ElementLvl1,Cu,0.10357333211999997,,±5%,OBS,2010,1.0,calc,"[Vaccari et al., 2024]",https://www.sciencedirect.com/science/article/pii/S0921344924002374,mechanical,OBS
1690,3,Hydrometallurgy (Leaching/SolventExtraction/Priciptation&Crystallization),ProcessLvl3,hydrometallurgy batteries,Transformation,BATT_LIBBlackMassToHydro2,,,BATT_Losses_chemRecLIB2,ElementLvl1,Li,0.07999999999999996,,±5%,OBS,2010,1.0,calc,"[Hämmer and Wambach, 2024]",https://www.mdpi.com/2071-1050/16/19/8737,hydro,OBS
1691,3,Hydrometallurgy (Leaching/SolventExtraction/Priciptation&Crystallization),ProcessLvl3,hydrometallurgy batteries,Transformation,BATT_LIBBlackMassToHydro2,,,BATT_Losses_chemRecLIB2,ElementLvl1,Ni,0.08779999999999999,,±5%,OBS,2010,1.0,calc,"[Hämmer and Wambach, 2024]",https://www.mdpi.com/2071-1050/16/19/8738,hydro,OBS
1692,3,Hydrometallurgy (Leaching/SolventExtraction/Priciptation&Crystallization),ProcessLvl3,hydrometallurgy batteries,Transformation,BATT_LIBBlackMassToHydro2,,,BATT_Losses_chemRecLIB2,ElementLvl1,Co,0.20579999999999998,,±5%,OBS,2010,1.0,calc,"[Hämmer and Wambach, 2024]",https://www.mdpi.com/2071-1050/16/19/8740,hydro,OBS
1693,2,Breaking and separating,ProcessLvl1,mechanical recovery processes,Fragmentation,BATT_LIBToMechanical2,ComponentLvl2,anodeActiveMaterial,BATT_Losses_LIBBlackMassToHydro2,MaterialLvl4,graphite4,0.14747018999999995,,±5%,REC,2025,1.0,calc,"[Vaccari et al., 2024]",https://www.sciencedirect.com/science/article/pii/S0921344924002374,mechanical,REC
1694,2,Breaking and separating,ProcessLvl1,mechanical recovery processes,Fragmentation,BATT_LIBToMechanical2,ComponentLvl2,cathodeActiveMaterial,BATT_Losses_LIBBlackMassToHydro2,ElementLvl1,Al,0.14747018999999995,,±5%,REC,2025,1.0,calc,"[Vaccari et al., 2024]",https://www.sciencedirect.com/science/article/pii/S0921344924002374,mechanical,REC
1695,2,Breaking and separating,ProcessLvl1,mechanical recovery processes,Fragmentation,BATT_LIBToMechanical2,ComponentLvl2,cathodeActiveMaterial,BATT_Losses_LIBBlackMassToHydro2,ElementLvl1,Cl,0.14747018999999995,,±5%,REC,2025,1.0,calc,"[Vaccari et al., 2024]",https://www.sciencedirect.com/science/article/pii/S0921344924002374,mechanical,REC
1696,2,Breaking and separating,ProcessLvl1,mechanical recovery processes,Fragmentation,BATT_LIBToMechanical2,ComponentLvl2,cathodeActiveMaterial,BATT_Losses_LIBBlackMassToHydro2,ElementLvl1,Co,0.14747018999999995,,±5%,REC,2025,1.0,calc,"[Vaccari et al., 2024]",https://www.sciencedirect.com/science/article/pii/S0921344924002374,mechanical,REC
1697,2,Breaking and separating,ProcessLvl1,mechanical recovery processes,Fragmentation,BATT_LIBToMechanical2,ComponentLvl2,cathodeActiveMaterial,BATT_Losses_LIBBlackMassToHydro2,ElementLvl1,Fe,0.14747018999999995,,±5%,REC,2025,1.0,calc,"[Vaccari et al., 2024]",https://www.sciencedirect.com/science/article/pii/S0921344924002374,mechanical,REC
1698,2,Breaking and separating,ProcessLvl1,mechanical recovery processes,Fragmentation,BATT_LIBToMechanical2,ComponentLvl2,cathodeActiveMaterial,BATT_Losses_LIBBlackMassToHydro2,ElementLvl1,Li,0.14747018999999995,,±5%,REC,2025,1.0,calc,"[Vaccari et al., 2024]",https://www.sciencedirect.com/science/article/pii/S0921344924002374,mechanical,REC
1699,2,Breaking and separating,ProcessLvl1,mechanical recovery processes,Fragmentation,BATT_LIBToMechanical2,ComponentLvl2,cathodeActiveMaterial,BATT_Losses_LIBBlackMassToHydro2,ElementLvl1,Mn,0.14747018999999995,,±5%,REC,2025,1.0,calc,"[Vaccari et al., 2024]",https://www.sciencedirect.com/science/article/pii/S0921344924002374,mechanical,REC
1700,2,Breaking and separating,ProcessLvl1,mechanical recovery processes,Fragmentation,BATT_LIBToMechanical2,ComponentLvl2,cathodeActiveMaterial,BATT_Losses_LIBBlackMassToHydro2,ElementLvl1,Ni,0.14747018999999995,,±5%,REC,2025,1.0,calc,"[Vaccari et al., 2024]",https://www.sciencedirect.com/science/article/pii/S0921344924002374,mechanical,REC
1701,2,Breaking and separating,ProcessLvl1,mechanical recovery processes,Fragmentation,BATT_LIBToMechanical2,ComponentLvl2,cathodeActiveMaterial,BATT_Losses_LIBBlackMassToHydro2,ElementLvl1,O,0.14747018999999995,,±5%,REC,2025,1.0,calc,"[Vaccari et al., 2024]",https://www.sciencedirect.com/science/article/pii/S0921344924002374,mechanical,REC
1702,2,Breaking and separating,ProcessLvl1,mechanical recovery processes,Fragmentation,BATT_LIBToMechanical2,ComponentLvl2,cathodeActiveMaterial,BATT_Losses_LIBBlackMassToHydro2,ElementLvl1,P,0.14747018999999995,,±5%,REC,2025,1.0,calc,"[Vaccari et al., 2024]",https://www.sciencedirect.com/science/article/pii/S0921344924002374,mechanical,REC
1703,2,Breaking and separating,ProcessLvl1,mechanical recovery processes,Fragmentation,BATT_LIBToMechanical2,ComponentLvl2,cathodeActiveMaterial,BATT_Losses_LIBBlackMassToHydro2,ElementLvl1,S,0.14747018999999995,,±5%,REC,2025,1.0,calc,"[Vaccari et al., 2024]",https://www.sciencedirect.com/science/article/pii/S0921344924002374,mechanical,REC
1704,2,Breaking and separating,ProcessLvl1,mechanical recovery processes,Fragmentation,BATT_LIBToMechanical2,ComponentLvl2,batteryCellCasing2,BATT_Losses_mechRecLIB2,MaterialLvl1,AlAndAlAlloys,0.062238000000000016,,±5%,REC,2025,1.0,calc,"[Vaccari et al., 2024]",https://www.sciencedirect.com/science/article/pii/S0921344924002374,mechanical,REC
1705,2,Breaking and separating,ProcessLvl1,mechanical recovery processes,Fragmentation,BATT_LIBToMechanical2,ComponentLvl2,batteryCellCasing2,BATT_Losses_mechRecLIB2,MaterialLvl1,ferrousMetals1,0.062238000000000016,,±5%,REC,2025,1.0,calc,"[Vaccari et al., 2024]",https://www.sciencedirect.com/science/article/pii/S0921344924002374,mechanical,REC
1706,2,Breaking and separating,ProcessLvl1,mechanical recovery processes,Fragmentation,BATT_LIBToMechanical2,ComponentLvl2,batteryCellCasing2,BATT_Losses_mechRecLIB2,ElementLvl1,Fe,0.062238000000000016,,±5%,REC,2025,1.0,calc,"[Vaccari et al., 2024]",https://www.sciencedirect.com/science/article/pii/S0921344924002374,mechanical,REC
1707,2,Breaking and separating,ProcessLvl1,mechanical recovery processes,Fragmentation,BATT_LIBToMechanical2,ComponentLvl2,currentCollectorCathode,BATT_Losses_mechRecLIB2,ElementLvl1,Al,0.16291551876,,±5%,REC,2025,1.0,calc,"[Vaccari et al., 2024]",https://www.sciencedirect.com/science/article/pii/S0921344924002374,mechanical,REC
1708,2,Breaking and separating,ProcessLvl1,mechanical recovery processes,Fragmentation,BATT_LIBToMechanical2,ComponentLvl2,currentCollectorAnode,BATT_Losses_mechRecLIB2,ElementLvl1,Cu,0.10357333211999997,,±5%,REC,2025,1.0,calc,"[Vaccari et al., 2024]",https://www.sciencedirect.com/science/article/pii/S0921344924002374,mechanical,REC
1709,3,Hydrometallurgy (Leaching/SolventExtraction/Priciptation&Crystallization),ProcessLvl3,hydrometallurgy batteries,Transformation,BATT_LIBBlackMassToHydro2,,,BATT_Losses_chemRecLIB2,ElementLvl1,Li,0.07999999999999996,,±5%,REC,2025,1.0,calc,"[Hämmer and Wambach, 2024]",https://www.mdpi.com/2071-1050/16/19/8737,hydro,REC
1710,3,Hydrometallurgy (Leaching/SolventExtraction/Priciptation&Crystallization),ProcessLvl3,hydrometallurgy batteries,Transformation,BATT_LIBBlackMassToHydro2,,,BATT_Losses_chemRecLIB2,ElementLvl1,Ni,0.08779999999999999,,±5%,REC,2025,1.0,calc,"[Hämmer and Wambach, 2024]",https://www.mdpi.com/2071-1050/16/19/8738,hydro,REC
1711,3,Hydrometallurgy (Leaching/SolventExtraction/Priciptation&Crystallization),ProcessLvl3,hydrometallurgy batteries,Transformation,BATT_LIBBlackMassToHydro2,,,BATT_Losses_chemRecLIB2,ElementLvl1,Co,0.20579999999999998,,±5%,REC,2025,1.0,calc,"[Hämmer and Wambach, 2024]",https://www.mdpi.com/2071-1050/16/19/8740,hydro,REC
1712,2,Breaking and separating,ProcessLvl1,mechanical recovery processes,Fragmentation,BATT_LIBToMechanical2,ComponentLvl2,anodeActiveMaterial,BATT_Losses_LIBBlackMassToHydro2,MaterialLvl4,graphite4,0.050000000000000044,,±15%,REC,2028,3.0,est,"Assumption, no reference",,mechanical,REC
1713,2,Breaking and separating,ProcessLvl1,mechanical recovery processes,Fragmentation,BATT_LIBToMechanical2,ComponentLvl2,cathodeActiveMaterial,BATT_Losses_LIBBlackMassToHydro2,ElementLvl1,Al,0.050000000000000044,,±15%,REC,2028,3.0,est,"Assumption, no reference",,mechanical,REC
1714,2,Breaking and separating,ProcessLvl1,mechanical recovery processes,Fragmentation,BATT_LIBToMechanical2,ComponentLvl2,cathodeActiveMaterial,BATT_Losses_LIBBlackMassToHydro2,ElementLvl1,Cl,0.050000000000000044,,±15%,REC,2028,3.0,est,"Assumption, no reference",,mechanical,REC
1715,2,Breaking and separating,ProcessLvl1,mechanical recovery processes,Fragmentation,BATT_LIBToMechanical2,ComponentLvl2,cathodeActiveMaterial,BATT_Losses_LIBBlackMassToHydro2,ElementLvl1,Co,0.050000000000000044,,±15%,REC,2028,3.0,est,"Assumption, no reference",,mechanical,REC
1716,2,Breaking and separating,ProcessLvl1,mechanical recovery processes,Fragmentation,BATT_LIBToMechanical2,ComponentLvl2,cathodeActiveMaterial,BATT_Losses_LIBBlackMassToHydro2,ElementLvl1,Fe,0.050000000000000044,,±15%,REC,2028,3.0,est,"Assumption, no reference",,mechanical,REC
1717,2,Breaking and separating,ProcessLvl1,mechanical recovery processes,Fragmentation,BATT_LIBToMechanical2,ComponentLvl2,cathodeActiveMaterial,BATT_Losses_LIBBlackMassToHydro2,ElementLvl1,Li,0.050000000000000044,,±15%,REC,2028,3.0,est,"Assumption, no reference",,mechanical,REC
1718,2,Breaking and separating,ProcessLvl1,mechanical recovery processes,Fragmentation,BATT_LIBToMechanical2,ComponentLvl2,cathodeActiveMaterial,BATT_Losses_LIBBlackMassToHydro2,ElementLvl1,Mn,0.050000000000000044,,±15%,REC,2028,3.0,est,"Assumption, no reference",,mechanical,REC
1719,2,Breaking and separating,ProcessLvl1,mechanical recovery processes,Fragmentation,BATT_LIBToMechanical2,ComponentLvl2,cathodeActiveMaterial,BATT_Losses_LIBBlackMassToHydro2,ElementLvl1,Ni,0.050000000000000044,,±15%,REC,2028,3.0,est,"Assumption, no reference",,mechanical,REC
1720,2,Breaking and separating,ProcessLvl1,mechanical recovery processes,Fragmentation,BATT_LIBToMechanical2,ComponentLvl2,cathodeActiveMaterial,BATT_Losses_LIBBlackMassToHydro2,ElementLvl1,O,0.050000000000000044,,±15%,REC,2028,3.0,est,"Assumption, no reference",,mechanical,REC
1721,2,Breaking and separating,ProcessLvl1,mechanical recovery processes,Fragmentation,BATT_LIBToMechanical2,ComponentLvl2,cathodeActiveMaterial,BATT_Losses_LIBBlackMassToHydro2,ElementLvl1,P,0.050000000000000044,,±15%,REC,2028,3.0,est,"Assumption, no reference",,mechanical,REC
1722,2,Breaking and separating,ProcessLvl1,mechanical recovery processes,Fragmentation,BATT_LIBToMechanical2,ComponentLvl2,cathodeActiveMaterial,BATT_Losses_LIBBlackMassToHydro2,ElementLvl1,S,0.050000000000000044,,±15%,REC,2028,3.0,est,"Assumption, no reference",,mechanical,REC
1723,2,Breaking and separating,ProcessLvl1,mechanical recovery processes,Fragmentation,BATT_LIBToMechanical2,ComponentLvl2,batteryCellCasing2,BATT_Losses_mechRecLIB2,MaterialLvl1,AlAndAlAlloys,0.062238000000000016,,±10%,REC,2028,1.5,calc,"[Vaccari et al., 2024]",https://www.sciencedirect.com/science/article/pii/S0921344924002374,mechanical,REC
1724,2,Breaking and separating,ProcessLvl1,mechanical recovery processes,Fragmentation,BATT_LIBToMechanical2,ComponentLvl2,batteryCellCasing2,BATT_Losses_mechRecLIB2,MaterialLvl1,ferrousMetals1,0.062238000000000016,,±10%,REC,2028,1.5,calc,"[Vaccari et al., 2024]",https://www.sciencedirect.com/science/article/pii/S0921344924002374,mechanical,REC
1725,2,Breaking and separating,ProcessLvl1,mechanical recovery processes,Fragmentation,BATT_LIBToMechanical2,ComponentLvl2,batteryCellCasing2,BATT_Losses_mechRecLIB2,ElementLvl1,Fe,0.062238000000000016,,±10%,REC,2028,1.5,calc,"[Vaccari et al., 2024]",https://www.sciencedirect.com/science/article/pii/S0921344924002374,mechanical,REC
1726,2,Breaking and separating,ProcessLvl1,mechanical recovery processes,Fragmentation,BATT_LIBToMechanical2,ComponentLvl2,currentCollectorCathode,BATT_Losses_mechRecLIB2,ElementLvl1,Al,0.09999999999999998,,±15%,REC,2028,3.0,est,"Assumption, no reference",,mechanical,REC
1727,2,Breaking and separating,ProcessLvl1,mechanical recovery processes,Fragmentation,BATT_LIBToMechanical2,ComponentLvl2,currentCollectorAnode,BATT_Losses_mechRecLIB2,ElementLvl1,Cu,0.09999999999999998,,±15%,REC,2028,3.0,est,"Assumption, no reference",,mechanical,REC
1728,3,Hydrometallurgy (Leaching/SolventExtraction/Priciptation&Crystallization),ProcessLvl3,hydrometallurgy batteries,Transformation,BATT_LIBBlackMassToHydro2,,,BATT_Losses_chemRecLIB2,ElementLvl1,Li,0.07999999999999996,,±10%,REC,2028,1.5,calc,"[Hämmer and Wambach, 2024]",https://www.mdpi.com/2071-1050/16/19/8737,hydro,REC
1729,3,Hydrometallurgy (Leaching/SolventExtraction/Priciptation&Crystallization),ProcessLvl3,hydrometallurgy batteries,Transformation,BATT_LIBBlackMassToHydro2,,,BATT_Losses_chemRecLIB2,ElementLvl1,Ni,0.050000000000000044,,±15%,REC,2028,3.0,est,"Assumption, no reference",,hydro,REC
1730,3,Hydrometallurgy (Leaching/SolventExtraction/Priciptation&Crystallization),ProcessLvl3,hydrometallurgy batteries,Transformation,BATT_LIBBlackMassToHydro2,,,BATT_Losses_chemRecLIB2,ElementLvl1,Co,0.050000000000000044,,±15%,REC,2028,3.0,est,"Assumption, no reference",,hydro,REC
1731,3,Hydrometallurgy (Leaching/SolventExtraction/Priciptation&Crystallization),ProcessLvl3,hydrometallurgy batteries,Transformation,BATT_LIBBlackMassToHydro2,,,BATT_Losses_chemRecLIB2,ElementLvl1,Mn,0.88,,±15%,REC,2028,3.0,est,"[Li et al., 2023]",https://doi.org/10.1016/j.seppur.2022.122559,hydro,REC
1732,3,Hydrometallurgy (Leaching/SolventExtraction/Priciptation&Crystallization),ProcessLvl3,hydrometallurgy batteries,Transformation,BATT_LIBBlackMassToHydro2,,,BATT_Losses_chemRecLIB2,ElementLvl1,Al,0.88,,±15%,REC,2028,3.0,est,"Assumption, no reference",,hydro,REC
1733,3,Hydrometallurgy (Leaching/SolventExtraction/Priciptation&Crystallization),ProcessLvl3,hydrometallurgy batteries,Transformation,BATT_LIBBlackMassToHydro2,,,BATT_Losses_chemRecLIB2,ElementLvl1,Fe,0.88,,±15%,REC,2028,3.0,est,"Assumption, no reference",,hydro,REC
1734,3,Hydrometallurgy (Leaching/SolventExtraction/Priciptation&Crystallization),ProcessLvl3,hydrometallurgy batteries,Transformation,BATT_LIBBlackMassToHydro2,,,BATT_Losses_chemRecLIB2,ElementLvl1,P,0.88,,±15%,REC,2028,3.0,est,"Assumption, no reference",,hydro,REC
1735,3,Hydrometallurgy (Leaching/SolventExtraction/Priciptation&Crystallization),ProcessLvl3,hydrometallurgy batteries,Transformation,BATT_LIBBlackMassToHydro2,,,BATT_Losses_chemRecLIB2,MaterialLvl4,graphite4,0.47,,±15%,REC,2028,3.0,est,"Assumption, no reference",,hydro,REC
1736,2,Breaking and separating,ProcessLvl1,mechanical recovery processes,Fragmentation,BATT_LIBToMechanical2,ComponentLvl2,anodeActiveMaterial,BATT_Losses_LIBBlackMassToHydro2,MaterialLvl4,graphite4,0.030000000000000027,,±20%,REC,2032,3.5,est,"Assumption, no reference",,mechanical,REC
1737,2,Breaking and separating,ProcessLvl1,mechanical recovery processes,Fragmentation,BATT_LIBToMechanical2,ComponentLvl2,cathodeActiveMaterial,BATT_Losses_LIBBlackMassToHydro2,ElementLvl1,Al,0.030000000000000027,,±20%,REC,2032,3.5,est,"Assumption, no reference",,mechanical,REC
1738,2,Breaking and separating,ProcessLvl1,mechanical recovery processes,Fragmentation,BATT_LIBToMechanical2,ComponentLvl2,cathodeActiveMaterial,BATT_Losses_LIBBlackMassToHydro2,ElementLvl1,Cl,0.030000000000000027,,±20%,REC,2032,3.5,est,"Assumption, no reference",,mechanical,REC
1739,2,Breaking and separating,ProcessLvl1,mechanical recovery processes,Fragmentation,BATT_LIBToMechanical2,ComponentLvl2,cathodeActiveMaterial,BATT_Losses_LIBBlackMassToHydro2,ElementLvl1,Co,0.030000000000000027,,±20%,REC,2032,3.5,est,"Assumption, no reference",,mechanical,REC
1740,2,Breaking and separating,ProcessLvl1,mechanical recovery processes,Fragmentation,BATT_LIBToMechanical2,ComponentLvl2,cathodeActiveMaterial,BATT_Losses_LIBBlackMassToHydro2,ElementLvl1,Fe,0.030000000000000027,,±20%,REC,2032,3.5,est,"Assumption, no reference",,mechanical,REC
1741,2,Breaking and separating,ProcessLvl1,mechanical recovery processes,Fragmentation,BATT_LIBToMechanical2,ComponentLvl2,cathodeActiveMaterial,BATT_Losses_LIBBlackMassToHydro2,ElementLvl1,Li,0.030000000000000027,,±20%,REC,2032,3.5,est,"Assumption, no reference",,mechanical,REC
1742,2,Breaking and separating,ProcessLvl1,mechanical recovery processes,Fragmentation,BATT_LIBToMechanical2,ComponentLvl2,cathodeActiveMaterial,BATT_Losses_LIBBlackMassToHydro2,ElementLvl1,Mn,0.030000000000000027,,±20%,REC,2032,3.5,est,"Assumption, no reference",,mechanical,REC
1743,2,Breaking and separating,ProcessLvl1,mechanical recovery processes,Fragmentation,BATT_LIBToMechanical2,ComponentLvl2,cathodeActiveMaterial,BATT_Losses_LIBBlackMassToHydro2,ElementLvl1,Ni,0.030000000000000027,,±20%,REC,2032,3.5,est,"Assumption, no reference",,mechanical,REC
1744,2,Breaking and separating,ProcessLvl1,mechanical recovery processes,Fragmentation,BATT_LIBToMechanical2,ComponentLvl2,cathodeActiveMaterial,BATT_Losses_LIBBlackMassToHydro2,ElementLvl1,O,0.030000000000000027,,±20%,REC,2032,3.5,est,"Assumption, no reference",,mechanical,REC
1745,2,Breaking and separating,ProcessLvl1,mechanical recovery processes,Fragmentation,BATT_LIBToMechanical2,ComponentLvl2,cathodeActiveMaterial,BATT_Losses_LIBBlackMassToHydro2,ElementLvl1,P,0.030000000000000027,,±20%,REC,2032,3.5,est,"Assumption, no reference",,mechanical,REC
1746,2,Breaking and separating,ProcessLvl1,mechanical recovery processes,Fragmentation,BATT_LIBToMechanical2,ComponentLvl2,cathodeActiveMaterial,BATT_Losses_LIBBlackMassToHydro2,ElementLvl1,S,0.030000000000000027,,±20%,REC,2032,3.5,est,"Assumption, no reference",,mechanical,REC
1747,2,Breaking and separating,ProcessLvl1,mechanical recovery processes,Fragmentation,BATT_LIBToMechanical2,ComponentLvl2,batteryCellCasing2,BATT_Losses_mechRecLIB2,MaterialLvl1,AlAndAlAlloys,0.062238000000000016,,±10%,REC,2032,2.0,calc,"[Vaccari et al., 2024]",https://www.sciencedirect.com/science/article/pii/S0921344924002374,mechanical,REC
1748,2,Breaking and separating,ProcessLvl1,mechanical recovery processes,Fragmentation,BATT_LIBToMechanical2,ComponentLvl2,batteryCellCasing2,BATT_Losses_mechRecLIB2,MaterialLvl1,ferrousMetals1,0.062238000000000016,,±10%,REC,2032,2.0,calc,"[Vaccari et al., 2024]",https://www.sciencedirect.com/science/article/pii/S0921344924002374,mechanical,REC
1749,2,Breaking and separating,ProcessLvl1,mechanical recovery processes,Fragmentation,BATT_LIBToMechanical2,ComponentLvl2,batteryCellCasing2,BATT_Losses_mechRecLIB2,ElementLvl1,Fe,0.062238000000000016,,±10%,REC,2032,2.0,calc,"[Vaccari et al., 2024]",https://www.sciencedirect.com/science/article/pii/S0921344924002374,mechanical,REC
1750,2,Breaking and separating,ProcessLvl1,mechanical recovery processes,Fragmentation,BATT_LIBToMechanical2,ComponentLvl2,currentCollectorCathode,BATT_Losses_mechRecLIB2,ElementLvl1,Al,0.050000000000000044,,±20%,REC,2032,3.5,est,"Assumption, no reference",,mechanical,REC
1751,2,Breaking and separating,ProcessLvl1,mechanical recovery processes,Fragmentation,BATT_LIBToMechanical2,ComponentLvl2,currentCollectorAnode,BATT_Losses_mechRecLIB2,ElementLvl1,Cu,0.050000000000000044,,±20%,REC,2032,3.5,est,"Assumption, no reference",,mechanical,REC
1752,3,Hydrometallurgy (Leaching/SolventExtraction/Priciptation&Crystallization),ProcessLvl3,hydrometallurgy batteries,Transformation,BATT_LIBBlackMassToHydro2,,,BATT_Losses_chemRecLIB2,ElementLvl1,Li,0.07999999999999996,,±10%,REC,2032,2.0,calc,"[Hämmer and Wambach, 2024]",https://www.mdpi.com/2071-1050/16/19/8737,hydro,REC
1753,3,Hydrometallurgy (Leaching/SolventExtraction/Priciptation&Crystallization),ProcessLvl3,hydrometallurgy batteries,Transformation,BATT_LIBBlackMassToHydro2,,,BATT_Losses_chemRecLIB2,ElementLvl1,Ni,0.020000000000000018,,±20%,REC,2032,3.5,est,"Assumption, no reference",,hydro,REC
1754,3,Hydrometallurgy (Leaching/SolventExtraction/Priciptation&Crystallization),ProcessLvl3,hydrometallurgy batteries,Transformation,BATT_LIBBlackMassToHydro2,,,BATT_Losses_chemRecLIB2,ElementLvl1,Co,0.020000000000000018,,±20%,REC,2032,3.5,est,"Assumption, no reference",,hydro,REC
1755,3,Hydrometallurgy (Leaching/SolventExtraction/Priciptation&Crystallization),ProcessLvl3,hydrometallurgy batteries,Transformation,BATT_LIBBlackMassToHydro2,,,BATT_Losses_chemRecLIB2,ElementLvl1,Mn,0.79,,±20%,REC,2032,3.5,est,"[Li et al., 2023]",https://doi.org/10.1016/j.seppur.2022.122559,hydro,REC
1756,3,Hydrometallurgy (Leaching/SolventExtraction/Priciptation&Crystallization),ProcessLvl3,hydrometallurgy batteries,Transformation,BATT_LIBBlackMassToHydro2,,,BATT_Losses_chemRecLIB2,ElementLvl1,Al,0.79,,±20%,REC,2032,3.5,est,"Assumption, no reference",,hydro,REC
1757,3,Hydrometallurgy (Leaching/SolventExtraction/Priciptation&Crystallization),ProcessLvl3,hydrometallurgy batteries,Transformation,BATT_LIBBlackMassToHydro2,,,BATT_Losses_chemRecLIB2,ElementLvl1,Fe,0.79,,±20%,REC,2032,3.5,est,"Assumption, no reference",,hydro,REC
1758,3,Hydrometallurgy (Leaching/SolventExtraction/Priciptation&Crystallization),ProcessLvl3,hydrometallurgy batteries,Transformation,BATT_LIBBlackMassToHydro2,,,BATT_Losses_chemRecLIB2,ElementLvl1,P,0.79,,±20%,REC,2032,3.5,est,"Assumption, no reference",,hydro,REC
1759,3,Hydrometallurgy (Leaching/SolventExtraction/Priciptation&Crystallization),ProcessLvl3,hydrometallurgy batteries,Transformation,BATT_LIBBlackMassToHydro2,,,BATT_Losses_chemRecLIB2,MaterialLvl4,graphite4,0.17000000000000004,,±20%,REC,2032,3.5,est,"Assumption, no reference",,hydro,REC
1760,2,Breaking and separating,ProcessLvl1,mechanical recovery processes,Fragmentation,BATT_LIBToMechanical2,ComponentLvl2,anodeActiveMaterial,BATT_Losses_LIBBlackMassToHydro2,MaterialLvl4,graphite4,0.030000000000000027,,±20%,REC,2050,4.0,est,"Assumption, no reference",,mechanical,REC
1761,2,Breaking and separating,ProcessLvl1,mechanical recovery processes,Fragmentation,BATT_LIBToMechanical2,ComponentLvl2,cathodeActiveMaterial,BATT_Losses_LIBBlackMassToHydro2,ElementLvl1,Al,0.030000000000000027,,±20%,REC,2050,4.0,est,"Assumption, no reference",,mechanical,REC
1762,2,Breaking and separating,ProcessLvl1,mechanical recovery processes,Fragmentation,BATT_LIBToMechanical2,ComponentLvl2,cathodeActiveMaterial,BATT_Losses_LIBBlackMassToHydro2,ElementLvl1,Cl,0.030000000000000027,,±20%,REC,2050,4.0,est,"Assumption, no reference",,mechanical,REC
1763,2,Breaking and separating,ProcessLvl1,mechanical recovery processes,Fragmentation,BATT_LIBToMechanical2,ComponentLvl2,cathodeActiveMaterial,BATT_Losses_LIBBlackMassToHydro2,ElementLvl1,Co,0.030000000000000027,,±20%,REC,2050,4.0,est,"Assumption, no reference",,mechanical,REC
1764,2,Breaking and separating,ProcessLvl1,mechanical recovery processes,Fragmentation,BATT_LIBToMechanical2,ComponentLvl2,cathodeActiveMaterial,BATT_Losses_LIBBlackMassToHydro2,ElementLvl1,Fe,0.030000000000000027,,±20%,REC,2050,4.0,est,"Assumption, no reference",,mechanical,REC
1765,2,Breaking and separating,ProcessLvl1,mechanical recovery processes,Fragmentation,BATT_LIBToMechanical2,ComponentLvl2,cathodeActiveMaterial,BATT_Losses_LIBBlackMassToHydro2,ElementLvl1,Li,0.030000000000000027,,±20%,REC,2050,4.0,est,"Assumption, no reference",,mechanical,REC
1766,2,Breaking and separating,ProcessLvl1,mechanical recovery processes,Fragmentation,BATT_LIBToMechanical2,ComponentLvl2,cathodeActiveMaterial,BATT_Losses_LIBBlackMassToHydro2,ElementLvl1,Mn,0.030000000000000027,,±20%,REC,2050,4.0,est,"Assumption, no reference",,mechanical,REC
1767,2,Breaking and separating,ProcessLvl1,mechanical recovery processes,Fragmentation,BATT_LIBToMechanical2,ComponentLvl2,cathodeActiveMaterial,BATT_Losses_LIBBlackMassToHydro2,ElementLvl1,Ni,0.030000000000000027,,±20%,REC,2050,4.0,est,"Assumption, no reference",,mechanical,REC
1768,2,Breaking and separating,ProcessLvl1,mechanical recovery processes,Fragmentation,BATT_LIBToMechanical2,ComponentLvl2,cathodeActiveMaterial,BATT_Losses_LIBBlackMassToHydro2,ElementLvl1,O,0.030000000000000027,,±20%,REC,2050,4.0,est,"Assumption, no reference",,mechanical,REC
1769,2,Breaking and separating,ProcessLvl1,mechanical recovery processes,Fragmentation,BATT_LIBToMechanical2,ComponentLvl2,cathodeActiveMaterial,BATT_Losses_LIBBlackMassToHydro2,ElementLvl1,P,0.030000000000000027,,±20%,REC,2050,4.0,est,"Assumption, no reference",,mechanical,REC
1770,2,Breaking and separating,ProcessLvl1,mechanical recovery processes,Fragmentation,BATT_LIBToMechanical2,ComponentLvl2,cathodeActiveMaterial,BATT_Losses_LIBBlackMassToHydro2,ElementLvl1,S,0.030000000000000027,,±20%,REC,2050,4.0,est,"Assumption, no reference",,mechanical,REC
1771,2,Breaking and separating,ProcessLvl1,mechanical recovery processes,Fragmentation,BATT_LIBToMechanical2,ComponentLvl2,batteryCellCasing2,BATT_Losses_mechRecLIB2,MaterialLvl1,AlAndAlAlloys,0.062238000000000016,,±15%,REC,2050,2.5,calc,"[Vaccari et al., 2024]",https://www.sciencedirect.com/science/article/pii/S0921344924002374,mechanical,REC
1772,2,Breaking and separating,ProcessLvl1,mechanical recovery processes,Fragmentation,BATT_LIBToMechanical2,ComponentLvl2,batteryCellCasing2,BATT_Losses_mechRecLIB2,MaterialLvl1,ferrousMetals1,0.062238000000000016,,±15%,REC,2050,2.5,calc,"[Vaccari et al., 2024]",https://www.sciencedirect.com/science/article/pii/S0921344924002374,mechanical,REC
1773,2,Breaking and separating,ProcessLvl1,mechanical recovery processes,Fragmentation,BATT_LIBToMechanical2,ComponentLvl2,batteryCellCasing2,BATT_Losses_mechRecLIB2,ElementLvl1,Fe,0.062238000000000016,,±15%,REC,2050,2.5,calc,"[Vaccari et al., 2024]",https://www.sciencedirect.com/science/article/pii/S0921344924002374,mechanical,REC
1774,2,Breaking and separating,ProcessLvl1,mechanical recovery processes,Fragmentation,BATT_LIBToMechanical2,ComponentLvl2,currentCollectorCathode,BATT_Losses_mechRecLIB2,ElementLvl1,Al,0.050000000000000044,,±20%,REC,2050,4.0,est,"Assumption, no reference",,mechanical,REC
1775,2,Breaking and separating,ProcessLvl1,mechanical recovery processes,Fragmentation,BATT_LIBToMechanical2,ComponentLvl2,currentCollectorAnode,BATT_Losses_mechRecLIB2,ElementLvl1,Cu,0.050000000000000044,,±20%,REC,2050,4.0,est,"Assumption, no reference",,mechanical,REC
1776,3,Hydrometallurgy (Leaching/SolventExtraction/Priciptation&Crystallization),ProcessLvl3,hydrometallurgy batteries,Transformation,BATT_LIBBlackMassToHydro2,,,BATT_Losses_chemRecLIB2,ElementLvl1,Li,0.06000000000000005,,±15%,REC,2050,2.5,calc,"[Hämmer and Wambach, 2024]",https://www.mdpi.com/2071-1050/16/19/8737,hydro,REC
1777,3,Hydrometallurgy (Leaching/SolventExtraction/Priciptation&Crystallization),ProcessLvl3,hydrometallurgy batteries,Transformation,BATT_LIBBlackMassToHydro2,,,BATT_Losses_chemRecLIB2,ElementLvl1,Ni,0.020000000000000018,,±20%,REC,2050,4.0,est,"Assumption, no reference",,hydro,REC
1778,3,Hydrometallurgy (Leaching/SolventExtraction/Priciptation&Crystallization),ProcessLvl3,hydrometallurgy batteries,Transformation,BATT_LIBBlackMassToHydro2,,,BATT_Losses_chemRecLIB2,ElementLvl1,Co,0.020000000000000018,,±20%,REC,2050,4.0,est,"Assumption, no reference",,hydro,REC
1779,3,Hydrometallurgy (Leaching/SolventExtraction/Priciptation&Crystallization),ProcessLvl3,hydrometallurgy batteries,Transformation,BATT_LIBBlackMassToHydro2,,,BATT_Losses_chemRecLIB2,ElementLvl1,Mn,0.48,,±20%,REC,2050,4.0,est,"[Li et al., 2023]",https://doi.org/10.1016/j.seppur.2022.122559,hydro,REC
1780,3,Hydrometallurgy (Leaching/SolventExtraction/Priciptation&Crystallization),ProcessLvl3,hydrometallurgy batteries,Transformation,BATT_LIBBlackMassToHydro2,,,BATT_Losses_chemRecLIB2,ElementLvl1,Al,0.48,,±20%,REC,2050,4.0,est,"Assumption, no reference",,hydro,REC
1781,3,Hydrometallurgy (Leaching/SolventExtraction/Priciptation&Crystallization),ProcessLvl3,hydrometallurgy batteries,Transformation,BATT_LIBBlackMassToHydro2,,,BATT_Losses_chemRecLIB2,ElementLvl1,Fe,0.48,,±20%,REC,2050,4.0,est,"Assumption, no reference",,hydro,REC
1782,3,Hydrometallurgy (Leaching/SolventExtraction/Priciptation&Crystallization),ProcessLvl3,hydrometallurgy batteries,Transformation,BATT_LIBBlackMassToHydro2,,,BATT_Losses_chemRecLIB2,ElementLvl1,P,0.48,,±20%,REC,2050,4.0,est,"Assumption, no reference",,hydro,REC
1783,3,Hydrometallurgy (Leaching/SolventExtraction/Priciptation&Crystallization),ProcessLvl3,hydrometallurgy batteries,Transformation,BATT_LIBBlackMassToHydro2,,,BATT_Losses_chemRecLIB2,MaterialLvl4,graphite4,0.050000000000000044,,±20%,REC,2050,4.0,est,"Assumption, no reference",,hydro,REC
1784,1,Breaking and separating,ProcessLvl1,mechanical recovery processes,Fragmentation,BATT_LIBToMechanical3,ComponentLvl2,anodeActiveMaterial,BATT_2RM_LIBBlackMass3,MaterialLvl4,graphite4,0.85252981,,±5%,OBS,2010,1.0,calc,"[Vaccari et al., 2024]",https://www.sciencedirect.com/science/article/pii/S0921344924002374,mechanical,OBS
1785,1,Breaking and separating,ProcessLvl1,mechanical recovery processes,Fragmentation,BATT_LIBToMechanical3,ComponentLvl2,cathodeActiveMaterial,BATT_2RM_LIBBlackMass3,ElementLvl1,Al,0.85252981,,±5%,OBS,2010,1.0,calc,"[Vaccari et al., 2024]",https://www.sciencedirect.com/science/article/pii/S0921344924002374,mechanical,OBS
1786,1,Breaking and separating,ProcessLvl1,mechanical recovery processes,Fragmentation,BATT_LIBToMechanical3,ComponentLvl2,cathodeActiveMaterial,BATT_2RM_LIBBlackMass3,ElementLvl1,Cl,0.85252981,,±5%,OBS,2010,1.0,calc,"[Vaccari et al., 2024]",https://www.sciencedirect.com/science/article/pii/S0921344924002374,mechanical,OBS
1787,1,Breaking and separating,ProcessLvl1,mechanical recovery processes,Fragmentation,BATT_LIBToMechanical3,ComponentLvl2,cathodeActiveMaterial,BATT_2RM_LIBBlackMass3,ElementLvl1,Co,0.85252981,,±5%,OBS,2010,1.0,calc,"[Vaccari et al., 2024]",https://www.sciencedirect.com/science/article/pii/S0921344924002374,mechanical,OBS
1788,1,Breaking and separating,ProcessLvl1,mechanical recovery processes,Fragmentation,BATT_LIBToMechanical3,ComponentLvl2,cathodeActiveMaterial,BATT_2RM_LIBBlackMass3,ElementLvl1,Fe,0.85252981,,±5%,OBS,2010,1.0,calc,"[Vaccari et al., 2024]",https://www.sciencedirect.com/science/article/pii/S0921344924002374,mechanical,OBS
1789,1,Breaking and separating,ProcessLvl1,mechanical recovery processes,Fragmentation,BATT_LIBToMechanical3,ComponentLvl2,cathodeActiveMaterial,BATT_2RM_LIBBlackMass3,ElementLvl1,Li,0.85252981,,±5%,OBS,2010,1.0,calc,"[Vaccari et al., 2024]",https://www.sciencedirect.com/science/article/pii/S0921344924002374,mechanical,OBS
1790,1,Breaking and separating,ProcessLvl1,mechanical recovery processes,Fragmentation,BATT_LIBToMechanical3,ComponentLvl2,cathodeActiveMaterial,BATT_2RM_LIBBlackMass3,ElementLvl1,Mn,0.85252981,,±5%,OBS,2010,1.0,calc,"[Vaccari et al., 2024]",https://www.sciencedirect.com/science/article/pii/S0921344924002374,mechanical,OBS
1791,1,Breaking and separating,ProcessLvl1,mechanical recovery processes,Fragmentation,BATT_LIBToMechanical3,ComponentLvl2,cathodeActiveMaterial,BATT_2RM_LIBBlackMass3,ElementLvl1,Ni,0.85252981,,±5%,OBS,2010,1.0,calc,"[Vaccari et al., 2024]",https://www.sciencedirect.com/science/article/pii/S0921344924002374,mechanical,OBS
1792,1,Breaking and separating,ProcessLvl1,mechanical recovery processes,Fragmentation,BATT_LIBToMechanical3,ComponentLvl2,cathodeActiveMaterial,BATT_2RM_LIBBlackMass3,ElementLvl1,O,0.85252981,,±5%,OBS,2010,1.0,calc,"[Vaccari et al., 2024]",https://www.sciencedirect.com/science/article/pii/S0921344924002374,mechanical,OBS
1793,1,Breaking and separating,ProcessLvl1,mechanical recovery processes,Fragmentation,BATT_LIBToMechanical3,ComponentLvl2,cathodeActiveMaterial,BATT_2RM_LIBBlackMass3,ElementLvl1,P,0.85252981,,±5%,OBS,2010,1.0,calc,"[Vaccari et al., 2024]",https://www.sciencedirect.com/science/article/pii/S0921344924002374,mechanical,OBS
1794,1,Breaking and separating,ProcessLvl1,mechanical recovery processes,Fragmentation,BATT_LIBToMechanical3,ComponentLvl2,cathodeActiveMaterial,BATT_2RM_LIBBlackMass3,ElementLvl1,S,0.85252981,,±5%,OBS,2010,1.0,calc,"[Vaccari et al., 2024]",https://www.sciencedirect.com/science/article/pii/S0921344924002374,mechanical,OBS
1795,1,Breaking and separating,ProcessLvl1,mechanical recovery processes,Fragmentation,BATT_LIBToMechanical3,ComponentLvl2,batteryCellCasing2,BATT_2RM_mechRecLIB3,MaterialLvl1,AlAndAlAlloys,0.937762,,±5%,OBS,2010,1.0,calc,"[Vaccari et al., 2024]",https://www.sciencedirect.com/science/article/pii/S0921344924002374,mechanical,OBS
1796,1,Breaking and separating,ProcessLvl1,mechanical recovery processes,Fragmentation,BATT_LIBToMechanical3,ComponentLvl2,batteryCellCasing2,BATT_2RM_mechRecLIB3,MaterialLvl1,ferrousMetals1,0.937762,,±5%,OBS,2010,1.0,calc,"[Vaccari et al., 2024]",https://www.sciencedirect.com/science/article/pii/S0921344924002374,mechanical,OBS
1797,1,Breaking and separating,ProcessLvl1,mechanical recovery processes,Fragmentation,BATT_LIBToMechanical3,ComponentLvl2,batteryCellCasing2,BATT_2RM_mechRecLIB3,ElementLvl1,Fe,0.937762,,±5%,OBS,2010,1.0,calc,"[Vaccari et al., 2024]",https://www.sciencedirect.com/science/article/pii/S0921344924002374,mechanical,OBS
1798,1,Breaking and separating,ProcessLvl1,mechanical recovery processes,Fragmentation,BATT_LIBToMechanical3,ComponentLvl2,currentCollectorCathode,BATT_2RM_mechRecLIB3,ElementLvl1,Al,0.83708448124,,±5%,OBS,2010,1.0,calc,"[Vaccari et al., 2024]",https://www.sciencedirect.com/science/article/pii/S0921344924002374,mechanical,OBS
1799,1,Breaking and separating,ProcessLvl1,mechanical recovery processes,Fragmentation,BATT_LIBToMechanical3,ComponentLvl2,currentCollectorAnode,BATT_2RM_mechRecLIB3,ElementLvl1,Cu,0.89642666788,,±5%,OBS,2010,1.0,calc,"[Vaccari et al., 2024]",https://www.sciencedirect.com/science/article/pii/S0921344924002374,mechanical,OBS
1800,1,Breaking and separating,ProcessLvl1,mechanical recovery processes,Fragmentation,BATT_LIBToMechanical3,ComponentLvl2,anodeActiveMaterial,BATT_2RM_LIBBlackMass3,MaterialLvl4,graphite4,0.85252981,,±5%,REC,2025,1.0,calc,"[Vaccari et al., 2024]",https://www.sciencedirect.com/science/article/pii/S0921344924002374,mechanical,REC
1801,1,Breaking and separating,ProcessLvl1,mechanical recovery processes,Fragmentation,BATT_LIBToMechanical3,ComponentLvl2,cathodeActiveMaterial,BATT_2RM_LIBBlackMass3,ElementLvl1,Al,0.85252981,,±5%,REC,2025,1.0,calc,"[Vaccari et al., 2024]",https://www.sciencedirect.com/science/article/pii/S0921344924002374,mechanical,REC
1802,1,Breaking and separating,ProcessLvl1,mechanical recovery processes,Fragmentation,BATT_LIBToMechanical3,ComponentLvl2,cathodeActiveMaterial,BATT_2RM_LIBBlackMass3,ElementLvl1,Cl,0.85252981,,±5%,REC,2025,1.0,calc,"[Vaccari et al., 2024]",https://www.sciencedirect.com/science/article/pii/S0921344924002374,mechanical,REC
1803,1,Breaking and separating,ProcessLvl1,mechanical recovery processes,Fragmentation,BATT_LIBToMechanical3,ComponentLvl2,cathodeActiveMaterial,BATT_2RM_LIBBlackMass3,ElementLvl1,Co,0.85252981,,±5%,REC,2025,1.0,calc,"[Vaccari et al., 2024]",https://www.sciencedirect.com/science/article/pii/S0921344924002374,mechanical,REC
1804,1,Breaking and separating,ProcessLvl1,mechanical recovery processes,Fragmentation,BATT_LIBToMechanical3,ComponentLvl2,cathodeActiveMaterial,BATT_2RM_LIBBlackMass3,ElementLvl1,Fe,0.85252981,,±5%,REC,2025,1.0,calc,"[Vaccari et al., 2024]",https://www.sciencedirect.com/science/article/pii/S0921344924002374,mechanical,REC
1805,1,Breaking and separating,ProcessLvl1,mechanical recovery processes,Fragmentation,BATT_LIBToMechanical3,ComponentLvl2,cathodeActiveMaterial,BATT_2RM_LIBBlackMass3,ElementLvl1,Li,0.85252981,,±5%,REC,2025,1.0,calc,"[Vaccari et al., 2024]",https://www.sciencedirect.com/science/article/pii/S0921344924002374,mechanical,REC
1806,1,Breaking and separating,ProcessLvl1,mechanical recovery processes,Fragmentation,BATT_LIBToMechanical3,ComponentLvl2,cathodeActiveMaterial,BATT_2RM_LIBBlackMass3,ElementLvl1,Mn,0.85252981,,±5%,REC,2025,1.0,calc,"[Vaccari et al., 2024]",https://www.sciencedirect.com/science/article/pii/S0921344924002374,mechanical,REC
1807,1,Breaking and separating,ProcessLvl1,mechanical recovery processes,Fragmentation,BATT_LIBToMechanical3,ComponentLvl2,cathodeActiveMaterial,BATT_2RM_LIBBlackMass3,ElementLvl1,Ni,0.85252981,,±5%,REC,2025,1.0,calc,"[Vaccari et al., 2024]",https://www.sciencedirect.com/science/article/pii/S0921344924002374,mechanical,REC
1808,1,Breaking and separating,ProcessLvl1,mechanical recovery processes,Fragmentation,BATT_LIBToMechanical3,ComponentLvl2,cathodeActiveMaterial,BATT_2RM_LIBBlackMass3,ElementLvl1,O,0.85252981,,±5%,REC,2025,1.0,calc,"[Vaccari et al., 2024]",https://www.sciencedirect.com/science/article/pii/S0921344924002374,mechanical,REC
1809,1,Breaking and separating,ProcessLvl1,mechanical recovery processes,Fragmentation,BATT_LIBToMechanical3,ComponentLvl2,cathodeActiveMaterial,BATT_2RM_LIBBlackMass3,ElementLvl1,P,0.85252981,,±5%,REC,2025,1.0,calc,"[Vaccari et al., 2024]",https://www.sciencedirect.com/science/article/pii/S0921344924002374,mechanical,REC
1810,1,Breaking and separating,ProcessLvl1,mechanical recovery processes,Fragmentation,BATT_LIBToMechanical3,ComponentLvl2,cathodeActiveMaterial,BATT_2RM_LIBBlackMass3,ElementLvl1,S,0.85252981,,±5%,REC,2025,1.0,calc,"[Vaccari et al., 2024]",https://www.sciencedirect.com/science/article/pii/S0921344924002374,mechanical,REC
1811,1,Breaking and separating,ProcessLvl1,mechanical recovery processes,Fragmentation,BATT_LIBToMechanical3,ComponentLvl2,batteryCellCasing2,BATT_2RM_mechRecLIB3,MaterialLvl1,AlAndAlAlloys,0.937762,,±5%,REC,2025,1.0,calc,"[Vaccari et al., 2024]",https://www.sciencedirect.com/science/article/pii/S0921344924002374,mechanical,REC
1812,1,Breaking and separating,ProcessLvl1,mechanical recovery processes,Fragmentation,BATT_LIBToMechanical3,ComponentLvl2,batteryCellCasing2,BATT_2RM_mechRecLIB3,MaterialLvl1,ferrousMetals1,0.937762,,±5%,REC,2025,1.0,calc,"[Vaccari et al., 2024]",https://www.sciencedirect.com/science/article/pii/S0921344924002374,mechanical,REC
1813,1,Breaking and separating,ProcessLvl1,mechanical recovery processes,Fragmentation,BATT_LIBToMechanical3,ComponentLvl2,batteryCellCasing2,BATT_2RM_mechRecLIB3,ElementLvl1,Fe,0.937762,,±5%,REC,2025,1.0,calc,"[Vaccari et al., 2024]",https://www.sciencedirect.com/science/article/pii/S0921344924002374,mechanical,REC
1814,1,Breaking and separating,ProcessLvl1,mechanical recovery processes,Fragmentation,BATT_LIBToMechanical3,ComponentLvl2,currentCollectorCathode,BATT_2RM_mechRecLIB3,ElementLvl1,Al,0.83708448124,,±5%,REC,2025,1.0,calc,"[Vaccari et al., 2024]",https://www.sciencedirect.com/science/article/pii/S0921344924002374,mechanical,REC
1815,1,Breaking and separating,ProcessLvl1,mechanical recovery processes,Fragmentation,BATT_LIBToMechanical3,ComponentLvl2,currentCollectorAnode,BATT_2RM_mechRecLIB3,ElementLvl1,Cu,0.89642666788,,±5%,REC,2025,1.0,calc,"[Vaccari et al., 2024]",https://www.sciencedirect.com/science/article/pii/S0921344924002374,mechanical,REC
1816,1,Breaking and separating,ProcessLvl1,mechanical recovery processes,Fragmentation,BATT_LIBToMechanical3,ComponentLvl2,anodeActiveMaterial,BATT_2RM_LIBBlackMass3,MaterialLvl4,graphite4,0.95,,±20%,REC,2028,3.0,est,"Assumption, no reference",,mechanical,REC
1817,1,Breaking and separating,ProcessLvl1,mechanical recovery processes,Fragmentation,BATT_LIBToMechanical3,ComponentLvl2,cathodeActiveMaterial,BATT_2RM_LIBBlackMass3,ElementLvl1,Al,0.95,,±15%,REC,2028,3.0,calc,"Assumption, no reference",,mechanical,REC
1818,1,Breaking and separating,ProcessLvl1,mechanical recovery processes,Fragmentation,BATT_LIBToMechanical3,ComponentLvl2,cathodeActiveMaterial,BATT_2RM_LIBBlackMass3,ElementLvl1,Cl,0.95,,±15%,REC,2028,3.0,calc,"Assumption, no reference",,mechanical,REC
1819,1,Breaking and separating,ProcessLvl1,mechanical recovery processes,Fragmentation,BATT_LIBToMechanical3,ComponentLvl2,cathodeActiveMaterial,BATT_2RM_LIBBlackMass3,ElementLvl1,Co,0.95,,±15%,REC,2028,3.0,calc,"Assumption, no reference",,mechanical,REC
1820,1,Breaking and separating,ProcessLvl1,mechanical recovery processes,Fragmentation,BATT_LIBToMechanical3,ComponentLvl2,cathodeActiveMaterial,BATT_2RM_LIBBlackMass3,ElementLvl1,Fe,0.95,,±15%,REC,2028,3.0,calc,"Assumption, no reference",,mechanical,REC
1821,1,Breaking and separating,ProcessLvl1,mechanical recovery processes,Fragmentation,BATT_LIBToMechanical3,ComponentLvl2,cathodeActiveMaterial,BATT_2RM_LIBBlackMass3,ElementLvl1,Li,0.95,,±15%,REC,2028,3.0,calc,"Assumption, no reference",,mechanical,REC
1822,1,Breaking and separating,ProcessLvl1,mechanical recovery processes,Fragmentation,BATT_LIBToMechanical3,ComponentLvl2,cathodeActiveMaterial,BATT_2RM_LIBBlackMass3,ElementLvl1,Mn,0.95,,±15%,REC,2028,3.0,calc,"Assumption, no reference",,mechanical,REC
1823,1,Breaking and separating,ProcessLvl1,mechanical recovery processes,Fragmentation,BATT_LIBToMechanical3,ComponentLvl2,cathodeActiveMaterial,BATT_2RM_LIBBlackMass3,ElementLvl1,Ni,0.95,,±15%,REC,2028,3.0,calc,"Assumption, no reference",,mechanical,REC
1824,1,Breaking and separating,ProcessLvl1,mechanical recovery processes,Fragmentation,BATT_LIBToMechanical3,ComponentLvl2,cathodeActiveMaterial,BATT_2RM_LIBBlackMass3,ElementLvl1,O,0.95,,±15%,REC,2028,3.0,calc,"Assumption, no reference",,mechanical,REC
1825,1,Breaking and separating,ProcessLvl1,mechanical recovery processes,Fragmentation,BATT_LIBToMechanical3,ComponentLvl2,cathodeActiveMaterial,BATT_2RM_LIBBlackMass3,ElementLvl1,P,0.95,,±15%,REC,2028,3.0,calc,"Assumption, no reference",,mechanical,REC
1826,1,Breaking and separating,ProcessLvl1,mechanical recovery processes,Fragmentation,BATT_LIBToMechanical3,ComponentLvl2,cathodeActiveMaterial,BATT_2RM_LIBBlackMass3,ElementLvl1,S,0.95,,±15%,REC,2028,3.0,calc,"Assumption, no reference",,mechanical,REC
1827,1,Breaking and separating,ProcessLvl1,mechanical recovery processes,Fragmentation,BATT_LIBToMechanical3,ComponentLvl2,batteryCellCasing2,BATT_2RM_mechRecLIB3,MaterialLvl1,AlAndAlAlloys,0.937762,,±10%,REC,2028,1.5,calc,"[Vaccari et al., 2024]",https://www.sciencedirect.com/science/article/pii/S0921344924002374,mechanical,REC
1828,1,Breaking and separating,ProcessLvl1,mechanical recovery processes,Fragmentation,BATT_LIBToMechanical3,ComponentLvl2,batteryCellCasing2,BATT_2RM_mechRecLIB3,MaterialLvl1,ferrousMetals1,0.937762,,±10%,REC,2028,1.5,calc,"[Vaccari et al., 2024]",https://www.sciencedirect.com/science/article/pii/S0921344924002374,mechanical,REC
1829,1,Breaking and separating,ProcessLvl1,mechanical recovery processes,Fragmentation,BATT_LIBToMechanical3,ComponentLvl2,batteryCellCasing2,BATT_2RM_mechRecLIB3,ElementLvl1,Fe,0.937762,,±10%,REC,2028,1.5,calc,"[Vaccari et al., 2024]",https://www.sciencedirect.com/science/article/pii/S0921344924002374,mechanical,REC
1830,1,Breaking and separating,ProcessLvl1,mechanical recovery processes,Fragmentation,BATT_LIBToMechanical3,ComponentLvl2,currentCollectorCathode,BATT_2RM_mechRecLIB3,ElementLvl1,Al,0.9,,±15%,REC,2028,3.0,est,"Assumption, no reference",,mechanical,REC
1831,1,Breaking and separating,ProcessLvl1,mechanical recovery processes,Fragmentation,BATT_LIBToMechanical3,ComponentLvl2,currentCollectorAnode,BATT_2RM_mechRecLIB3,ElementLvl1,Cu,0.9,,±15%,REC,2028,3.0,est,"Assumption, no reference",,mechanical,REC
1832,1,Breaking and separating,ProcessLvl1,mechanical recovery processes,Fragmentation,BATT_LIBToMechanical3,ComponentLvl2,anodeActiveMaterial,BATT_2RM_LIBBlackMass3,MaterialLvl4,graphite4,0.97,,±20%,REC,2032,3.5,calc,"Assumption, no reference",,mechanical,REC
1833,1,Breaking and separating,ProcessLvl1,mechanical recovery processes,Fragmentation,BATT_LIBToMechanical3,ComponentLvl2,cathodeActiveMaterial,BATT_2RM_LIBBlackMass3,ElementLvl1,Al,0.97,,±20%,REC,2032,3.5,calc,"Assumption, no reference",,mechanical,REC
1834,1,Breaking and separating,ProcessLvl1,mechanical recovery processes,Fragmentation,BATT_LIBToMechanical3,ComponentLvl2,cathodeActiveMaterial,BATT_2RM_LIBBlackMass3,ElementLvl1,Cl,0.97,,±20%,REC,2032,3.5,calc,"Assumption, no reference",,mechanical,REC
1835,1,Breaking and separating,ProcessLvl1,mechanical recovery processes,Fragmentation,BATT_LIBToMechanical3,ComponentLvl2,cathodeActiveMaterial,BATT_2RM_LIBBlackMass3,ElementLvl1,Co,0.97,,±20%,REC,2032,3.5,calc,"Assumption, no reference",,mechanical,REC
1836,1,Breaking and separating,ProcessLvl1,mechanical recovery processes,Fragmentation,BATT_LIBToMechanical3,ComponentLvl2,cathodeActiveMaterial,BATT_2RM_LIBBlackMass3,ElementLvl1,Fe,0.97,,±20%,REC,2032,3.5,calc,"Assumption, no reference",,mechanical,REC
1837,1,Breaking and separating,ProcessLvl1,mechanical recovery processes,Fragmentation,BATT_LIBToMechanical3,ComponentLvl2,cathodeActiveMaterial,BATT_2RM_LIBBlackMass3,ElementLvl1,Li,0.97,,±20%,REC,2032,3.5,est,"Assumption, no reference",,mechanical,REC
1838,1,Breaking and separating,ProcessLvl1,mechanical recovery processes,Fragmentation,BATT_LIBToMechanical3,ComponentLvl2,cathodeActiveMaterial,BATT_2RM_LIBBlackMass3,ElementLvl1,Mn,0.97,,±20%,REC,2032,3.5,calc,"Assumption, no reference",,mechanical,REC
1839,1,Breaking and separating,ProcessLvl1,mechanical recovery processes,Fragmentation,BATT_LIBToMechanical3,ComponentLvl2,cathodeActiveMaterial,BATT_2RM_LIBBlackMass3,ElementLvl1,Ni,0.97,,±20%,REC,2032,3.5,calc,"Assumption, no reference",,mechanical,REC
1840,1,Breaking and separating,ProcessLvl1,mechanical recovery processes,Fragmentation,BATT_LIBToMechanical3,ComponentLvl2,cathodeActiveMaterial,BATT_2RM_LIBBlackMass3,ElementLvl1,O,0.97,,±20%,REC,2032,3.5,calc,"Assumption, no reference",,mechanical,REC
1841,1,Breaking and separating,ProcessLvl1,mechanical recovery processes,Fragmentation,BATT_LIBToMechanical3,ComponentLvl2,cathodeActiveMaterial,BATT_2RM_LIBBlackMass3,ElementLvl1,P,0.97,,±20%,REC,2032,3.5,calc,"Assumption, no reference",,mechanical,REC
1842,1,Breaking and separating,ProcessLvl1,mechanical recovery processes,Fragmentation,BATT_LIBToMechanical3,ComponentLvl2,cathodeActiveMaterial,BATT_2RM_LIBBlackMass3,ElementLvl1,S,0.97,,±20%,REC,2032,3.5,calc,"Assumption, no reference",,mechanical,REC
1843,1,Breaking and separating,ProcessLvl1,mechanical recovery processes,Fragmentation,BATT_LIBToMechanical3,ComponentLvl2,batteryCellCasing2,BATT_2RM_mechRecLIB3,MaterialLvl1,AlAndAlAlloys,0.937762,,±10%,REC,2032,2.0,calc,"[Vaccari et al., 2024]",https://www.sciencedirect.com/science/article/pii/S0921344924002374,mechanical,REC
1844,1,Breaking and separating,ProcessLvl1,mechanical recovery processes,Fragmentation,BATT_LIBToMechanical3,ComponentLvl2,batteryCellCasing2,BATT_2RM_mechRecLIB3,MaterialLvl1,ferrousMetals1,0.937762,,±10%,REC,2032,2.0,calc,"[Vaccari et al., 2024]",https://www.sciencedirect.com/science/article/pii/S0921344924002374,mechanical,REC
1845,1,Breaking and separating,ProcessLvl1,mechanical recovery processes,Fragmentation,BATT_LIBToMechanical3,ComponentLvl2,batteryCellCasing2,BATT_2RM_mechRecLIB3,ElementLvl1,Fe,0.937762,,±10%,REC,2032,2.0,calc,"[Vaccari et al., 2024]",https://www.sciencedirect.com/science/article/pii/S0921344924002374,mechanical,REC
1846,1,Breaking and separating,ProcessLvl1,mechanical recovery processes,Fragmentation,BATT_LIBToMechanical3,ComponentLvl2,currentCollectorCathode,BATT_2RM_mechRecLIB3,ElementLvl1,Al,0.95,,±20%,REC,2032,3.5,calc,"Assumption, no reference",,mechanical,REC
1847,1,Breaking and separating,ProcessLvl1,mechanical recovery processes,Fragmentation,BATT_LIBToMechanical3,ComponentLvl2,currentCollectorAnode,BATT_2RM_mechRecLIB3,ElementLvl1,Cu,0.95,,±20%,REC,2032,3.5,calc,"Assumption, no reference",,mechanical,REC
1848,1,Breaking and separating,ProcessLvl1,mechanical recovery processes,Fragmentation,BATT_LIBToMechanical3,ComponentLvl2,anodeActiveMaterial,BATT_2RM_LIBBlackMass3,MaterialLvl4,graphite4,0.97,,±20%,REC,2050,4.0,calc,"Assumption, no reference",,mechanical,REC
1849,1,Breaking and separating,ProcessLvl1,mechanical recovery processes,Fragmentation,BATT_LIBToMechanical3,ComponentLvl2,cathodeActiveMaterial,BATT_2RM_LIBBlackMass3,ElementLvl1,Al,0.97,,±20%,REC,2050,4.0,calc,"Assumption, no reference",,mechanical,REC
1850,1,Breaking and separating,ProcessLvl1,mechanical recovery processes,Fragmentation,BATT_LIBToMechanical3,ComponentLvl2,cathodeActiveMaterial,BATT_2RM_LIBBlackMass3,ElementLvl1,Cl,0.97,,±20%,REC,2050,4.0,calc,"Assumption, no reference",,mechanical,REC
1851,1,Breaking and separating,ProcessLvl1,mechanical recovery processes,Fragmentation,BATT_LIBToMechanical3,ComponentLvl2,cathodeActiveMaterial,BATT_2RM_LIBBlackMass3,ElementLvl1,Co,0.97,,±20%,REC,2050,4.0,calc,"Assumption, no reference",,mechanical,REC
1852,1,Breaking and separating,ProcessLvl1,mechanical recovery processes,Fragmentation,BATT_LIBToMechanical3,ComponentLvl2,cathodeActiveMaterial,BATT_2RM_LIBBlackMass3,ElementLvl1,Fe,0.97,,±20%,REC,2050,4.0,calc,"Assumption, no reference",,mechanical,REC
1853,1,Breaking and separating,ProcessLvl1,mechanical recovery processes,Fragmentation,BATT_LIBToMechanical3,ComponentLvl2,cathodeActiveMaterial,BATT_2RM_LIBBlackMass3,ElementLvl1,Li,0.97,,±20%,REC,2050,4.0,est,"Assumption, no reference",,mechanical,REC
1854,1,Breaking and separating,ProcessLvl1,mechanical recovery processes,Fragmentation,BATT_LIBToMechanical3,ComponentLvl2,cathodeActiveMaterial,BATT_2RM_LIBBlackMass3,ElementLvl1,Mn,0.97,,±20%,REC,2050,4.0,calc,"Assumption, no reference",,mechanical,REC
1855,1,Breaking and separating,ProcessLvl1,mechanical recovery processes,Fragmentation,BATT_LIBToMechanical3,ComponentLvl2,cathodeActiveMaterial,BATT_2RM_LIBBlackMass3,ElementLvl1,Ni,0.97,,±20%,REC,2050,4.0,calc,"Assumption, no reference",,mechanical,REC
1856,1,Breaking and separating,ProcessLvl1,mechanical recovery processes,Fragmentation,BATT_LIBToMechanical3,ComponentLvl2,cathodeActiveMaterial,BATT_2RM_LIBBlackMass3,ElementLvl1,O,0.97,,±20%,REC,2050,4.0,calc,"Assumption, no reference",,mechanical,REC
1857,1,Breaking and separating,ProcessLvl1,mechanical recovery processes,Fragmentation,BATT_LIBToMechanical3,ComponentLvl2,cathodeActiveMaterial,BATT_2RM_LIBBlackMass3,ElementLvl1,P,0.97,,±20%,REC,2050,4.0,calc,"Assumption, no reference",,mechanical,REC
1858,1,Breaking and separating,ProcessLvl1,mechanical recovery processes,Fragmentation,BATT_LIBToMechanical3,ComponentLvl2,cathodeActiveMaterial,BATT_2RM_LIBBlackMass3,ElementLvl1,S,0.97,,±20%,REC,2050,4.0,calc,"Assumption, no reference",,mechanical,REC
1859,1,Breaking and separating,ProcessLvl1,mechanical recovery processes,Fragmentation,BATT_LIBToMechanical3,ComponentLvl2,batteryCellCasing2,BATT_2RM_mechRecLIB3,MaterialLvl1,AlAndAlAlloys,0.937762,,±15%,REC,2050,2.5,calc,"[Vaccari et al., 2024]",https://www.sciencedirect.com/science/article/pii/S0921344924002374,mechanical,REC
1860,1,Breaking and separating,ProcessLvl1,mechanical recovery processes,Fragmentation,BATT_LIBToMechanical3,ComponentLvl2,batteryCellCasing2,BATT_2RM_mechRecLIB3,MaterialLvl1,ferrousMetals1,0.937762,,±15%,REC,2050,2.5,calc,"[Vaccari et al., 2024]",https://www.sciencedirect.com/science/article/pii/S0921344924002374,mechanical,REC
1861,1,Breaking and separating,ProcessLvl1,mechanical recovery processes,Fragmentation,BATT_LIBToMechanical3,ComponentLvl2,batteryCellCasing2,BATT_2RM_mechRecLIB3,ElementLvl1,Fe,0.937762,,±15%,REC,2050,2.5,calc,"[Vaccari et al., 2024]",https://www.sciencedirect.com/science/article/pii/S0921344924002374,mechanical,REC
1862,1,Breaking and separating,ProcessLvl1,mechanical recovery processes,Fragmentation,BATT_LIBToMechanical3,ComponentLvl2,currentCollectorCathode,BATT_2RM_mechRecLIB3,ElementLvl1,Al,0.95,,±20%,REC,2050,4.0,est,"Assumption, no reference",,mechanical,REC
1863,1,Breaking and separating,ProcessLvl1,mechanical recovery processes,Fragmentation,BATT_LIBToMechanical3,ComponentLvl2,currentCollectorAnode,BATT_2RM_mechRecLIB3,ElementLvl1,Cu,0.95,,±20%,REC,2050,4.0,est,"Assumption, no reference",,mechanical,REC
1864,1,Breaking and separating,ProcessLvl1,mechanical recovery processes,Fragmentation,BATT_LIBToMechanical3,ComponentLvl2,anodeActiveMaterial,BATT_Losses_LIBBlackMass3,MaterialLvl4,graphite4,0.14747018999999995,,±5%,OBS,2010,1.0,calc,"[Vaccari et al., 2024]",https://www.sciencedirect.com/science/article/pii/S0921344924002374,mechanical,OBS
1865,1,Breaking and separating,ProcessLvl1,mechanical recovery processes,Fragmentation,BATT_LIBToMechanical3,ComponentLvl2,cathodeActiveMaterial,BATT_Losses_LIBBlackMass3,ElementLvl1,Al,0.14747018999999995,,±5%,OBS,2010,1.0,calc,"[Vaccari et al., 2024]",https://www.sciencedirect.com/science/article/pii/S0921344924002374,mechanical,OBS
1866,1,Breaking and separating,ProcessLvl1,mechanical recovery processes,Fragmentation,BATT_LIBToMechanical3,ComponentLvl2,cathodeActiveMaterial,BATT_Losses_LIBBlackMass3,ElementLvl1,Cl,0.14747018999999995,,±5%,OBS,2010,1.0,calc,"[Vaccari et al., 2024]",https://www.sciencedirect.com/science/article/pii/S0921344924002374,mechanical,OBS
1867,1,Breaking and separating,ProcessLvl1,mechanical recovery processes,Fragmentation,BATT_LIBToMechanical3,ComponentLvl2,cathodeActiveMaterial,BATT_Losses_LIBBlackMass3,ElementLvl1,Co,0.14747018999999995,,±5%,OBS,2010,1.0,calc,"[Vaccari et al., 2024]",https://www.sciencedirect.com/science/article/pii/S0921344924002374,mechanical,OBS
1868,1,Breaking and separating,ProcessLvl1,mechanical recovery processes,Fragmentation,BATT_LIBToMechanical3,ComponentLvl2,cathodeActiveMaterial,BATT_Losses_LIBBlackMass3,ElementLvl1,Fe,0.14747018999999995,,±5%,OBS,2010,1.0,calc,"[Vaccari et al., 2024]",https://www.sciencedirect.com/science/article/pii/S0921344924002374,mechanical,OBS
1869,1,Breaking and separating,ProcessLvl1,mechanical recovery processes,Fragmentation,BATT_LIBToMechanical3,ComponentLvl2,cathodeActiveMaterial,BATT_Losses_LIBBlackMass3,ElementLvl1,Li,0.14747018999999995,,±5%,OBS,2010,1.0,calc,"[Vaccari et al., 2024]",https://www.sciencedirect.com/science/article/pii/S0921344924002374,mechanical,OBS
1870,1,Breaking and separating,ProcessLvl1,mechanical recovery processes,Fragmentation,BATT_LIBToMechanical3,ComponentLvl2,cathodeActiveMaterial,BATT_Losses_LIBBlackMass3,ElementLvl1,Mn,0.14747018999999995,,±5%,OBS,2010,1.0,calc,"[Vaccari et al., 2024]",https://www.sciencedirect.com/science/article/pii/S0921344924002374,mechanical,OBS
1871,1,Breaking and separating,ProcessLvl1,mechanical recovery processes,Fragmentation,BATT_LIBToMechanical3,ComponentLvl2,cathodeActiveMaterial,BATT_Losses_LIBBlackMass3,ElementLvl1,Ni,0.14747018999999995,,±5%,OBS,2010,1.0,calc,"[Vaccari et al., 2024]",https://www.sciencedirect.com/science/article/pii/S0921344924002374,mechanical,OBS
1872,1,Breaking and separating,ProcessLvl1,mechanical recovery processes,Fragmentation,BATT_LIBToMechanical3,ComponentLvl2,cathodeActiveMaterial,BATT_Losses_LIBBlackMass3,ElementLvl1,O,0.14747018999999995,,±5%,OBS,2010,1.0,calc,"[Vaccari et al., 2024]",https://www.sciencedirect.com/science/article/pii/S0921344924002374,mechanical,OBS
1873,1,Breaking and separating,ProcessLvl1,mechanical recovery processes,Fragmentation,BATT_LIBToMechanical3,ComponentLvl2,cathodeActiveMaterial,BATT_Losses_LIBBlackMass3,ElementLvl1,P,0.14747018999999995,,±5%,OBS,2010,1.0,calc,"[Vaccari et al., 2024]",https://www.sciencedirect.com/science/article/pii/S0921344924002374,mechanical,OBS
1874,1,Breaking and separating,ProcessLvl1,mechanical recovery processes,Fragmentation,BATT_LIBToMechanical3,ComponentLvl2,cathodeActiveMaterial,BATT_Losses_LIBBlackMass3,ElementLvl1,S,0.14747018999999995,,±5%,OBS,2010,1.0,calc,"[Vaccari et al., 2024]",https://www.sciencedirect.com/science/article/pii/S0921344924002374,mechanical,OBS
1875,1,Breaking and separating,ProcessLvl1,mechanical recovery processes,Fragmentation,BATT_LIBToMechanical3,ComponentLvl2,batteryCellCasing2,BATT_Losses_mechRecLIB3,MaterialLvl1,AlAndAlAlloys,0.062238000000000016,,±5%,OBS,2010,1.0,calc,"[Vaccari et al., 2024]",https://www.sciencedirect.com/science/article/pii/S0921344924002374,mechanical,OBS
1876,1,Breaking and separating,ProcessLvl1,mechanical recovery processes,Fragmentation,BATT_LIBToMechanical3,ComponentLvl2,batteryCellCasing2,BATT_Losses_mechRecLIB3,MaterialLvl1,ferrousMetals1,0.062238000000000016,,±5%,OBS,2010,1.0,calc,"[Vaccari et al., 2024]",https://www.sciencedirect.com/science/article/pii/S0921344924002374,mechanical,OBS
1877,1,Breaking and separating,ProcessLvl1,mechanical recovery processes,Fragmentation,BATT_LIBToMechanical3,ComponentLvl2,batteryCellCasing2,BATT_Losses_mechRecLIB3,ElementLvl1,Fe,0.062238000000000016,,±5%,OBS,2010,1.0,calc,"[Vaccari et al., 2024]",https://www.sciencedirect.com/science/article/pii/S0921344924002374,mechanical,OBS
1878,1,Breaking and separating,ProcessLvl1,mechanical recovery processes,Fragmentation,BATT_LIBToMechanical3,ComponentLvl2,currentCollectorCathode,BATT_Losses_mechRecLIB3,ElementLvl1,Al,0.16291551876,,±5%,OBS,2010,1.0,calc,"[Vaccari et al., 2024]",https://www.sciencedirect.com/science/article/pii/S0921344924002374,mechanical,OBS
1879,1,Breaking and separating,ProcessLvl1,mechanical recovery processes,Fragmentation,BATT_LIBToMechanical3,ComponentLvl2,currentCollectorAnode,BATT_Losses_mechRecLIB3,ElementLvl1,Cu,0.10357333211999997,,±5%,OBS,2010,1.0,calc,"[Vaccari et al., 2024]",https://www.sciencedirect.com/science/article/pii/S0921344924002374,mechanical,OBS
1880,1,Breaking and separating,ProcessLvl1,mechanical recovery processes,Fragmentation,BATT_LIBToMechanical3,ComponentLvl2,anodeActiveMaterial,BATT_Losses_LIBBlackMass3,MaterialLvl4,graphite4,0.14747018999999995,,±5%,REC,2025,1.0,calc,"[Vaccari et al., 2024]",https://www.sciencedirect.com/science/article/pii/S0921344924002374,mechanical,REC
1881,1,Breaking and separating,ProcessLvl1,mechanical recovery processes,Fragmentation,BATT_LIBToMechanical3,ComponentLvl2,cathodeActiveMaterial,BATT_Losses_LIBBlackMass3,ElementLvl1,Al,0.14747018999999995,,±5%,REC,2025,1.0,calc,"[Vaccari et al., 2024]",https://www.sciencedirect.com/science/article/pii/S0921344924002374,mechanical,REC
1882,1,Breaking and separating,ProcessLvl1,mechanical recovery processes,Fragmentation,BATT_LIBToMechanical3,ComponentLvl2,cathodeActiveMaterial,BATT_Losses_LIBBlackMass3,ElementLvl1,Cl,0.14747018999999995,,±5%,REC,2025,1.0,calc,"[Vaccari et al., 2024]",https://www.sciencedirect.com/science/article/pii/S0921344924002374,mechanical,REC
1883,1,Breaking and separating,ProcessLvl1,mechanical recovery processes,Fragmentation,BATT_LIBToMechanical3,ComponentLvl2,cathodeActiveMaterial,BATT_Losses_LIBBlackMass3,ElementLvl1,Co,0.14747018999999995,,±5%,REC,2025,1.0,calc,"[Vaccari et al., 2024]",https://www.sciencedirect.com/science/article/pii/S0921344924002374,mechanical,REC
1884,1,Breaking and separating,ProcessLvl1,mechanical recovery processes,Fragmentation,BATT_LIBToMechanical3,ComponentLvl2,cathodeActiveMaterial,BATT_Losses_LIBBlackMass3,ElementLvl1,Fe,0.14747018999999995,,±5%,REC,2025,1.0,calc,"[Vaccari et al., 2024]",https://www.sciencedirect.com/science/article/pii/S0921344924002374,mechanical,REC
1885,1,Breaking and separating,ProcessLvl1,mechanical recovery processes,Fragmentation,BATT_LIBToMechanical3,ComponentLvl2,cathodeActiveMaterial,BATT_Losses_LIBBlackMass3,ElementLvl1,Li,0.14747018999999995,,±5%,REC,2025,1.0,calc,"[Vaccari et al., 2024]",https://www.sciencedirect.com/science/article/pii/S0921344924002374,mechanical,REC
1886,1,Breaking and separating,ProcessLvl1,mechanical recovery processes,Fragmentation,BATT_LIBToMechanical3,ComponentLvl2,cathodeActiveMaterial,BATT_Losses_LIBBlackMass3,ElementLvl1,Mn,0.14747018999999995,,±5%,REC,2025,1.0,calc,"[Vaccari et al., 2024]",https://www.sciencedirect.com/science/article/pii/S0921344924002374,mechanical,REC
1887,1,Breaking and separating,ProcessLvl1,mechanical recovery processes,Fragmentation,BATT_LIBToMechanical3,ComponentLvl2,cathodeActiveMaterial,BATT_Losses_LIBBlackMass3,ElementLvl1,Ni,0.14747018999999995,,±5%,REC,2025,1.0,calc,"[Vaccari et al., 2024]",https://www.sciencedirect.com/science/article/pii/S0921344924002374,mechanical,REC
1888,1,Breaking and separating,ProcessLvl1,mechanical recovery processes,Fragmentation,BATT_LIBToMechanical3,ComponentLvl2,cathodeActiveMaterial,BATT_Losses_LIBBlackMass3,ElementLvl1,O,0.14747018999999995,,±5%,REC,2025,1.0,calc,"[Vaccari et al., 2024]",https://www.sciencedirect.com/science/article/pii/S0921344924002374,mechanical,REC
1889,1,Breaking and separating,ProcessLvl1,mechanical recovery processes,Fragmentation,BATT_LIBToMechanical3,ComponentLvl2,cathodeActiveMaterial,BATT_Losses_LIBBlackMass3,ElementLvl1,P,0.14747018999999995,,±5%,REC,2025,1.0,calc,"[Vaccari et al., 2024]",https://www.sciencedirect.com/science/article/pii/S0921344924002374,mechanical,REC
1890,1,Breaking and separating,ProcessLvl1,mechanical recovery processes,Fragmentation,BATT_LIBToMechanical3,ComponentLvl2,cathodeActiveMaterial,BATT_Losses_LIBBlackMass3,ElementLvl1,S,0.14747018999999995,,±5%,REC,2025,1.0,calc,"[Vaccari et al., 2024]",https://www.sciencedirect.com/science/article/pii/S0921344924002374,mechanical,REC
1891,1,Breaking and separating,ProcessLvl1,mechanical recovery processes,Fragmentation,BATT_LIBToMechanical3,ComponentLvl2,batteryCellCasing2,BATT_Losses_mechRecLIB3,MaterialLvl1,AlAndAlAlloys,0.062238000000000016,,±5%,REC,2025,1.0,calc,"[Vaccari et al., 2024]",https://www.sciencedirect.com/science/article/pii/S0921344924002374,mechanical,REC
1892,1,Breaking and separating,ProcessLvl1,mechanical recovery processes,Fragmentation,BATT_LIBToMechanical3,ComponentLvl2,batteryCellCasing2,BATT_Losses_mechRecLIB3,MaterialLvl1,ferrousMetals1,0.062238000000000016,,±5%,REC,2025,1.0,calc,"[Vaccari et al., 2024]",https://www.sciencedirect.com/science/article/pii/S0921344924002374,mechanical,REC
1893,1,Breaking and separating,ProcessLvl1,mechanical recovery processes,Fragmentation,BATT_LIBToMechanical3,ComponentLvl2,batteryCellCasing2,BATT_Losses_mechRecLIB3,ElementLvl1,Fe,0.062238000000000016,,±5%,REC,2025,1.0,calc,"[Vaccari et al., 2024]",https://www.sciencedirect.com/science/article/pii/S0921344924002374,mechanical,REC
1894,1,Breaking and separating,ProcessLvl1,mechanical recovery processes,Fragmentation,BATT_LIBToMechanical3,ComponentLvl2,currentCollectorCathode,BATT_Losses_mechRecLIB3,ElementLvl1,Al,0.16291551876,,±5%,REC,2025,1.0,calc,"[Vaccari et al., 2024]",https://www.sciencedirect.com/science/article/pii/S0921344924002374,mechanical,REC
1895,1,Breaking and separating,ProcessLvl1,mechanical recovery processes,Fragmentation,BATT_LIBToMechanical3,ComponentLvl2,currentCollectorAnode,BATT_Losses_mechRecLIB3,ElementLvl1,Cu,0.10357333211999997,,±5%,REC,2025,1.0,calc,"[Vaccari et al., 2024]",https://www.sciencedirect.com/science/article/pii/S0921344924002374,mechanical,REC
1896,1,Breaking and separating,ProcessLvl1,mechanical recovery processes,Fragmentation,BATT_LIBToMechanical3,ComponentLvl2,anodeActiveMaterial,BATT_Losses_LIBBlackMass3,MaterialLvl4,graphite4,0.050000000000000044,,±15%,REC,2028,3.0,calc,"Assumption, no reference",,mechanical,REC
1897,1,Breaking and separating,ProcessLvl1,mechanical recovery processes,Fragmentation,BATT_LIBToMechanical3,ComponentLvl2,cathodeActiveMaterial,BATT_Losses_LIBBlackMass3,ElementLvl1,Al,0.050000000000000044,,±15%,REC,2028,3.0,calc,"Assumption, no reference",,mechanical,REC
1898,1,Breaking and separating,ProcessLvl1,mechanical recovery processes,Fragmentation,BATT_LIBToMechanical3,ComponentLvl2,cathodeActiveMaterial,BATT_Losses_LIBBlackMass3,ElementLvl1,Cl,0.050000000000000044,,±15%,REC,2028,3.0,calc,"Assumption, no reference",,mechanical,REC
1899,1,Breaking and separating,ProcessLvl1,mechanical recovery processes,Fragmentation,BATT_LIBToMechanical3,ComponentLvl2,cathodeActiveMaterial,BATT_Losses_LIBBlackMass3,ElementLvl1,Co,0.050000000000000044,,±15%,REC,2028,3.0,calc,"Assumption, no reference",,mechanical,REC
1900,1,Breaking and separating,ProcessLvl1,mechanical recovery processes,Fragmentation,BATT_LIBToMechanical3,ComponentLvl2,cathodeActiveMaterial,BATT_Losses_LIBBlackMass3,ElementLvl1,Fe,0.050000000000000044,,±15%,REC,2028,3.0,calc,"Assumption, no reference",,mechanical,REC
1901,1,Breaking and separating,ProcessLvl1,mechanical recovery processes,Fragmentation,BATT_LIBToMechanical3,ComponentLvl2,cathodeActiveMaterial,BATT_Losses_LIBBlackMass3,ElementLvl1,Li,0.050000000000000044,,±15%,REC,2028,3.0,calc,"Assumption, no reference",,mechanical,REC
1902,1,Breaking and separating,ProcessLvl1,mechanical recovery processes,Fragmentation,BATT_LIBToMechanical3,ComponentLvl2,cathodeActiveMaterial,BATT_Losses_LIBBlackMass3,ElementLvl1,Mn,0.050000000000000044,,±15%,REC,2028,3.0,calc,"Assumption, no reference",,mechanical,REC
1903,1,Breaking and separating,ProcessLvl1,mechanical recovery processes,Fragmentation,BATT_LIBToMechanical3,ComponentLvl2,cathodeActiveMaterial,BATT_Losses_LIBBlackMass3,ElementLvl1,Ni,0.050000000000000044,,±15%,REC,2028,3.0,calc,"Assumption, no reference",,mechanical,REC
1904,1,Breaking and separating,ProcessLvl1,mechanical recovery processes,Fragmentation,BATT_LIBToMechanical3,ComponentLvl2,cathodeActiveMaterial,BATT_Losses_LIBBlackMass3,ElementLvl1,O,0.050000000000000044,,±15%,REC,2028,3.0,calc,"Assumption, no reference",,mechanical,REC
1905,1,Breaking and separating,ProcessLvl1,mechanical recovery processes,Fragmentation,BATT_LIBToMechanical3,ComponentLvl2,cathodeActiveMaterial,BATT_Losses_LIBBlackMass3,ElementLvl1,P,0.050000000000000044,,±15%,REC,2028,3.0,calc,"Assumption, no reference",,mechanical,REC
1906,1,Breaking and separating,ProcessLvl1,mechanical recovery processes,Fragmentation,BATT_LIBToMechanical3,ComponentLvl2,cathodeActiveMaterial,BATT_Losses_LIBBlackMass3,ElementLvl1,S,0.050000000000000044,,±15%,REC,2028,3.0,calc,"Assumption, no reference",,mechanical,REC
1907,1,Breaking and separating,ProcessLvl1,mechanical recovery processes,Fragmentation,BATT_LIBToMechanical3,ComponentLvl2,batteryCellCasing2,BATT_Losses_mechRecLIB3,MaterialLvl1,AlAndAlAlloys,0.062238000000000016,,±10%,REC,2028,1.5,calc,"[Vaccari et al., 2024]",https://www.sciencedirect.com/science/article/pii/S0921344924002374,mechanical,REC
1908,1,Breaking and separating,ProcessLvl1,mechanical recovery processes,Fragmentation,BATT_LIBToMechanical3,ComponentLvl2,batteryCellCasing2,BATT_Losses_mechRecLIB3,MaterialLvl1,ferrousMetals1,0.062238000000000016,,±10%,REC,2028,1.5,calc,"[Vaccari et al., 2024]",https://www.sciencedirect.com/science/article/pii/S0921344924002374,mechanical,REC
1909,1,Breaking and separating,ProcessLvl1,mechanical recovery processes,Fragmentation,BATT_LIBToMechanical3,ComponentLvl2,batteryCellCasing2,BATT_Losses_mechRecLIB3,ElementLvl1,Fe,0.062238000000000016,,±10%,REC,2028,1.5,calc,"[Vaccari et al., 2024]",https://www.sciencedirect.com/science/article/pii/S0921344924002374,mechanical,REC
1910,1,Breaking and separating,ProcessLvl1,mechanical recovery processes,Fragmentation,BATT_LIBToMechanical3,ComponentLvl2,currentCollectorCathode,BATT_Losses_mechRecLIB3,ElementLvl1,Al,0.09999999999999998,,±10%,REC,2028,1.5,calc,"[Vaccari et al., 2024]",https://www.sciencedirect.com/science/article/pii/S0921344924002374,mechanical,REC
1911,1,Breaking and separating,ProcessLvl1,mechanical recovery processes,Fragmentation,BATT_LIBToMechanical3,ComponentLvl2,currentCollectorAnode,BATT_Losses_mechRecLIB3,ElementLvl1,Cu,0.09999999999999998,,±10%,REC,2028,1.5,calc,"[Vaccari et al., 2024]",https://www.sciencedirect.com/science/article/pii/S0921344924002374,mechanical,REC
1912,1,Breaking and separating,ProcessLvl1,mechanical recovery processes,Fragmentation,BATT_LIBToMechanical3,ComponentLvl2,anodeActiveMaterial,BATT_Losses_LIBBlackMass3,MaterialLvl4,graphite4,0.030000000000000027,,±20%,REC,2032,3.5,calc,"Assumption, no reference",,mechanical,REC
1913,1,Breaking and separating,ProcessLvl1,mechanical recovery processes,Fragmentation,BATT_LIBToMechanical3,ComponentLvl2,cathodeActiveMaterial,BATT_Losses_LIBBlackMass3,ElementLvl1,Al,0.030000000000000027,,±20%,REC,2032,3.5,calc,"Assumption, no reference",,mechanical,REC
1914,1,Breaking and separating,ProcessLvl1,mechanical recovery processes,Fragmentation,BATT_LIBToMechanical3,ComponentLvl2,cathodeActiveMaterial,BATT_Losses_LIBBlackMass3,ElementLvl1,Cl,0.030000000000000027,,±20%,REC,2032,3.5,calc,"Assumption, no reference",,mechanical,REC
1915,1,Breaking and separating,ProcessLvl1,mechanical recovery processes,Fragmentation,BATT_LIBToMechanical3,ComponentLvl2,cathodeActiveMaterial,BATT_Losses_LIBBlackMass3,ElementLvl1,Co,0.030000000000000027,,±20%,REC,2032,3.5,calc,"Assumption, no reference",,mechanical,REC
1916,1,Breaking and separating,ProcessLvl1,mechanical recovery processes,Fragmentation,BATT_LIBToMechanical3,ComponentLvl2,cathodeActiveMaterial,BATT_Losses_LIBBlackMass3,ElementLvl1,Fe,0.030000000000000027,,±20%,REC,2032,3.5,calc,"Assumption, no reference",,mechanical,REC
1917,1,Breaking and separating,ProcessLvl1,mechanical recovery processes,Fragmentation,BATT_LIBToMechanical3,ComponentLvl2,cathodeActiveMaterial,BATT_Losses_LIBBlackMass3,ElementLvl1,Li,0.030000000000000027,,±20%,REC,2032,3.5,calc,"Assumption, no reference",,mechanical,REC
1918,1,Breaking and separating,ProcessLvl1,mechanical recovery processes,Fragmentation,BATT_LIBToMechanical3,ComponentLvl2,cathodeActiveMaterial,BATT_Losses_LIBBlackMass3,ElementLvl1,Mn,0.030000000000000027,,±20%,REC,2032,3.5,calc,"Assumption, no reference",,mechanical,REC
1919,1,Breaking and separating,ProcessLvl1,mechanical recovery processes,Fragmentation,BATT_LIBToMechanical3,ComponentLvl2,cathodeActiveMaterial,BATT_Losses_LIBBlackMass3,ElementLvl1,Ni,0.030000000000000027,,±20%,REC,2032,3.5,calc,"Assumption, no reference",,mechanical,REC
1920,1,Breaking and separating,ProcessLvl1,mechanical recovery processes,Fragmentation,BATT_LIBToMechanical3,ComponentLvl2,cathodeActiveMaterial,BATT_Losses_LIBBlackMass3,ElementLvl1,O,0.030000000000000027,,±20%,REC,2032,3.5,calc,"Assumption, no reference",,mechanical,REC
1921,1,Breaking and separating,ProcessLvl1,mechanical recovery processes,Fragmentation,BATT_LIBToMechanical3,ComponentLvl2,cathodeActiveMaterial,BATT_Losses_LIBBlackMass3,ElementLvl1,P,0.030000000000000027,,±20%,REC,2032,3.5,calc,"Assumption, no reference",,mechanical,REC
1922,1,Breaking and separating,ProcessLvl1,mechanical recovery processes,Fragmentation,BATT_LIBToMechanical3,ComponentLvl2,cathodeActiveMaterial,BATT_Losses_LIBBlackMass3,ElementLvl1,S,0.030000000000000027,,±20%,REC,2032,3.5,calc,"Assumption, no reference",,mechanical,REC
1923,1,Breaking and separating,ProcessLvl1,mechanical recovery processes,Fragmentation,BATT_LIBToMechanical3,ComponentLvl2,batteryCellCasing2,BATT_Losses_mechRecLIB3,MaterialLvl1,AlAndAlAlloys,0.062238000000000016,,±10%,REC,2032,2.0,calc,"[Vaccari et al., 2024]",https://www.sciencedirect.com/science/article/pii/S0921344924002374,mechanical,REC
1924,1,Breaking and separating,ProcessLvl1,mechanical recovery processes,Fragmentation,BATT_LIBToMechanical3,ComponentLvl2,batteryCellCasing2,BATT_Losses_mechRecLIB3,MaterialLvl1,ferrousMetals1,0.062238000000000016,,±10%,REC,2032,2.0,calc,"[Vaccari et al., 2024]",https://www.sciencedirect.com/science/article/pii/S0921344924002374,mechanical,REC
1925,1,Breaking and separating,ProcessLvl1,mechanical recovery processes,Fragmentation,BATT_LIBToMechanical3,ComponentLvl2,batteryCellCasing2,BATT_Losses_mechRecLIB3,ElementLvl1,Fe,0.062238000000000016,,±10%,REC,2032,2.0,calc,"[Vaccari et al., 2024]",https://www.sciencedirect.com/science/article/pii/S0921344924002374,mechanical,REC
1926,1,Breaking and separating,ProcessLvl1,mechanical recovery processes,Fragmentation,BATT_LIBToMechanical3,ComponentLvl2,currentCollectorCathode,BATT_Losses_mechRecLIB3,ElementLvl1,Al,0.050000000000000044,,±10%,REC,2032,2.0,calc,"[Vaccari et al., 2024]",https://www.sciencedirect.com/science/article/pii/S0921344924002374,mechanical,REC
1927,1,Breaking and separating,ProcessLvl1,mechanical recovery processes,Fragmentation,BATT_LIBToMechanical3,ComponentLvl2,currentCollectorAnode,BATT_Losses_mechRecLIB3,ElementLvl1,Cu,0.050000000000000044,,±10%,REC,2032,2.0,calc,"[Vaccari et al., 2024]",https://www.sciencedirect.com/science/article/pii/S0921344924002374,mechanical,REC
1928,1,Breaking and separating,ProcessLvl1,mechanical recovery processes,Fragmentation,BATT_LIBToMechanical3,ComponentLvl2,anodeActiveMaterial,BATT_Losses_LIBBlackMass3,MaterialLvl4,graphite4,0.030000000000000027,,±20%,REC,2050,4.0,calc,"Assumption, no reference",,mechanical,REC
1929,1,Breaking and separating,ProcessLvl1,mechanical recovery processes,Fragmentation,BATT_LIBToMechanical3,ComponentLvl2,cathodeActiveMaterial,BATT_Losses_LIBBlackMass3,ElementLvl1,Al,0.030000000000000027,,±20%,REC,2050,4.0,calc,"Assumption, no reference",,mechanical,REC
1930,1,Breaking and separating,ProcessLvl1,mechanical recovery processes,Fragmentation,BATT_LIBToMechanical3,ComponentLvl2,cathodeActiveMaterial,BATT_Losses_LIBBlackMass3,ElementLvl1,Cl,0.030000000000000027,,±20%,REC,2050,4.0,calc,"Assumption, no reference",,mechanical,REC
1931,1,Breaking and separating,ProcessLvl1,mechanical recovery processes,Fragmentation,BATT_LIBToMechanical3,ComponentLvl2,cathodeActiveMaterial,BATT_Losses_LIBBlackMass3,ElementLvl1,Co,0.030000000000000027,,±20%,REC,2050,4.0,calc,"Assumption, no reference",,mechanical,REC
1932,1,Breaking and separating,ProcessLvl1,mechanical recovery processes,Fragmentation,BATT_LIBToMechanical3,ComponentLvl2,cathodeActiveMaterial,BATT_Losses_LIBBlackMass3,ElementLvl1,Fe,0.030000000000000027,,±20%,REC,2050,4.0,calc,"Assumption, no reference",,mechanical,REC
1933,1,Breaking and separating,ProcessLvl1,mechanical recovery processes,Fragmentation,BATT_LIBToMechanical3,ComponentLvl2,cathodeActiveMaterial,BATT_Losses_LIBBlackMass3,ElementLvl1,Li,0.030000000000000027,,±20%,REC,2050,4.0,calc,"Assumption, no reference",,mechanical,REC
1934,1,Breaking and separating,ProcessLvl1,mechanical recovery processes,Fragmentation,BATT_LIBToMechanical3,ComponentLvl2,cathodeActiveMaterial,BATT_Losses_LIBBlackMass3,ElementLvl1,Mn,0.030000000000000027,,±20%,REC,2050,4.0,calc,"Assumption, no reference",,mechanical,REC
1935,1,Breaking and separating,ProcessLvl1,mechanical recovery processes,Fragmentation,BATT_LIBToMechanical3,ComponentLvl2,cathodeActiveMaterial,BATT_Losses_LIBBlackMass3,ElementLvl1,Ni,0.030000000000000027,,±20%,REC,2050,4.0,calc,"Assumption, no reference",,mechanical,REC
1936,1,Breaking and separating,ProcessLvl1,mechanical recovery processes,Fragmentation,BATT_LIBToMechanical3,ComponentLvl2,cathodeActiveMaterial,BATT_Losses_LIBBlackMass3,ElementLvl1,O,0.030000000000000027,,±20%,REC,2050,4.0,calc,"Assumption, no reference",,mechanical,REC
1937,1,Breaking and separating,ProcessLvl1,mechanical recovery processes,Fragmentation,BATT_LIBToMechanical3,ComponentLvl2,cathodeActiveMaterial,BATT_Losses_LIBBlackMass3,ElementLvl1,P,0.030000000000000027,,±20%,REC,2050,4.0,calc,"Assumption, no reference",,mechanical,REC
1938,1,Breaking and separating,ProcessLvl1,mechanical recovery processes,Fragmentation,BATT_LIBToMechanical3,ComponentLvl2,cathodeActiveMaterial,BATT_Losses_LIBBlackMass3,ElementLvl1,S,0.030000000000000027,,±20%,REC,2050,4.0,calc,"Assumption, no reference",,mechanical,REC
1939,1,Breaking and separating,ProcessLvl1,mechanical recovery processes,Fragmentation,BATT_LIBToMechanical3,ComponentLvl2,batteryCellCasing2,BATT_Losses_mechRecLIB3,MaterialLvl1,AlAndAlAlloys,0.062238000000000016,,±15%,REC,2050,2.5,calc,"[Vaccari et al., 2024]",https://www.sciencedirect.com/science/article/pii/S0921344924002374,mechanical,REC
1940,1,Breaking and separating,ProcessLvl1,mechanical recovery processes,Fragmentation,BATT_LIBToMechanical3,ComponentLvl2,batteryCellCasing2,BATT_Losses_mechRecLIB3,MaterialLvl1,ferrousMetals1,0.062238000000000016,,±15%,REC,2050,2.5,calc,"[Vaccari et al., 2024]",https://www.sciencedirect.com/science/article/pii/S0921344924002374,mechanical,REC
1941,1,Breaking and separating,ProcessLvl1,mechanical recovery processes,Fragmentation,BATT_LIBToMechanical3,ComponentLvl2,batteryCellCasing2,BATT_Losses_mechRecLIB3,ElementLvl1,Fe,0.062238000000000016,,±15%,REC,2050,2.5,calc,"[Vaccari et al., 2024]",https://www.sciencedirect.com/science/article/pii/S0921344924002374,mechanical,REC
1942,1,Breaking and separating,ProcessLvl1,mechanical recovery processes,Fragmentation,BATT_LIBToMechanical3,ComponentLvl2,currentCollectorCathode,BATT_Losses_mechRecLIB3,ElementLvl1,Al,0.050000000000000044,,±15%,REC,2050,2.5,calc,"[Vaccari et al., 2024]",https://www.sciencedirect.com/science/article/pii/S0921344924002374,mechanical,REC
1943,1,Breaking and separating,ProcessLvl1,mechanical recovery processes,Fragmentation,BATT_LIBToMechanical3,ComponentLvl2,currentCollectorAnode,BATT_Losses_mechRecLIB3,ElementLvl1,Cu,0.050000000000000044,,±15%,REC,2050,2.5,calc,"[Vaccari et al., 2024]",https://www.sciencedirect.com/science/article/pii/S0921344924002374,mechanical,REC
1944,1,Pyrolisis,ProcessLvl2,pyrolysis,Transformation,BATT_LIBToPyrolysis4,ComponentLvl2,anodeActiveMaterial,BATT_LIBToMechanical4,ElementLvl1,C,1.0,,±15%,OBS,2010,2.5,est,"Assumption, no reference",,thermal,OBS
1945,1,Pyrolisis,ProcessLvl2,pyrolysis,Transformation,BATT_LIBToPyrolysis4,ComponentLvl2,cathodeActiveMaterial,BATT_LIBToMechanical4,ElementLvl1,Al,1.0,,±15%,OBS,2010,2.5,est,"Assumption, no reference",,thermal,OBS
1946,1,Pyrolisis,ProcessLvl2,pyrolysis,Transformation,BATT_LIBToPyrolysis4,ComponentLvl2,cathodeActiveMaterial,BATT_LIBToMechanical4,ElementLvl1,Cl,1.0,,±15%,OBS,2010,2.5,est,"Assumption, no reference",,thermal,OBS
1947,1,Pyrolisis,ProcessLvl2,pyrolysis,Transformation,BATT_LIBToPyrolysis4,ComponentLvl2,cathodeActiveMaterial,BATT_LIBToMechanical4,ElementLvl1,Co,1.0,,±15%,OBS,2010,2.5,est,"Assumption, no reference",,thermal,OBS
1948,1,Pyrolisis,ProcessLvl2,pyrolysis,Transformation,BATT_LIBToPyrolysis4,ComponentLvl2,cathodeActiveMaterial,BATT_LIBToMechanical4,ElementLvl1,Fe,1.0,,±15%,OBS,2010,2.5,est,"Assumption, no reference",,thermal,OBS
1949,1,Pyrolisis,ProcessLvl2,pyrolysis,Transformation,BATT_LIBToPyrolysis4,ComponentLvl2,cathodeActiveMaterial,BATT_LIBToMechanical4,ElementLvl1,Li,1.0,,±15%,OBS,2010,2.5,est,"Assumption, no reference",,thermal,OBS
1950,1,Pyrolisis,ProcessLvl2,pyrolysis,Transformation,BATT_LIBToPyrolysis4,ComponentLvl2,cathodeActiveMaterial,BATT_LIBToMechanical4,ElementLvl1,Mn,1.0,,±15%,OBS,2010,2.5,est,"Assumption, no reference",,thermal,OBS
1951,1,Pyrolisis,ProcessLvl2,pyrolysis,Transformation,BATT_LIBToPyrolysis4,ComponentLvl2,cathodeActiveMaterial,BATT_LIBToMechanical4,ElementLvl1,Ni,1.0,,±15%,OBS,2010,2.5,est,"Assumption, no reference",,thermal,OBS
1952,1,Pyrolisis,ProcessLvl2,pyrolysis,Transformation,BATT_LIBToPyrolysis4,ComponentLvl2,cathodeActiveMaterial,BATT_LIBToMechanical4,ElementLvl1,O,1.0,,±15%,OBS,2010,2.5,est,"Assumption, no reference",,thermal,OBS
1953,1,Pyrolisis,ProcessLvl2,pyrolysis,Transformation,BATT_LIBToPyrolysis4,ComponentLvl2,cathodeActiveMaterial,BATT_LIBToMechanical4,ElementLvl1,P,1.0,,±15%,OBS,2010,2.5,est,"Assumption, no reference",,thermal,OBS
1954,1,Pyrolisis,ProcessLvl2,pyrolysis,Transformation,BATT_LIBToPyrolysis4,ComponentLvl2,cathodeActiveMaterial,BATT_LIBToMechanical4,ElementLvl1,S,1.0,,±15%,OBS,2010,2.5,est,"Assumption, no reference",,thermal,OBS
1955,1,Pyrolisis,ProcessLvl2,pyrolysis,Transformation,BATT_LIBToPyrolysis4,ComponentLvl2,anodeActiveMaterial,BATT_LIBToMechanical4,ElementLvl1,Si,1.0,,±15%,OBS,2010,2.5,est,"Assumption, no reference",,thermal,OBS
1956,1,Pyrolisis,ProcessLvl2,pyrolysis,Transformation,BATT_LIBToPyrolysis4,ComponentLvl2,anodeActiveMaterial,BATT_LIBToMechanical4,ElementLvl1,Li,1.0,,±15%,OBS,2010,2.5,est,"Assumption, no reference",,thermal,OBS
1957,1,Pyrolisis,ProcessLvl2,pyrolysis,Transformation,BATT_LIBToPyrolysis4,ComponentLvl2,batteryCellCasing2,BATT_LIBToMechanical4,MaterialLvl1,AlAndAlAlloys,1.0,,±15%,OBS,2010,2.5,est,"Assumption, no reference",,thermal,OBS
1958,1,Pyrolisis,ProcessLvl2,pyrolysis,Transformation,BATT_LIBToPyrolysis4,ComponentLvl2,batteryCellCasing2,BATT_LIBToMechanical4,MaterialLvl1,ferrousMetals1,1.0,,±15%,OBS,2010,2.5,est,"Assumption, no reference",,thermal,OBS
1959,1,Pyrolisis,ProcessLvl2,pyrolysis,Transformation,BATT_LIBToPyrolysis4,ComponentLvl2,batteryCellCasing2,BATT_LIBToMechanical4,ElementLvl1,Fe,1.0,,±15%,OBS,2010,2.5,est,"Assumption, no reference",,thermal,OBS
1960,1,Pyrolisis,ProcessLvl2,pyrolysis,Transformation,BATT_LIBToPyrolysis4,ComponentLvl2,currentCollectorCathode,BATT_LIBToMechanical4,ElementLvl1,Al,1.0,,±15%,OBS,2010,2.5,est,"Assumption, no reference",,thermal,OBS
1961,1,Pyrolisis,ProcessLvl2,pyrolysis,Transformation,BATT_LIBToPyrolysis4,ComponentLvl2,currentCollectorAnode,BATT_LIBToMechanical4,ElementLvl1,Cu,1.0,,±15%,OBS,2010,2.5,est,"Assumption, no reference",,thermal,OBS
1962,2,Breaking and separating,ProcessLvl1,mechanical recovery processes,Fragmentation,BATT_LIBToMechanical4,ComponentLvl2,anodeActiveMaterial,BATT_LIBBlackMassToPyro4,ElementLvl1,C,0.85252981,,±5%,OBS,2010,1.0,calc,"[Vaccari et al., 2024]",https://www.sciencedirect.com/science/article/pii/S0921344924002374,mechanical,OBS
1963,2,Breaking and separating,ProcessLvl1,mechanical recovery processes,Fragmentation,BATT_LIBToMechanical4,ComponentLvl2,cathodeActiveMaterial,BATT_LIBBlackMassToPyro4,ElementLvl1,Al,0.85252981,,±5%,OBS,2010,1.0,calc,"[Vaccari et al., 2024]",https://www.sciencedirect.com/science/article/pii/S0921344924002374,mechanical,OBS
1964,2,Breaking and separating,ProcessLvl1,mechanical recovery processes,Fragmentation,BATT_LIBToMechanical4,ComponentLvl2,cathodeActiveMaterial,BATT_LIBBlackMassToPyro4,ElementLvl1,Cl,0.85252981,,±5%,OBS,2010,1.0,calc,"[Vaccari et al., 2024]",https://www.sciencedirect.com/science/article/pii/S0921344924002374,mechanical,OBS
1965,2,Breaking and separating,ProcessLvl1,mechanical recovery processes,Fragmentation,BATT_LIBToMechanical4,ComponentLvl2,cathodeActiveMaterial,BATT_LIBBlackMassToPyro4,ElementLvl1,Co,0.85252981,,±5%,OBS,2010,1.0,calc,"[Vaccari et al., 2024]",https://www.sciencedirect.com/science/article/pii/S0921344924002374,mechanical,OBS
1966,2,Breaking and separating,ProcessLvl1,mechanical recovery processes,Fragmentation,BATT_LIBToMechanical4,ComponentLvl2,cathodeActiveMaterial,BATT_LIBBlackMassToPyro4,ElementLvl1,Fe,0.85252981,,±5%,OBS,2010,1.0,calc,"[Vaccari et al., 2024]",https://www.sciencedirect.com/science/article/pii/S0921344924002374,mechanical,OBS
1967,2,Breaking and separating,ProcessLvl1,mechanical recovery processes,Fragmentation,BATT_LIBToMechanical4,ComponentLvl2,cathodeActiveMaterial,BATT_LIBBlackMassToPyro4,ElementLvl1,Li,0.85252981,,±5%,OBS,2010,1.0,calc,"[Vaccari et al., 2024]",https://www.sciencedirect.com/science/article/pii/S0921344924002374,mechanical,OBS
1968,2,Breaking and separating,ProcessLvl1,mechanical recovery processes,Fragmentation,BATT_LIBToMechanical4,ComponentLvl2,cathodeActiveMaterial,BATT_LIBBlackMassToPyro4,ElementLvl1,Mn,0.85252981,,±5%,OBS,2010,1.0,calc,"[Vaccari et al., 2024]",https://www.sciencedirect.com/science/article/pii/S0921344924002374,mechanical,OBS
1969,2,Breaking and separating,ProcessLvl1,mechanical recovery processes,Fragmentation,BATT_LIBToMechanical4,ComponentLvl2,cathodeActiveMaterial,BATT_LIBBlackMassToPyro4,ElementLvl1,Ni,0.85252981,,±5%,OBS,2010,1.0,calc,"[Vaccari et al., 2024]",https://www.sciencedirect.com/science/article/pii/S0921344924002374,mechanical,OBS
1970,2,Breaking and separating,ProcessLvl1,mechanical recovery processes,Fragmentation,BATT_LIBToMechanical4,ComponentLvl2,cathodeActiveMaterial,BATT_LIBBlackMassToPyro4,ElementLvl1,O,0.85252981,,±5%,OBS,2010,1.0,calc,"[Vaccari et al., 2024]",https://www.sciencedirect.com/science/article/pii/S0921344924002374,mechanical,OBS
1971,2,Breaking and separating,ProcessLvl1,mechanical recovery processes,Fragmentation,BATT_LIBToMechanical4,ComponentLvl2,cathodeActiveMaterial,BATT_LIBBlackMassToPyro4,ElementLvl1,P,0.85252981,,±5%,OBS,2010,1.0,calc,"[Vaccari et al., 2024]",https://www.sciencedirect.com/science/article/pii/S0921344924002374,mechanical,OBS
1972,2,Breaking and separating,ProcessLvl1,mechanical recovery processes,Fragmentation,BATT_LIBToMechanical4,ComponentLvl2,cathodeActiveMaterial,BATT_LIBBlackMassToPyro4,ElementLvl1,S,0.85252981,,±5%,OBS,2010,1.0,calc,"[Vaccari et al., 2024]",https://www.sciencedirect.com/science/article/pii/S0921344924002374,mechanical,OBS
1973,2,Breaking and separating,ProcessLvl1,mechanical recovery processes,Fragmentation,BATT_LIBToMechanical4,ComponentLvl2,batteryCellCasing2,BATT_2RM_mechRecLIB4,MaterialLvl1,AlAndAlAlloys,0.937762,,±5%,OBS,2010,1.0,calc,"[Vaccari et al., 2024]",https://www.sciencedirect.com/science/article/pii/S0921344924002374,mechanical,OBS
1974,2,Breaking and separating,ProcessLvl1,mechanical recovery processes,Fragmentation,BATT_LIBToMechanical4,ComponentLvl2,batteryCellCasing2,BATT_2RM_mechRecLIB4,MaterialLvl1,ferrousMetals1,0.937762,,±5%,OBS,2010,1.0,calc,"[Vaccari et al., 2024]",https://www.sciencedirect.com/science/article/pii/S0921344924002374,mechanical,OBS
1975,2,Breaking and separating,ProcessLvl1,mechanical recovery processes,Fragmentation,BATT_LIBToMechanical4,ComponentLvl2,batteryCellCasing2,BATT_2RM_mechRecLIB4,ElementLvl1,Fe,0.937762,,±5%,OBS,2010,1.0,calc,"[Vaccari et al., 2024]",https://www.sciencedirect.com/science/article/pii/S0921344924002374,mechanical,OBS
1976,2,Breaking and separating,ProcessLvl1,mechanical recovery processes,Fragmentation,BATT_LIBToMechanical4,ComponentLvl2,currentCollectorCathode,BATT_2RM_mechRecLIB4,ElementLvl1,Al,0.83708448124,,±5%,OBS,2010,1.0,calc,"[Vaccari et al., 2024]",https://www.sciencedirect.com/science/article/pii/S0921344924002374,mechanical,OBS
1977,2,Breaking and separating,ProcessLvl1,mechanical recovery processes,Fragmentation,BATT_LIBToMechanical4,ComponentLvl2,currentCollectorAnode,BATT_2RM_mechRecLIB4,ElementLvl1,Cu,0.89642666788,,±5%,OBS,2010,1.0,calc,"[Vaccari et al., 2024]",https://www.sciencedirect.com/science/article/pii/S0921344924002374,mechanical,OBS
1978,3,Thermal recovery processes,ProcessLvl3,pyrometallurgy batteries ,Transformation,BATT_LIBBlackMassToPyro4,,,BATT_LIBSlagToHydro4,ElementLvl1,Li,1.0,,±5%,OBS,2010,1.0,calc,"[Hämmer and Wambach, 2024]",https://www.mdpi.com/2071-1050/16/19/8726,thermal,OBS
1979,3,Thermal recovery processes,ProcessLvl3,pyrometallurgy batteries ,Transformation,BATT_LIBBlackMassToPyro4,,,BATT_LIBSlagToHydro4,ElementLvl1,Al,1.0,,±5%,OBS,2010,1.0,calc,"[Hämmer and Wambach, 2024]",https://www.mdpi.com/2071-1050/16/19/8726,thermal,OBS
1980,3,Thermal recovery processes,ProcessLvl3,pyrometallurgy batteries ,Transformation,BATT_LIBBlackMassToPyro4,,,BATT_LIBSlagToHydro4,ElementLvl1,Mn,1.0,,±5%,OBS,2010,1.0,calc,"[Hämmer and Wambach, 2024]",https://www.mdpi.com/2071-1050/16/19/8726,thermal,OBS
1981,3,Thermal recovery processes,ProcessLvl3,pyrometallurgy batteries ,Transformation,BATT_LIBBlackMassToPyro4,,,BATT_LIBSlagToHydro4,ElementLvl1,P,1.0,,±5%,OBS,2010,1.0,est,"[Hämmer and Wambach, 2024]",https://www.mdpi.com/2071-1050/16/19/8726,thermal,OBS
1982,3,Thermal recovery processes,ProcessLvl3,pyrometallurgy batteries ,Transformation,BATT_LIBBlackMassToPyro4,,,BATT_LIBSlagToHydro4,ElementLvl1,Ni,0.01,,±5%,OBS,2010,1.0,calc,"[Hämmer and Wambach, 2024]",https://www.mdpi.com/2071-1050/16/19/8726,thermal,OBS
1983,3,Thermal recovery processes,ProcessLvl3,pyrometallurgy batteries ,Transformation,BATT_LIBBlackMassToPyro4,,,BATT_LIBSlagToHydro4,ElementLvl1,Fe,0.355,,±5%,OBS,2010,1.0,calc,"[Hämmer and Wambach, 2024]",https://www.mdpi.com/2071-1050/16/19/8726,thermal,OBS
1984,3,Thermal recovery processes,ProcessLvl3,pyrometallurgy batteries ,Transformation,BATT_LIBBlackMassToPyro4,,,BATT_LIBSlagToHydro4,ElementLvl1,Co,0.06,,±5%,OBS,2010,1.0,calc,"[Hämmer and Wambach, 2024]",https://www.mdpi.com/2071-1050/16/19/8726,thermal,OBS
1985,3,Thermal recovery processes,ProcessLvl3,pyrometallurgy batteries ,Transformation,BATT_LIBBlackMassToPyro4,,,BATT_LIBAlloyToHydro4,ElementLvl1,Ni,0.99,,±5%,OBS,2010,1.0,calc,"[Hämmer and Wambach, 2024]",https://www.mdpi.com/2071-1050/16/19/8726,thermal,OBS
1986,3,Thermal recovery processes,ProcessLvl3,pyrometallurgy batteries ,Transformation,BATT_LIBBlackMassToPyro4,,,BATT_LIBAlloyToHydro4,ElementLvl1,Fe,0.645,,±5%,OBS,2010,1.0,calc,"[Hämmer and Wambach, 2024]",https://www.mdpi.com/2071-1050/16/19/8726,thermal,OBS
1987,3,Thermal recovery processes,ProcessLvl3,pyrometallurgy batteries ,Transformation,BATT_LIBBlackMassToPyro4,,,BATT_LIBAlloyToHydro4,ElementLvl1,Co,0.94,,±5%,OBS,2010,1.0,calc,"[Hämmer and Wambach, 2024]",https://www.mdpi.com/2071-1050/16/19/8735,thermal,OBS
1988,4,Hydrometallurgy (Leaching/SolventExtraction/Priciptation&Crystallization),ProcessLvl3,hydrometallurgy batteries,Transformation,BATT_LIBSlagToHydro4,,,BATT_slagsAndSludgesLIB4,ElementLvl1,Li,1.0,,±15%,OBS,2010,2.5,est,"Assumption, no reference",,hydro,OBS
1989,4,Hydrometallurgy (Leaching/SolventExtraction/Priciptation&Crystallization),ProcessLvl3,hydrometallurgy batteries,Transformation,BATT_LIBSlagToHydro4,,,BATT_slagsAndSludgesLIB4,ElementLvl1,Al,1.0,,±15%,OBS,2010,2.5,est,"Assumption, no reference",,hydro,OBS
1990,4,Hydrometallurgy (Leaching/SolventExtraction/Priciptation&Crystallization),ProcessLvl3,hydrometallurgy batteries,Transformation,BATT_LIBSlagToHydro4,,,BATT_slagsAndSludgesLIB4,ElementLvl1,Mn,1.0,,±15%,OBS,2010,2.5,est,"Assumption, no reference",,hydro,OBS
1991,4,Hydrometallurgy (Leaching/SolventExtraction/Priciptation&Crystallization),ProcessLvl3,hydrometallurgy batteries,Transformation,BATT_LIBSlagToHydro4,,,BATT_slagsAndSludgesLIB4,ElementLvl1,P,1.0,,±15%,OBS,2010,2.5,est,"Assumption, no reference",,hydro,OBS
1992,4,Hydrometallurgy (Leaching/SolventExtraction/Priciptation&Crystallization),ProcessLvl3,hydrometallurgy batteries,Transformation,BATT_LIBSlagToHydro4,,,BATT_slagsAndSludgesLIB4,ElementLvl1,Ni,1.0,,±15%,OBS,2010,2.5,est,"Assumption, no reference",,hydro,OBS
1993,4,Hydrometallurgy (Leaching/SolventExtraction/Priciptation&Crystallization),ProcessLvl3,hydrometallurgy batteries,Transformation,BATT_LIBSlagToHydro4,,,BATT_slagsAndSludgesLIB4,ElementLvl1,Fe,1.0,,±15%,OBS,2010,2.5,est,"Assumption, no reference",,hydro,OBS
1994,4,Hydrometallurgy (Leaching/SolventExtraction/Priciptation&Crystallization),ProcessLvl3,hydrometallurgy batteries,Transformation,BATT_LIBSlagToHydro4,,,BATT_slagsAndSludgesLIB4,ElementLvl1,Co,1.0,,±15%,OBS,2010,2.5,est,"Assumption, no reference",,hydro,OBS
1995,4,Hydrometallurgy (Leaching/SolventExtraction/Priciptation&Crystallization),ProcessLvl3,hydrometallurgy batteries,Transformation,BATT_LIBSlagToHydro4,,,BATT_2RM_chemRecSlagsAndSludges4,ElementLvl1,Li,0.0,,±15%,OBS,2010,2.5,est,"Assumption, no reference",,hydro,OBS
1996,4,Hydrometallurgy (Leaching/SolventExtraction/Priciptation&Crystallization),ProcessLvl3,hydrometallurgy batteries,Transformation,BATT_LIBAlloyToHydro4,,,BATT_2RM_chemRecLIB4,ElementLvl1,Co,0.79416,,±5%,OBS,2010,1.0,calc,"[Hämmer and Wambach, 2024]",https://www.mdpi.com/2071-1050/16/19/8726 and https://www.sciencedirect.com/science/article/pii/S1383586622021153?via%3Dihub,hydro,OBS
1997,4,Hydrometallurgy (Leaching/SolventExtraction/Priciptation&Crystallization),ProcessLvl3,hydrometallurgy batteries,Transformation,BATT_LIBAlloyToHydro4,,,BATT_2RM_chemRecLIB4,ElementLvl1,Ni,0.91218,,±5%,OBS,2010,1.0,calc,"[Hämmer and Wambach, 2024]",https://www.mdpi.com/2071-1050/16/19/8726 and https://www.sciencedirect.com/science/article/pii/S1383586622021153?via%3Dihub,hydro,OBS
1998,1,Pyrolisis,ProcessLvl2,pyrolysis,Transformation,BATT_LIBToPyrolysis4,ComponentLvl2,anodeActiveMaterial,BATT_LIBToMechanical4,ElementLvl1,C,1.0,,±15%,REC,2025,2.5,est,"Assumption, no reference",,thermal,REC
1999,1,Pyrolisis,ProcessLvl2,pyrolysis,Transformation,BATT_LIBToPyrolysis4,ComponentLvl2,cathodeActiveMaterial,BATT_LIBToMechanical4,ElementLvl1,Al,1.0,,±15%,REC,2025,2.5,est,"Assumption, no reference",,thermal,REC
2000,1,Pyrolisis,ProcessLvl2,pyrolysis,Transformation,BATT_LIBToPyrolysis4,ComponentLvl2,cathodeActiveMaterial,BATT_LIBToMechanical4,ElementLvl1,Cl,1.0,,±15%,REC,2025,2.5,est,"Assumption, no reference",,thermal,REC
2001,1,Pyrolisis,ProcessLvl2,pyrolysis,Transformation,BATT_LIBToPyrolysis4,ComponentLvl2,cathodeActiveMaterial,BATT_LIBToMechanical4,ElementLvl1,Co,1.0,,±15%,REC,2025,2.5,est,"Assumption, no reference",,thermal,REC
2002,1,Pyrolisis,ProcessLvl2,pyrolysis,Transformation,BATT_LIBToPyrolysis4,ComponentLvl2,cathodeActiveMaterial,BATT_LIBToMechanical4,ElementLvl1,Fe,1.0,,±15%,REC,2025,2.5,est,"Assumption, no reference",,thermal,REC
2003,1,Pyrolisis,ProcessLvl2,pyrolysis,Transformation,BATT_LIBToPyrolysis4,ComponentLvl2,cathodeActiveMaterial,BATT_LIBToMechanical4,ElementLvl1,Li,1.0,,±15%,REC,2025,2.5,est,"Assumption, no reference",,thermal,REC
2004,1,Pyrolisis,ProcessLvl2,pyrolysis,Transformation,BATT_LIBToPyrolysis4,ComponentLvl2,cathodeActiveMaterial,BATT_LIBToMechanical4,ElementLvl1,Mn,1.0,,±15%,REC,2025,2.5,est,"Assumption, no reference",,thermal,REC
2005,1,Pyrolisis,ProcessLvl2,pyrolysis,Transformation,BATT_LIBToPyrolysis4,ComponentLvl2,cathodeActiveMaterial,BATT_LIBToMechanical4,ElementLvl1,Ni,1.0,,±15%,REC,2025,2.5,est,"Assumption, no reference",,thermal,REC
2006,1,Pyrolisis,ProcessLvl2,pyrolysis,Transformation,BATT_LIBToPyrolysis4,ComponentLvl2,cathodeActiveMaterial,BATT_LIBToMechanical4,ElementLvl1,O,1.0,,±15%,REC,2025,2.5,est,"Assumption, no reference",,thermal,REC
2007,1,Pyrolisis,ProcessLvl2,pyrolysis,Transformation,BATT_LIBToPyrolysis4,ComponentLvl2,cathodeActiveMaterial,BATT_LIBToMechanical4,ElementLvl1,P,1.0,,±15%,REC,2025,2.5,est,"Assumption, no reference",,thermal,REC
2008,1,Pyrolisis,ProcessLvl2,pyrolysis,Transformation,BATT_LIBToPyrolysis4,ComponentLvl2,cathodeActiveMaterial,BATT_LIBToMechanical4,ElementLvl1,S,1.0,,±15%,REC,2025,2.5,est,"Assumption, no reference",,thermal,REC
2009,1,Pyrolisis,ProcessLvl2,pyrolysis,Transformation,BATT_LIBToPyrolysis4,ComponentLvl2,anodeActiveMaterial,BATT_LIBToMechanical4,ElementLvl1,Si,1.0,,±15%,REC,2025,2.5,est,"Assumption, no reference",,thermal,REC
2010,1,Pyrolisis,ProcessLvl2,pyrolysis,Transformation,BATT_LIBToPyrolysis4,ComponentLvl2,anodeActiveMaterial,BATT_LIBToMechanical4,ElementLvl1,Li,1.0,,±15%,REC,2025,2.5,est,"Assumption, no reference",,thermal,REC
2011,1,Pyrolisis,ProcessLvl2,pyrolysis,Transformation,BATT_LIBToPyrolysis4,ComponentLvl2,batteryCellCasing2,BATT_LIBToMechanical4,MaterialLvl1,AlAndAlAlloys,1.0,,±15%,REC,2025,2.5,est,"Assumption, no reference",,thermal,REC
2012,1,Pyrolisis,ProcessLvl2,pyrolysis,Transformation,BATT_LIBToPyrolysis4,ComponentLvl2,batteryCellCasing2,BATT_LIBToMechanical4,MaterialLvl1,ferrousMetals1,1.0,,±15%,REC,2025,2.5,est,"Assumption, no reference",,thermal,REC
2013,1,Pyrolisis,ProcessLvl2,pyrolysis,Transformation,BATT_LIBToPyrolysis4,ComponentLvl2,batteryCellCasing2,BATT_LIBToMechanical4,ElementLvl1,Fe,1.0,,±15%,REC,2025,2.5,est,"Assumption, no reference",,thermal,REC
2014,1,Pyrolisis,ProcessLvl2,pyrolysis,Transformation,BATT_LIBToPyrolysis4,ComponentLvl2,currentCollectorCathode,BATT_LIBToMechanical4,ElementLvl1,Al,1.0,,±15%,REC,2025,2.5,est,"Assumption, no reference",,thermal,REC
2015,1,Pyrolisis,ProcessLvl2,pyrolysis,Transformation,BATT_LIBToPyrolysis4,ComponentLvl2,currentCollectorAnode,BATT_LIBToMechanical4,ElementLvl1,Cu,1.0,,±15%,REC,2025,2.5,est,"Assumption, no reference",,thermal,REC
2016,2,Breaking and separating,ProcessLvl1,mechanical recovery processes,Fragmentation,BATT_LIBToMechanical4,ComponentLvl2,anodeActiveMaterial,BATT_LIBBlackMassToPyro4,ElementLvl1,C,0.85252981,,±5%,REC,2025,1.0,calc,"[Vaccari et al., 2024]",https://www.sciencedirect.com/science/article/pii/S0921344924002374,mechanical,REC
2017,2,Breaking and separating,ProcessLvl1,mechanical recovery processes,Fragmentation,BATT_LIBToMechanical4,ComponentLvl2,cathodeActiveMaterial,BATT_LIBBlackMassToPyro4,ElementLvl1,Al,0.85252981,,±5%,REC,2025,1.0,calc,"[Vaccari et al., 2024]",https://www.sciencedirect.com/science/article/pii/S0921344924002374,mechanical,REC
2018,2,Breaking and separating,ProcessLvl1,mechanical recovery processes,Fragmentation,BATT_LIBToMechanical4,ComponentLvl2,cathodeActiveMaterial,BATT_LIBBlackMassToPyro4,ElementLvl1,Cl,0.85252981,,±5%,REC,2025,1.0,calc,"[Vaccari et al., 2024]",https://www.sciencedirect.com/science/article/pii/S0921344924002374,mechanical,REC
2019,2,Breaking and separating,ProcessLvl1,mechanical recovery processes,Fragmentation,BATT_LIBToMechanical4,ComponentLvl2,cathodeActiveMaterial,BATT_LIBBlackMassToPyro4,ElementLvl1,Co,0.85252981,,±5%,REC,2025,1.0,calc,"[Vaccari et al., 2024]",https://www.sciencedirect.com/science/article/pii/S0921344924002374,mechanical,REC
2020,2,Breaking and separating,ProcessLvl1,mechanical recovery processes,Fragmentation,BATT_LIBToMechanical4,ComponentLvl2,cathodeActiveMaterial,BATT_LIBBlackMassToPyro4,ElementLvl1,Fe,0.85252981,,±5%,REC,2025,1.0,calc,"[Vaccari et al., 2024]",https://www.sciencedirect.com/science/article/pii/S0921344924002374,mechanical,REC
2021,2,Breaking and separating,ProcessLvl1,mechanical recovery processes,Fragmentation,BATT_LIBToMechanical4,ComponentLvl2,cathodeActiveMaterial,BATT_LIBBlackMassToPyro4,ElementLvl1,Li,0.85252981,,±5%,REC,2025,1.0,calc,"[Vaccari et al., 2024]",https://www.sciencedirect.com/science/article/pii/S0921344924002374,mechanical,REC
2022,2,Breaking and separating,ProcessLvl1,mechanical recovery processes,Fragmentation,BATT_LIBToMechanical4,ComponentLvl2,cathodeActiveMaterial,BATT_LIBBlackMassToPyro4,ElementLvl1,Mn,0.85252981,,±5%,REC,2025,1.0,calc,"[Vaccari et al., 2024]",https://www.sciencedirect.com/science/article/pii/S0921344924002374,mechanical,REC
2023,2,Breaking and separating,ProcessLvl1,mechanical recovery processes,Fragmentation,BATT_LIBToMechanical4,ComponentLvl2,cathodeActiveMaterial,BATT_LIBBlackMassToPyro4,ElementLvl1,Ni,0.85252981,,±5%,REC,2025,1.0,calc,"[Vaccari et al., 2024]",https://www.sciencedirect.com/science/article/pii/S0921344924002374,mechanical,REC
2024,2,Breaking and separating,ProcessLvl1,mechanical recovery processes,Fragmentation,BATT_LIBToMechanical4,ComponentLvl2,cathodeActiveMaterial,BATT_LIBBlackMassToPyro4,ElementLvl1,O,0.85252981,,±5%,REC,2025,1.0,calc,"[Vaccari et al., 2024]",https://www.sciencedirect.com/science/article/pii/S0921344924002374,mechanical,REC
2025,2,Breaking and separating,ProcessLvl1,mechanical recovery processes,Fragmentation,BATT_LIBToMechanical4,ComponentLvl2,cathodeActiveMaterial,BATT_LIBBlackMassToPyro4,ElementLvl1,P,0.85252981,,±5%,REC,2025,1.0,calc,"[Vaccari et al., 2024]",https://www.sciencedirect.com/science/article/pii/S0921344924002374,mechanical,REC
2026,2,Breaking and separating,ProcessLvl1,mechanical recovery processes,Fragmentation,BATT_LIBToMechanical4,ComponentLvl2,cathodeActiveMaterial,BATT_LIBBlackMassToPyro4,ElementLvl1,S,0.85252981,,±5%,REC,2025,1.0,calc,"[Vaccari et al., 2024]",https://www.sciencedirect.com/science/article/pii/S0921344924002374,mechanical,REC
2027,2,Breaking and separating,ProcessLvl1,mechanical recovery processes,Fragmentation,BATT_LIBToMechanical4,ComponentLvl2,batteryCellCasing2,BATT_2RM_mechRecLIB4,MaterialLvl1,AlAndAlAlloys,0.937762,,±5%,REC,2025,1.0,calc,"[Vaccari et al., 2024]",https://www.sciencedirect.com/science/article/pii/S0921344924002374,mechanical,REC
2028,2,Breaking and separating,ProcessLvl1,mechanical recovery processes,Fragmentation,BATT_LIBToMechanical4,ComponentLvl2,batteryCellCasing2,BATT_2RM_mechRecLIB4,MaterialLvl1,ferrousMetals1,0.937762,,±5%,REC,2025,1.0,calc,"[Vaccari et al., 2024]",https://www.sciencedirect.com/science/article/pii/S0921344924002374,mechanical,REC
2029,2,Breaking and separating,ProcessLvl1,mechanical recovery processes,Fragmentation,BATT_LIBToMechanical4,ComponentLvl2,batteryCellCasing2,BATT_2RM_mechRecLIB4,ElementLvl1,Fe,0.937762,,±5%,REC,2025,1.0,calc,"[Vaccari et al., 2024]",https://www.sciencedirect.com/science/article/pii/S0921344924002374,mechanical,REC
2030,2,Breaking and separating,ProcessLvl1,mechanical recovery processes,Fragmentation,BATT_LIBToMechanical4,ComponentLvl2,currentCollectorCathode,BATT_2RM_mechRecLIB4,ElementLvl1,Al,0.83708448124,,±5%,REC,2025,1.0,calc,"[Vaccari et al., 2024]",https://www.sciencedirect.com/science/article/pii/S0921344924002374,mechanical,REC
2031,2,Breaking and separating,ProcessLvl1,mechanical recovery processes,Fragmentation,BATT_LIBToMechanical4,ComponentLvl2,currentCollectorAnode,BATT_2RM_mechRecLIB4,ElementLvl1,Cu,0.89642666788,,±5%,REC,2025,1.0,calc,"[Vaccari et al., 2024]",https://www.sciencedirect.com/science/article/pii/S0921344924002374,mechanical,REC
2032,3,Thermal recovery processes,ProcessLvl3,pyrometallurgy batteries ,Transformation,BATT_LIBBlackMassToPyro4,,,BATT_LIBSlagToHydro4,ElementLvl1,Li,1.0,,±5%,REC,2025,1.0,calc,"[Hämmer and Wambach, 2024]",https://www.mdpi.com/2071-1050/16/19/8726,thermal,REC
2033,3,Thermal recovery processes,ProcessLvl3,pyrometallurgy batteries ,Transformation,BATT_LIBBlackMassToPyro4,,,BATT_LIBSlagToHydro4,ElementLvl1,Al,1.0,,±5%,REC,2025,1.0,calc,"[Hämmer and Wambach, 2024]",https://www.mdpi.com/2071-1050/16/19/8726,thermal,REC
2034,3,Thermal recovery processes,ProcessLvl3,pyrometallurgy batteries ,Transformation,BATT_LIBBlackMassToPyro4,,,BATT_LIBSlagToHydro4,ElementLvl1,Mn,1.0,,±5%,REC,2025,1.0,calc,"[Hämmer and Wambach, 2024]",https://www.mdpi.com/2071-1050/16/19/8726,thermal,REC
2035,3,Thermal recovery processes,ProcessLvl3,pyrometallurgy batteries ,Transformation,BATT_LIBBlackMassToPyro4,,,BATT_LIBSlagToHydro4,ElementLvl1,P,1.0,,±5%,REC,2025,1.0,est,"[Hämmer and Wambach, 2024]",https://www.mdpi.com/2071-1050/16/19/8726,thermal,REC
2036,3,Thermal recovery processes,ProcessLvl3,pyrometallurgy batteries ,Transformation,BATT_LIBBlackMassToPyro4,,,BATT_LIBSlagToHydro4,ElementLvl1,Ni,0.01,,±5%,REC,2025,1.0,calc,"[Hämmer and Wambach, 2024]",https://www.mdpi.com/2071-1050/16/19/8726,thermal,REC
2037,3,Thermal recovery processes,ProcessLvl3,pyrometallurgy batteries ,Transformation,BATT_LIBBlackMassToPyro4,,,BATT_LIBSlagToHydro4,ElementLvl1,Fe,0.355,,±5%,REC,2025,1.0,calc,"[Hämmer and Wambach, 2024]",https://www.mdpi.com/2071-1050/16/19/8726,thermal,REC
2038,3,Thermal recovery processes,ProcessLvl3,pyrometallurgy batteries ,Transformation,BATT_LIBBlackMassToPyro4,,,BATT_LIBSlagToHydro4,ElementLvl1,Co,0.06,,±5%,REC,2025,1.0,calc,"[Hämmer and Wambach, 2024]",https://www.mdpi.com/2071-1050/16/19/8726,thermal,REC
2039,3,Thermal recovery processes,ProcessLvl3,pyrometallurgy batteries ,Transformation,BATT_LIBBlackMassToPyro4,,,BATT_LIBAlloyToHydro4,ElementLvl1,Ni,0.99,,±5%,REC,2025,1.0,calc,"[Hämmer and Wambach, 2024]",https://www.mdpi.com/2071-1050/16/19/8726,thermal,REC
2040,3,Thermal recovery processes,ProcessLvl3,pyrometallurgy batteries ,Transformation,BATT_LIBBlackMassToPyro4,,,BATT_LIBAlloyToHydro4,ElementLvl1,Fe,0.645,,±5%,REC,2025,1.0,calc,"[Hämmer and Wambach, 2024]",https://www.mdpi.com/2071-1050/16/19/8726,thermal,REC
2041,3,Thermal recovery processes,ProcessLvl3,pyrometallurgy batteries ,Transformation,BATT_LIBBlackMassToPyro4,,,BATT_LIBAlloyToHydro4,ElementLvl1,Co,0.94,,±5%,REC,2025,1.0,calc,"[Hämmer and Wambach, 2024]",https://www.mdpi.com/2071-1050/16/19/8735,thermal,REC
2042,4,Hydrometallurgy (Leaching/SolventExtraction/Priciptation&Crystallization),ProcessLvl3,hydrometallurgy batteries,Transformation,BATT_LIBSlagToHydro4,,,BATT_slagsAndSludgesLIB4,ElementLvl1,Li,1.0,,±15%,REC,2025,2.5,est,"Assumption, no reference",,hydro,REC
2043,4,Hydrometallurgy (Leaching/SolventExtraction/Priciptation&Crystallization),ProcessLvl3,hydrometallurgy batteries,Transformation,BATT_LIBSlagToHydro4,,,BATT_slagsAndSludgesLIB4,ElementLvl1,Al,1.0,,±15%,REC,2025,2.5,est,"Assumption, no reference",,hydro,REC
2044,4,Hydrometallurgy (Leaching/SolventExtraction/Priciptation&Crystallization),ProcessLvl3,hydrometallurgy batteries,Transformation,BATT_LIBSlagToHydro4,,,BATT_slagsAndSludgesLIB4,ElementLvl1,Mn,1.0,,±15%,REC,2025,2.5,est,"Assumption, no reference",,hydro,REC
2045,4,Hydrometallurgy (Leaching/SolventExtraction/Priciptation&Crystallization),ProcessLvl3,hydrometallurgy batteries,Transformation,BATT_LIBSlagToHydro4,,,BATT_slagsAndSludgesLIB4,ElementLvl1,P,1.0,,±15%,REC,2025,2.5,est,"Assumption, no reference",,hydro,REC
2046,4,Hydrometallurgy (Leaching/SolventExtraction/Priciptation&Crystallization),ProcessLvl3,hydrometallurgy batteries,Transformation,BATT_LIBSlagToHydro4,,,BATT_slagsAndSludgesLIB4,ElementLvl1,Ni,1.0,,±15%,REC,2025,2.5,est,"Assumption, no reference",,hydro,REC
2047,4,Hydrometallurgy (Leaching/SolventExtraction/Priciptation&Crystallization),ProcessLvl3,hydrometallurgy batteries,Transformation,BATT_LIBSlagToHydro4,,,BATT_slagsAndSludgesLIB4,ElementLvl1,Fe,1.0,,±15%,REC,2025,2.5,est,"Assumption, no reference",,hydro,REC
2048,4,Hydrometallurgy (Leaching/SolventExtraction/Priciptation&Crystallization),ProcessLvl3,hydrometallurgy batteries,Transformation,BATT_LIBSlagToHydro4,,,BATT_slagsAndSludgesLIB4,ElementLvl1,Co,1.0,,±15%,REC,2025,2.5,est,"Assumption, no reference",,hydro,REC
2049,4,Hydrometallurgy (Leaching/SolventExtraction/Priciptation&Crystallization),ProcessLvl3,hydrometallurgy batteries,Transformation,BATT_LIBSlagToHydro4,,,BATT_2RM_chemRecSlagsAndSludges4,ElementLvl1,Li,0.0,,±15%,REC,2025,2.5,est,"Assumption, no reference",,hydro,REC
2050,4,Hydrometallurgy (Leaching/SolventExtraction/Priciptation&Crystallization),ProcessLvl3,hydrometallurgy batteries,Transformation,BATT_LIBAlloyToHydro4,,,BATT_2RM_chemRecLIB4,ElementLvl1,Co,0.79416,,±5%,REC,2025,1.0,calc,"[Hämmer and Wambach, 2024]",https://www.mdpi.com/2071-1050/16/19/8726 and https://www.sciencedirect.com/science/article/pii/S1383586622021153?via%3Dihub,hydro,REC
2051,4,Hydrometallurgy (Leaching/SolventExtraction/Priciptation&Crystallization),ProcessLvl3,hydrometallurgy batteries,Transformation,BATT_LIBAlloyToHydro4,,,BATT_2RM_chemRecLIB4,ElementLvl1,Ni,0.91218,,±5%,REC,2025,1.0,calc,"[Hämmer and Wambach, 2024]",https://www.mdpi.com/2071-1050/16/19/8726 and https://www.sciencedirect.com/science/article/pii/S1383586622021153?via%3Dihub,hydro,REC
2052,2,Breaking and separating,ProcessLvl1,mechanical recovery processes,Fragmentation,BATT_LIBToMechanical4,ComponentLvl2,anodeActiveMaterial,BATT_LIBBlackMassToPyro4,ElementLvl1,C,0.95,,±10%,REC,2028,1.5,calc,"[Vaccari et al., 2024]",https://www.sciencedirect.com/science/article/pii/S0921344924002374,mechanical,REC
2053,2,Breaking and separating,ProcessLvl1,mechanical recovery processes,Fragmentation,BATT_LIBToMechanical4,ComponentLvl2,cathodeActiveMaterial,BATT_LIBBlackMassToPyro4,ElementLvl1,Al,0.95,,±15%,REC,2028,3.0,calc,"Assumption, no reference",,mechanical,REC
2054,2,Breaking and separating,ProcessLvl1,mechanical recovery processes,Fragmentation,BATT_LIBToMechanical4,ComponentLvl2,cathodeActiveMaterial,BATT_LIBBlackMassToPyro4,ElementLvl1,Cl,0.95,,±10%,REC,2028,1.5,calc,"[Vaccari et al., 2024]",https://www.sciencedirect.com/science/article/pii/S0921344924002374,mechanical,REC
2055,2,Breaking and separating,ProcessLvl1,mechanical recovery processes,Fragmentation,BATT_LIBToMechanical4,ComponentLvl2,cathodeActiveMaterial,BATT_LIBBlackMassToPyro4,ElementLvl1,Co,0.95,,±10%,REC,2028,1.5,calc,"[Vaccari et al., 2024]",https://www.sciencedirect.com/science/article/pii/S0921344924002374,mechanical,REC
2056,2,Breaking and separating,ProcessLvl1,mechanical recovery processes,Fragmentation,BATT_LIBToMechanical4,ComponentLvl2,cathodeActiveMaterial,BATT_LIBBlackMassToPyro4,ElementLvl1,Fe,0.95,,±15%,REC,2028,3.0,calc,"Assumption, no reference",,mechanical,REC
2057,2,Breaking and separating,ProcessLvl1,mechanical recovery processes,Fragmentation,BATT_LIBToMechanical4,ComponentLvl2,cathodeActiveMaterial,BATT_LIBBlackMassToPyro4,ElementLvl1,Li,0.95,,±15%,REC,2028,1.5,calc,"Assumption, no reference",,mechanical,REC
2058,2,Breaking and separating,ProcessLvl1,mechanical recovery processes,Fragmentation,BATT_LIBToMechanical4,ComponentLvl2,cathodeActiveMaterial,BATT_LIBBlackMassToPyro4,ElementLvl1,Mn,0.95,,±15%,REC,2028,3.0,calc,"Assumption, no reference",,mechanical,REC
2059,2,Breaking and separating,ProcessLvl1,mechanical recovery processes,Fragmentation,BATT_LIBToMechanical4,ComponentLvl2,cathodeActiveMaterial,BATT_LIBBlackMassToPyro4,ElementLvl1,Ni,0.95,,±10%,REC,2028,1.5,calc,"[Vaccari et al., 2024]",https://www.sciencedirect.com/science/article/pii/S0921344924002374,mechanical,REC
2060,2,Breaking and separating,ProcessLvl1,mechanical recovery processes,Fragmentation,BATT_LIBToMechanical4,ComponentLvl2,cathodeActiveMaterial,BATT_LIBBlackMassToPyro4,ElementLvl1,O,0.95,,±10%,REC,2028,1.5,calc,"[Vaccari et al., 2024]",https://www.sciencedirect.com/science/article/pii/S0921344924002374,mechanical,REC
2061,2,Breaking and separating,ProcessLvl1,mechanical recovery processes,Fragmentation,BATT_LIBToMechanical4,ComponentLvl2,cathodeActiveMaterial,BATT_LIBBlackMassToPyro4,ElementLvl1,P,0.95,,±15%,REC,2028,3.0,calc,"Assumption, no reference",,mechanical,REC
2062,2,Breaking and separating,ProcessLvl1,mechanical recovery processes,Fragmentation,BATT_LIBToMechanical4,ComponentLvl2,cathodeActiveMaterial,BATT_LIBBlackMassToPyro4,ElementLvl1,S,0.95,,±10%,REC,2028,1.5,calc,"[Vaccari et al., 2024]",https://www.sciencedirect.com/science/article/pii/S0921344924002374,mechanical,REC
2063,2,Breaking and separating,ProcessLvl1,mechanical recovery processes,Fragmentation,BATT_LIBToMechanical4,ComponentLvl2,batteryCellCasing2,BATT_2RM_mechRecLIB4,MaterialLvl1,AlAndAlAlloys,0.937762,,±10%,REC,2028,1.5,calc,"[Vaccari et al., 2024]",https://www.sciencedirect.com/science/article/pii/S0921344924002374,mechanical,REC
2064,2,Breaking and separating,ProcessLvl1,mechanical recovery processes,Fragmentation,BATT_LIBToMechanical4,ComponentLvl2,batteryCellCasing2,BATT_2RM_mechRecLIB4,MaterialLvl1,ferrousMetals1,0.937762,,±10%,REC,2028,1.5,calc,"[Vaccari et al., 2024]",https://www.sciencedirect.com/science/article/pii/S0921344924002374,mechanical,REC
2065,2,Breaking and separating,ProcessLvl1,mechanical recovery processes,Fragmentation,BATT_LIBToMechanical4,ComponentLvl2,batteryCellCasing2,BATT_2RM_mechRecLIB4,ElementLvl1,Fe,0.937762,,±10%,REC,2028,1.5,calc,"[Vaccari et al., 2024]",https://www.sciencedirect.com/science/article/pii/S0921344924002374,mechanical,REC
2066,2,Breaking and separating,ProcessLvl1,mechanical recovery processes,Fragmentation,BATT_LIBToMechanical4,ComponentLvl2,currentCollectorCathode,BATT_2RM_mechRecLIB4,ElementLvl1,Al,0.9,,±15%,REC,2028,3.0,est,"Assumption, no reference",https://www.sciencedirect.com/science/article/pii/S0921344924002374,mechanical,REC
2067,2,Breaking and separating,ProcessLvl1,mechanical recovery processes,Fragmentation,BATT_LIBToMechanical4,ComponentLvl2,currentCollectorAnode,BATT_2RM_mechRecLIB4,ElementLvl1,Cu,0.9,,±15%,REC,2028,3.0,est,"Assumption, no reference",,mechanical,REC
2068,3,Thermal recovery processes,ProcessLvl3,pyrometallurgy batteries ,Transformation,BATT_LIBBlackMassToPyro4,,,BATT_LIBSlagToHydro4,ElementLvl1,Li,1.0,,±10%,REC,2028,1.5,calc,"[Hämmer and Wambach, 2024]",https://www.mdpi.com/2071-1050/16/19/8726,thermal,REC
2069,3,Thermal recovery processes,ProcessLvl3,pyrometallurgy batteries ,Transformation,BATT_LIBBlackMassToPyro4,,,BATT_LIBSlagToHydro4,ElementLvl1,Al,1.0,,±10%,REC,2028,1.5,calc,"[Hämmer and Wambach, 2024]",https://www.mdpi.com/2071-1050/16/19/8726,thermal,REC
2070,3,Thermal recovery processes,ProcessLvl3,pyrometallurgy batteries ,Transformation,BATT_LIBBlackMassToPyro4,,,BATT_LIBSlagToHydro4,ElementLvl1,Mn,1.0,,±10%,REC,2028,1.5,calc,"[Hämmer and Wambach, 2024]",https://www.mdpi.com/2071-1050/16/19/8726,thermal,REC
2071,3,Thermal recovery processes,ProcessLvl3,pyrometallurgy batteries ,Transformation,BATT_LIBBlackMassToPyro4,,,BATT_LIBSlagToHydro4,ElementLvl1,P,1.0,,±10%,REC,2028,1.5,calc,"[Hämmer and Wambach, 2024]",https://www.mdpi.com/2071-1050/16/19/8726,thermal,REC
2072,3,Thermal recovery processes,ProcessLvl3,pyrometallurgy batteries ,Transformation,BATT_LIBBlackMassToPyro4,,,BATT_LIBSlagToHydro4,ElementLvl1,Ni,0.01,,±10%,REC,2028,1.5,calc,"[Hämmer and Wambach, 2024]",https://www.mdpi.com/2071-1050/16/19/8726,thermal,REC
2073,3,Thermal recovery processes,ProcessLvl3,pyrometallurgy batteries ,Transformation,BATT_LIBBlackMassToPyro4,,,BATT_LIBSlagToHydro4,ElementLvl1,Fe,0.355,,±10%,REC,2028,1.5,calc,"[Hämmer and Wambach, 2024]",https://www.mdpi.com/2071-1050/16/19/8726,thermal,REC
2074,3,Thermal recovery processes,ProcessLvl3,pyrometallurgy batteries ,Transformation,BATT_LIBBlackMassToPyro4,,,BATT_LIBSlagToHydro4,ElementLvl1,Co,0.03,,±10%,REC,2028,1.5,calc,"[Hämmer and Wambach, 2024]",https://www.mdpi.com/2071-1050/16/19/8726,thermal,REC
2075,3,Thermal recovery processes,ProcessLvl3,pyrometallurgy batteries ,Transformation,BATT_LIBBlackMassToPyro4,,,BATT_LIBAlloyToHydro4,ElementLvl1,Ni,0.99,,±10%,REC,2028,1.5,calc,"[Hämmer and Wambach, 2024]",https://www.mdpi.com/2071-1050/16/19/8726,thermal,REC
2076,3,Thermal recovery processes,ProcessLvl3,pyrometallurgy batteries ,Transformation,BATT_LIBBlackMassToPyro4,,,BATT_LIBAlloyToHydro4,ElementLvl1,Fe,0.645,,±10%,REC,2028,1.5,calc,"[Hämmer and Wambach, 2024]",https://www.mdpi.com/2071-1050/16/19/8726,thermal,REC
2077,3,Thermal recovery processes,ProcessLvl3,pyrometallurgy batteries ,Transformation,BATT_LIBBlackMassToPyro4,,,BATT_LIBAlloyToHydro4,ElementLvl1,Co,0.97,,±10%,REC,2028,1.5,calc,"[Hämmer and Wambach, 2024]",https://www.mdpi.com/2071-1050/16/19/8726,thermal,REC
2078,4,Hydrometallurgy (Leaching/SolventExtraction/Priciptation&Crystallization),ProcessLvl3,hydrometallurgy batteries,Transformation,BATT_LIBAlloyToHydro4,,,BATT_2RM_chemRecLIB4,ElementLvl1,Co,0.98,,±10%,REC,2028,1.5,calc,"[Hämmer and Wambach, 2024]",https://www.mdpi.com/2071-1050/16/19/8726 and https://www.sciencedirect.com/science/article/pii/S1383586622021153?via%3Dihub,hydro,REC
2079,4,Hydrometallurgy (Leaching/SolventExtraction/Priciptation&Crystallization),ProcessLvl3,hydrometallurgy batteries,Transformation,BATT_LIBAlloyToHydro4,,,BATT_2RM_chemRecLIB4,ElementLvl1,Ni,0.96,,±10%,REC,2028,1.5,calc,"[Hämmer and Wambach, 2024]",https://www.mdpi.com/2071-1050/16/19/8726 and https://www.sciencedirect.com/science/article/pii/S1383586622021153?via%3Dihub,hydro,REC
2080,4,Hydrometallurgy (Leaching/SolventExtraction/Priciptation&Crystallization),ProcessLvl3,hydrometallurgy batteries,Transformation,BATT_LIBSlagToHydro4,,,BATT_2RM_chemRecSlagsAndSludges4,ElementLvl1,Li,0.53,,±15%,REC,2028,3.0,est,"Assumption, no reference",,hydro,REC
2081,4,Hydrometallurgy (Leaching/SolventExtraction/Priciptation&Crystallization),ProcessLvl3,hydrometallurgy batteries,Transformation,BATT_LIBSlagToHydro4,,,BATT_slagsAndSludgesLIB4,ElementLvl1,Al,1.0,,±15%,REC,2028,3.0,est,"Assumption, no reference",,hydro,REC
2082,4,Hydrometallurgy (Leaching/SolventExtraction/Priciptation&Crystallization),ProcessLvl3,hydrometallurgy batteries,Transformation,BATT_LIBSlagToHydro4,,,BATT_2RM_chemRecSlagsAndSludges4,ElementLvl1,Mn,0.12,,±15%,REC,2028,3.0,est,"Assumption, no reference",,hydro,REC
2083,4,Hydrometallurgy (Leaching/SolventExtraction/Priciptation&Crystallization),ProcessLvl3,hydrometallurgy batteries,Transformation,BATT_LIBSlagToHydro4,,,BATT_2RM_chemRecSlagsAndSludges4,ElementLvl1,P,0.12,,±15%,REC,2028,3.0,est,"Assumption, no reference",,hydro,REC
2084,4,Hydrometallurgy (Leaching/SolventExtraction/Priciptation&Crystallization),ProcessLvl3,hydrometallurgy batteries,Transformation,BATT_LIBSlagToHydro4,,,BATT_slagsAndSludgesLIB4,ElementLvl1,Ni,1.0,,±15%,REC,2028,3.0,est,"Assumption, no reference",,hydro,REC
2085,4,Hydrometallurgy (Leaching/SolventExtraction/Priciptation&Crystallization),ProcessLvl3,hydrometallurgy batteries,Transformation,BATT_LIBSlagToHydro4,,,BATT_slagsAndSludgesLIB4,ElementLvl1,Co,1.0,,±15%,REC,2028,3.0,est,"Assumption, no reference",,hydro,REC
2086,4,Hydrometallurgy (Leaching/SolventExtraction/Priciptation&Crystallization),ProcessLvl3,hydrometallurgy batteries,Transformation,BATT_LIBSlagToHydro4,,,BATT_slagsAndSludgesLIB4,ElementLvl1,Li,0.47,,±15%,REC,2028,3.0,est,"Assumption, no reference",,hydro,REC
2087,4,Hydrometallurgy (Leaching/SolventExtraction/Priciptation&Crystallization),ProcessLvl3,hydrometallurgy batteries,Transformation,BATT_LIBSlagToHydro4,,,BATT_slagsAndSludgesLIB4,ElementLvl1,Mn,0.88,,±15%,REC,2028,3.0,est,"Assumption, no reference",,hydro,REC
2088,4,Hydrometallurgy (Leaching/SolventExtraction/Priciptation&Crystallization),ProcessLvl3,hydrometallurgy batteries,Transformation,BATT_LIBSlagToHydro4,,,BATT_slagsAndSludgesLIB4,ElementLvl1,P,0.88,,±15%,REC,2028,3.0,est,"Assumption, no reference",,hydro,REC
2089,4,Hydrometallurgy (Leaching/SolventExtraction/Priciptation&Crystallization),ProcessLvl3,hydrometallurgy batteries,Transformation,BATT_LIBSlagToHydro4,,,BATT_slagsAndSludgesLIB4,ElementLvl1,Fe,1.0,,±15%,REC,2028,3.0,est,"Assumption, no reference",,hydro,REC
2090,2,Breaking and separating,ProcessLvl1,mechanical recovery processes,Fragmentation,BATT_LIBToMechanical4,ComponentLvl2,anodeActiveMaterial,BATT_LIBBlackMassToPyro4,ElementLvl1,C,0.97,,±10%,REC,2032,2.0,calc,"[Vaccari et al., 2024]",https://www.sciencedirect.com/science/article/pii/S0921344924002374,mechanical,REC
2091,2,Breaking and separating,ProcessLvl1,mechanical recovery processes,Fragmentation,BATT_LIBToMechanical4,ComponentLvl2,cathodeActiveMaterial,BATT_LIBBlackMassToPyro4,ElementLvl1,Al,0.97,,±20%,REC,2032,3.5,calc,"Assumption, no reference",,mechanical,REC
2092,2,Breaking and separating,ProcessLvl1,mechanical recovery processes,Fragmentation,BATT_LIBToMechanical4,ComponentLvl2,cathodeActiveMaterial,BATT_LIBBlackMassToPyro4,ElementLvl1,Cl,0.97,,±10%,REC,2032,2.0,calc,"[Vaccari et al., 2024]",https://www.sciencedirect.com/science/article/pii/S0921344924002374,mechanical,REC
2093,2,Breaking and separating,ProcessLvl1,mechanical recovery processes,Fragmentation,BATT_LIBToMechanical4,ComponentLvl2,cathodeActiveMaterial,BATT_LIBBlackMassToPyro4,ElementLvl1,Co,0.97,,±20%,REC,2032,3.5,calc,"Assumption, no reference",,mechanical,REC
2094,2,Breaking and separating,ProcessLvl1,mechanical recovery processes,Fragmentation,BATT_LIBToMechanical4,ComponentLvl2,cathodeActiveMaterial,BATT_LIBBlackMassToPyro4,ElementLvl1,Fe,0.97,,±10%,REC,2032,2.0,calc,"Assumption, no reference",,mechanical,REC
2095,2,Breaking and separating,ProcessLvl1,mechanical recovery processes,Fragmentation,BATT_LIBToMechanical4,ComponentLvl2,cathodeActiveMaterial,BATT_LIBBlackMassToPyro4,ElementLvl1,Li,0.97,,±20%,REC,2032,3.5,est,"Assumption, no reference",,mechanical,REC
2096,2,Breaking and separating,ProcessLvl1,mechanical recovery processes,Fragmentation,BATT_LIBToMechanical4,ComponentLvl2,cathodeActiveMaterial,BATT_LIBBlackMassToPyro4,ElementLvl1,Mn,0.97,,±20%,REC,2032,3.5,calc,"Assumption, no reference",,mechanical,REC
2097,2,Breaking and separating,ProcessLvl1,mechanical recovery processes,Fragmentation,BATT_LIBToMechanical4,ComponentLvl2,cathodeActiveMaterial,BATT_LIBBlackMassToPyro4,ElementLvl1,Ni,0.97,,±20%,REC,2032,3.5,calc,"Assumption, no reference",,mechanical,REC
2098,2,Breaking and separating,ProcessLvl1,mechanical recovery processes,Fragmentation,BATT_LIBToMechanical4,ComponentLvl2,cathodeActiveMaterial,BATT_LIBBlackMassToPyro4,ElementLvl1,O,0.97,,±10%,REC,2032,2.0,calc,"[Vaccari et al., 2024]",https://www.sciencedirect.com/science/article/pii/S0921344924002374,mechanical,REC
2099,2,Breaking and separating,ProcessLvl1,mechanical recovery processes,Fragmentation,BATT_LIBToMechanical4,ComponentLvl2,cathodeActiveMaterial,BATT_LIBBlackMassToPyro4,ElementLvl1,P,0.97,,±20%,REC,2032,3.5,calc,"Assumption, no reference",,mechanical,REC
2100,2,Breaking and separating,ProcessLvl1,mechanical recovery processes,Fragmentation,BATT_LIBToMechanical4,ComponentLvl2,cathodeActiveMaterial,BATT_LIBBlackMassToPyro4,ElementLvl1,S,0.97,,±10%,REC,2032,2.0,calc,"[Vaccari et al., 2024]",https://www.sciencedirect.com/science/article/pii/S0921344924002374,mechanical,REC
2101,2,Breaking and separating,ProcessLvl1,mechanical recovery processes,Fragmentation,BATT_LIBToMechanical4,ComponentLvl2,batteryCellCasing2,BATT_2RM_mechRecLIB4,MaterialLvl1,AlAndAlAlloys,0.937762,,±10%,REC,2032,2.0,calc,"[Vaccari et al., 2024]",https://www.sciencedirect.com/science/article/pii/S0921344924002374,mechanical,REC
2102,2,Breaking and separating,ProcessLvl1,mechanical recovery processes,Fragmentation,BATT_LIBToMechanical4,ComponentLvl2,batteryCellCasing2,BATT_2RM_mechRecLIB4,MaterialLvl1,ferrousMetals1,0.937762,,±10%,REC,2032,2.0,calc,"[Vaccari et al., 2024]",https://www.sciencedirect.com/science/article/pii/S0921344924002374,mechanical,REC
2103,2,Breaking and separating,ProcessLvl1,mechanical recovery processes,Fragmentation,BATT_LIBToMechanical4,ComponentLvl2,batteryCellCasing2,BATT_2RM_mechRecLIB4,ElementLvl1,Fe,0.937762,,±10%,REC,2032,2.0,calc,"[Vaccari et al., 2024]",https://www.sciencedirect.com/science/article/pii/S0921344924002374,mechanical,REC
2104,2,Breaking and separating,ProcessLvl1,mechanical recovery processes,Fragmentation,BATT_LIBToMechanical4,ComponentLvl2,currentCollectorCathode,BATT_2RM_mechRecLIB4,ElementLvl1,Al,0.95,,±10%,REC,2032,2.0,calc,"[Vaccari et al., 2024]",https://www.sciencedirect.com/science/article/pii/S0921344924002374,mechanical,REC
2105,2,Breaking and separating,ProcessLvl1,mechanical recovery processes,Fragmentation,BATT_LIBToMechanical4,ComponentLvl2,currentCollectorAnode,BATT_2RM_mechRecLIB4,ElementLvl1,Cu,0.95,,±20%,REC,2032,3.5,calc,"Assumption, no reference",,mechanical,REC
2106,3,Thermal recovery processes,ProcessLvl3,pyrometallurgy batteries ,Transformation,BATT_LIBBlackMassToPyro4,,,BATT_LIBSlagToHydro4,ElementLvl1,Li,1.0,,±10%,REC,2032,2.0,calc,"[Hämmer and Wambach, 2024]",https://www.mdpi.com/2071-1050/16/19/8726,thermal,REC
2107,3,Thermal recovery processes,ProcessLvl3,pyrometallurgy batteries ,Transformation,BATT_LIBBlackMassToPyro4,,,BATT_LIBSlagToHydro4,ElementLvl1,Al,1.0,,±10%,REC,2032,2.0,calc,"[Hämmer and Wambach, 2024]",https://www.mdpi.com/2071-1050/16/19/8726,thermal,REC
2108,3,Thermal recovery processes,ProcessLvl3,pyrometallurgy batteries ,Transformation,BATT_LIBBlackMassToPyro4,,,BATT_LIBSlagToHydro4,ElementLvl1,Mn,1.0,,±10%,REC,2032,2.0,calc,"[Hämmer and Wambach, 2024]",https://www.mdpi.com/2071-1050/16/19/8726,thermal,REC
2109,3,Thermal recovery processes,ProcessLvl3,pyrometallurgy batteries ,Transformation,BATT_LIBBlackMassToPyro4,,,BATT_LIBSlagToHydro4,ElementLvl1,P,1.0,,±10%,REC,2032,2.0,calc,"[Hämmer and Wambach, 2024]",https://www.mdpi.com/2071-1050/16/19/8726,thermal,REC
2110,3,Thermal recovery processes,ProcessLvl3,pyrometallurgy batteries ,Transformation,BATT_LIBBlackMassToPyro4,,,BATT_LIBSlagToHydro4,ElementLvl1,Ni,0.01,,±10%,REC,2032,2.0,calc,"[Hämmer and Wambach, 2024]",https://www.mdpi.com/2071-1050/16/19/8726,thermal,REC
2111,3,Thermal recovery processes,ProcessLvl3,pyrometallurgy batteries ,Transformation,BATT_LIBBlackMassToPyro4,,,BATT_LIBSlagToHydro4,ElementLvl1,Fe,0.355,,±10%,REC,2032,2.0,calc,"[Hämmer and Wambach, 2024]",https://www.mdpi.com/2071-1050/16/19/8726,thermal,REC
2112,3,Thermal recovery processes,ProcessLvl3,pyrometallurgy batteries ,Transformation,BATT_LIBBlackMassToPyro4,,,BATT_LIBSlagToHydro4,ElementLvl1,Co,0.01,,±10%,REC,2032,2.0,calc,"[Hämmer and Wambach, 2024]",https://www.mdpi.com/2071-1050/16/19/8726,thermal,REC
2113,3,Thermal recovery processes,ProcessLvl3,pyrometallurgy batteries ,Transformation,BATT_LIBBlackMassToPyro4,,,BATT_LIBAlloyToHydro4,ElementLvl1,Ni,0.99,,±10%,REC,2032,2.0,calc,"[Hämmer and Wambach, 2024]",https://www.mdpi.com/2071-1050/16/19/8726,thermal,REC
2114,3,Thermal recovery processes,ProcessLvl3,pyrometallurgy batteries ,Transformation,BATT_LIBBlackMassToPyro4,,,BATT_LIBAlloyToHydro4,ElementLvl1,Fe,0.645,,±10%,REC,2032,2.0,calc,"[Hämmer and Wambach, 2024]",https://www.mdpi.com/2071-1050/16/19/8726,thermal,REC
2115,3,Thermal recovery processes,ProcessLvl3,pyrometallurgy batteries ,Transformation,BATT_LIBBlackMassToPyro4,,,BATT_LIBAlloyToHydro4,ElementLvl1,Co,0.99,,±10%,REC,2032,2.0,calc,"[Hämmer and Wambach, 2024]",https://www.mdpi.com/2071-1050/16/19/8726,thermal,REC
2116,4,Hydrometallurgy (Leaching/SolventExtraction/Priciptation&Crystallization),ProcessLvl3,hydrometallurgy batteries,Transformation,BATT_LIBAlloyToHydro4,,,BATT_2RM_chemRecLIB4,ElementLvl1,Co,0.99,,±10%,REC,2032,2.0,calc,"[Hämmer and Wambach, 2024]",https://www.mdpi.com/2071-1050/16/19/8726 and https://www.sciencedirect.com/science/article/pii/S1383586622021153?via%3Dihub,hydro,REC
2117,4,Hydrometallurgy (Leaching/SolventExtraction/Priciptation&Crystallization),ProcessLvl3,hydrometallurgy batteries,Transformation,BATT_LIBAlloyToHydro4,,,BATT_2RM_chemRecLIB4,ElementLvl1,Ni,0.99,,±10%,REC,2032,2.0,calc,"[Hämmer and Wambach, 2024]",https://www.mdpi.com/2071-1050/16/19/8726 and https://www.sciencedirect.com/science/article/pii/S1383586622021153?via%3Dihub,hydro,REC
2118,4,Hydrometallurgy (Leaching/SolventExtraction/Priciptation&Crystallization),ProcessLvl3,hydrometallurgy batteries,Transformation,BATT_LIBSlagToHydro4,,,BATT_2RM_chemRecSlagsAndSludges4,ElementLvl1,Li,0.83,,±20%,REC,2032,3.5,est,"Assumption, no reference",,hydro,REC
2119,4,Hydrometallurgy (Leaching/SolventExtraction/Priciptation&Crystallization),ProcessLvl3,hydrometallurgy batteries,Transformation,BATT_LIBSlagToHydro4,,,BATT_slagsAndSludgesLIB4,ElementLvl1,Al,1.0,,±20%,REC,2032,3.5,est,"Assumption, no reference",,hydro,REC
2120,4,Hydrometallurgy (Leaching/SolventExtraction/Priciptation&Crystallization),ProcessLvl3,hydrometallurgy batteries,Transformation,BATT_LIBSlagToHydro4,,,BATT_2RM_chemRecSlagsAndSludges4,ElementLvl1,Mn,0.21,,±20%,REC,2032,3.5,est,"Assumption, no reference",,hydro,REC
2121,4,Hydrometallurgy (Leaching/SolventExtraction/Priciptation&Crystallization),ProcessLvl3,hydrometallurgy batteries,Transformation,BATT_LIBSlagToHydro4,,,BATT_2RM_chemRecSlagsAndSludges4,ElementLvl1,P,0.21,,±20%,REC,2032,3.5,est,"Assumption, no reference",,hydro,REC
2122,4,Hydrometallurgy (Leaching/SolventExtraction/Priciptation&Crystallization),ProcessLvl3,hydrometallurgy batteries,Transformation,BATT_LIBSlagToHydro4,,,BATT_slagsAndSludgesLIB4,ElementLvl1,Ni,1.0,,±20%,REC,2032,3.5,est,"Assumption, no reference",,hydro,REC
2123,4,Hydrometallurgy (Leaching/SolventExtraction/Priciptation&Crystallization),ProcessLvl3,hydrometallurgy batteries,Transformation,BATT_LIBSlagToHydro4,,,BATT_slagsAndSludgesLIB4,ElementLvl1,Co,1.0,,±20%,REC,2032,3.5,est,"Assumption, no reference",,hydro,REC
2124,4,Hydrometallurgy (Leaching/SolventExtraction/Priciptation&Crystallization),ProcessLvl3,hydrometallurgy batteries,Transformation,BATT_LIBSlagToHydro4,,,BATT_slagsAndSludgesLIB4,ElementLvl1,Li,0.17,,±20%,REC,2032,3.5,est,"Assumption, no reference",,hydro,REC
2125,4,Hydrometallurgy (Leaching/SolventExtraction/Priciptation&Crystallization),ProcessLvl3,hydrometallurgy batteries,Transformation,BATT_LIBSlagToHydro4,,,BATT_slagsAndSludgesLIB4,ElementLvl1,Mn,0.79,,±20%,REC,2032,3.5,est,"Assumption, no reference",,hydro,REC
2126,4,Hydrometallurgy (Leaching/SolventExtraction/Priciptation&Crystallization),ProcessLvl3,hydrometallurgy batteries,Transformation,BATT_LIBSlagToHydro4,,,BATT_slagsAndSludgesLIB4,ElementLvl1,P,0.79,,±20%,REC,2032,3.5,est,"Assumption, no reference",,hydro,REC
2127,4,Hydrometallurgy (Leaching/SolventExtraction/Priciptation&Crystallization),ProcessLvl3,hydrometallurgy batteries,Transformation,BATT_LIBSlagToHydro4,,,BATT_slagsAndSludgesLIB4,ElementLvl1,Fe,1.0,,±20%,REC,2032,3.5,est,"Assumption, no reference",,hydro,REC
2128,2,Breaking and separating,ProcessLvl1,mechanical recovery processes,Fragmentation,BATT_LIBToMechanical4,ComponentLvl2,anodeActiveMaterial,BATT_LIBBlackMassToPyro4,ElementLvl1,C,0.97,,±15%,REC,2050,2.5,calc,"[Vaccari et al., 2024]",https://www.sciencedirect.com/science/article/pii/S0921344924002374,mechanical,REC
2129,2,Breaking and separating,ProcessLvl1,mechanical recovery processes,Fragmentation,BATT_LIBToMechanical4,ComponentLvl2,cathodeActiveMaterial,BATT_LIBBlackMassToPyro4,ElementLvl1,Al,0.97,,±20%,REC,2050,4.0,calc,"Assumption, no reference",,mechanical,REC
2130,2,Breaking and separating,ProcessLvl1,mechanical recovery processes,Fragmentation,BATT_LIBToMechanical4,ComponentLvl2,cathodeActiveMaterial,BATT_LIBBlackMassToPyro4,ElementLvl1,Cl,0.97,,±15%,REC,2050,2.5,calc,"[Vaccari et al., 2024]",https://www.sciencedirect.com/science/article/pii/S0921344924002374,mechanical,REC
2131,2,Breaking and separating,ProcessLvl1,mechanical recovery processes,Fragmentation,BATT_LIBToMechanical4,ComponentLvl2,cathodeActiveMaterial,BATT_LIBBlackMassToPyro4,ElementLvl1,Co,0.97,,±20%,REC,2050,4.0,calc,"Assumption, no reference",,mechanical,REC
2132,2,Breaking and separating,ProcessLvl1,mechanical recovery processes,Fragmentation,BATT_LIBToMechanical4,ComponentLvl2,cathodeActiveMaterial,BATT_LIBBlackMassToPyro4,ElementLvl1,Fe,0.97,,±15%,REC,2050,2.5,calc,"Assumption, no reference",,mechanical,REC
2133,2,Breaking and separating,ProcessLvl1,mechanical recovery processes,Fragmentation,BATT_LIBToMechanical4,ComponentLvl2,cathodeActiveMaterial,BATT_LIBBlackMassToPyro4,ElementLvl1,Li,0.97,,±20%,REC,2050,4.0,est,"Assumption, no reference",,mechanical,REC
2134,2,Breaking and separating,ProcessLvl1,mechanical recovery processes,Fragmentation,BATT_LIBToMechanical4,ComponentLvl2,cathodeActiveMaterial,BATT_LIBBlackMassToPyro4,ElementLvl1,Mn,0.97,,±20%,REC,2050,4.0,calc,"Assumption, no reference",,mechanical,REC
2135,2,Breaking and separating,ProcessLvl1,mechanical recovery processes,Fragmentation,BATT_LIBToMechanical4,ComponentLvl2,cathodeActiveMaterial,BATT_LIBBlackMassToPyro4,ElementLvl1,Ni,0.97,,±20%,REC,2050,4.0,calc,"Assumption, no reference",,mechanical,REC
2136,2,Breaking and separating,ProcessLvl1,mechanical recovery processes,Fragmentation,BATT_LIBToMechanical4,ComponentLvl2,cathodeActiveMaterial,BATT_LIBBlackMassToPyro4,ElementLvl1,O,0.97,,±15%,REC,2050,2.5,calc,"[Vaccari et al., 2024]",https://www.sciencedirect.com/science/article/pii/S0921344924002374,mechanical,REC
2137,2,Breaking and separating,ProcessLvl1,mechanical recovery processes,Fragmentation,BATT_LIBToMechanical4,ComponentLvl2,cathodeActiveMaterial,BATT_LIBBlackMassToPyro4,ElementLvl1,P,0.97,,±20%,REC,2050,4.0,calc,"Assumption, no reference",,mechanical,REC
2138,2,Breaking and separating,ProcessLvl1,mechanical recovery processes,Fragmentation,BATT_LIBToMechanical4,ComponentLvl2,cathodeActiveMaterial,BATT_LIBBlackMassToPyro4,ElementLvl1,S,0.97,,±15%,REC,2050,2.5,calc,"[Vaccari et al., 2024]",https://www.sciencedirect.com/science/article/pii/S0921344924002374,mechanical,REC
2139,2,Breaking and separating,ProcessLvl1,mechanical recovery processes,Fragmentation,BATT_LIBToMechanical4,ComponentLvl2,batteryCellCasing2,BATT_2RM_mechRecLIB4,MaterialLvl1,AlAndAlAlloys,0.937762,,±15%,REC,2050,2.5,calc,"[Vaccari et al., 2024]",https://www.sciencedirect.com/science/article/pii/S0921344924002374,mechanical,REC
2140,2,Breaking and separating,ProcessLvl1,mechanical recovery processes,Fragmentation,BATT_LIBToMechanical4,ComponentLvl2,batteryCellCasing2,BATT_2RM_mechRecLIB4,MaterialLvl1,ferrousMetals1,0.937762,,±15%,REC,2050,2.5,calc,"[Vaccari et al., 2024]",https://www.sciencedirect.com/science/article/pii/S0921344924002374,mechanical,REC
2141,2,Breaking and separating,ProcessLvl1,mechanical recovery processes,Fragmentation,BATT_LIBToMechanical4,ComponentLvl2,batteryCellCasing2,BATT_2RM_mechRecLIB4,ElementLvl1,Fe,0.937762,,±15%,REC,2050,2.5,calc,"[Vaccari et al., 2024]",https://www.sciencedirect.com/science/article/pii/S0921344924002374,mechanical,REC
2142,2,Breaking and separating,ProcessLvl1,mechanical recovery processes,Fragmentation,BATT_LIBToMechanical4,ComponentLvl2,currentCollectorCathode,BATT_2RM_mechRecLIB4,ElementLvl1,Al,0.95,,±20%,REC,2050,4.0,est,"Assumption, no reference",,mechanical,REC
2143,2,Breaking and separating,ProcessLvl1,mechanical recovery processes,Fragmentation,BATT_LIBToMechanical4,ComponentLvl2,currentCollectorAnode,BATT_2RM_mechRecLIB4,ElementLvl1,Cu,0.95,,±20%,REC,2050,4.0,est,"Assumption, no reference",,mechanical,REC
2144,3,Thermal recovery processes,ProcessLvl3,pyrometallurgy batteries ,Transformation,BATT_LIBBlackMassToPyro4,,,BATT_LIBSlagToHydro4,ElementLvl1,Li,1.0,,±15%,REC,2050,2.5,calc,"[Hämmer and Wambach, 2024]",https://www.mdpi.com/2071-1050/16/19/8726,thermal,REC
2145,3,Thermal recovery processes,ProcessLvl3,pyrometallurgy batteries ,Transformation,BATT_LIBBlackMassToPyro4,,,BATT_LIBSlagToHydro4,ElementLvl1,Al,1.0,,±15%,REC,2050,2.5,calc,"[Hämmer and Wambach, 2024]",https://www.mdpi.com/2071-1050/16/19/8726,thermal,REC
2146,3,Thermal recovery processes,ProcessLvl3,pyrometallurgy batteries ,Transformation,BATT_LIBBlackMassToPyro4,,,BATT_LIBSlagToHydro4,ElementLvl1,Mn,1.0,,±15%,REC,2050,2.5,calc,"[Hämmer and Wambach, 2024]",https://www.mdpi.com/2071-1050/16/19/8726,thermal,REC
2147,3,Thermal recovery processes,ProcessLvl3,pyrometallurgy batteries ,Transformation,BATT_LIBBlackMassToPyro4,,,BATT_LIBSlagToHydro4,ElementLvl1,P,1.0,,±15%,REC,2050,2.5,calc,"[Hämmer and Wambach, 2024]",https://www.mdpi.com/2071-1050/16/19/8726,thermal,REC
2148,3,Thermal recovery processes,ProcessLvl3,pyrometallurgy batteries ,Transformation,BATT_LIBBlackMassToPyro4,,,BATT_LIBSlagToHydro4,ElementLvl1,Ni,0.01,,±15%,REC,2050,2.5,calc,"[Hämmer and Wambach, 2024]",https://www.mdpi.com/2071-1050/16/19/8726,thermal,REC
2149,3,Thermal recovery processes,ProcessLvl3,pyrometallurgy batteries ,Transformation,BATT_LIBBlackMassToPyro4,,,BATT_LIBSlagToHydro4,ElementLvl1,Fe,0.355,,±15%,REC,2050,2.5,calc,"[Hämmer and Wambach, 2024]",https://www.mdpi.com/2071-1050/16/19/8726,thermal,REC
2150,3,Thermal recovery processes,ProcessLvl3,pyrometallurgy batteries ,Transformation,BATT_LIBBlackMassToPyro4,,,BATT_LIBSlagToHydro4,ElementLvl1,Co,0.01,,±15%,REC,2050,2.5,calc,"[Hämmer and Wambach, 2024]",https://www.mdpi.com/2071-1050/16/19/8726,thermal,REC
2151,3,Thermal recovery processes,ProcessLvl3,pyrometallurgy batteries ,Transformation,BATT_LIBBlackMassToPyro4,,,BATT_LIBAlloyToHydro4,ElementLvl1,Ni,0.99,,±15%,REC,2050,2.5,calc,"[Hämmer and Wambach, 2024]",https://www.mdpi.com/2071-1050/16/19/8726,thermal,REC
2152,3,Thermal recovery processes,ProcessLvl3,pyrometallurgy batteries ,Transformation,BATT_LIBBlackMassToPyro4,,,BATT_LIBAlloyToHydro4,ElementLvl1,Fe,0.645,,±15%,REC,2050,2.5,calc,"[Hämmer and Wambach, 2024]",https://www.mdpi.com/2071-1050/16/19/8726,thermal,REC
2153,3,Thermal recovery processes,ProcessLvl3,pyrometallurgy batteries ,Transformation,BATT_LIBBlackMassToPyro4,,,BATT_LIBAlloyToHydro4,ElementLvl1,Co,0.99,,±15%,REC,2050,2.5,calc,"[Hämmer and Wambach, 2024]",https://www.mdpi.com/2071-1050/16/19/8726,thermal,REC
2154,4,Hydrometallurgy (Leaching/SolventExtraction/Priciptation&Crystallization),ProcessLvl3,hydrometallurgy batteries,Transformation,BATT_LIBAlloyToHydro4,,,BATT_2RM_chemRecLIB4,ElementLvl1,Co,0.99,,±15%,REC,2050,2.5,calc,"[Hämmer and Wambach, 2024]",https://www.mdpi.com/2071-1050/16/19/8726 and https://www.sciencedirect.com/science/article/pii/S1383586622021153?via%3Dihub,hydro,REC
2155,4,Hydrometallurgy (Leaching/SolventExtraction/Priciptation&Crystallization),ProcessLvl3,hydrometallurgy batteries,Transformation,BATT_LIBAlloyToHydro4,,,BATT_2RM_chemRecLIB4,ElementLvl1,Ni,0.99,,±15%,REC,2050,2.5,calc,"[Hämmer and Wambach, 2024]",https://www.mdpi.com/2071-1050/16/19/8726 and https://www.sciencedirect.com/science/article/pii/S1383586622021153?via%3Dihub,hydro,REC
2156,4,Hydrometallurgy (Leaching/SolventExtraction/Priciptation&Crystallization),ProcessLvl3,hydrometallurgy batteries,Transformation,BATT_LIBSlagToHydro4,,,BATT_2RM_chemRecSlagsAndSludges4,ElementLvl1,Li,0.93,,±20%,REC,2050,4.0,est,"Assumption, no reference",,hydro,REC
2157,4,Hydrometallurgy (Leaching/SolventExtraction/Priciptation&Crystallization),ProcessLvl3,hydrometallurgy batteries,Transformation,BATT_LIBSlagToHydro4,,,BATT_slagsAndSludgesLIB4,ElementLvl1,Al,1.0,,±20%,REC,2050,4.0,est,"Assumption, no reference",,hydro,REC
2158,4,Hydrometallurgy (Leaching/SolventExtraction/Priciptation&Crystallization),ProcessLvl3,hydrometallurgy batteries,Transformation,BATT_LIBSlagToHydro4,,,BATT_2RM_chemRecSlagsAndSludges4,ElementLvl1,Mn,0.52,,±20%,REC,2050,4.0,est,"Assumption, no reference",,hydro,REC
2159,4,Hydrometallurgy (Leaching/SolventExtraction/Priciptation&Crystallization),ProcessLvl3,hydrometallurgy batteries,Transformation,BATT_LIBSlagToHydro4,,,BATT_2RM_chemRecSlagsAndSludges4,ElementLvl1,P,0.52,,±20%,REC,2050,4.0,est,"Assumption, no reference",,hydro,REC
2160,4,Hydrometallurgy (Leaching/SolventExtraction/Priciptation&Crystallization),ProcessLvl3,hydrometallurgy batteries,Transformation,BATT_LIBSlagToHydro4,,,BATT_slagsAndSludgesLIB4,ElementLvl1,Ni,1.0,,±20%,REC,2050,4.0,est,"Assumption, no reference",,hydro,REC
2161,4,Hydrometallurgy (Leaching/SolventExtraction/Priciptation&Crystallization),ProcessLvl3,hydrometallurgy batteries,Transformation,BATT_LIBSlagToHydro4,,,BATT_slagsAndSludgesLIB4,ElementLvl1,Co,1.0,,±20%,REC,2050,4.0,est,"Assumption, no reference",,hydro,REC
2162,4,Hydrometallurgy (Leaching/SolventExtraction/Priciptation&Crystallization),ProcessLvl3,hydrometallurgy batteries,Transformation,BATT_LIBSlagToHydro4,,,BATT_slagsAndSludgesLIB4,ElementLvl1,Li,0.07,,±20%,REC,2050,4.0,est,"Assumption, no reference",,hydro,REC
2163,4,Hydrometallurgy (Leaching/SolventExtraction/Priciptation&Crystallization),ProcessLvl3,hydrometallurgy batteries,Transformation,BATT_LIBSlagToHydro4,,,BATT_slagsAndSludgesLIB4,ElementLvl1,Mn,0.48,,±20%,REC,2050,4.0,est,"Assumption, no reference",,hydro,REC
2164,4,Hydrometallurgy (Leaching/SolventExtraction/Priciptation&Crystallization),ProcessLvl3,hydrometallurgy batteries,Transformation,BATT_LIBSlagToHydro4,,,BATT_slagsAndSludgesLIB4,ElementLvl1,P,0.48,,±20%,REC,2050,4.0,est,"Assumption, no reference",,hydro,REC
2165,4,Hydrometallurgy (Leaching/SolventExtraction/Priciptation&Crystallization),ProcessLvl3,hydrometallurgy batteries,Transformation,BATT_LIBSlagToHydro4,,,BATT_slagsAndSludgesLIB4,ElementLvl1,Fe,1.0,,±20%,REC,2050,4.0,est,"Assumption, no reference",,hydro,REC
2166,2,Breaking and separating,ProcessLvl1,mechanical recovery processes,Fragmentation,BATT_LIBToMechanical4,ComponentLvl2,anodeActiveMaterial,BATT_Losses_LIBBlackMassToPyro4,ElementLvl1,C,0.14747018999999995,,±5%,OBS,2010,1.0,calc,"[Vaccari et al., 2024]",https://www.sciencedirect.com/science/article/pii/S0921344924002374,mechanical,OBS
2167,2,Breaking and separating,ProcessLvl1,mechanical recovery processes,Fragmentation,BATT_LIBToMechanical4,ComponentLvl2,cathodeActiveMaterial,BATT_Losses_LIBBlackMassToPyro4,ElementLvl1,Al,0.14747018999999995,,±5%,OBS,2010,1.0,calc,"[Vaccari et al., 2024]",https://www.sciencedirect.com/science/article/pii/S0921344924002374,mechanical,OBS
2168,2,Breaking and separating,ProcessLvl1,mechanical recovery processes,Fragmentation,BATT_LIBToMechanical4,ComponentLvl2,cathodeActiveMaterial,BATT_Losses_LIBBlackMassToPyro4,ElementLvl1,Cl,0.14747018999999995,,±5%,OBS,2010,1.0,calc,"[Vaccari et al., 2024]",https://www.sciencedirect.com/science/article/pii/S0921344924002374,mechanical,OBS
2169,2,Breaking and separating,ProcessLvl1,mechanical recovery processes,Fragmentation,BATT_LIBToMechanical4,ComponentLvl2,cathodeActiveMaterial,BATT_Losses_LIBBlackMassToPyro4,ElementLvl1,Co,0.14747018999999995,,±5%,OBS,2010,1.0,calc,"[Vaccari et al., 2024]",https://www.sciencedirect.com/science/article/pii/S0921344924002374,mechanical,OBS
2170,2,Breaking and separating,ProcessLvl1,mechanical recovery processes,Fragmentation,BATT_LIBToMechanical4,ComponentLvl2,cathodeActiveMaterial,BATT_Losses_LIBBlackMassToPyro4,ElementLvl1,Fe,0.14747018999999995,,±5%,OBS,2010,1.0,calc,"[Vaccari et al., 2024]",https://www.sciencedirect.com/science/article/pii/S0921344924002374,mechanical,OBS
2171,2,Breaking and separating,ProcessLvl1,mechanical recovery processes,Fragmentation,BATT_LIBToMechanical4,ComponentLvl2,cathodeActiveMaterial,BATT_Losses_LIBBlackMassToPyro4,ElementLvl1,Li,0.14747018999999995,,±5%,OBS,2010,1.0,calc,"[Vaccari et al., 2024]",https://www.sciencedirect.com/science/article/pii/S0921344924002374,mechanical,OBS
2172,2,Breaking and separating,ProcessLvl1,mechanical recovery processes,Fragmentation,BATT_LIBToMechanical4,ComponentLvl2,cathodeActiveMaterial,BATT_Losses_LIBBlackMassToPyro4,ElementLvl1,Mn,0.14747018999999995,,±5%,OBS,2010,1.0,calc,"[Vaccari et al., 2024]",https://www.sciencedirect.com/science/article/pii/S0921344924002374,mechanical,OBS
2173,2,Breaking and separating,ProcessLvl1,mechanical recovery processes,Fragmentation,BATT_LIBToMechanical4,ComponentLvl2,cathodeActiveMaterial,BATT_Losses_LIBBlackMassToPyro4,ElementLvl1,Ni,0.14747018999999995,,±5%,OBS,2010,1.0,calc,"[Vaccari et al., 2024]",https://www.sciencedirect.com/science/article/pii/S0921344924002374,mechanical,OBS
2174,2,Breaking and separating,ProcessLvl1,mechanical recovery processes,Fragmentation,BATT_LIBToMechanical4,ComponentLvl2,cathodeActiveMaterial,BATT_Losses_LIBBlackMassToPyro4,ElementLvl1,O,0.14747018999999995,,±5%,OBS,2010,1.0,calc,"[Vaccari et al., 2024]",https://www.sciencedirect.com/science/article/pii/S0921344924002374,mechanical,OBS
2175,2,Breaking and separating,ProcessLvl1,mechanical recovery processes,Fragmentation,BATT_LIBToMechanical4,ComponentLvl2,cathodeActiveMaterial,BATT_Losses_LIBBlackMassToPyro4,ElementLvl1,P,0.14747018999999995,,±5%,OBS,2010,1.0,calc,"[Vaccari et al., 2024]",https://www.sciencedirect.com/science/article/pii/S0921344924002374,mechanical,OBS
2176,2,Breaking and separating,ProcessLvl1,mechanical recovery processes,Fragmentation,BATT_LIBToMechanical4,ComponentLvl2,cathodeActiveMaterial,BATT_Losses_LIBBlackMassToPyro4,ElementLvl1,S,0.14747018999999995,,±5%,OBS,2010,1.0,calc,"[Vaccari et al., 2024]",https://www.sciencedirect.com/science/article/pii/S0921344924002374,mechanical,OBS
2177,2,Breaking and separating,ProcessLvl1,mechanical recovery processes,Fragmentation,BATT_LIBToMechanical4,ComponentLvl2,batteryCellCasing2,BATT_Losses_mechRecLIB4,MaterialLvl1,AlAndAlAlloys,0.062238000000000016,,±5%,OBS,2010,1.0,calc,"[Vaccari et al., 2024]",https://www.sciencedirect.com/science/article/pii/S0921344924002374,mechanical,OBS
2178,2,Breaking and separating,ProcessLvl1,mechanical recovery processes,Fragmentation,BATT_LIBToMechanical4,ComponentLvl2,batteryCellCasing2,BATT_Losses_mechRecLIB4,MaterialLvl1,ferrousMetals1,0.062238000000000016,,±5%,OBS,2010,1.0,calc,"[Vaccari et al., 2024]",https://www.sciencedirect.com/science/article/pii/S0921344924002374,mechanical,OBS
2179,2,Breaking and separating,ProcessLvl1,mechanical recovery processes,Fragmentation,BATT_LIBToMechanical4,ComponentLvl2,batteryCellCasing2,BATT_Losses_mechRecLIB4,ElementLvl1,Fe,0.062238000000000016,,±5%,OBS,2010,1.0,calc,"[Vaccari et al., 2024]",https://www.sciencedirect.com/science/article/pii/S0921344924002374,mechanical,OBS
2180,2,Breaking and separating,ProcessLvl1,mechanical recovery processes,Fragmentation,BATT_LIBToMechanical4,ComponentLvl2,currentCollectorCathode,BATT_Losses_mechRecLIB4,ElementLvl1,Al,0.16291551876,,±5%,OBS,2010,1.0,calc,"[Vaccari et al., 2024]",https://www.sciencedirect.com/science/article/pii/S0921344924002374,mechanical,OBS
2181,2,Breaking and separating,ProcessLvl1,mechanical recovery processes,Fragmentation,BATT_LIBToMechanical4,ComponentLvl2,currentCollectorAnode,BATT_Losses_mechRecLIB4,ElementLvl1,Cu,0.10357333211999997,,±5%,OBS,2010,1.0,calc,"[Vaccari et al., 2024]",https://www.sciencedirect.com/science/article/pii/S0921344924002374,mechanical,OBS
2182,4,Hydrometallurgy (Leaching/SolventExtraction/Priciptation&Crystallization),ProcessLvl3,hydrometallurgy batteries,Transformation,BATT_LIBAlloyToHydro4,,,BATT_Losses_chemRecLIB4,ElementLvl1,Co,0.20584000000000002,,±5%,OBS,2010,1.0,calc,"[Hämmer and Wambach, 2024]",https://www.mdpi.com/2071-1050/16/19/8726 and https://www.sciencedirect.com/science/article/pii/S1383586622021153?via%3Dihub,hydro,OBS
2183,4,Hydrometallurgy (Leaching/SolventExtraction/Priciptation&Crystallization),ProcessLvl3,hydrometallurgy batteries,Transformation,BATT_LIBAlloyToHydro4,,,BATT_Losses_chemRecLIB4,ElementLvl1,Ni,0.08782000000000001,,±5%,OBS,2010,1.0,calc,"[Hämmer and Wambach, 2024]",https://www.mdpi.com/2071-1050/16/19/8726 and https://www.sciencedirect.com/science/article/pii/S1383586622021153?via%3Dihub,hydro,OBS
2184,2,Breaking and separating,ProcessLvl1,mechanical recovery processes,Fragmentation,BATT_LIBToMechanical4,ComponentLvl2,anodeActiveMaterial,BATT_Losses_LIBBlackMassToPyro4,ElementLvl1,C,0.14747018999999995,,±5%,REC,2025,1.0,calc,"[Vaccari et al., 2024]",https://www.sciencedirect.com/science/article/pii/S0921344924002374,mechanical,REC
2185,2,Breaking and separating,ProcessLvl1,mechanical recovery processes,Fragmentation,BATT_LIBToMechanical4,ComponentLvl2,cathodeActiveMaterial,BATT_Losses_LIBBlackMassToPyro4,ElementLvl1,Al,0.14747018999999995,,±5%,REC,2025,1.0,calc,"[Vaccari et al., 2024]",https://www.sciencedirect.com/science/article/pii/S0921344924002374,mechanical,REC
2186,2,Breaking and separating,ProcessLvl1,mechanical recovery processes,Fragmentation,BATT_LIBToMechanical4,ComponentLvl2,cathodeActiveMaterial,BATT_Losses_LIBBlackMassToPyro4,ElementLvl1,Cl,0.14747018999999995,,±5%,REC,2025,1.0,calc,"[Vaccari et al., 2024]",https://www.sciencedirect.com/science/article/pii/S0921344924002374,mechanical,REC
2187,2,Breaking and separating,ProcessLvl1,mechanical recovery processes,Fragmentation,BATT_LIBToMechanical4,ComponentLvl2,cathodeActiveMaterial,BATT_Losses_LIBBlackMassToPyro4,ElementLvl1,Co,0.14747018999999995,,±5%,REC,2025,1.0,calc,"[Vaccari et al., 2024]",https://www.sciencedirect.com/science/article/pii/S0921344924002374,mechanical,REC
2188,2,Breaking and separating,ProcessLvl1,mechanical recovery processes,Fragmentation,BATT_LIBToMechanical4,ComponentLvl2,cathodeActiveMaterial,BATT_Losses_LIBBlackMassToPyro4,ElementLvl1,Fe,0.14747018999999995,,±5%,REC,2025,1.0,calc,"[Vaccari et al., 2024]",https://www.sciencedirect.com/science/article/pii/S0921344924002374,mechanical,REC
2189,2,Breaking and separating,ProcessLvl1,mechanical recovery processes,Fragmentation,BATT_LIBToMechanical4,ComponentLvl2,cathodeActiveMaterial,BATT_Losses_LIBBlackMassToPyro4,ElementLvl1,Li,0.14747018999999995,,±5%,REC,2025,1.0,calc,"[Vaccari et al., 2024]",https://www.sciencedirect.com/science/article/pii/S0921344924002374,mechanical,REC
2190,2,Breaking and separating,ProcessLvl1,mechanical recovery processes,Fragmentation,BATT_LIBToMechanical4,ComponentLvl2,cathodeActiveMaterial,BATT_Losses_LIBBlackMassToPyro4,ElementLvl1,Mn,0.14747018999999995,,±5%,REC,2025,1.0,calc,"[Vaccari et al., 2024]",https://www.sciencedirect.com/science/article/pii/S0921344924002374,mechanical,REC
2191,2,Breaking and separating,ProcessLvl1,mechanical recovery processes,Fragmentation,BATT_LIBToMechanical4,ComponentLvl2,cathodeActiveMaterial,BATT_Losses_LIBBlackMassToPyro4,ElementLvl1,Ni,0.14747018999999995,,±5%,REC,2025,1.0,calc,"[Vaccari et al., 2024]",https://www.sciencedirect.com/science/article/pii/S0921344924002374,mechanical,REC
2192,2,Breaking and separating,ProcessLvl1,mechanical recovery processes,Fragmentation,BATT_LIBToMechanical4,ComponentLvl2,cathodeActiveMaterial,BATT_Losses_LIBBlackMassToPyro4,ElementLvl1,O,0.14747018999999995,,±5%,REC,2025,1.0,calc,"[Vaccari et al., 2024]",https://www.sciencedirect.com/science/article/pii/S0921344924002374,mechanical,REC
2193,2,Breaking and separating,ProcessLvl1,mechanical recovery processes,Fragmentation,BATT_LIBToMechanical4,ComponentLvl2,cathodeActiveMaterial,BATT_Losses_LIBBlackMassToPyro4,ElementLvl1,P,0.14747018999999995,,±5%,REC,2025,1.0,calc,"[Vaccari et al., 2024]",https://www.sciencedirect.com/science/article/pii/S0921344924002374,mechanical,REC
2194,2,Breaking and separating,ProcessLvl1,mechanical recovery processes,Fragmentation,BATT_LIBToMechanical4,ComponentLvl2,cathodeActiveMaterial,BATT_Losses_LIBBlackMassToPyro4,ElementLvl1,S,0.14747018999999995,,±5%,REC,2025,1.0,calc,"[Vaccari et al., 2024]",https://www.sciencedirect.com/science/article/pii/S0921344924002374,mechanical,REC
2195,2,Breaking and separating,ProcessLvl1,mechanical recovery processes,Fragmentation,BATT_LIBToMechanical4,ComponentLvl2,batteryCellCasing2,BATT_Losses_mechRecLIB4,MaterialLvl1,AlAndAlAlloys,0.062238000000000016,,±5%,REC,2025,1.0,calc,"[Vaccari et al., 2024]",https://www.sciencedirect.com/science/article/pii/S0921344924002374,mechanical,REC
2196,2,Breaking and separating,ProcessLvl1,mechanical recovery processes,Fragmentation,BATT_LIBToMechanical4,ComponentLvl2,batteryCellCasing2,BATT_Losses_mechRecLIB4,MaterialLvl1,ferrousMetals1,0.062238000000000016,,±5%,REC,2025,1.0,calc,"[Vaccari et al., 2024]",https://www.sciencedirect.com/science/article/pii/S0921344924002374,mechanical,REC
2197,2,Breaking and separating,ProcessLvl1,mechanical recovery processes,Fragmentation,BATT_LIBToMechanical4,ComponentLvl2,batteryCellCasing2,BATT_Losses_mechRecLIB4,ElementLvl1,Fe,0.062238000000000016,,±5%,REC,2025,1.0,calc,"[Vaccari et al., 2024]",https://www.sciencedirect.com/science/article/pii/S0921344924002374,mechanical,REC
2198,2,Breaking and separating,ProcessLvl1,mechanical recovery processes,Fragmentation,BATT_LIBToMechanical4,ComponentLvl2,currentCollectorCathode,BATT_Losses_mechRecLIB4,ElementLvl1,Al,0.16291551876,,±5%,REC,2025,1.0,calc,"[Vaccari et al., 2024]",https://www.sciencedirect.com/science/article/pii/S0921344924002374,mechanical,REC
2199,2,Breaking and separating,ProcessLvl1,mechanical recovery processes,Fragmentation,BATT_LIBToMechanical4,ComponentLvl2,currentCollectorAnode,BATT_Losses_mechRecLIB4,ElementLvl1,Cu,0.10357333211999997,,±5%,REC,2025,1.0,calc,"[Vaccari et al., 2024]",https://www.sciencedirect.com/science/article/pii/S0921344924002374,mechanical,REC
2200,4,Hydrometallurgy (Leaching/SolventExtraction/Priciptation&Crystallization),ProcessLvl3,hydrometallurgy batteries,Transformation,BATT_LIBAlloyToHydro4,,,BATT_Losses_chemRecLIB4,ElementLvl1,Co,0.20584000000000002,,±5%,REC,2025,1.0,calc,"[Hämmer and Wambach, 2024]",https://www.mdpi.com/2071-1050/16/19/8726 and https://www.sciencedirect.com/science/article/pii/S1383586622021153?via%3Dihub,hydro,REC
2201,4,Hydrometallurgy (Leaching/SolventExtraction/Priciptation&Crystallization),ProcessLvl3,hydrometallurgy batteries,Transformation,BATT_LIBAlloyToHydro4,,,BATT_Losses_chemRecLIB4,ElementLvl1,Ni,0.08782000000000001,,±5%,REC,2025,1.0,calc,"[Hämmer and Wambach, 2024]",https://www.mdpi.com/2071-1050/16/19/8726 and https://www.sciencedirect.com/science/article/pii/S1383586622021153?via%3Dihub,hydro,REC
2202,2,Breaking and separating,ProcessLvl1,mechanical recovery processes,Fragmentation,BATT_LIBToMechanical4,ComponentLvl2,anodeActiveMaterial,BATT_Losses_LIBBlackMassToPyro4,ElementLvl1,C,0.050000000000000044,,±10%,REC,2028,1.5,calc,"[Vaccari et al., 2024]",https://www.sciencedirect.com/science/article/pii/S0921344924002374,mechanical,REC
2203,2,Breaking and separating,ProcessLvl1,mechanical recovery processes,Fragmentation,BATT_LIBToMechanical4,ComponentLvl2,cathodeActiveMaterial,BATT_Losses_LIBBlackMassToPyro4,ElementLvl1,Al,0.050000000000000044,,±10%,REC,2028,1.5,calc,"[Vaccari et al., 2024]",https://www.sciencedirect.com/science/article/pii/S0921344924002374,mechanical,REC
2204,2,Breaking and separating,ProcessLvl1,mechanical recovery processes,Fragmentation,BATT_LIBToMechanical4,ComponentLvl2,cathodeActiveMaterial,BATT_Losses_LIBBlackMassToPyro4,ElementLvl1,Cl,0.050000000000000044,,±10%,REC,2028,1.5,calc,"[Vaccari et al., 2024]",https://www.sciencedirect.com/science/article/pii/S0921344924002374,mechanical,REC
2205,2,Breaking and separating,ProcessLvl1,mechanical recovery processes,Fragmentation,BATT_LIBToMechanical4,ComponentLvl2,cathodeActiveMaterial,BATT_Losses_LIBBlackMassToPyro4,ElementLvl1,Co,0.050000000000000044,,±10%,REC,2028,1.5,calc,"[Vaccari et al., 2024]",https://www.sciencedirect.com/science/article/pii/S0921344924002374,mechanical,REC
2206,2,Breaking and separating,ProcessLvl1,mechanical recovery processes,Fragmentation,BATT_LIBToMechanical4,ComponentLvl2,cathodeActiveMaterial,BATT_Losses_LIBBlackMassToPyro4,ElementLvl1,Fe,0.050000000000000044,,±10%,REC,2028,1.5,calc,"[Vaccari et al., 2024]",https://www.sciencedirect.com/science/article/pii/S0921344924002374,mechanical,REC
2207,2,Breaking and separating,ProcessLvl1,mechanical recovery processes,Fragmentation,BATT_LIBToMechanical4,ComponentLvl2,cathodeActiveMaterial,BATT_Losses_LIBBlackMassToPyro4,ElementLvl1,Li,0.050000000000000044,,±10%,REC,2028,1.5,calc,"[Vaccari et al., 2024]",https://www.sciencedirect.com/science/article/pii/S0921344924002374,mechanical,REC
2208,2,Breaking and separating,ProcessLvl1,mechanical recovery processes,Fragmentation,BATT_LIBToMechanical4,ComponentLvl2,cathodeActiveMaterial,BATT_Losses_LIBBlackMassToPyro4,ElementLvl1,Mn,0.050000000000000044,,±10%,REC,2028,1.5,calc,"[Vaccari et al., 2024]",https://www.sciencedirect.com/science/article/pii/S0921344924002374,mechanical,REC
2209,2,Breaking and separating,ProcessLvl1,mechanical recovery processes,Fragmentation,BATT_LIBToMechanical4,ComponentLvl2,cathodeActiveMaterial,BATT_Losses_LIBBlackMassToPyro4,ElementLvl1,Ni,0.050000000000000044,,±10%,REC,2028,1.5,calc,"[Vaccari et al., 2024]",https://www.sciencedirect.com/science/article/pii/S0921344924002374,mechanical,REC
2210,2,Breaking and separating,ProcessLvl1,mechanical recovery processes,Fragmentation,BATT_LIBToMechanical4,ComponentLvl2,cathodeActiveMaterial,BATT_Losses_LIBBlackMassToPyro4,ElementLvl1,O,0.050000000000000044,,±10%,REC,2028,1.5,calc,"[Vaccari et al., 2024]",https://www.sciencedirect.com/science/article/pii/S0921344924002374,mechanical,REC
2211,2,Breaking and separating,ProcessLvl1,mechanical recovery processes,Fragmentation,BATT_LIBToMechanical4,ComponentLvl2,cathodeActiveMaterial,BATT_Losses_LIBBlackMassToPyro4,ElementLvl1,P,0.050000000000000044,,±10%,REC,2028,1.5,calc,"[Vaccari et al., 2024]",https://www.sciencedirect.com/science/article/pii/S0921344924002374,mechanical,REC
2212,2,Breaking and separating,ProcessLvl1,mechanical recovery processes,Fragmentation,BATT_LIBToMechanical4,ComponentLvl2,cathodeActiveMaterial,BATT_Losses_LIBBlackMassToPyro4,ElementLvl1,S,0.050000000000000044,,±10%,REC,2028,1.5,calc,"[Vaccari et al., 2024]",https://www.sciencedirect.com/science/article/pii/S0921344924002374,mechanical,REC
2213,2,Breaking and separating,ProcessLvl1,mechanical recovery processes,Fragmentation,BATT_LIBToMechanical4,ComponentLvl2,batteryCellCasing2,BATT_Losses_mechRecLIB4,MaterialLvl1,AlAndAlAlloys,0.062238000000000016,,±10%,REC,2028,1.5,calc,"[Vaccari et al., 2024]",https://www.sciencedirect.com/science/article/pii/S0921344924002374,mechanical,REC
2214,2,Breaking and separating,ProcessLvl1,mechanical recovery processes,Fragmentation,BATT_LIBToMechanical4,ComponentLvl2,batteryCellCasing2,BATT_Losses_mechRecLIB4,MaterialLvl1,ferrousMetals1,0.062238000000000016,,±10%,REC,2028,1.5,calc,"[Vaccari et al., 2024]",https://www.sciencedirect.com/science/article/pii/S0921344924002374,mechanical,REC
2215,2,Breaking and separating,ProcessLvl1,mechanical recovery processes,Fragmentation,BATT_LIBToMechanical4,ComponentLvl2,batteryCellCasing2,BATT_Losses_mechRecLIB4,ElementLvl1,Fe,0.062238000000000016,,±10%,REC,2028,1.5,calc,"[Vaccari et al., 2024]",https://www.sciencedirect.com/science/article/pii/S0921344924002374,mechanical,REC
2216,2,Breaking and separating,ProcessLvl1,mechanical recovery processes,Fragmentation,BATT_LIBToMechanical4,ComponentLvl2,currentCollectorCathode,BATT_Losses_mechRecLIB4,ElementLvl1,Al,0.16291551876,,±10%,REC,2028,1.5,calc,"[Vaccari et al., 2024]",https://www.sciencedirect.com/science/article/pii/S0921344924002374,mechanical,REC
2217,2,Breaking and separating,ProcessLvl1,mechanical recovery processes,Fragmentation,BATT_LIBToMechanical4,ComponentLvl2,currentCollectorAnode,BATT_Losses_mechRecLIB4,ElementLvl1,Cu,0.09999999999999998,,±10%,REC,2028,1.5,calc,"[Vaccari et al., 2024]",https://www.sciencedirect.com/science/article/pii/S0921344924002374,mechanical,REC
2218,4,Hydrometallurgy (Leaching/SolventExtraction/Priciptation&Crystallization),ProcessLvl3,hydrometallurgy batteries,Transformation,BATT_LIBAlloyToHydro4,,,BATT_Losses_chemRecLIB4,ElementLvl1,Co,0.020000000000000018,,±10%,REC,2028,1.5,calc,"[Hämmer and Wambach, 2024]",https://www.mdpi.com/2071-1050/16/19/8726 and https://www.sciencedirect.com/science/article/pii/S1383586622021153?via%3Dihub,hydro,REC
2219,4,Hydrometallurgy (Leaching/SolventExtraction/Priciptation&Crystallization),ProcessLvl3,hydrometallurgy batteries,Transformation,BATT_LIBAlloyToHydro4,,,BATT_Losses_chemRecLIB4,ElementLvl1,Ni,0.040000000000000036,,±10%,REC,2028,1.5,calc,"[Hämmer and Wambach, 2024]",https://www.mdpi.com/2071-1050/16/19/8726 and https://www.sciencedirect.com/science/article/pii/S1383586622021153?via%3Dihub,hydro,REC
2220,2,Breaking and separating,ProcessLvl1,mechanical recovery processes,Fragmentation,BATT_LIBToMechanical4,ComponentLvl2,anodeActiveMaterial,BATT_Losses_LIBBlackMassToPyro4,ElementLvl1,C,0.030000000000000027,,±10%,REC,2032,2.0,calc,"[Vaccari et al., 2024]",https://www.sciencedirect.com/science/article/pii/S0921344924002374,mechanical,REC
2221,2,Breaking and separating,ProcessLvl1,mechanical recovery processes,Fragmentation,BATT_LIBToMechanical4,ComponentLvl2,cathodeActiveMaterial,BATT_Losses_LIBBlackMassToPyro4,ElementLvl1,Al,0.030000000000000027,,±10%,REC,2032,2.0,calc,"[Vaccari et al., 2024]",https://www.sciencedirect.com/science/article/pii/S0921344924002374,mechanical,REC
2222,2,Breaking and separating,ProcessLvl1,mechanical recovery processes,Fragmentation,BATT_LIBToMechanical4,ComponentLvl2,cathodeActiveMaterial,BATT_Losses_LIBBlackMassToPyro4,ElementLvl1,Cl,0.030000000000000027,,±10%,REC,2032,2.0,calc,"[Vaccari et al., 2024]",https://www.sciencedirect.com/science/article/pii/S0921344924002374,mechanical,REC
2223,2,Breaking and separating,ProcessLvl1,mechanical recovery processes,Fragmentation,BATT_LIBToMechanical4,ComponentLvl2,cathodeActiveMaterial,BATT_Losses_LIBBlackMassToPyro4,ElementLvl1,Co,0.030000000000000027,,±10%,REC,2032,2.0,calc,"[Vaccari et al., 2024]",https://www.sciencedirect.com/science/article/pii/S0921344924002374,mechanical,REC
2224,2,Breaking and separating,ProcessLvl1,mechanical recovery processes,Fragmentation,BATT_LIBToMechanical4,ComponentLvl2,cathodeActiveMaterial,BATT_Losses_LIBBlackMassToPyro4,ElementLvl1,Fe,0.030000000000000027,,±10%,REC,2032,2.0,calc,"[Vaccari et al., 2024]",https://www.sciencedirect.com/science/article/pii/S0921344924002374,mechanical,REC
2225,2,Breaking and separating,ProcessLvl1,mechanical recovery processes,Fragmentation,BATT_LIBToMechanical4,ComponentLvl2,cathodeActiveMaterial,BATT_Losses_LIBBlackMassToPyro4,ElementLvl1,Li,0.030000000000000027,,±10%,REC,2032,2.0,calc,"[Vaccari et al., 2024]",https://www.sciencedirect.com/science/article/pii/S0921344924002374,mechanical,REC
2226,2,Breaking and separating,ProcessLvl1,mechanical recovery processes,Fragmentation,BATT_LIBToMechanical4,ComponentLvl2,cathodeActiveMaterial,BATT_Losses_LIBBlackMassToPyro4,ElementLvl1,Mn,0.030000000000000027,,±10%,REC,2032,2.0,calc,"[Vaccari et al., 2024]",https://www.sciencedirect.com/science/article/pii/S0921344924002374,mechanical,REC
2227,2,Breaking and separating,ProcessLvl1,mechanical recovery processes,Fragmentation,BATT_LIBToMechanical4,ComponentLvl2,cathodeActiveMaterial,BATT_Losses_LIBBlackMassToPyro4,ElementLvl1,Ni,0.030000000000000027,,±10%,REC,2032,2.0,calc,"[Vaccari et al., 2024]",https://www.sciencedirect.com/science/article/pii/S0921344924002374,mechanical,REC
2228,2,Breaking and separating,ProcessLvl1,mechanical recovery processes,Fragmentation,BATT_LIBToMechanical4,ComponentLvl2,cathodeActiveMaterial,BATT_Losses_LIBBlackMassToPyro4,ElementLvl1,O,0.030000000000000027,,±10%,REC,2032,2.0,calc,"[Vaccari et al., 2024]",https://www.sciencedirect.com/science/article/pii/S0921344924002374,mechanical,REC
2229,2,Breaking and separating,ProcessLvl1,mechanical recovery processes,Fragmentation,BATT_LIBToMechanical4,ComponentLvl2,cathodeActiveMaterial,BATT_Losses_LIBBlackMassToPyro4,ElementLvl1,P,0.030000000000000027,,±10%,REC,2032,2.0,calc,"[Vaccari et al., 2024]",https://www.sciencedirect.com/science/article/pii/S0921344924002374,mechanical,REC
2230,2,Breaking and separating,ProcessLvl1,mechanical recovery processes,Fragmentation,BATT_LIBToMechanical4,ComponentLvl2,cathodeActiveMaterial,BATT_Losses_LIBBlackMassToPyro4,ElementLvl1,S,0.030000000000000027,,±10%,REC,2032,2.0,calc,"[Vaccari et al., 2024]",https://www.sciencedirect.com/science/article/pii/S0921344924002374,mechanical,REC
2231,2,Breaking and separating,ProcessLvl1,mechanical recovery processes,Fragmentation,BATT_LIBToMechanical4,ComponentLvl2,batteryCellCasing2,BATT_Losses_mechRecLIB4,MaterialLvl1,AlAndAlAlloys,0.062238000000000016,,±10%,REC,2032,2.0,calc,"[Vaccari et al., 2024]",https://www.sciencedirect.com/science/article/pii/S0921344924002374,mechanical,REC
2232,2,Breaking and separating,ProcessLvl1,mechanical recovery processes,Fragmentation,BATT_LIBToMechanical4,ComponentLvl2,batteryCellCasing2,BATT_Losses_mechRecLIB4,MaterialLvl1,ferrousMetals1,0.062238000000000016,,±10%,REC,2032,2.0,calc,"[Vaccari et al., 2024]",https://www.sciencedirect.com/science/article/pii/S0921344924002374,mechanical,REC
2233,2,Breaking and separating,ProcessLvl1,mechanical recovery processes,Fragmentation,BATT_LIBToMechanical4,ComponentLvl2,batteryCellCasing2,BATT_Losses_mechRecLIB4,ElementLvl1,Fe,0.062238000000000016,,±10%,REC,2032,2.0,calc,"[Vaccari et al., 2024]",https://www.sciencedirect.com/science/article/pii/S0921344924002374,mechanical,REC
2234,2,Breaking and separating,ProcessLvl1,mechanical recovery processes,Fragmentation,BATT_LIBToMechanical4,ComponentLvl2,currentCollectorCathode,BATT_Losses_mechRecLIB4,ElementLvl1,Al,0.050000000000000044,,±10%,REC,2032,2.0,calc,"[Vaccari et al., 2024]",https://www.sciencedirect.com/science/article/pii/S0921344924002374,mechanical,REC
2235,2,Breaking and separating,ProcessLvl1,mechanical recovery processes,Fragmentation,BATT_LIBToMechanical4,ComponentLvl2,currentCollectorAnode,BATT_Losses_mechRecLIB4,ElementLvl1,Cu,0.050000000000000044,,±10%,REC,2032,2.0,calc,"[Vaccari et al., 2024]",https://www.sciencedirect.com/science/article/pii/S0921344924002374,mechanical,REC
2236,4,Hydrometallurgy (Leaching/SolventExtraction/Priciptation&Crystallization),ProcessLvl3,hydrometallurgy batteries,Transformation,BATT_LIBAlloyToHydro4,,,BATT_Losses_chemRecLIB4,ElementLvl1,Co,0.010000000000000009,,±10%,REC,2032,2.0,calc,"[Hämmer and Wambach, 2024]",https://www.mdpi.com/2071-1050/16/19/8726 and https://www.sciencedirect.com/science/article/pii/S1383586622021153?via%3Dihub,hydro,REC
2237,4,Hydrometallurgy (Leaching/SolventExtraction/Priciptation&Crystallization),ProcessLvl3,hydrometallurgy batteries,Transformation,BATT_LIBAlloyToHydro4,,,BATT_Losses_chemRecLIB4,ElementLvl1,Ni,0.010000000000000009,,±10%,REC,2032,2.0,calc,"[Hämmer and Wambach, 2024]",https://www.mdpi.com/2071-1050/16/19/8726 and https://www.sciencedirect.com/science/article/pii/S1383586622021153?via%3Dihub,hydro,REC
2238,2,Breaking and separating,ProcessLvl1,mechanical recovery processes,Fragmentation,BATT_LIBToMechanical4,ComponentLvl2,anodeActiveMaterial,BATT_Losses_LIBBlackMassToPyro4,ElementLvl1,C,0.030000000000000027,,±15%,REC,2050,2.5,calc,"[Vaccari et al., 2024]",https://www.sciencedirect.com/science/article/pii/S0921344924002374,mechanical,REC
2239,2,Breaking and separating,ProcessLvl1,mechanical recovery processes,Fragmentation,BATT_LIBToMechanical4,ComponentLvl2,cathodeActiveMaterial,BATT_Losses_LIBBlackMassToPyro4,ElementLvl1,Al,0.030000000000000027,,±15%,REC,2050,2.5,calc,"[Vaccari et al., 2024]",https://www.sciencedirect.com/science/article/pii/S0921344924002374,mechanical,REC
2240,2,Breaking and separating,ProcessLvl1,mechanical recovery processes,Fragmentation,BATT_LIBToMechanical4,ComponentLvl2,cathodeActiveMaterial,BATT_Losses_LIBBlackMassToPyro4,ElementLvl1,Cl,0.030000000000000027,,±15%,REC,2050,2.5,calc,"[Vaccari et al., 2024]",https://www.sciencedirect.com/science/article/pii/S0921344924002374,mechanical,REC
2241,2,Breaking and separating,ProcessLvl1,mechanical recovery processes,Fragmentation,BATT_LIBToMechanical4,ComponentLvl2,cathodeActiveMaterial,BATT_Losses_LIBBlackMassToPyro4,ElementLvl1,Co,0.030000000000000027,,±15%,REC,2050,2.5,calc,"[Vaccari et al., 2024]",https://www.sciencedirect.com/science/article/pii/S0921344924002374,mechanical,REC
2242,2,Breaking and separating,ProcessLvl1,mechanical recovery processes,Fragmentation,BATT_LIBToMechanical4,ComponentLvl2,cathodeActiveMaterial,BATT_Losses_LIBBlackMassToPyro4,ElementLvl1,Fe,0.030000000000000027,,±15%,REC,2050,2.5,calc,"[Vaccari et al., 2024]",https://www.sciencedirect.com/science/article/pii/S0921344924002374,mechanical,REC
2243,2,Breaking and separating,ProcessLvl1,mechanical recovery processes,Fragmentation,BATT_LIBToMechanical4,ComponentLvl2,cathodeActiveMaterial,BATT_Losses_LIBBlackMassToPyro4,ElementLvl1,Li,0.030000000000000027,,±15%,REC,2050,2.5,calc,"[Vaccari et al., 2024]",https://www.sciencedirect.com/science/article/pii/S0921344924002374,mechanical,REC
2244,2,Breaking and separating,ProcessLvl1,mechanical recovery processes,Fragmentation,BATT_LIBToMechanical4,ComponentLvl2,cathodeActiveMaterial,BATT_Losses_LIBBlackMassToPyro4,ElementLvl1,Mn,0.030000000000000027,,±15%,REC,2050,2.5,calc,"[Vaccari et al., 2024]",https://www.sciencedirect.com/science/article/pii/S0921344924002374,mechanical,REC
2245,2,Breaking and separating,ProcessLvl1,mechanical recovery processes,Fragmentation,BATT_LIBToMechanical4,ComponentLvl2,cathodeActiveMaterial,BATT_Losses_LIBBlackMassToPyro4,ElementLvl1,Ni,0.030000000000000027,,±15%,REC,2050,2.5,calc,"[Vaccari et al., 2024]",https://www.sciencedirect.com/science/article/pii/S0921344924002374,mechanical,REC
2246,2,Breaking and separating,ProcessLvl1,mechanical recovery processes,Fragmentation,BATT_LIBToMechanical4,ComponentLvl2,cathodeActiveMaterial,BATT_Losses_LIBBlackMassToPyro4,ElementLvl1,O,0.030000000000000027,,±15%,REC,2050,2.5,calc,"[Vaccari et al., 2024]",https://www.sciencedirect.com/science/article/pii/S0921344924002374,mechanical,REC
2247,2,Breaking and separating,ProcessLvl1,mechanical recovery processes,Fragmentation,BATT_LIBToMechanical4,ComponentLvl2,cathodeActiveMaterial,BATT_Losses_LIBBlackMassToPyro4,ElementLvl1,P,0.030000000000000027,,±15%,REC,2050,2.5,calc,"[Vaccari et al., 2024]",https://www.sciencedirect.com/science/article/pii/S0921344924002374,mechanical,REC
2248,2,Breaking and separating,ProcessLvl1,mechanical recovery processes,Fragmentation,BATT_LIBToMechanical4,ComponentLvl2,cathodeActiveMaterial,BATT_Losses_LIBBlackMassToPyro4,ElementLvl1,S,0.030000000000000027,,±15%,REC,2050,2.5,calc,"[Vaccari et al., 2024]",https://www.sciencedirect.com/science/article/pii/S0921344924002374,mechanical,REC
2249,2,Breaking and separating,ProcessLvl1,mechanical recovery processes,Fragmentation,BATT_LIBToMechanical4,ComponentLvl2,batteryCellCasing2,BATT_Losses_mechRecLIB4,MaterialLvl1,AlAndAlAlloys,0.062238000000000016,,±15%,REC,2050,2.5,calc,"[Vaccari et al., 2024]",https://www.sciencedirect.com/science/article/pii/S0921344924002374,mechanical,REC
2250,2,Breaking and separating,ProcessLvl1,mechanical recovery processes,Fragmentation,BATT_LIBToMechanical4,ComponentLvl2,batteryCellCasing2,BATT_Losses_mechRecLIB4,MaterialLvl1,ferrousMetals1,0.062238000000000016,,±15%,REC,2050,2.5,calc,"[Vaccari et al., 2024]",https://www.sciencedirect.com/science/article/pii/S0921344924002374,mechanical,REC
2251,2,Breaking and separating,ProcessLvl1,mechanical recovery processes,Fragmentation,BATT_LIBToMechanical4,ComponentLvl2,batteryCellCasing2,BATT_Losses_mechRecLIB4,ElementLvl1,Fe,0.062238000000000016,,±15%,REC,2050,2.5,calc,"[Vaccari et al., 2024]",https://www.sciencedirect.com/science/article/pii/S0921344924002374,mechanical,REC
2252,2,Breaking and separating,ProcessLvl1,mechanical recovery processes,Fragmentation,BATT_LIBToMechanical4,ComponentLvl2,currentCollectorCathode,BATT_Losses_mechRecLIB4,ElementLvl1,Al,0.050000000000000044,,±15%,REC,2050,2.5,calc,"[Vaccari et al., 2024]",https://www.sciencedirect.com/science/article/pii/S0921344924002374,mechanical,REC
2253,2,Breaking and separating,ProcessLvl1,mechanical recovery processes,Fragmentation,BATT_LIBToMechanical4,ComponentLvl2,currentCollectorAnode,BATT_Losses_mechRecLIB4,ElementLvl1,Cu,0.050000000000000044,,±15%,REC,2050,2.5,calc,"[Vaccari et al., 2024]",https://www.sciencedirect.com/science/article/pii/S0921344924002374,mechanical,REC
2254,4,Hydrometallurgy (Leaching/SolventExtraction/Priciptation&Crystallization),ProcessLvl3,hydrometallurgy batteries,Transformation,BATT_LIBAlloyToHydro4,,,BATT_Losses_chemRecLIB4,ElementLvl1,Co,0.010000000000000009,,±15%,REC,2050,2.5,calc,"[Hämmer and Wambach, 2024]",https://www.mdpi.com/2071-1050/16/19/8726 and https://www.sciencedirect.com/science/article/pii/S1383586622021153?via%3Dihub,hydro,REC
2255,4,Hydrometallurgy (Leaching/SolventExtraction/Priciptation&Crystallization),ProcessLvl3,hydrometallurgy batteries,Transformation,BATT_LIBAlloyToHydro4,,,BATT_Losses_chemRecLIB4,ElementLvl1,Ni,0.010000000000000009,,±15%,REC,2050,2.5,calc,"[Hämmer and Wambach, 2024]",https://www.mdpi.com/2071-1050/16/19/8726 and https://www.sciencedirect.com/science/article/pii/S1383586622021153?via%3Dihub,hydro,REC
2256,1,Breaking and separating,ProcessLvl1,mechanical recovery processes,Fragmentation,BATT_LIBToDirectRecycling,ComponentLvl2,anodeActiveMaterial,BATT_AAMToRegeneration,MaterialLvl4,graphite4,0.9869,,±10%,BAU/REC/CIR,2022,2.0,meas,[Lu et al. 2022],https://pdf.sciencedirectassets.com/271948/1-s2.0-S1383586622X00130/1-s2.0-S1383586622010425/main.pdf?X-Amz-Security-Token=IQoJb3JpZ2luX2VjEKT%2F%2F%2F%2F%2F%2F%2F%2F%2F%2FwEaCXVzLWVhc3QtMSJHMEUCIEJIwFTrfhiHy4RQEG43Ef5W4KP%2Fse9AQ1OdO34QqdK5AiEAy47aDhnC8ww3TSpa35ofk47tCY%2BhM0qnDNDWjCsFNggqvAUIjP%2F%2F%2F%2F%2F%2F%2F%2F%2F%2FARAFGgwwNTkwMDM1NDY4NjUiDAW9S4rXVbjwJcBTCyqQBSLPjAQv%2FDPPlAhe3wkqk9NnxQ9U2YXt%2BhLHQ65I4vWCwbPv3lmbH4gN4XZss9CBLidyT%2B5nj6oCE0HKqS2%2B3y6MTpiYVfnkTjNJG4cjjdslK%2Fr5t1LxEOkwieatxi79Kut%2BfWlCuAjv%2BLKNAIOYlEG9e1oxsB7ilaen54ergFnZ4eQT2mkPxpKHRu6POLogMlbu0HZTsdC%2BYpxxtPVzQH1r%2FSvAjUi%2BVJdX0R1%2FEXo48XklrU8nicXes6yBtSIzcQpkCfLq3lfSqP4Px0LzyhiVDKEkf%2FFuX5QwRbfIpO8gnjHt5haNHOJphHznd2ngVUmg%2F7QW694canx1w14YrD%2FSIzBUNh5Xx%2BTlFmQt4wpKb8fHKTUldTgf2ranVHoi4PNLasflyFQttL7GTyHFpfNW7%2FygIBKXiLgPmFDNxxqLase6JGx3Yc3wazvuJebgxRm4tYHmCRzBsMEn8cBJ5lL5m4%2FoTBSXOqrFrcjm%2B%2BYMAKgn5g%2FpigE5AHUu19gqvk7RYguaPb%2BpsUlC576isxeJzOCum3urQQ7k3DFmETVYHLVaT5FdvzFGeXzf5vWIohHA5HhnuNa4MP98o6v%2FZ7stgZ%2BhxUMDmMw3Ks1WRpzKIHfmDcMRYe840v%2FNek8T4x8UYy%2F6%2Fynx%2Br%2F3iltAMqcy%2FcO2t73c6lrraUop30i1ZQmPI9Ufu4gBkrjd4y8JAN12E8LloDnj4aml%2FBMdiZXseeJGFrPijlxODraP6qHfuZmlD0SQvl1qVtWfZofXsgaNa%2FeeoSLd8aw1HptcQ524lFXYHpwpYeLsaCuZShspFkyW85LG8raNdbWtP6EQ2PqrZydY8BSjKH19OPjOR4WO4VxWaOxQd5iBwZ%2FYlrk9MObd%2FrsGOrEB9ST5E8PCfp1ygrZywaU7InAkOiJGXe%2BHJ5Wfqx5gyQM%2BgN8pHyLck123LgcDih2Kdcrc4GRvu1jPfiO0FDJA%2FA2V8lgCYy82h8b%2Fw9DHMMzpHKFpqnEtqV5rMXH6ioSCzjxzDzHb9Hx4gJdgGM8b2wKQCnr2nVSrZ6frmVBt1mUP1yZFRXhGGf4NPuYMlO8b1qi2cWt2NyT7%2F0OLYYK4%2BD2swAtNm%2BMMOZ41qOGbZN6c&X-Amz-Algorithm=AWS4-HMAC-SHA256&X-Amz-Date=20250109T115709Z&X-Amz-SignedHeaders=host&X-Amz-Expires=300&X-Amz-Credential=ASIAQ3PHCVTY5INGZQLN%2F20250109%2Fus-east-1%2Fs3%2Faws4_request&X-Amz-Signature=4bdf060a61048b1e0fb23a9e2bdf9d0ebd8a2a905d543cc7d8bb6f13107a076e&hash=c52de67f5feb0c27d968488c1cbadadf9d6bb1f56ee7deaac3a7dea9595e43e7&host=68042c943591013ac2b2430a89b270f6af2c76d8dfd086a07176afe7c76c2c61&pii=S1383586622010425&tid=spdf-50627f0d-c503-4269-a04b-2fd536fd2062&sid=31e1de1925ff154c6e48aed-834933ca4474gxrqb&type=client&tsoh=d3d3LnNjaWVuY2VkaXJlY3QuY29t&ua=02055e0200565c035b57&rr=8ff43f84190fdbc5&cc=de,mechanical,BAU/REC/CIR
2257,1,Breaking and separating,ProcessLvl1,mechanical recovery processes,Fragmentation,BATT_LIBToDirectRecycling,ComponentLvl2,cathodeActiveMaterial,BATT_CAMToRegeneration,ElementLvl1,Fe,0.9869,,±10%,BAU/REC/CIR,2022,2.0,meas,[Lu et al. 2022],https://pdf.sciencedirectassets.com/271948/1-s2.0-S1383586622X00130/1-s2.0-S1383586622010425/main.pdf?X-Amz-Security-Token=IQoJb3JpZ2luX2VjEKT%2F%2F%2F%2F%2F%2F%2F%2F%2F%2FwEaCXVzLWVhc3QtMSJHMEUCIEJIwFTrfhiHy4RQEG43Ef5W4KP%2Fse9AQ1OdO34QqdK5AiEAy47aDhnC8ww3TSpa35ofk47tCY%2BhM0qnDNDWjCsFNggqvAUIjP%2F%2F%2F%2F%2F%2F%2F%2F%2F%2FARAFGgwwNTkwMDM1NDY4NjUiDAW9S4rXVbjwJcBTCyqQBSLPjAQv%2FDPPlAhe3wkqk9NnxQ9U2YXt%2BhLHQ65I4vWCwbPv3lmbH4gN4XZss9CBLidyT%2B5nj6oCE0HKqS2%2B3y6MTpiYVfnkTjNJG4cjjdslK%2Fr5t1LxEOkwieatxi79Kut%2BfWlCuAjv%2BLKNAIOYlEG9e1oxsB7ilaen54ergFnZ4eQT2mkPxpKHRu6POLogMlbu0HZTsdC%2BYpxxtPVzQH1r%2FSvAjUi%2BVJdX0R1%2FEXo48XklrU8nicXes6yBtSIzcQpkCfLq3lfSqP4Px0LzyhiVDKEkf%2FFuX5QwRbfIpO8gnjHt5haNHOJphHznd2ngVUmg%2F7QW694canx1w14YrD%2FSIzBUNh5Xx%2BTlFmQt4wpKb8fHKTUldTgf2ranVHoi4PNLasflyFQttL7GTyHFpfNW7%2FygIBKXiLgPmFDNxxqLase6JGx3Yc3wazvuJebgxRm4tYHmCRzBsMEn8cBJ5lL5m4%2FoTBSXOqrFrcjm%2B%2BYMAKgn5g%2FpigE5AHUu19gqvk7RYguaPb%2BpsUlC576isxeJzOCum3urQQ7k3DFmETVYHLVaT5FdvzFGeXzf5vWIohHA5HhnuNa4MP98o6v%2FZ7stgZ%2BhxUMDmMw3Ks1WRpzKIHfmDcMRYe840v%2FNek8T4x8UYy%2F6%2Fynx%2Br%2F3iltAMqcy%2FcO2t73c6lrraUop30i1ZQmPI9Ufu4gBkrjd4y8JAN12E8LloDnj4aml%2FBMdiZXseeJGFrPijlxODraP6qHfuZmlD0SQvl1qVtWfZofXsgaNa%2FeeoSLd8aw1HptcQ524lFXYHpwpYeLsaCuZShspFkyW85LG8raNdbWtP6EQ2PqrZydY8BSjKH19OPjOR4WO4VxWaOxQd5iBwZ%2FYlrk9MObd%2FrsGOrEB9ST5E8PCfp1ygrZywaU7InAkOiJGXe%2BHJ5Wfqx5gyQM%2BgN8pHyLck123LgcDih2Kdcrc4GRvu1jPfiO0FDJA%2FA2V8lgCYy82h8b%2Fw9DHMMzpHKFpqnEtqV5rMXH6ioSCzjxzDzHb9Hx4gJdgGM8b2wKQCnr2nVSrZ6frmVBt1mUP1yZFRXhGGf4NPuYMlO8b1qi2cWt2NyT7%2F0OLYYK4%2BD2swAtNm%2BMMOZ41qOGbZN6c&X-Amz-Algorithm=AWS4-HMAC-SHA256&X-Amz-Date=20250109T115709Z&X-Amz-SignedHeaders=host&X-Amz-Expires=300&X-Amz-Credential=ASIAQ3PHCVTY5INGZQLN%2F20250109%2Fus-east-1%2Fs3%2Faws4_request&X-Amz-Signature=4bdf060a61048b1e0fb23a9e2bdf9d0ebd8a2a905d543cc7d8bb6f13107a076e&hash=c52de67f5feb0c27d968488c1cbadadf9d6bb1f56ee7deaac3a7dea9595e43e7&host=68042c943591013ac2b2430a89b270f6af2c76d8dfd086a07176afe7c76c2c61&pii=S1383586622010425&tid=spdf-50627f0d-c503-4269-a04b-2fd536fd2062&sid=31e1de1925ff154c6e48aed-834933ca4474gxrqb&type=client&tsoh=d3d3LnNjaWVuY2VkaXJlY3QuY29t&ua=02055e0200565c035b57&rr=8ff43f84190fdbc5&cc=de,mechanical,BAU/REC/CIR
2258,1,Breaking and separating,ProcessLvl1,mechanical recovery processes,Fragmentation,BATT_LIBToDirectRecycling,ComponentLvl2,cathodeActiveMaterial,BATT_CAMToRegeneration,ElementLvl1,P,0.9869,,±10%,BAU/REC/CIR,2022,2.0,meas,[Lu et al. 2022],https://pdf.sciencedirectassets.com/271948/1-s2.0-S1383586622X00130/1-s2.0-S1383586622010425/main.pdf?X-Amz-Security-Token=IQoJb3JpZ2luX2VjEKT%2F%2F%2F%2F%2F%2F%2F%2F%2F%2FwEaCXVzLWVhc3QtMSJHMEUCIEJIwFTrfhiHy4RQEG43Ef5W4KP%2Fse9AQ1OdO34QqdK5AiEAy47aDhnC8ww3TSpa35ofk47tCY%2BhM0qnDNDWjCsFNggqvAUIjP%2F%2F%2F%2F%2F%2F%2F%2F%2F%2FARAFGgwwNTkwMDM1NDY4NjUiDAW9S4rXVbjwJcBTCyqQBSLPjAQv%2FDPPlAhe3wkqk9NnxQ9U2YXt%2BhLHQ65I4vWCwbPv3lmbH4gN4XZss9CBLidyT%2B5nj6oCE0HKqS2%2B3y6MTpiYVfnkTjNJG4cjjdslK%2Fr5t1LxEOkwieatxi79Kut%2BfWlCuAjv%2BLKNAIOYlEG9e1oxsB7ilaen54ergFnZ4eQT2mkPxpKHRu6POLogMlbu0HZTsdC%2BYpxxtPVzQH1r%2FSvAjUi%2BVJdX0R1%2FEXo48XklrU8nicXes6yBtSIzcQpkCfLq3lfSqP4Px0LzyhiVDKEkf%2FFuX5QwRbfIpO8gnjHt5haNHOJphHznd2ngVUmg%2F7QW694canx1w14YrD%2FSIzBUNh5Xx%2BTlFmQt4wpKb8fHKTUldTgf2ranVHoi4PNLasflyFQttL7GTyHFpfNW7%2FygIBKXiLgPmFDNxxqLase6JGx3Yc3wazvuJebgxRm4tYHmCRzBsMEn8cBJ5lL5m4%2FoTBSXOqrFrcjm%2B%2BYMAKgn5g%2FpigE5AHUu19gqvk7RYguaPb%2BpsUlC576isxeJzOCum3urQQ7k3DFmETVYHLVaT5FdvzFGeXzf5vWIohHA5HhnuNa4MP98o6v%2FZ7stgZ%2BhxUMDmMw3Ks1WRpzKIHfmDcMRYe840v%2FNek8T4x8UYy%2F6%2Fynx%2Br%2F3iltAMqcy%2FcO2t73c6lrraUop30i1ZQmPI9Ufu4gBkrjd4y8JAN12E8LloDnj4aml%2FBMdiZXseeJGFrPijlxODraP6qHfuZmlD0SQvl1qVtWfZofXsgaNa%2FeeoSLd8aw1HptcQ524lFXYHpwpYeLsaCuZShspFkyW85LG8raNdbWtP6EQ2PqrZydY8BSjKH19OPjOR4WO4VxWaOxQd5iBwZ%2FYlrk9MObd%2FrsGOrEB9ST5E8PCfp1ygrZywaU7InAkOiJGXe%2BHJ5Wfqx5gyQM%2BgN8pHyLck123LgcDih2Kdcrc4GRvu1jPfiO0FDJA%2FA2V8lgCYy82h8b%2Fw9DHMMzpHKFpqnEtqV5rMXH6ioSCzjxzDzHb9Hx4gJdgGM8b2wKQCnr2nVSrZ6frmVBt1mUP1yZFRXhGGf4NPuYMlO8b1qi2cWt2NyT7%2F0OLYYK4%2BD2swAtNm%2BMMOZ41qOGbZN6c&X-Amz-Algorithm=AWS4-HMAC-SHA256&X-Amz-Date=20250109T115709Z&X-Amz-SignedHeaders=host&X-Amz-Expires=300&X-Amz-Credential=ASIAQ3PHCVTY5INGZQLN%2F20250109%2Fus-east-1%2Fs3%2Faws4_request&X-Amz-Signature=4bdf060a61048b1e0fb23a9e2bdf9d0ebd8a2a905d543cc7d8bb6f13107a076e&hash=c52de67f5feb0c27d968488c1cbadadf9d6bb1f56ee7deaac3a7dea9595e43e7&host=68042c943591013ac2b2430a89b270f6af2c76d8dfd086a07176afe7c76c2c61&pii=S1383586622010425&tid=spdf-50627f0d-c503-4269-a04b-2fd536fd2062&sid=31e1de1925ff154c6e48aed-834933ca4474gxrqb&type=client&tsoh=d3d3LnNjaWVuY2VkaXJlY3QuY29t&ua=02055e0200565c035b57&rr=8ff43f84190fdbc5&cc=de,mechanical,BAU/REC/CIR
2259,1,Breaking and separating,ProcessLvl1,mechanical recovery processes,Fragmentation,BATT_LIBToDirectRecycling,ComponentLvl2,cathodeActiveMaterial,BATT_CAMToRegeneration,ElementLvl1,O,0.9869,,±10%,BAU/REC/CIR,2022,2.0,meas,[Lu et al. 2022],https://pdf.sciencedirectassets.com/271948/1-s2.0-S1383586622X00130/1-s2.0-S1383586622010425/main.pdf?X-Amz-Security-Token=IQoJb3JpZ2luX2VjEKT%2F%2F%2F%2F%2F%2F%2F%2F%2F%2FwEaCXVzLWVhc3QtMSJHMEUCIEJIwFTrfhiHy4RQEG43Ef5W4KP%2Fse9AQ1OdO34QqdK5AiEAy47aDhnC8ww3TSpa35ofk47tCY%2BhM0qnDNDWjCsFNggqvAUIjP%2F%2F%2F%2F%2F%2F%2F%2F%2F%2FARAFGgwwNTkwMDM1NDY4NjUiDAW9S4rXVbjwJcBTCyqQBSLPjAQv%2FDPPlAhe3wkqk9NnxQ9U2YXt%2BhLHQ65I4vWCwbPv3lmbH4gN4XZss9CBLidyT%2B5nj6oCE0HKqS2%2B3y6MTpiYVfnkTjNJG4cjjdslK%2Fr5t1LxEOkwieatxi79Kut%2BfWlCuAjv%2BLKNAIOYlEG9e1oxsB7ilaen54ergFnZ4eQT2mkPxpKHRu6POLogMlbu0HZTsdC%2BYpxxtPVzQH1r%2FSvAjUi%2BVJdX0R1%2FEXo48XklrU8nicXes6yBtSIzcQpkCfLq3lfSqP4Px0LzyhiVDKEkf%2FFuX5QwRbfIpO8gnjHt5haNHOJphHznd2ngVUmg%2F7QW694canx1w14YrD%2FSIzBUNh5Xx%2BTlFmQt4wpKb8fHKTUldTgf2ranVHoi4PNLasflyFQttL7GTyHFpfNW7%2FygIBKXiLgPmFDNxxqLase6JGx3Yc3wazvuJebgxRm4tYHmCRzBsMEn8cBJ5lL5m4%2FoTBSXOqrFrcjm%2B%2BYMAKgn5g%2FpigE5AHUu19gqvk7RYguaPb%2BpsUlC576isxeJzOCum3urQQ7k3DFmETVYHLVaT5FdvzFGeXzf5vWIohHA5HhnuNa4MP98o6v%2FZ7stgZ%2BhxUMDmMw3Ks1WRpzKIHfmDcMRYe840v%2FNek8T4x8UYy%2F6%2Fynx%2Br%2F3iltAMqcy%2FcO2t73c6lrraUop30i1ZQmPI9Ufu4gBkrjd4y8JAN12E8LloDnj4aml%2FBMdiZXseeJGFrPijlxODraP6qHfuZmlD0SQvl1qVtWfZofXsgaNa%2FeeoSLd8aw1HptcQ524lFXYHpwpYeLsaCuZShspFkyW85LG8raNdbWtP6EQ2PqrZydY8BSjKH19OPjOR4WO4VxWaOxQd5iBwZ%2FYlrk9MObd%2FrsGOrEB9ST5E8PCfp1ygrZywaU7InAkOiJGXe%2BHJ5Wfqx5gyQM%2BgN8pHyLck123LgcDih2Kdcrc4GRvu1jPfiO0FDJA%2FA2V8lgCYy82h8b%2Fw9DHMMzpHKFpqnEtqV5rMXH6ioSCzjxzDzHb9Hx4gJdgGM8b2wKQCnr2nVSrZ6frmVBt1mUP1yZFRXhGGf4NPuYMlO8b1qi2cWt2NyT7%2F0OLYYK4%2BD2swAtNm%2BMMOZ41qOGbZN6c&X-Amz-Algorithm=AWS4-HMAC-SHA256&X-Amz-Date=20250109T115709Z&X-Amz-SignedHeaders=host&X-Amz-Expires=300&X-Amz-Credential=ASIAQ3PHCVTY5INGZQLN%2F20250109%2Fus-east-1%2Fs3%2Faws4_request&X-Amz-Signature=4bdf060a61048b1e0fb23a9e2bdf9d0ebd8a2a905d543cc7d8bb6f13107a076e&hash=c52de67f5feb0c27d968488c1cbadadf9d6bb1f56ee7deaac3a7dea9595e43e7&host=68042c943591013ac2b2430a89b270f6af2c76d8dfd086a07176afe7c76c2c61&pii=S1383586622010425&tid=spdf-50627f0d-c503-4269-a04b-2fd536fd2062&sid=31e1de1925ff154c6e48aed-834933ca4474gxrqb&type=client&tsoh=d3d3LnNjaWVuY2VkaXJlY3QuY29t&ua=02055e0200565c035b57&rr=8ff43f84190fdbc5&cc=de,mechanical,BAU/REC/CIR
2260,1,Breaking and separating,ProcessLvl1,mechanical recovery processes,Fragmentation,BATT_LIBToDirectRecycling,ComponentLvl2,cathodeActiveMaterial,BATT_CAMToRegeneration,ElementLvl1,Li,0.9869,,±10%,BAU/REC/CIR,2022,2.0,meas,[Lu et al. 2022],https://pdf.sciencedirectassets.com/271948/1-s2.0-S1383586622X00130/1-s2.0-S1383586622010425/main.pdf?X-Amz-Security-Token=IQoJb3JpZ2luX2VjEKT%2F%2F%2F%2F%2F%2F%2F%2F%2F%2FwEaCXVzLWVhc3QtMSJHMEUCIEJIwFTrfhiHy4RQEG43Ef5W4KP%2Fse9AQ1OdO34QqdK5AiEAy47aDhnC8ww3TSpa35ofk47tCY%2BhM0qnDNDWjCsFNggqvAUIjP%2F%2F%2F%2F%2F%2F%2F%2F%2F%2FARAFGgwwNTkwMDM1NDY4NjUiDAW9S4rXVbjwJcBTCyqQBSLPjAQv%2FDPPlAhe3wkqk9NnxQ9U2YXt%2BhLHQ65I4vWCwbPv3lmbH4gN4XZss9CBLidyT%2B5nj6oCE0HKqS2%2B3y6MTpiYVfnkTjNJG4cjjdslK%2Fr5t1LxEOkwieatxi79Kut%2BfWlCuAjv%2BLKNAIOYlEG9e1oxsB7ilaen54ergFnZ4eQT2mkPxpKHRu6POLogMlbu0HZTsdC%2BYpxxtPVzQH1r%2FSvAjUi%2BVJdX0R1%2FEXo48XklrU8nicXes6yBtSIzcQpkCfLq3lfSqP4Px0LzyhiVDKEkf%2FFuX5QwRbfIpO8gnjHt5haNHOJphHznd2ngVUmg%2F7QW694canx1w14YrD%2FSIzBUNh5Xx%2BTlFmQt4wpKb8fHKTUldTgf2ranVHoi4PNLasflyFQttL7GTyHFpfNW7%2FygIBKXiLgPmFDNxxqLase6JGx3Yc3wazvuJebgxRm4tYHmCRzBsMEn8cBJ5lL5m4%2FoTBSXOqrFrcjm%2B%2BYMAKgn5g%2FpigE5AHUu19gqvk7RYguaPb%2BpsUlC576isxeJzOCum3urQQ7k3DFmETVYHLVaT5FdvzFGeXzf5vWIohHA5HhnuNa4MP98o6v%2FZ7stgZ%2BhxUMDmMw3Ks1WRpzKIHfmDcMRYe840v%2FNek8T4x8UYy%2F6%2Fynx%2Br%2F3iltAMqcy%2FcO2t73c6lrraUop30i1ZQmPI9Ufu4gBkrjd4y8JAN12E8LloDnj4aml%2FBMdiZXseeJGFrPijlxODraP6qHfuZmlD0SQvl1qVtWfZofXsgaNa%2FeeoSLd8aw1HptcQ524lFXYHpwpYeLsaCuZShspFkyW85LG8raNdbWtP6EQ2PqrZydY8BSjKH19OPjOR4WO4VxWaOxQd5iBwZ%2FYlrk9MObd%2FrsGOrEB9ST5E8PCfp1ygrZywaU7InAkOiJGXe%2BHJ5Wfqx5gyQM%2BgN8pHyLck123LgcDih2Kdcrc4GRvu1jPfiO0FDJA%2FA2V8lgCYy82h8b%2Fw9DHMMzpHKFpqnEtqV5rMXH6ioSCzjxzDzHb9Hx4gJdgGM8b2wKQCnr2nVSrZ6frmVBt1mUP1yZFRXhGGf4NPuYMlO8b1qi2cWt2NyT7%2F0OLYYK4%2BD2swAtNm%2BMMOZ41qOGbZN6c&X-Amz-Algorithm=AWS4-HMAC-SHA256&X-Amz-Date=20250109T115709Z&X-Amz-SignedHeaders=host&X-Amz-Expires=300&X-Amz-Credential=ASIAQ3PHCVTY5INGZQLN%2F20250109%2Fus-east-1%2Fs3%2Faws4_request&X-Amz-Signature=4bdf060a61048b1e0fb23a9e2bdf9d0ebd8a2a905d543cc7d8bb6f13107a076e&hash=c52de67f5feb0c27d968488c1cbadadf9d6bb1f56ee7deaac3a7dea9595e43e7&host=68042c943591013ac2b2430a89b270f6af2c76d8dfd086a07176afe7c76c2c61&pii=S1383586622010425&tid=spdf-50627f0d-c503-4269-a04b-2fd536fd2062&sid=31e1de1925ff154c6e48aed-834933ca4474gxrqb&type=client&tsoh=d3d3LnNjaWVuY2VkaXJlY3QuY29t&ua=02055e0200565c035b57&rr=8ff43f84190fdbc5&cc=de,mechanical,BAU/REC/CIR
2261,1,Breaking and separating,ProcessLvl1,mechanical recovery processes,Fragmentation,BATT_LIBToDirectRecycling,ComponentLvl1,batteryCellCasing1,BATT_2RM_DirectRecycling,ElementLvl1,Al,0.98,,±15%,BAU/REC/CIR,2022,2.5,est,"Assumption, no reference",,mechanical,BAU/REC/CIR
2262,1,Breaking and separating,ProcessLvl1,mechanical recovery processes,Fragmentation,BATT_LIBToDirectRecycling,ComponentLvl1,batteryCellCasing1,BATT_2RM_DirectRecycling,ElementLvl1,Fe,0.98,,±15%,BAU/REC/CIR,2022,2.5,est,"Assumption, no reference",,mechanical,BAU/REC/CIR
2263,1,Breaking and separating,ProcessLvl1,mechanical recovery processes,Fragmentation,BATT_LIBToDirectRecycling,ComponentLvl1,batteryCellCasing1,BATT_2RM_DirectRecycling,MaterialLvl1,ferrousMetals1,0.98,,±15%,BAU/REC/CIR,2022,2.5,est,"Assumption, no reference",,mechanical,BAU/REC/CIR
2264,1,Breaking and separating,ProcessLvl1,mechanical recovery processes,Fragmentation,BATT_LIBToDirectRecycling,ComponentLvl1,batteryCellCasing1,BATT_2RM_DirectRecycling,MaterialLvl1,plastics,0.98,,±15%,BAU/REC/CIR,2022,2.5,est,"Assumption, no reference",,mechanical,BAU/REC/CIR
2265,1,Breaking and separating,ProcessLvl1,mechanical recovery processes,Fragmentation,BATT_LIBToDirectRecycling,ComponentLvl2,currentCollectorAnode,BATT_2RM_DirectRecycling,ElementLvl1,Cu,1.0,,±10%,BAU/REC/CIR,2022,2.0,meas,[Roy et al. 2024],"(PDF) Direct recycling of Li‐ion batteries from cell to pack level: Challenges and prospects on technology, scalability, sustainability, and economics",mechanical,BAU/REC/CIR
2266,1,Breaking and separating,ProcessLvl1,mechanical recovery processes,Fragmentation,BATT_LIBToDirectRecycling,ComponentLvl2,currentCollectorCathode,BATT_2RM_DirectRecycling,ElementLvl1,Al,1.0,,±10%,BAU/REC/CIR,2022,2.0,meas,[Roy et al. 2024],"(PDF) Direct recycling of Li‐ion batteries from cell to pack level: Challenges and prospects on technology, scalability, sustainability, and economics",mechanical,BAU/REC/CIR
2267,1,Breaking and separating,ProcessLvl1,mechanical recovery processes,Fragmentation,BATT_LIBToDirectRecycling,ComponentLvl2,batteryCellSeparator2,BATT_2RM_DirectRecycling,MaterialLvl1,plastics,1.0,,±5%,BAU/REC/CIR,2022,1.0,est,[Kyburz 2023],Interview Kyburz 2023,mechanical,BAU/REC/CIR
2268,1,Breaking and separating,ProcessLvl1,mechanical recovery processes,Fragmentation,BATT_LIBToDirectRecycling,ComponentLvl2,batteryCellElectrolyte2,BATT_2RM_DirectRecycling,MaterialLvl4,organicSolvents,0.89,,±10%,BAU/REC/CIR,2022,2.0,meas,[Nowak et al. 2015],https://pubs.rsc.org/en/content/articlelanding/2015/ra/c5ra04451k,mechanical,BAU/REC/CIR
2269,1,Breaking and separating,ProcessLvl1,mechanical recovery processes,Fragmentation,BATT_LIBToDirectRecycling,ComponentLvl2,batteryCellElectrolyte2,BATT_2RM_DirectRecycling,MaterialLvl4,shadowMaterial4,0.89,,±10%,BAU/REC/CIR,2022,2.0,meas,[Nowak et al. 2015],https://pubs.rsc.org/en/content/articlelanding/2015/ra/c5ra04451k,mechanical,BAU/REC/CIR
2270,2,Calcination,ProcessLvl1,chemical recovery processes,Transformation,BATT_AAMToRegeneration,,,BATT_2RM_AAMRegeneration,MaterialLvl4,graphite4,0.9,,±10%,BAU/REC/CIR,2022,2.0,est,[Roy et al. 2024],"(PDF) Direct recycling of Li‐ion batteries from cell to pack level: Challenges and prospects on technology, scalability, sustainability, and economics",hydro,BAU/REC/CIR
2271,3,Re-lithiation,ProcessLvl1,chemical recovery processes,Transformation,BATT_CAMToRegeneration,,,BATT_2RM_CAMRegeneration,ElementLvl1,Fe,0.9,,±10%,BAU/REC/CIR,2022,2.0,est,[Roy et al. 2024],"(PDF) Direct recycling of Li‐ion batteries from cell to pack level: Challenges and prospects on technology, scalability, sustainability, and economics",hydro,BAU/REC/CIR
2272,3,Re-lithiation,ProcessLvl1,chemical recovery processes,Transformation,BATT_CAMToRegeneration,,,BATT_2RM_CAMRegeneration,ElementLvl1,P,0.9,,±10%,BAU/REC/CIR,2022,2.0,est,[Roy et al. 2024],"(PDF) Direct recycling of Li‐ion batteries from cell to pack level: Challenges and prospects on technology, scalability, sustainability, and economics",hydro,BAU/REC/CIR
2273,3,Re-lithiation,ProcessLvl1,chemical recovery processes,Transformation,BATT_CAMToRegeneration,,,BATT_2RM_CAMRegeneration,ElementLvl1,O,0.9,,±10%,BAU/REC/CIR,2022,2.0,est,[Roy et al. 2024],"(PDF) Direct recycling of Li‐ion batteries from cell to pack level: Challenges and prospects on technology, scalability, sustainability, and economics",hydro,BAU/REC/CIR
2274,3,Re-lithiation,ProcessLvl1,chemical recovery processes,Transformation,BATT_CAMToRegeneration,,,BATT_2RM_CAMRegeneration,ElementLvl1,Li,0.9,,±10%,BAU/REC/CIR,2022,2.0,est,[Roy et al. 2024],"(PDF) Direct recycling of Li‐ion batteries from cell to pack level: Challenges and prospects on technology, scalability, sustainability, and economics",hydro,BAU/REC/CIR
2275,1,Breaking and separating,ProcessLvl1,mechanical recovery processes,Fragmentation,BATT_LIBToDirectRecycling,ComponentLvl2,anodeActiveMaterial,BATT_Losses_AAMToRegeneration,MaterialLvl4,graphite4,0.0131,0.9869,±10%,BAU/REC/CIR,2022,2.0,meas,[Lu et al. 2022],https://pdf.sciencedirectassets.com/271948/1-s2.0-S1383586622X00130/1-s2.0-S1383586622010425/main.pdf?X-Amz-Security-Token=IQoJb3JpZ2luX2VjEKT%2F%2F%2F%2F%2F%2F%2F%2F%2F%2FwEaCXVzLWVhc3QtMSJHMEUCIEJIwFTrfhiHy4RQEG43Ef5W4KP%2Fse9AQ1OdO34QqdK5AiEAy47aDhnC8ww3TSpa35ofk47tCY%2BhM0qnDNDWjCsFNggqvAUIjP%2F%2F%2F%2F%2F%2F%2F%2F%2F%2FARAFGgwwNTkwMDM1NDY4NjUiDAW9S4rXVbjwJcBTCyqQBSLPjAQv%2FDPPlAhe3wkqk9NnxQ9U2YXt%2BhLHQ65I4vWCwbPv3lmbH4gN4XZss9CBLidyT%2B5nj6oCE0HKqS2%2B3y6MTpiYVfnkTjNJG4cjjdslK%2Fr5t1LxEOkwieatxi79Kut%2BfWlCuAjv%2BLKNAIOYlEG9e1oxsB7ilaen54ergFnZ4eQT2mkPxpKHRu6POLogMlbu0HZTsdC%2BYpxxtPVzQH1r%2FSvAjUi%2BVJdX0R1%2FEXo48XklrU8nicXes6yBtSIzcQpkCfLq3lfSqP4Px0LzyhiVDKEkf%2FFuX5QwRbfIpO8gnjHt5haNHOJphHznd2ngVUmg%2F7QW694canx1w14YrD%2FSIzBUNh5Xx%2BTlFmQt4wpKb8fHKTUldTgf2ranVHoi4PNLasflyFQttL7GTyHFpfNW7%2FygIBKXiLgPmFDNxxqLase6JGx3Yc3wazvuJebgxRm4tYHmCRzBsMEn8cBJ5lL5m4%2FoTBSXOqrFrcjm%2B%2BYMAKgn5g%2FpigE5AHUu19gqvk7RYguaPb%2BpsUlC576isxeJzOCum3urQQ7k3DFmETVYHLVaT5FdvzFGeXzf5vWIohHA5HhnuNa4MP98o6v%2FZ7stgZ%2BhxUMDmMw3Ks1WRpzKIHfmDcMRYe840v%2FNek8T4x8UYy%2F6%2Fynx%2Br%2F3iltAMqcy%2FcO2t73c6lrraUop30i1ZQmPI9Ufu4gBkrjd4y8JAN12E8LloDnj4aml%2FBMdiZXseeJGFrPijlxODraP6qHfuZmlD0SQvl1qVtWfZofXsgaNa%2FeeoSLd8aw1HptcQ524lFXYHpwpYeLsaCuZShspFkyW85LG8raNdbWtP6EQ2PqrZydY8BSjKH19OPjOR4WO4VxWaOxQd5iBwZ%2FYlrk9MObd%2FrsGOrEB9ST5E8PCfp1ygrZywaU7InAkOiJGXe%2BHJ5Wfqx5gyQM%2BgN8pHyLck123LgcDih2Kdcrc4GRvu1jPfiO0FDJA%2FA2V8lgCYy82h8b%2Fw9DHMMzpHKFpqnEtqV5rMXH6ioSCzjxzDzHb9Hx4gJdgGM8b2wKQCnr2nVSrZ6frmVBt1mUP1yZFRXhGGf4NPuYMlO8b1qi2cWt2NyT7%2F0OLYYK4%2BD2swAtNm%2BMMOZ41qOGbZN6c&X-Amz-Algorithm=AWS4-HMAC-SHA256&X-Amz-Date=20250109T115709Z&X-Amz-SignedHeaders=host&X-Amz-Expires=300&X-Amz-Credential=ASIAQ3PHCVTY5INGZQLN%2F20250109%2Fus-east-1%2Fs3%2Faws4_request&X-Amz-Signature=4bdf060a61048b1e0fb23a9e2bdf9d0ebd8a2a905d543cc7d8bb6f13107a076e&hash=c52de67f5feb0c27d968488c1cbadadf9d6bb1f56ee7deaac3a7dea9595e43e7&host=68042c943591013ac2b2430a89b270f6af2c76d8dfd086a07176afe7c76c2c61&pii=S1383586622010425&tid=spdf-50627f0d-c503-4269-a04b-2fd536fd2062&sid=31e1de1925ff154c6e48aed-834933ca4474gxrqb&type=client&tsoh=d3d3LnNjaWVuY2VkaXJlY3QuY29t&ua=02055e0200565c035b57&rr=8ff43f84190fdbc5&cc=de,mechanical,BAU/REC/CIR
2276,1,Breaking and separating,ProcessLvl1,mechanical recovery processes,Fragmentation,BATT_LIBToDirectRecycling,ComponentLvl2,cathodeActiveMaterial,BATT_Losses_CAMToRegeneration,ElementLvl1,Fe,0.0131,0.9869,±10%,BAU/REC/CIR,2022,2.0,meas,[Lu et al. 2022],https://pdf.sciencedirectassets.com/271948/1-s2.0-S1383586622X00130/1-s2.0-S1383586622010425/main.pdf?X-Amz-Security-Token=IQoJb3JpZ2luX2VjEKT%2F%2F%2F%2F%2F%2F%2F%2F%2F%2FwEaCXVzLWVhc3QtMSJHMEUCIEJIwFTrfhiHy4RQEG43Ef5W4KP%2Fse9AQ1OdO34QqdK5AiEAy47aDhnC8ww3TSpa35ofk47tCY%2BhM0qnDNDWjCsFNggqvAUIjP%2F%2F%2F%2F%2F%2F%2F%2F%2F%2FARAFGgwwNTkwMDM1NDY4NjUiDAW9S4rXVbjwJcBTCyqQBSLPjAQv%2FDPPlAhe3wkqk9NnxQ9U2YXt%2BhLHQ65I4vWCwbPv3lmbH4gN4XZss9CBLidyT%2B5nj6oCE0HKqS2%2B3y6MTpiYVfnkTjNJG4cjjdslK%2Fr5t1LxEOkwieatxi79Kut%2BfWlCuAjv%2BLKNAIOYlEG9e1oxsB7ilaen54ergFnZ4eQT2mkPxpKHRu6POLogMlbu0HZTsdC%2BYpxxtPVzQH1r%2FSvAjUi%2BVJdX0R1%2FEXo48XklrU8nicXes6yBtSIzcQpkCfLq3lfSqP4Px0LzyhiVDKEkf%2FFuX5QwRbfIpO8gnjHt5haNHOJphHznd2ngVUmg%2F7QW694canx1w14YrD%2FSIzBUNh5Xx%2BTlFmQt4wpKb8fHKTUldTgf2ranVHoi4PNLasflyFQttL7GTyHFpfNW7%2FygIBKXiLgPmFDNxxqLase6JGx3Yc3wazvuJebgxRm4tYHmCRzBsMEn8cBJ5lL5m4%2FoTBSXOqrFrcjm%2B%2BYMAKgn5g%2FpigE5AHUu19gqvk7RYguaPb%2BpsUlC576isxeJzOCum3urQQ7k3DFmETVYHLVaT5FdvzFGeXzf5vWIohHA5HhnuNa4MP98o6v%2FZ7stgZ%2BhxUMDmMw3Ks1WRpzKIHfmDcMRYe840v%2FNek8T4x8UYy%2F6%2Fynx%2Br%2F3iltAMqcy%2FcO2t73c6lrraUop30i1ZQmPI9Ufu4gBkrjd4y8JAN12E8LloDnj4aml%2FBMdiZXseeJGFrPijlxODraP6qHfuZmlD0SQvl1qVtWfZofXsgaNa%2FeeoSLd8aw1HptcQ524lFXYHpwpYeLsaCuZShspFkyW85LG8raNdbWtP6EQ2PqrZydY8BSjKH19OPjOR4WO4VxWaOxQd5iBwZ%2FYlrk9MObd%2FrsGOrEB9ST5E8PCfp1ygrZywaU7InAkOiJGXe%2BHJ5Wfqx5gyQM%2BgN8pHyLck123LgcDih2Kdcrc4GRvu1jPfiO0FDJA%2FA2V8lgCYy82h8b%2Fw9DHMMzpHKFpqnEtqV5rMXH6ioSCzjxzDzHb9Hx4gJdgGM8b2wKQCnr2nVSrZ6frmVBt1mUP1yZFRXhGGf4NPuYMlO8b1qi2cWt2NyT7%2F0OLYYK4%2BD2swAtNm%2BMMOZ41qOGbZN6c&X-Amz-Algorithm=AWS4-HMAC-SHA256&X-Amz-Date=20250109T115709Z&X-Amz-SignedHeaders=host&X-Amz-Expires=300&X-Amz-Credential=ASIAQ3PHCVTY5INGZQLN%2F20250109%2Fus-east-1%2Fs3%2Faws4_request&X-Amz-Signature=4bdf060a61048b1e0fb23a9e2bdf9d0ebd8a2a905d543cc7d8bb6f13107a076e&hash=c52de67f5feb0c27d968488c1cbadadf9d6bb1f56ee7deaac3a7dea9595e43e7&host=68042c943591013ac2b2430a89b270f6af2c76d8dfd086a07176afe7c76c2c61&pii=S1383586622010425&tid=spdf-50627f0d-c503-4269-a04b-2fd536fd2062&sid=31e1de1925ff154c6e48aed-834933ca4474gxrqb&type=client&tsoh=d3d3LnNjaWVuY2VkaXJlY3QuY29t&ua=02055e0200565c035b57&rr=8ff43f84190fdbc5&cc=de,mechanical,BAU/REC/CIR
2277,1,Breaking and separating,ProcessLvl1,mechanical recovery processes,Fragmentation,BATT_LIBToDirectRecycling,ComponentLvl2,cathodeActiveMaterial,BATT_Losses_CAMToRegeneration,ElementLvl1,P,0.0131,0.9869,±10%,BAU/REC/CIR,2022,2.0,meas,[Lu et al. 2022],https://pdf.sciencedirectassets.com/271948/1-s2.0-S1383586622X00130/1-s2.0-S1383586622010425/main.pdf?X-Amz-Security-Token=IQoJb3JpZ2luX2VjEKT%2F%2F%2F%2F%2F%2F%2F%2F%2F%2FwEaCXVzLWVhc3QtMSJHMEUCIEJIwFTrfhiHy4RQEG43Ef5W4KP%2Fse9AQ1OdO34QqdK5AiEAy47aDhnC8ww3TSpa35ofk47tCY%2BhM0qnDNDWjCsFNggqvAUIjP%2F%2F%2F%2F%2F%2F%2F%2F%2F%2FARAFGgwwNTkwMDM1NDY4NjUiDAW9S4rXVbjwJcBTCyqQBSLPjAQv%2FDPPlAhe3wkqk9NnxQ9U2YXt%2BhLHQ65I4vWCwbPv3lmbH4gN4XZss9CBLidyT%2B5nj6oCE0HKqS2%2B3y6MTpiYVfnkTjNJG4cjjdslK%2Fr5t1LxEOkwieatxi79Kut%2BfWlCuAjv%2BLKNAIOYlEG9e1oxsB7ilaen54ergFnZ4eQT2mkPxpKHRu6POLogMlbu0HZTsdC%2BYpxxtPVzQH1r%2FSvAjUi%2BVJdX0R1%2FEXo48XklrU8nicXes6yBtSIzcQpkCfLq3lfSqP4Px0LzyhiVDKEkf%2FFuX5QwRbfIpO8gnjHt5haNHOJphHznd2ngVUmg%2F7QW694canx1w14YrD%2FSIzBUNh5Xx%2BTlFmQt4wpKb8fHKTUldTgf2ranVHoi4PNLasflyFQttL7GTyHFpfNW7%2FygIBKXiLgPmFDNxxqLase6JGx3Yc3wazvuJebgxRm4tYHmCRzBsMEn8cBJ5lL5m4%2FoTBSXOqrFrcjm%2B%2BYMAKgn5g%2FpigE5AHUu19gqvk7RYguaPb%2BpsUlC576isxeJzOCum3urQQ7k3DFmETVYHLVaT5FdvzFGeXzf5vWIohHA5HhnuNa4MP98o6v%2FZ7stgZ%2BhxUMDmMw3Ks1WRpzKIHfmDcMRYe840v%2FNek8T4x8UYy%2F6%2Fynx%2Br%2F3iltAMqcy%2FcO2t73c6lrraUop30i1ZQmPI9Ufu4gBkrjd4y8JAN12E8LloDnj4aml%2FBMdiZXseeJGFrPijlxODraP6qHfuZmlD0SQvl1qVtWfZofXsgaNa%2FeeoSLd8aw1HptcQ524lFXYHpwpYeLsaCuZShspFkyW85LG8raNdbWtP6EQ2PqrZydY8BSjKH19OPjOR4WO4VxWaOxQd5iBwZ%2FYlrk9MObd%2FrsGOrEB9ST5E8PCfp1ygrZywaU7InAkOiJGXe%2BHJ5Wfqx5gyQM%2BgN8pHyLck123LgcDih2Kdcrc4GRvu1jPfiO0FDJA%2FA2V8lgCYy82h8b%2Fw9DHMMzpHKFpqnEtqV5rMXH6ioSCzjxzDzHb9Hx4gJdgGM8b2wKQCnr2nVSrZ6frmVBt1mUP1yZFRXhGGf4NPuYMlO8b1qi2cWt2NyT7%2F0OLYYK4%2BD2swAtNm%2BMMOZ41qOGbZN6c&X-Amz-Algorithm=AWS4-HMAC-SHA256&X-Amz-Date=20250109T115709Z&X-Amz-SignedHeaders=host&X-Amz-Expires=300&X-Amz-Credential=ASIAQ3PHCVTY5INGZQLN%2F20250109%2Fus-east-1%2Fs3%2Faws4_request&X-Amz-Signature=4bdf060a61048b1e0fb23a9e2bdf9d0ebd8a2a905d543cc7d8bb6f13107a076e&hash=c52de67f5feb0c27d968488c1cbadadf9d6bb1f56ee7deaac3a7dea9595e43e7&host=68042c943591013ac2b2430a89b270f6af2c76d8dfd086a07176afe7c76c2c61&pii=S1383586622010425&tid=spdf-50627f0d-c503-4269-a04b-2fd536fd2062&sid=31e1de1925ff154c6e48aed-834933ca4474gxrqb&type=client&tsoh=d3d3LnNjaWVuY2VkaXJlY3QuY29t&ua=02055e0200565c035b57&rr=8ff43f84190fdbc5&cc=de,mechanical,BAU/REC/CIR
2278,1,Breaking and separating,ProcessLvl1,mechanical recovery processes,Fragmentation,BATT_LIBToDirectRecycling,ComponentLvl2,cathodeActiveMaterial,BATT_Losses_CAMToRegeneration,ElementLvl1,O,0.0131,0.9869,±10%,BAU/REC/CIR,2022,2.0,meas,[Lu et al. 2022],https://pdf.sciencedirectassets.com/271948/1-s2.0-S1383586622X00130/1-s2.0-S1383586622010425/main.pdf?X-Amz-Security-Token=IQoJb3JpZ2luX2VjEKT%2F%2F%2F%2F%2F%2F%2F%2F%2F%2FwEaCXVzLWVhc3QtMSJHMEUCIEJIwFTrfhiHy4RQEG43Ef5W4KP%2Fse9AQ1OdO34QqdK5AiEAy47aDhnC8ww3TSpa35ofk47tCY%2BhM0qnDNDWjCsFNggqvAUIjP%2F%2F%2F%2F%2F%2F%2F%2F%2F%2FARAFGgwwNTkwMDM1NDY4NjUiDAW9S4rXVbjwJcBTCyqQBSLPjAQv%2FDPPlAhe3wkqk9NnxQ9U2YXt%2BhLHQ65I4vWCwbPv3lmbH4gN4XZss9CBLidyT%2B5nj6oCE0HKqS2%2B3y6MTpiYVfnkTjNJG4cjjdslK%2Fr5t1LxEOkwieatxi79Kut%2BfWlCuAjv%2BLKNAIOYlEG9e1oxsB7ilaen54ergFnZ4eQT2mkPxpKHRu6POLogMlbu0HZTsdC%2BYpxxtPVzQH1r%2FSvAjUi%2BVJdX0R1%2FEXo48XklrU8nicXes6yBtSIzcQpkCfLq3lfSqP4Px0LzyhiVDKEkf%2FFuX5QwRbfIpO8gnjHt5haNHOJphHznd2ngVUmg%2F7QW694canx1w14YrD%2FSIzBUNh5Xx%2BTlFmQt4wpKb8fHKTUldTgf2ranVHoi4PNLasflyFQttL7GTyHFpfNW7%2FygIBKXiLgPmFDNxxqLase6JGx3Yc3wazvuJebgxRm4tYHmCRzBsMEn8cBJ5lL5m4%2FoTBSXOqrFrcjm%2B%2BYMAKgn5g%2FpigE5AHUu19gqvk7RYguaPb%2BpsUlC576isxeJzOCum3urQQ7k3DFmETVYHLVaT5FdvzFGeXzf5vWIohHA5HhnuNa4MP98o6v%2FZ7stgZ%2BhxUMDmMw3Ks1WRpzKIHfmDcMRYe840v%2FNek8T4x8UYy%2F6%2Fynx%2Br%2F3iltAMqcy%2FcO2t73c6lrraUop30i1ZQmPI9Ufu4gBkrjd4y8JAN12E8LloDnj4aml%2FBMdiZXseeJGFrPijlxODraP6qHfuZmlD0SQvl1qVtWfZofXsgaNa%2FeeoSLd8aw1HptcQ524lFXYHpwpYeLsaCuZShspFkyW85LG8raNdbWtP6EQ2PqrZydY8BSjKH19OPjOR4WO4VxWaOxQd5iBwZ%2FYlrk9MObd%2FrsGOrEB9ST5E8PCfp1ygrZywaU7InAkOiJGXe%2BHJ5Wfqx5gyQM%2BgN8pHyLck123LgcDih2Kdcrc4GRvu1jPfiO0FDJA%2FA2V8lgCYy82h8b%2Fw9DHMMzpHKFpqnEtqV5rMXH6ioSCzjxzDzHb9Hx4gJdgGM8b2wKQCnr2nVSrZ6frmVBt1mUP1yZFRXhGGf4NPuYMlO8b1qi2cWt2NyT7%2F0OLYYK4%2BD2swAtNm%2BMMOZ41qOGbZN6c&X-Amz-Algorithm=AWS4-HMAC-SHA256&X-Amz-Date=20250109T115709Z&X-Amz-SignedHeaders=host&X-Amz-Expires=300&X-Amz-Credential=ASIAQ3PHCVTY5INGZQLN%2F20250109%2Fus-east-1%2Fs3%2Faws4_request&X-Amz-Signature=4bdf060a61048b1e0fb23a9e2bdf9d0ebd8a2a905d543cc7d8bb6f13107a076e&hash=c52de67f5feb0c27d968488c1cbadadf9d6bb1f56ee7deaac3a7dea9595e43e7&host=68042c943591013ac2b2430a89b270f6af2c76d8dfd086a07176afe7c76c2c61&pii=S1383586622010425&tid=spdf-50627f0d-c503-4269-a04b-2fd536fd2062&sid=31e1de1925ff154c6e48aed-834933ca4474gxrqb&type=client&tsoh=d3d3LnNjaWVuY2VkaXJlY3QuY29t&ua=02055e0200565c035b57&rr=8ff43f84190fdbc5&cc=de,mechanical,BAU/REC/CIR
2279,1,Breaking and separating,ProcessLvl1,mechanical recovery processes,Fragmentation,BATT_LIBToDirectRecycling,ComponentLvl2,cathodeActiveMaterial,BATT_Losses_CAMToRegeneration,ElementLvl1,Li,0.0131,0.9869,±10%,BAU/REC/CIR,2022,2.0,meas,[Lu et al. 2022],https://pdf.sciencedirectassets.com/271948/1-s2.0-S1383586622X00130/1-s2.0-S1383586622010425/main.pdf?X-Amz-Security-Token=IQoJb3JpZ2luX2VjEKT%2F%2F%2F%2F%2F%2F%2F%2F%2F%2FwEaCXVzLWVhc3QtMSJHMEUCIEJIwFTrfhiHy4RQEG43Ef5W4KP%2Fse9AQ1OdO34QqdK5AiEAy47aDhnC8ww3TSpa35ofk47tCY%2BhM0qnDNDWjCsFNggqvAUIjP%2F%2F%2F%2F%2F%2F%2F%2F%2F%2FARAFGgwwNTkwMDM1NDY4NjUiDAW9S4rXVbjwJcBTCyqQBSLPjAQv%2FDPPlAhe3wkqk9NnxQ9U2YXt%2BhLHQ65I4vWCwbPv3lmbH4gN4XZss9CBLidyT%2B5nj6oCE0HKqS2%2B3y6MTpiYVfnkTjNJG4cjjdslK%2Fr5t1LxEOkwieatxi79Kut%2BfWlCuAjv%2BLKNAIOYlEG9e1oxsB7ilaen54ergFnZ4eQT2mkPxpKHRu6POLogMlbu0HZTsdC%2BYpxxtPVzQH1r%2FSvAjUi%2BVJdX0R1%2FEXo48XklrU8nicXes6yBtSIzcQpkCfLq3lfSqP4Px0LzyhiVDKEkf%2FFuX5QwRbfIpO8gnjHt5haNHOJphHznd2ngVUmg%2F7QW694canx1w14YrD%2FSIzBUNh5Xx%2BTlFmQt4wpKb8fHKTUldTgf2ranVHoi4PNLasflyFQttL7GTyHFpfNW7%2FygIBKXiLgPmFDNxxqLase6JGx3Yc3wazvuJebgxRm4tYHmCRzBsMEn8cBJ5lL5m4%2FoTBSXOqrFrcjm%2B%2BYMAKgn5g%2FpigE5AHUu19gqvk7RYguaPb%2BpsUlC576isxeJzOCum3urQQ7k3DFmETVYHLVaT5FdvzFGeXzf5vWIohHA5HhnuNa4MP98o6v%2FZ7stgZ%2BhxUMDmMw3Ks1WRpzKIHfmDcMRYe840v%2FNek8T4x8UYy%2F6%2Fynx%2Br%2F3iltAMqcy%2FcO2t73c6lrraUop30i1ZQmPI9Ufu4gBkrjd4y8JAN12E8LloDnj4aml%2FBMdiZXseeJGFrPijlxODraP6qHfuZmlD0SQvl1qVtWfZofXsgaNa%2FeeoSLd8aw1HptcQ524lFXYHpwpYeLsaCuZShspFkyW85LG8raNdbWtP6EQ2PqrZydY8BSjKH19OPjOR4WO4VxWaOxQd5iBwZ%2FYlrk9MObd%2FrsGOrEB9ST5E8PCfp1ygrZywaU7InAkOiJGXe%2BHJ5Wfqx5gyQM%2BgN8pHyLck123LgcDih2Kdcrc4GRvu1jPfiO0FDJA%2FA2V8lgCYy82h8b%2Fw9DHMMzpHKFpqnEtqV5rMXH6ioSCzjxzDzHb9Hx4gJdgGM8b2wKQCnr2nVSrZ6frmVBt1mUP1yZFRXhGGf4NPuYMlO8b1qi2cWt2NyT7%2F0OLYYK4%2BD2swAtNm%2BMMOZ41qOGbZN6c&X-Amz-Algorithm=AWS4-HMAC-SHA256&X-Amz-Date=20250109T115709Z&X-Amz-SignedHeaders=host&X-Amz-Expires=300&X-Amz-Credential=ASIAQ3PHCVTY5INGZQLN%2F20250109%2Fus-east-1%2Fs3%2Faws4_request&X-Amz-Signature=4bdf060a61048b1e0fb23a9e2bdf9d0ebd8a2a905d543cc7d8bb6f13107a076e&hash=c52de67f5feb0c27d968488c1cbadadf9d6bb1f56ee7deaac3a7dea9595e43e7&host=68042c943591013ac2b2430a89b270f6af2c76d8dfd086a07176afe7c76c2c61&pii=S1383586622010425&tid=spdf-50627f0d-c503-4269-a04b-2fd536fd2062&sid=31e1de1925ff154c6e48aed-834933ca4474gxrqb&type=client&tsoh=d3d3LnNjaWVuY2VkaXJlY3QuY29t&ua=02055e0200565c035b57&rr=8ff43f84190fdbc5&cc=de,mechanical,BAU/REC/CIR
2280,1,Breaking and separating,ProcessLvl1,mechanical recovery processes,Fragmentation,BATT_LIBToDirectRecycling,ComponentLvl1,batteryCellCasing1,BATT_Losses_DirectRecycling,ElementLvl1,Al,0.020000000000000018,0.98,±15%,BAU/REC/CIR,2022,2.5,est,"Assumption, no reference",,mechanical,BAU/REC/CIR
2281,1,Breaking and separating,ProcessLvl1,mechanical recovery processes,Fragmentation,BATT_LIBToDirectRecycling,ComponentLvl1,batteryCellCasing1,BATT_Losses_DirectRecycling,ElementLvl1,Fe,0.020000000000000018,0.98,±15%,BAU/REC/CIR,2022,2.5,est,"Assumption, no reference",,mechanical,BAU/REC/CIR
2282,1,Breaking and separating,ProcessLvl1,mechanical recovery processes,Fragmentation,BATT_LIBToDirectRecycling,ComponentLvl1,batteryCellCasing1,BATT_Losses_DirectRecycling,MaterialLvl1,ferrousMetals1,0.020000000000000018,0.98,±15%,BAU/REC/CIR,2022,2.5,est,"Assumption, no reference",,mechanical,BAU/REC/CIR
2283,1,Breaking and separating,ProcessLvl1,mechanical recovery processes,Fragmentation,BATT_LIBToDirectRecycling,ComponentLvl1,batteryCellCasing1,BATT_Losses_DirectRecycling,MaterialLvl1,plastics,0.020000000000000018,0.98,±15%,BAU/REC/CIR,2022,2.5,est,"Assumption, no reference",,mechanical,BAU/REC/CIR
2284,1,Breaking and separating,ProcessLvl1,mechanical recovery processes,Fragmentation,BATT_LIBToDirectRecycling,ComponentLvl2,batteryCellElectrolyte2,BATT_Losses_DirectRecycling,MaterialLvl4,organicSolvents,0.10999999999999999,0.89,±10%,BAU/REC/CIR,2022,2.0,meas,[Nowak et al. 2015],https://pubs.rsc.org/en/content/articlelanding/2015/ra/c5ra04451k,mechanical,BAU/REC/CIR
2285,1,Breaking and separating,ProcessLvl1,mechanical recovery processes,Fragmentation,BATT_LIBToDirectRecycling,ComponentLvl2,batteryCellElectrolyte2,BATT_Losses_DirectRecycling,MaterialLvl4,shadowMaterial4,0.10999999999999999,0.89,±10%,BAU/REC/CIR,2022,2.0,meas,[Nowak et al. 2015],https://pubs.rsc.org/en/content/articlelanding/2015/ra/c5ra04451k,mechanical,BAU/REC/CIR
2286,2,Calcination,ProcessLvl1,chemical recovery processes,Transformation,BATT_AAMToRegeneration,,,BATT_Losses_AAMRegeneration,MaterialLvl4,graphite4,0.09999999999999998,0.9,±10%,BAU/REC/CIR,2022,2.0,est,[Roy et al. 2024],"(PDF) Direct recycling of Li‐ion batteries from cell to pack level: Challenges and prospects on technology, scalability, sustainability, and economics",hydro,BAU/REC/CIR
2287,3,Re-lithiation,ProcessLvl1,chemical recovery processes,Transformation,BATT_CAMToRegeneration,,,BATT_Losses_CAMRegeneration,ElementLvl1,Fe,0.09999999999999998,0.9,±10%,BAU/REC/CIR,2022,2.0,est,[Roy et al. 2024],"(PDF) Direct recycling of Li‐ion batteries from cell to pack level: Challenges and prospects on technology, scalability, sustainability, and economics",hydro,BAU/REC/CIR
2288,3,Re-lithiation,ProcessLvl1,chemical recovery processes,Transformation,BATT_CAMToRegeneration,,,BATT_Losses_CAMRegeneration,ElementLvl1,P,0.09999999999999998,0.9,±10%,BAU/REC/CIR,2022,2.0,est,[Roy et al. 2024],"(PDF) Direct recycling of Li‐ion batteries from cell to pack level: Challenges and prospects on technology, scalability, sustainability, and economics",hydro,BAU/REC/CIR
2289,3,Re-lithiation,ProcessLvl1,chemical recovery processes,Transformation,BATT_CAMToRegeneration,,,BATT_Losses_CAMRegeneration,ElementLvl1,O,0.09999999999999998,0.9,±10%,BAU/REC/CIR,2022,2.0,est,[Roy et al. 2024],"(PDF) Direct recycling of Li‐ion batteries from cell to pack level: Challenges and prospects on technology, scalability, sustainability, and economics",hydro,BAU/REC/CIR
2290,3,Re-lithiation,ProcessLvl1,chemical recovery processes,Transformation,BATT_CAMToRegeneration,,,BATT_Losses_CAMRegeneration,ElementLvl1,Li,0.09999999999999998,0.9,±10%,BAU/REC/CIR,2022,2.0,est,[Roy et al. 2024],"(PDF) Direct recycling of Li‐ion batteries from cell to pack level: Challenges and prospects on technology, scalability, sustainability, and economics",hydro,BAU/REC/CIR
2291,1,Breaking and separating,ProcessLvl1,mechanical recovery processes,Fragmentation,BATT_LIBToDirectRecycling,ComponentLvl2,anodeActiveMaterial,BATT_AAMToRegeneration,MaterialLvl4,graphite4,0.9869,,±15%,BAU/REC/CIR,2032,3.0,meas,[Lu et al. 2022],https://pdf.sciencedirectassets.com/271948/1-s2.0-S1383586622X00130/1-s2.0-S1383586622010425/main.pdf?X-Amz-Security-Token=IQoJb3JpZ2luX2VjEKT%2F%2F%2F%2F%2F%2F%2F%2F%2F%2FwEaCXVzLWVhc3QtMSJHMEUCIEJIwFTrfhiHy4RQEG43Ef5W4KP%2Fse9AQ1OdO34QqdK5AiEAy47aDhnC8ww3TSpa35ofk47tCY%2BhM0qnDNDWjCsFNggqvAUIjP%2F%2F%2F%2F%2F%2F%2F%2F%2F%2FARAFGgwwNTkwMDM1NDY4NjUiDAW9S4rXVbjwJcBTCyqQBSLPjAQv%2FDPPlAhe3wkqk9NnxQ9U2YXt%2BhLHQ65I4vWCwbPv3lmbH4gN4XZss9CBLidyT%2B5nj6oCE0HKqS2%2B3y6MTpiYVfnkTjNJG4cjjdslK%2Fr5t1LxEOkwieatxi79Kut%2BfWlCuAjv%2BLKNAIOYlEG9e1oxsB7ilaen54ergFnZ4eQT2mkPxpKHRu6POLogMlbu0HZTsdC%2BYpxxtPVzQH1r%2FSvAjUi%2BVJdX0R1%2FEXo48XklrU8nicXes6yBtSIzcQpkCfLq3lfSqP4Px0LzyhiVDKEkf%2FFuX5QwRbfIpO8gnjHt5haNHOJphHznd2ngVUmg%2F7QW694canx1w14YrD%2FSIzBUNh5Xx%2BTlFmQt4wpKb8fHKTUldTgf2ranVHoi4PNLasflyFQttL7GTyHFpfNW7%2FygIBKXiLgPmFDNxxqLase6JGx3Yc3wazvuJebgxRm4tYHmCRzBsMEn8cBJ5lL5m4%2FoTBSXOqrFrcjm%2B%2BYMAKgn5g%2FpigE5AHUu19gqvk7RYguaPb%2BpsUlC576isxeJzOCum3urQQ7k3DFmETVYHLVaT5FdvzFGeXzf5vWIohHA5HhnuNa4MP98o6v%2FZ7stgZ%2BhxUMDmMw3Ks1WRpzKIHfmDcMRYe840v%2FNek8T4x8UYy%2F6%2Fynx%2Br%2F3iltAMqcy%2FcO2t73c6lrraUop30i1ZQmPI9Ufu4gBkrjd4y8JAN12E8LloDnj4aml%2FBMdiZXseeJGFrPijlxODraP6qHfuZmlD0SQvl1qVtWfZofXsgaNa%2FeeoSLd8aw1HptcQ524lFXYHpwpYeLsaCuZShspFkyW85LG8raNdbWtP6EQ2PqrZydY8BSjKH19OPjOR4WO4VxWaOxQd5iBwZ%2FYlrk9MObd%2FrsGOrEB9ST5E8PCfp1ygrZywaU7InAkOiJGXe%2BHJ5Wfqx5gyQM%2BgN8pHyLck123LgcDih2Kdcrc4GRvu1jPfiO0FDJA%2FA2V8lgCYy82h8b%2Fw9DHMMzpHKFpqnEtqV5rMXH6ioSCzjxzDzHb9Hx4gJdgGM8b2wKQCnr2nVSrZ6frmVBt1mUP1yZFRXhGGf4NPuYMlO8b1qi2cWt2NyT7%2F0OLYYK4%2BD2swAtNm%2BMMOZ41qOGbZN6c&X-Amz-Algorithm=AWS4-HMAC-SHA256&X-Amz-Date=20250109T115709Z&X-Amz-SignedHeaders=host&X-Amz-Expires=300&X-Amz-Credential=ASIAQ3PHCVTY5INGZQLN%2F20250109%2Fus-east-1%2Fs3%2Faws4_request&X-Amz-Signature=4bdf060a61048b1e0fb23a9e2bdf9d0ebd8a2a905d543cc7d8bb6f13107a076e&hash=c52de67f5feb0c27d968488c1cbadadf9d6bb1f56ee7deaac3a7dea9595e43e7&host=68042c943591013ac2b2430a89b270f6af2c76d8dfd086a07176afe7c76c2c61&pii=S1383586622010425&tid=spdf-50627f0d-c503-4269-a04b-2fd536fd2062&sid=31e1de1925ff154c6e48aed-834933ca4474gxrqb&type=client&tsoh=d3d3LnNjaWVuY2VkaXJlY3QuY29t&ua=02055e0200565c035b57&rr=8ff43f84190fdbc5&cc=de,mechanical,BAU/REC/CIR
2292,1,Breaking and separating,ProcessLvl1,mechanical recovery processes,Fragmentation,BATT_LIBToDirectRecycling,ComponentLvl2,cathodeActiveMaterial,BATT_CAMToRegeneration,ElementLvl1,Fe,0.9869,,±15%,BAU/REC/CIR,2032,3.0,meas,[Lu et al. 2022],https://pdf.sciencedirectassets.com/271948/1-s2.0-S1383586622X00130/1-s2.0-S1383586622010425/main.pdf?X-Amz-Security-Token=IQoJb3JpZ2luX2VjEKT%2F%2F%2F%2F%2F%2F%2F%2F%2F%2FwEaCXVzLWVhc3QtMSJHMEUCIEJIwFTrfhiHy4RQEG43Ef5W4KP%2Fse9AQ1OdO34QqdK5AiEAy47aDhnC8ww3TSpa35ofk47tCY%2BhM0qnDNDWjCsFNggqvAUIjP%2F%2F%2F%2F%2F%2F%2F%2F%2F%2FARAFGgwwNTkwMDM1NDY4NjUiDAW9S4rXVbjwJcBTCyqQBSLPjAQv%2FDPPlAhe3wkqk9NnxQ9U2YXt%2BhLHQ65I4vWCwbPv3lmbH4gN4XZss9CBLidyT%2B5nj6oCE0HKqS2%2B3y6MTpiYVfnkTjNJG4cjjdslK%2Fr5t1LxEOkwieatxi79Kut%2BfWlCuAjv%2BLKNAIOYlEG9e1oxsB7ilaen54ergFnZ4eQT2mkPxpKHRu6POLogMlbu0HZTsdC%2BYpxxtPVzQH1r%2FSvAjUi%2BVJdX0R1%2FEXo48XklrU8nicXes6yBtSIzcQpkCfLq3lfSqP4Px0LzyhiVDKEkf%2FFuX5QwRbfIpO8gnjHt5haNHOJphHznd2ngVUmg%2F7QW694canx1w14YrD%2FSIzBUNh5Xx%2BTlFmQt4wpKb8fHKTUldTgf2ranVHoi4PNLasflyFQttL7GTyHFpfNW7%2FygIBKXiLgPmFDNxxqLase6JGx3Yc3wazvuJebgxRm4tYHmCRzBsMEn8cBJ5lL5m4%2FoTBSXOqrFrcjm%2B%2BYMAKgn5g%2FpigE5AHUu19gqvk7RYguaPb%2BpsUlC576isxeJzOCum3urQQ7k3DFmETVYHLVaT5FdvzFGeXzf5vWIohHA5HhnuNa4MP98o6v%2FZ7stgZ%2BhxUMDmMw3Ks1WRpzKIHfmDcMRYe840v%2FNek8T4x8UYy%2F6%2Fynx%2Br%2F3iltAMqcy%2FcO2t73c6lrraUop30i1ZQmPI9Ufu4gBkrjd4y8JAN12E8LloDnj4aml%2FBMdiZXseeJGFrPijlxODraP6qHfuZmlD0SQvl1qVtWfZofXsgaNa%2FeeoSLd8aw1HptcQ524lFXYHpwpYeLsaCuZShspFkyW85LG8raNdbWtP6EQ2PqrZydY8BSjKH19OPjOR4WO4VxWaOxQd5iBwZ%2FYlrk9MObd%2FrsGOrEB9ST5E8PCfp1ygrZywaU7InAkOiJGXe%2BHJ5Wfqx5gyQM%2BgN8pHyLck123LgcDih2Kdcrc4GRvu1jPfiO0FDJA%2FA2V8lgCYy82h8b%2Fw9DHMMzpHKFpqnEtqV5rMXH6ioSCzjxzDzHb9Hx4gJdgGM8b2wKQCnr2nVSrZ6frmVBt1mUP1yZFRXhGGf4NPuYMlO8b1qi2cWt2NyT7%2F0OLYYK4%2BD2swAtNm%2BMMOZ41qOGbZN6c&X-Amz-Algorithm=AWS4-HMAC-SHA256&X-Amz-Date=20250109T115709Z&X-Amz-SignedHeaders=host&X-Amz-Expires=300&X-Amz-Credential=ASIAQ3PHCVTY5INGZQLN%2F20250109%2Fus-east-1%2Fs3%2Faws4_request&X-Amz-Signature=4bdf060a61048b1e0fb23a9e2bdf9d0ebd8a2a905d543cc7d8bb6f13107a076e&hash=c52de67f5feb0c27d968488c1cbadadf9d6bb1f56ee7deaac3a7dea9595e43e7&host=68042c943591013ac2b2430a89b270f6af2c76d8dfd086a07176afe7c76c2c61&pii=S1383586622010425&tid=spdf-50627f0d-c503-4269-a04b-2fd536fd2062&sid=31e1de1925ff154c6e48aed-834933ca4474gxrqb&type=client&tsoh=d3d3LnNjaWVuY2VkaXJlY3QuY29t&ua=02055e0200565c035b57&rr=8ff43f84190fdbc5&cc=de,mechanical,BAU/REC/CIR
2293,1,Breaking and separating,ProcessLvl1,mechanical recovery processes,Fragmentation,BATT_LIBToDirectRecycling,ComponentLvl2,cathodeActiveMaterial,BATT_CAMToRegeneration,ElementLvl1,P,0.9869,,±15%,BAU/REC/CIR,2032,3.0,meas,[Lu et al. 2022],https://pdf.sciencedirectassets.com/271948/1-s2.0-S1383586622X00130/1-s2.0-S1383586622010425/main.pdf?X-Amz-Security-Token=IQoJb3JpZ2luX2VjEKT%2F%2F%2F%2F%2F%2F%2F%2F%2F%2FwEaCXVzLWVhc3QtMSJHMEUCIEJIwFTrfhiHy4RQEG43Ef5W4KP%2Fse9AQ1OdO34QqdK5AiEAy47aDhnC8ww3TSpa35ofk47tCY%2BhM0qnDNDWjCsFNggqvAUIjP%2F%2F%2F%2F%2F%2F%2F%2F%2F%2FARAFGgwwNTkwMDM1NDY4NjUiDAW9S4rXVbjwJcBTCyqQBSLPjAQv%2FDPPlAhe3wkqk9NnxQ9U2YXt%2BhLHQ65I4vWCwbPv3lmbH4gN4XZss9CBLidyT%2B5nj6oCE0HKqS2%2B3y6MTpiYVfnkTjNJG4cjjdslK%2Fr5t1LxEOkwieatxi79Kut%2BfWlCuAjv%2BLKNAIOYlEG9e1oxsB7ilaen54ergFnZ4eQT2mkPxpKHRu6POLogMlbu0HZTsdC%2BYpxxtPVzQH1r%2FSvAjUi%2BVJdX0R1%2FEXo48XklrU8nicXes6yBtSIzcQpkCfLq3lfSqP4Px0LzyhiVDKEkf%2FFuX5QwRbfIpO8gnjHt5haNHOJphHznd2ngVUmg%2F7QW694canx1w14YrD%2FSIzBUNh5Xx%2BTlFmQt4wpKb8fHKTUldTgf2ranVHoi4PNLasflyFQttL7GTyHFpfNW7%2FygIBKXiLgPmFDNxxqLase6JGx3Yc3wazvuJebgxRm4tYHmCRzBsMEn8cBJ5lL5m4%2FoTBSXOqrFrcjm%2B%2BYMAKgn5g%2FpigE5AHUu19gqvk7RYguaPb%2BpsUlC576isxeJzOCum3urQQ7k3DFmETVYHLVaT5FdvzFGeXzf5vWIohHA5HhnuNa4MP98o6v%2FZ7stgZ%2BhxUMDmMw3Ks1WRpzKIHfmDcMRYe840v%2FNek8T4x8UYy%2F6%2Fynx%2Br%2F3iltAMqcy%2FcO2t73c6lrraUop30i1ZQmPI9Ufu4gBkrjd4y8JAN12E8LloDnj4aml%2FBMdiZXseeJGFrPijlxODraP6qHfuZmlD0SQvl1qVtWfZofXsgaNa%2FeeoSLd8aw1HptcQ524lFXYHpwpYeLsaCuZShspFkyW85LG8raNdbWtP6EQ2PqrZydY8BSjKH19OPjOR4WO4VxWaOxQd5iBwZ%2FYlrk9MObd%2FrsGOrEB9ST5E8PCfp1ygrZywaU7InAkOiJGXe%2BHJ5Wfqx5gyQM%2BgN8pHyLck123LgcDih2Kdcrc4GRvu1jPfiO0FDJA%2FA2V8lgCYy82h8b%2Fw9DHMMzpHKFpqnEtqV5rMXH6ioSCzjxzDzHb9Hx4gJdgGM8b2wKQCnr2nVSrZ6frmVBt1mUP1yZFRXhGGf4NPuYMlO8b1qi2cWt2NyT7%2F0OLYYK4%2BD2swAtNm%2BMMOZ41qOGbZN6c&X-Amz-Algorithm=AWS4-HMAC-SHA256&X-Amz-Date=20250109T115709Z&X-Amz-SignedHeaders=host&X-Amz-Expires=300&X-Amz-Credential=ASIAQ3PHCVTY5INGZQLN%2F20250109%2Fus-east-1%2Fs3%2Faws4_request&X-Amz-Signature=4bdf060a61048b1e0fb23a9e2bdf9d0ebd8a2a905d543cc7d8bb6f13107a076e&hash=c52de67f5feb0c27d968488c1cbadadf9d6bb1f56ee7deaac3a7dea9595e43e7&host=68042c943591013ac2b2430a89b270f6af2c76d8dfd086a07176afe7c76c2c61&pii=S1383586622010425&tid=spdf-50627f0d-c503-4269-a04b-2fd536fd2062&sid=31e1de1925ff154c6e48aed-834933ca4474gxrqb&type=client&tsoh=d3d3LnNjaWVuY2VkaXJlY3QuY29t&ua=02055e0200565c035b57&rr=8ff43f84190fdbc5&cc=de,mechanical,BAU/REC/CIR
2294,1,Breaking and separating,ProcessLvl1,mechanical recovery processes,Fragmentation,BATT_LIBToDirectRecycling,ComponentLvl2,cathodeActiveMaterial,BATT_CAMToRegeneration,ElementLvl1,O,0.9869,,±15%,BAU/REC/CIR,2032,3.0,meas,[Lu et al. 2022],https://pdf.sciencedirectassets.com/271948/1-s2.0-S1383586622X00130/1-s2.0-S1383586622010425/main.pdf?X-Amz-Security-Token=IQoJb3JpZ2luX2VjEKT%2F%2F%2F%2F%2F%2F%2F%2F%2F%2FwEaCXVzLWVhc3QtMSJHMEUCIEJIwFTrfhiHy4RQEG43Ef5W4KP%2Fse9AQ1OdO34QqdK5AiEAy47aDhnC8ww3TSpa35ofk47tCY%2BhM0qnDNDWjCsFNggqvAUIjP%2F%2F%2F%2F%2F%2F%2F%2F%2F%2FARAFGgwwNTkwMDM1NDY4NjUiDAW9S4rXVbjwJcBTCyqQBSLPjAQv%2FDPPlAhe3wkqk9NnxQ9U2YXt%2BhLHQ65I4vWCwbPv3lmbH4gN4XZss9CBLidyT%2B5nj6oCE0HKqS2%2B3y6MTpiYVfnkTjNJG4cjjdslK%2Fr5t1LxEOkwieatxi79Kut%2BfWlCuAjv%2BLKNAIOYlEG9e1oxsB7ilaen54ergFnZ4eQT2mkPxpKHRu6POLogMlbu0HZTsdC%2BYpxxtPVzQH1r%2FSvAjUi%2BVJdX0R1%2FEXo48XklrU8nicXes6yBtSIzcQpkCfLq3lfSqP4Px0LzyhiVDKEkf%2FFuX5QwRbfIpO8gnjHt5haNHOJphHznd2ngVUmg%2F7QW694canx1w14YrD%2FSIzBUNh5Xx%2BTlFmQt4wpKb8fHKTUldTgf2ranVHoi4PNLasflyFQttL7GTyHFpfNW7%2FygIBKXiLgPmFDNxxqLase6JGx3Yc3wazvuJebgxRm4tYHmCRzBsMEn8cBJ5lL5m4%2FoTBSXOqrFrcjm%2B%2BYMAKgn5g%2FpigE5AHUu19gqvk7RYguaPb%2BpsUlC576isxeJzOCum3urQQ7k3DFmETVYHLVaT5FdvzFGeXzf5vWIohHA5HhnuNa4MP98o6v%2FZ7stgZ%2BhxUMDmMw3Ks1WRpzKIHfmDcMRYe840v%2FNek8T4x8UYy%2F6%2Fynx%2Br%2F3iltAMqcy%2FcO2t73c6lrraUop30i1ZQmPI9Ufu4gBkrjd4y8JAN12E8LloDnj4aml%2FBMdiZXseeJGFrPijlxODraP6qHfuZmlD0SQvl1qVtWfZofXsgaNa%2FeeoSLd8aw1HptcQ524lFXYHpwpYeLsaCuZShspFkyW85LG8raNdbWtP6EQ2PqrZydY8BSjKH19OPjOR4WO4VxWaOxQd5iBwZ%2FYlrk9MObd%2FrsGOrEB9ST5E8PCfp1ygrZywaU7InAkOiJGXe%2BHJ5Wfqx5gyQM%2BgN8pHyLck123LgcDih2Kdcrc4GRvu1jPfiO0FDJA%2FA2V8lgCYy82h8b%2Fw9DHMMzpHKFpqnEtqV5rMXH6ioSCzjxzDzHb9Hx4gJdgGM8b2wKQCnr2nVSrZ6frmVBt1mUP1yZFRXhGGf4NPuYMlO8b1qi2cWt2NyT7%2F0OLYYK4%2BD2swAtNm%2BMMOZ41qOGbZN6c&X-Amz-Algorithm=AWS4-HMAC-SHA256&X-Amz-Date=20250109T115709Z&X-Amz-SignedHeaders=host&X-Amz-Expires=300&X-Amz-Credential=ASIAQ3PHCVTY5INGZQLN%2F20250109%2Fus-east-1%2Fs3%2Faws4_request&X-Amz-Signature=4bdf060a61048b1e0fb23a9e2bdf9d0ebd8a2a905d543cc7d8bb6f13107a076e&hash=c52de67f5feb0c27d968488c1cbadadf9d6bb1f56ee7deaac3a7dea9595e43e7&host=68042c943591013ac2b2430a89b270f6af2c76d8dfd086a07176afe7c76c2c61&pii=S1383586622010425&tid=spdf-50627f0d-c503-4269-a04b-2fd536fd2062&sid=31e1de1925ff154c6e48aed-834933ca4474gxrqb&type=client&tsoh=d3d3LnNjaWVuY2VkaXJlY3QuY29t&ua=02055e0200565c035b57&rr=8ff43f84190fdbc5&cc=de,mechanical,BAU/REC/CIR
2295,1,Breaking and separating,ProcessLvl1,mechanical recovery processes,Fragmentation,BATT_LIBToDirectRecycling,ComponentLvl2,cathodeActiveMaterial,BATT_CAMToRegeneration,ElementLvl1,Li,0.9869,,±15%,BAU/REC/CIR,2032,3.0,meas,[Lu et al. 2022],https://pdf.sciencedirectassets.com/271948/1-s2.0-S1383586622X00130/1-s2.0-S1383586622010425/main.pdf?X-Amz-Security-Token=IQoJb3JpZ2luX2VjEKT%2F%2F%2F%2F%2F%2F%2F%2F%2F%2FwEaCXVzLWVhc3QtMSJHMEUCIEJIwFTrfhiHy4RQEG43Ef5W4KP%2Fse9AQ1OdO34QqdK5AiEAy47aDhnC8ww3TSpa35ofk47tCY%2BhM0qnDNDWjCsFNggqvAUIjP%2F%2F%2F%2F%2F%2F%2F%2F%2F%2FARAFGgwwNTkwMDM1NDY4NjUiDAW9S4rXVbjwJcBTCyqQBSLPjAQv%2FDPPlAhe3wkqk9NnxQ9U2YXt%2BhLHQ65I4vWCwbPv3lmbH4gN4XZss9CBLidyT%2B5nj6oCE0HKqS2%2B3y6MTpiYVfnkTjNJG4cjjdslK%2Fr5t1LxEOkwieatxi79Kut%2BfWlCuAjv%2BLKNAIOYlEG9e1oxsB7ilaen54ergFnZ4eQT2mkPxpKHRu6POLogMlbu0HZTsdC%2BYpxxtPVzQH1r%2FSvAjUi%2BVJdX0R1%2FEXo48XklrU8nicXes6yBtSIzcQpkCfLq3lfSqP4Px0LzyhiVDKEkf%2FFuX5QwRbfIpO8gnjHt5haNHOJphHznd2ngVUmg%2F7QW694canx1w14YrD%2FSIzBUNh5Xx%2BTlFmQt4wpKb8fHKTUldTgf2ranVHoi4PNLasflyFQttL7GTyHFpfNW7%2FygIBKXiLgPmFDNxxqLase6JGx3Yc3wazvuJebgxRm4tYHmCRzBsMEn8cBJ5lL5m4%2FoTBSXOqrFrcjm%2B%2BYMAKgn5g%2FpigE5AHUu19gqvk7RYguaPb%2BpsUlC576isxeJzOCum3urQQ7k3DFmETVYHLVaT5FdvzFGeXzf5vWIohHA5HhnuNa4MP98o6v%2FZ7stgZ%2BhxUMDmMw3Ks1WRpzKIHfmDcMRYe840v%2FNek8T4x8UYy%2F6%2Fynx%2Br%2F3iltAMqcy%2FcO2t73c6lrraUop30i1ZQmPI9Ufu4gBkrjd4y8JAN12E8LloDnj4aml%2FBMdiZXseeJGFrPijlxODraP6qHfuZmlD0SQvl1qVtWfZofXsgaNa%2FeeoSLd8aw1HptcQ524lFXYHpwpYeLsaCuZShspFkyW85LG8raNdbWtP6EQ2PqrZydY8BSjKH19OPjOR4WO4VxWaOxQd5iBwZ%2FYlrk9MObd%2FrsGOrEB9ST5E8PCfp1ygrZywaU7InAkOiJGXe%2BHJ5Wfqx5gyQM%2BgN8pHyLck123LgcDih2Kdcrc4GRvu1jPfiO0FDJA%2FA2V8lgCYy82h8b%2Fw9DHMMzpHKFpqnEtqV5rMXH6ioSCzjxzDzHb9Hx4gJdgGM8b2wKQCnr2nVSrZ6frmVBt1mUP1yZFRXhGGf4NPuYMlO8b1qi2cWt2NyT7%2F0OLYYK4%2BD2swAtNm%2BMMOZ41qOGbZN6c&X-Amz-Algorithm=AWS4-HMAC-SHA256&X-Amz-Date=20250109T115709Z&X-Amz-SignedHeaders=host&X-Amz-Expires=300&X-Amz-Credential=ASIAQ3PHCVTY5INGZQLN%2F20250109%2Fus-east-1%2Fs3%2Faws4_request&X-Amz-Signature=4bdf060a61048b1e0fb23a9e2bdf9d0ebd8a2a905d543cc7d8bb6f13107a076e&hash=c52de67f5feb0c27d968488c1cbadadf9d6bb1f56ee7deaac3a7dea9595e43e7&host=68042c943591013ac2b2430a89b270f6af2c76d8dfd086a07176afe7c76c2c61&pii=S1383586622010425&tid=spdf-50627f0d-c503-4269-a04b-2fd536fd2062&sid=31e1de1925ff154c6e48aed-834933ca4474gxrqb&type=client&tsoh=d3d3LnNjaWVuY2VkaXJlY3QuY29t&ua=02055e0200565c035b57&rr=8ff43f84190fdbc5&cc=de,mechanical,BAU/REC/CIR
2296,1,Breaking and separating,ProcessLvl1,mechanical recovery processes,Fragmentation,BATT_LIBToDirectRecycling,ComponentLvl1,batteryCellCasing1,BATT_2RM_DirectRecycling,ElementLvl1,Al,0.98,,±20%,BAU/REC/CIR,2032,3.5,est,"Assumption, no reference",,mechanical,BAU/REC/CIR
2297,1,Breaking and separating,ProcessLvl1,mechanical recovery processes,Fragmentation,BATT_LIBToDirectRecycling,ComponentLvl1,batteryCellCasing1,BATT_2RM_DirectRecycling,ElementLvl1,Fe,0.98,,±20%,BAU/REC/CIR,2032,3.5,est,"Assumption, no reference",,mechanical,BAU/REC/CIR
2298,1,Breaking and separating,ProcessLvl1,mechanical recovery processes,Fragmentation,BATT_LIBToDirectRecycling,ComponentLvl1,batteryCellCasing1,BATT_2RM_DirectRecycling,MaterialLvl1,ferrousMetals1,0.98,,±20%,BAU/REC/CIR,2032,3.5,est,"Assumption, no reference",,mechanical,BAU/REC/CIR
2299,1,Breaking and separating,ProcessLvl1,mechanical recovery processes,Fragmentation,BATT_LIBToDirectRecycling,ComponentLvl1,batteryCellCasing1,BATT_2RM_DirectRecycling,MaterialLvl1,plastics,0.98,,±20%,BAU/REC/CIR,2032,3.5,est,"Assumption, no reference",,mechanical,BAU/REC/CIR
2300,1,Breaking and separating,ProcessLvl1,mechanical recovery processes,Fragmentation,BATT_LIBToDirectRecycling,ComponentLvl2,currentCollectorAnode,BATT_2RM_DirectRecycling,ElementLvl1,Cu,1.0,,±15%,BAU/REC/CIR,2032,3.0,meas,[Roy et al. 2024],"(PDF) Direct recycling of Li‐ion batteries from cell to pack level: Challenges and prospects on technology, scalability, sustainability, and economics",mechanical,BAU/REC/CIR
2301,1,Breaking and separating,ProcessLvl1,mechanical recovery processes,Fragmentation,BATT_LIBToDirectRecycling,ComponentLvl2,currentCollectorCathode,BATT_2RM_DirectRecycling,ElementLvl1,Al,1.0,,±15%,BAU/REC/CIR,2032,3.0,meas,[Roy et al. 2024],"(PDF) Direct recycling of Li‐ion batteries from cell to pack level: Challenges and prospects on technology, scalability, sustainability, and economics",mechanical,BAU/REC/CIR
2302,1,Breaking and separating,ProcessLvl1,mechanical recovery processes,Fragmentation,BATT_LIBToDirectRecycling,ComponentLvl2,batteryCellSeparator2,BATT_2RM_DirectRecycling,MaterialLvl1,plastics,1.0,,±10%,BAU/REC/CIR,2032,2.0,est,[Kyburz 2023],Interview Kyburz 2023,mechanical,BAU/REC/CIR
2303,1,Breaking and separating,ProcessLvl1,mechanical recovery processes,Fragmentation,BATT_LIBToDirectRecycling,ComponentLvl2,batteryCellElectrolyte2,BATT_2RM_DirectRecycling,MaterialLvl4,organicSolvents,0.89,,±15%,BAU/REC/CIR,2032,3.0,meas,[Nowak et al. 2015],https://pubs.rsc.org/en/content/articlelanding/2015/ra/c5ra04451k,mechanical,BAU/REC/CIR
2304,1,Breaking and separating,ProcessLvl1,mechanical recovery processes,Fragmentation,BATT_LIBToDirectRecycling,ComponentLvl2,batteryCellElectrolyte2,BATT_2RM_DirectRecycling,MaterialLvl4,shadowMaterial4,0.89,,±15%,BAU/REC/CIR,2032,3.0,meas,[Nowak et al. 2015],https://pubs.rsc.org/en/content/articlelanding/2015/ra/c5ra04451k,mechanical,BAU/REC/CIR
2305,2,Calcination,ProcessLvl1,chemical recovery processes,Transformation,BATT_AAMToRegeneration,,,BATT_2RM_AAMRegeneration,MaterialLvl4,graphite4,0.9,,±15%,BAU/REC/CIR,2032,3.0,est,[Roy et al. 2024],"(PDF) Direct recycling of Li‐ion batteries from cell to pack level: Challenges and prospects on technology, scalability, sustainability, and economics",hydro,BAU/REC/CIR
2306,3,Re-lithiation,ProcessLvl1,chemical recovery processes,Transformation,BATT_CAMToRegeneration,,,BATT_2RM_CAMRegeneration,ElementLvl1,Fe,0.9,,±15%,BAU/REC/CIR,2032,3.0,est,[Roy et al. 2024],"(PDF) Direct recycling of Li‐ion batteries from cell to pack level: Challenges and prospects on technology, scalability, sustainability, and economics",hydro,BAU/REC/CIR
2307,3,Re-lithiation,ProcessLvl1,chemical recovery processes,Transformation,BATT_CAMToRegeneration,,,BATT_2RM_CAMRegeneration,ElementLvl1,P,0.9,,±15%,BAU/REC/CIR,2032,3.0,est,[Roy et al. 2024],"(PDF) Direct recycling of Li‐ion batteries from cell to pack level: Challenges and prospects on technology, scalability, sustainability, and economics",hydro,BAU/REC/CIR
2308,3,Re-lithiation,ProcessLvl1,chemical recovery processes,Transformation,BATT_CAMToRegeneration,,,BATT_2RM_CAMRegeneration,ElementLvl1,O,0.9,,±15%,BAU/REC/CIR,2032,3.0,est,[Roy et al. 2024],"(PDF) Direct recycling of Li‐ion batteries from cell to pack level: Challenges and prospects on technology, scalability, sustainability, and economics",hydro,BAU/REC/CIR
2309,3,Re-lithiation,ProcessLvl1,chemical recovery processes,Transformation,BATT_CAMToRegeneration,,,BATT_2RM_CAMRegeneration,ElementLvl1,Li,0.9,,±15%,BAU/REC/CIR,2032,3.0,est,[Roy et al. 2024],"(PDF) Direct recycling of Li‐ion batteries from cell to pack level: Challenges and prospects on technology, scalability, sustainability, and economics",hydro,BAU/REC/CIR
2310,1,Breaking and separating,ProcessLvl1,mechanical recovery processes,Fragmentation,BATT_LIBToDirectRecycling,ComponentLvl2,anodeActiveMaterial,BATT_Losses_AAMToRegeneration,MaterialLvl4,graphite4,0.0131,0.9869,±15%,BAU/REC/CIR,2032,3.0,calc,Losses calculated from reference value,https://pdf.sciencedirectassets.com/271948/1-s2.0-S1383586622X00130/1-s2.0-S1383586622010425/main.pdf?X-Amz-Security-Token=IQoJb3JpZ2luX2VjEKT%2F%2F%2F%2F%2F%2F%2F%2F%2F%2FwEaCXVzLWVhc3QtMSJHMEUCIEJIwFTrfhiHy4RQEG43Ef5W4KP%2Fse9AQ1OdO34QqdK5AiEAy47aDhnC8ww3TSpa35ofk47tCY%2BhM0qnDNDWjCsFNggqvAUIjP%2F%2F%2F%2F%2F%2F%2F%2F%2F%2FARAFGgwwNTkwMDM1NDY4NjUiDAW9S4rXVbjwJcBTCyqQBSLPjAQv%2FDPPlAhe3wkqk9NnxQ9U2YXt%2BhLHQ65I4vWCwbPv3lmbH4gN4XZss9CBLidyT%2B5nj6oCE0HKqS2%2B3y6MTpiYVfnkTjNJG4cjjdslK%2Fr5t1LxEOkwieatxi79Kut%2BfWlCuAjv%2BLKNAIOYlEG9e1oxsB7ilaen54ergFnZ4eQT2mkPxpKHRu6POLogMlbu0HZTsdC%2BYpxxtPVzQH1r%2FSvAjUi%2BVJdX0R1%2FEXo48XklrU8nicXes6yBtSIzcQpkCfLq3lfSqP4Px0LzyhiVDKEkf%2FFuX5QwRbfIpO8gnjHt5haNHOJphHznd2ngVUmg%2F7QW694canx1w14YrD%2FSIzBUNh5Xx%2BTlFmQt4wpKb8fHKTUldTgf2ranVHoi4PNLasflyFQttL7GTyHFpfNW7%2FygIBKXiLgPmFDNxxqLase6JGx3Yc3wazvuJebgxRm4tYHmCRzBsMEn8cBJ5lL5m4%2FoTBSXOqrFrcjm%2B%2BYMAKgn5g%2FpigE5AHUu19gqvk7RYguaPb%2BpsUlC576isxeJzOCum3urQQ7k3DFmETVYHLVaT5FdvzFGeXzf5vWIohHA5HhnuNa4MP98o6v%2FZ7stgZ%2BhxUMDmMw3Ks1WRpzKIHfmDcMRYe840v%2FNek8T4x8UYy%2F6%2Fynx%2Br%2F3iltAMqcy%2FcO2t73c6lrraUop30i1ZQmPI9Ufu4gBkrjd4y8JAN12E8LloDnj4aml%2FBMdiZXseeJGFrPijlxODraP6qHfuZmlD0SQvl1qVtWfZofXsgaNa%2FeeoSLd8aw1HptcQ524lFXYHpwpYeLsaCuZShspFkyW85LG8raNdbWtP6EQ2PqrZydY8BSjKH19OPjOR4WO4VxWaOxQd5iBwZ%2FYlrk9MObd%2FrsGOrEB9ST5E8PCfp1ygrZywaU7InAkOiJGXe%2BHJ5Wfqx5gyQM%2BgN8pHyLck123LgcDih2Kdcrc4GRvu1jPfiO0FDJA%2FA2V8lgCYy82h8b%2Fw9DHMMzpHKFpqnEtqV5rMXH6ioSCzjxzDzHb9Hx4gJdgGM8b2wKQCnr2nVSrZ6frmVBt1mUP1yZFRXhGGf4NPuYMlO8b1qi2cWt2NyT7%2F0OLYYK4%2BD2swAtNm%2BMMOZ41qOGbZN6c&X-Amz-Algorithm=AWS4-HMAC-SHA256&X-Amz-Date=20250109T115709Z&X-Amz-SignedHeaders=host&X-Amz-Expires=300&X-Amz-Credential=ASIAQ3PHCVTY5INGZQLN%2F20250109%2Fus-east-1%2Fs3%2Faws4_request&X-Amz-Signature=4bdf060a61048b1e0fb23a9e2bdf9d0ebd8a2a905d543cc7d8bb6f13107a076e&hash=c52de67f5feb0c27d968488c1cbadadf9d6bb1f56ee7deaac3a7dea9595e43e7&host=68042c943591013ac2b2430a89b270f6af2c76d8dfd086a07176afe7c76c2c61&pii=S1383586622010425&tid=spdf-50627f0d-c503-4269-a04b-2fd536fd2062&sid=31e1de1925ff154c6e48aed-834933ca4474gxrqb&type=client&tsoh=d3d3LnNjaWVuY2VkaXJlY3QuY29t&ua=02055e0200565c035b57&rr=8ff43f84190fdbc5&cc=de,mechanical,BAU/REC/CIR
2311,1,Breaking and separating,ProcessLvl1,mechanical recovery processes,Fragmentation,BATT_LIBToDirectRecycling,ComponentLvl2,cathodeActiveMaterial,BATT_Losses_CAMToRegeneration,ElementLvl1,Fe,0.0131,0.9869,±15%,BAU/REC/CIR,2032,3.0,calc,Losses calculated from reference value,https://pdf.sciencedirectassets.com/271948/1-s2.0-S1383586622X00130/1-s2.0-S1383586622010425/main.pdf?X-Amz-Security-Token=IQoJb3JpZ2luX2VjEKT%2F%2F%2F%2F%2F%2F%2F%2F%2F%2FwEaCXVzLWVhc3QtMSJHMEUCIEJIwFTrfhiHy4RQEG43Ef5W4KP%2Fse9AQ1OdO34QqdK5AiEAy47aDhnC8ww3TSpa35ofk47tCY%2BhM0qnDNDWjCsFNggqvAUIjP%2F%2F%2F%2F%2F%2F%2F%2F%2F%2FARAFGgwwNTkwMDM1NDY4NjUiDAW9S4rXVbjwJcBTCyqQBSLPjAQv%2FDPPlAhe3wkqk9NnxQ9U2YXt%2BhLHQ65I4vWCwbPv3lmbH4gN4XZss9CBLidyT%2B5nj6oCE0HKqS2%2B3y6MTpiYVfnkTjNJG4cjjdslK%2Fr5t1LxEOkwieatxi79Kut%2BfWlCuAjv%2BLKNAIOYlEG9e1oxsB7ilaen54ergFnZ4eQT2mkPxpKHRu6POLogMlbu0HZTsdC%2BYpxxtPVzQH1r%2FSvAjUi%2BVJdX0R1%2FEXo48XklrU8nicXes6yBtSIzcQpkCfLq3lfSqP4Px0LzyhiVDKEkf%2FFuX5QwRbfIpO8gnjHt5haNHOJphHznd2ngVUmg%2F7QW694canx1w14YrD%2FSIzBUNh5Xx%2BTlFmQt4wpKb8fHKTUldTgf2ranVHoi4PNLasflyFQttL7GTyHFpfNW7%2FygIBKXiLgPmFDNxxqLase6JGx3Yc3wazvuJebgxRm4tYHmCRzBsMEn8cBJ5lL5m4%2FoTBSXOqrFrcjm%2B%2BYMAKgn5g%2FpigE5AHUu19gqvk7RYguaPb%2BpsUlC576isxeJzOCum3urQQ7k3DFmETVYHLVaT5FdvzFGeXzf5vWIohHA5HhnuNa4MP98o6v%2FZ7stgZ%2BhxUMDmMw3Ks1WRpzKIHfmDcMRYe840v%2FNek8T4x8UYy%2F6%2Fynx%2Br%2F3iltAMqcy%2FcO2t73c6lrraUop30i1ZQmPI9Ufu4gBkrjd4y8JAN12E8LloDnj4aml%2FBMdiZXseeJGFrPijlxODraP6qHfuZmlD0SQvl1qVtWfZofXsgaNa%2FeeoSLd8aw1HptcQ524lFXYHpwpYeLsaCuZShspFkyW85LG8raNdbWtP6EQ2PqrZydY8BSjKH19OPjOR4WO4VxWaOxQd5iBwZ%2FYlrk9MObd%2FrsGOrEB9ST5E8PCfp1ygrZywaU7InAkOiJGXe%2BHJ5Wfqx5gyQM%2BgN8pHyLck123LgcDih2Kdcrc4GRvu1jPfiO0FDJA%2FA2V8lgCYy82h8b%2Fw9DHMMzpHKFpqnEtqV5rMXH6ioSCzjxzDzHb9Hx4gJdgGM8b2wKQCnr2nVSrZ6frmVBt1mUP1yZFRXhGGf4NPuYMlO8b1qi2cWt2NyT7%2F0OLYYK4%2BD2swAtNm%2BMMOZ41qOGbZN6c&X-Amz-Algorithm=AWS4-HMAC-SHA256&X-Amz-Date=20250109T115709Z&X-Amz-SignedHeaders=host&X-Amz-Expires=300&X-Amz-Credential=ASIAQ3PHCVTY5INGZQLN%2F20250109%2Fus-east-1%2Fs3%2Faws4_request&X-Amz-Signature=4bdf060a61048b1e0fb23a9e2bdf9d0ebd8a2a905d543cc7d8bb6f13107a076e&hash=c52de67f5feb0c27d968488c1cbadadf9d6bb1f56ee7deaac3a7dea9595e43e7&host=68042c943591013ac2b2430a89b270f6af2c76d8dfd086a07176afe7c76c2c61&pii=S1383586622010425&tid=spdf-50627f0d-c503-4269-a04b-2fd536fd2062&sid=31e1de1925ff154c6e48aed-834933ca4474gxrqb&type=client&tsoh=d3d3LnNjaWVuY2VkaXJlY3QuY29t&ua=02055e0200565c035b57&rr=8ff43f84190fdbc5&cc=de,mechanical,BAU/REC/CIR
2312,1,Breaking and separating,ProcessLvl1,mechanical recovery processes,Fragmentation,BATT_LIBToDirectRecycling,ComponentLvl2,cathodeActiveMaterial,BATT_Losses_CAMToRegeneration,ElementLvl1,P,0.0131,0.9869,±15%,BAU/REC/CIR,2032,3.0,calc,Losses calculated from reference value,https://pdf.sciencedirectassets.com/271948/1-s2.0-S1383586622X00130/1-s2.0-S1383586622010425/main.pdf?X-Amz-Security-Token=IQoJb3JpZ2luX2VjEKT%2F%2F%2F%2F%2F%2F%2F%2F%2F%2FwEaCXVzLWVhc3QtMSJHMEUCIEJIwFTrfhiHy4RQEG43Ef5W4KP%2Fse9AQ1OdO34QqdK5AiEAy47aDhnC8ww3TSpa35ofk47tCY%2BhM0qnDNDWjCsFNggqvAUIjP%2F%2F%2F%2F%2F%2F%2F%2F%2F%2FARAFGgwwNTkwMDM1NDY4NjUiDAW9S4rXVbjwJcBTCyqQBSLPjAQv%2FDPPlAhe3wkqk9NnxQ9U2YXt%2BhLHQ65I4vWCwbPv3lmbH4gN4XZss9CBLidyT%2B5nj6oCE0HKqS2%2B3y6MTpiYVfnkTjNJG4cjjdslK%2Fr5t1LxEOkwieatxi79Kut%2BfWlCuAjv%2BLKNAIOYlEG9e1oxsB7ilaen54ergFnZ4eQT2mkPxpKHRu6POLogMlbu0HZTsdC%2BYpxxtPVzQH1r%2FSvAjUi%2BVJdX0R1%2FEXo48XklrU8nicXes6yBtSIzcQpkCfLq3lfSqP4Px0LzyhiVDKEkf%2FFuX5QwRbfIpO8gnjHt5haNHOJphHznd2ngVUmg%2F7QW694canx1w14YrD%2FSIzBUNh5Xx%2BTlFmQt4wpKb8fHKTUldTgf2ranVHoi4PNLasflyFQttL7GTyHFpfNW7%2FygIBKXiLgPmFDNxxqLase6JGx3Yc3wazvuJebgxRm4tYHmCRzBsMEn8cBJ5lL5m4%2FoTBSXOqrFrcjm%2B%2BYMAKgn5g%2FpigE5AHUu19gqvk7RYguaPb%2BpsUlC576isxeJzOCum3urQQ7k3DFmETVYHLVaT5FdvzFGeXzf5vWIohHA5HhnuNa4MP98o6v%2FZ7stgZ%2BhxUMDmMw3Ks1WRpzKIHfmDcMRYe840v%2FNek8T4x8UYy%2F6%2Fynx%2Br%2F3iltAMqcy%2FcO2t73c6lrraUop30i1ZQmPI9Ufu4gBkrjd4y8JAN12E8LloDnj4aml%2FBMdiZXseeJGFrPijlxODraP6qHfuZmlD0SQvl1qVtWfZofXsgaNa%2FeeoSLd8aw1HptcQ524lFXYHpwpYeLsaCuZShspFkyW85LG8raNdbWtP6EQ2PqrZydY8BSjKH19OPjOR4WO4VxWaOxQd5iBwZ%2FYlrk9MObd%2FrsGOrEB9ST5E8PCfp1ygrZywaU7InAkOiJGXe%2BHJ5Wfqx5gyQM%2BgN8pHyLck123LgcDih2Kdcrc4GRvu1jPfiO0FDJA%2FA2V8lgCYy82h8b%2Fw9DHMMzpHKFpqnEtqV5rMXH6ioSCzjxzDzHb9Hx4gJdgGM8b2wKQCnr2nVSrZ6frmVBt1mUP1yZFRXhGGf4NPuYMlO8b1qi2cWt2NyT7%2F0OLYYK4%2BD2swAtNm%2BMMOZ41qOGbZN6c&X-Amz-Algorithm=AWS4-HMAC-SHA256&X-Amz-Date=20250109T115709Z&X-Amz-SignedHeaders=host&X-Amz-Expires=300&X-Amz-Credential=ASIAQ3PHCVTY5INGZQLN%2F20250109%2Fus-east-1%2Fs3%2Faws4_request&X-Amz-Signature=4bdf060a61048b1e0fb23a9e2bdf9d0ebd8a2a905d543cc7d8bb6f13107a076e&hash=c52de67f5feb0c27d968488c1cbadadf9d6bb1f56ee7deaac3a7dea9595e43e7&host=68042c943591013ac2b2430a89b270f6af2c76d8dfd086a07176afe7c76c2c61&pii=S1383586622010425&tid=spdf-50627f0d-c503-4269-a04b-2fd536fd2062&sid=31e1de1925ff154c6e48aed-834933ca4474gxrqb&type=client&tsoh=d3d3LnNjaWVuY2VkaXJlY3QuY29t&ua=02055e0200565c035b57&rr=8ff43f84190fdbc5&cc=de,mechanical,BAU/REC/CIR
2313,1,Breaking and separating,ProcessLvl1,mechanical recovery processes,Fragmentation,BATT_LIBToDirectRecycling,ComponentLvl2,cathodeActiveMaterial,BATT_Losses_CAMToRegeneration,ElementLvl1,O,0.0131,0.9869,±15%,BAU/REC/CIR,2032,3.0,calc,Losses calculated from reference value,https://pdf.sciencedirectassets.com/271948/1-s2.0-S1383586622X00130/1-s2.0-S1383586622010425/main.pdf?X-Amz-Security-Token=IQoJb3JpZ2luX2VjEKT%2F%2F%2F%2F%2F%2F%2F%2F%2F%2FwEaCXVzLWVhc3QtMSJHMEUCIEJIwFTrfhiHy4RQEG43Ef5W4KP%2Fse9AQ1OdO34QqdK5AiEAy47aDhnC8ww3TSpa35ofk47tCY%2BhM0qnDNDWjCsFNggqvAUIjP%2F%2F%2F%2F%2F%2F%2F%2F%2F%2FARAFGgwwNTkwMDM1NDY4NjUiDAW9S4rXVbjwJcBTCyqQBSLPjAQv%2FDPPlAhe3wkqk9NnxQ9U2YXt%2BhLHQ65I4vWCwbPv3lmbH4gN4XZss9CBLidyT%2B5nj6oCE0HKqS2%2B3y6MTpiYVfnkTjNJG4cjjdslK%2Fr5t1LxEOkwieatxi79Kut%2BfWlCuAjv%2BLKNAIOYlEG9e1oxsB7ilaen54ergFnZ4eQT2mkPxpKHRu6POLogMlbu0HZTsdC%2BYpxxtPVzQH1r%2FSvAjUi%2BVJdX0R1%2FEXo48XklrU8nicXes6yBtSIzcQpkCfLq3lfSqP4Px0LzyhiVDKEkf%2FFuX5QwRbfIpO8gnjHt5haNHOJphHznd2ngVUmg%2F7QW694canx1w14YrD%2FSIzBUNh5Xx%2BTlFmQt4wpKb8fHKTUldTgf2ranVHoi4PNLasflyFQttL7GTyHFpfNW7%2FygIBKXiLgPmFDNxxqLase6JGx3Yc3wazvuJebgxRm4tYHmCRzBsMEn8cBJ5lL5m4%2FoTBSXOqrFrcjm%2B%2BYMAKgn5g%2FpigE5AHUu19gqvk7RYguaPb%2BpsUlC576isxeJzOCum3urQQ7k3DFmETVYHLVaT5FdvzFGeXzf5vWIohHA5HhnuNa4MP98o6v%2FZ7stgZ%2BhxUMDmMw3Ks1WRpzKIHfmDcMRYe840v%2FNek8T4x8UYy%2F6%2Fynx%2Br%2F3iltAMqcy%2FcO2t73c6lrraUop30i1ZQmPI9Ufu4gBkrjd4y8JAN12E8LloDnj4aml%2FBMdiZXseeJGFrPijlxODraP6qHfuZmlD0SQvl1qVtWfZofXsgaNa%2FeeoSLd8aw1HptcQ524lFXYHpwpYeLsaCuZShspFkyW85LG8raNdbWtP6EQ2PqrZydY8BSjKH19OPjOR4WO4VxWaOxQd5iBwZ%2FYlrk9MObd%2FrsGOrEB9ST5E8PCfp1ygrZywaU7InAkOiJGXe%2BHJ5Wfqx5gyQM%2BgN8pHyLck123LgcDih2Kdcrc4GRvu1jPfiO0FDJA%2FA2V8lgCYy82h8b%2Fw9DHMMzpHKFpqnEtqV5rMXH6ioSCzjxzDzHb9Hx4gJdgGM8b2wKQCnr2nVSrZ6frmVBt1mUP1yZFRXhGGf4NPuYMlO8b1qi2cWt2NyT7%2F0OLYYK4%2BD2swAtNm%2BMMOZ41qOGbZN6c&X-Amz-Algorithm=AWS4-HMAC-SHA256&X-Amz-Date=20250109T115709Z&X-Amz-SignedHeaders=host&X-Amz-Expires=300&X-Amz-Credential=ASIAQ3PHCVTY5INGZQLN%2F20250109%2Fus-east-1%2Fs3%2Faws4_request&X-Amz-Signature=4bdf060a61048b1e0fb23a9e2bdf9d0ebd8a2a905d543cc7d8bb6f13107a076e&hash=c52de67f5feb0c27d968488c1cbadadf9d6bb1f56ee7deaac3a7dea9595e43e7&host=68042c943591013ac2b2430a89b270f6af2c76d8dfd086a07176afe7c76c2c61&pii=S1383586622010425&tid=spdf-50627f0d-c503-4269-a04b-2fd536fd2062&sid=31e1de1925ff154c6e48aed-834933ca4474gxrqb&type=client&tsoh=d3d3LnNjaWVuY2VkaXJlY3QuY29t&ua=02055e0200565c035b57&rr=8ff43f84190fdbc5&cc=de,mechanical,BAU/REC/CIR
2314,1,Breaking and separating,ProcessLvl1,mechanical recovery processes,Fragmentation,BATT_LIBToDirectRecycling,ComponentLvl2,cathodeActiveMaterial,BATT_Losses_CAMToRegeneration,ElementLvl1,Li,0.0131,0.9869,±15%,BAU/REC/CIR,2032,3.0,calc,Losses calculated from reference value,https://pdf.sciencedirectassets.com/271948/1-s2.0-S1383586622X00130/1-s2.0-S1383586622010425/main.pdf?X-Amz-Security-Token=IQoJb3JpZ2luX2VjEKT%2F%2F%2F%2F%2F%2F%2F%2F%2F%2FwEaCXVzLWVhc3QtMSJHMEUCIEJIwFTrfhiHy4RQEG43Ef5W4KP%2Fse9AQ1OdO34QqdK5AiEAy47aDhnC8ww3TSpa35ofk47tCY%2BhM0qnDNDWjCsFNggqvAUIjP%2F%2F%2F%2F%2F%2F%2F%2F%2F%2FARAFGgwwNTkwMDM1NDY4NjUiDAW9S4rXVbjwJcBTCyqQBSLPjAQv%2FDPPlAhe3wkqk9NnxQ9U2YXt%2BhLHQ65I4vWCwbPv3lmbH4gN4XZss9CBLidyT%2B5nj6oCE0HKqS2%2B3y6MTpiYVfnkTjNJG4cjjdslK%2Fr5t1LxEOkwieatxi79Kut%2BfWlCuAjv%2BLKNAIOYlEG9e1oxsB7ilaen54ergFnZ4eQT2mkPxpKHRu6POLogMlbu0HZTsdC%2BYpxxtPVzQH1r%2FSvAjUi%2BVJdX0R1%2FEXo48XklrU8nicXes6yBtSIzcQpkCfLq3lfSqP4Px0LzyhiVDKEkf%2FFuX5QwRbfIpO8gnjHt5haNHOJphHznd2ngVUmg%2F7QW694canx1w14YrD%2FSIzBUNh5Xx%2BTlFmQt4wpKb8fHKTUldTgf2ranVHoi4PNLasflyFQttL7GTyHFpfNW7%2FygIBKXiLgPmFDNxxqLase6JGx3Yc3wazvuJebgxRm4tYHmCRzBsMEn8cBJ5lL5m4%2FoTBSXOqrFrcjm%2B%2BYMAKgn5g%2FpigE5AHUu19gqvk7RYguaPb%2BpsUlC576isxeJzOCum3urQQ7k3DFmETVYHLVaT5FdvzFGeXzf5vWIohHA5HhnuNa4MP98o6v%2FZ7stgZ%2BhxUMDmMw3Ks1WRpzKIHfmDcMRYe840v%2FNek8T4x8UYy%2F6%2Fynx%2Br%2F3iltAMqcy%2FcO2t73c6lrraUop30i1ZQmPI9Ufu4gBkrjd4y8JAN12E8LloDnj4aml%2FBMdiZXseeJGFrPijlxODraP6qHfuZmlD0SQvl1qVtWfZofXsgaNa%2FeeoSLd8aw1HptcQ524lFXYHpwpYeLsaCuZShspFkyW85LG8raNdbWtP6EQ2PqrZydY8BSjKH19OPjOR4WO4VxWaOxQd5iBwZ%2FYlrk9MObd%2FrsGOrEB9ST5E8PCfp1ygrZywaU7InAkOiJGXe%2BHJ5Wfqx5gyQM%2BgN8pHyLck123LgcDih2Kdcrc4GRvu1jPfiO0FDJA%2FA2V8lgCYy82h8b%2Fw9DHMMzpHKFpqnEtqV5rMXH6ioSCzjxzDzHb9Hx4gJdgGM8b2wKQCnr2nVSrZ6frmVBt1mUP1yZFRXhGGf4NPuYMlO8b1qi2cWt2NyT7%2F0OLYYK4%2BD2swAtNm%2BMMOZ41qOGbZN6c&X-Amz-Algorithm=AWS4-HMAC-SHA256&X-Amz-Date=20250109T115709Z&X-Amz-SignedHeaders=host&X-Amz-Expires=300&X-Amz-Credential=ASIAQ3PHCVTY5INGZQLN%2F20250109%2Fus-east-1%2Fs3%2Faws4_request&X-Amz-Signature=4bdf060a61048b1e0fb23a9e2bdf9d0ebd8a2a905d543cc7d8bb6f13107a076e&hash=c52de67f5feb0c27d968488c1cbadadf9d6bb1f56ee7deaac3a7dea9595e43e7&host=68042c943591013ac2b2430a89b270f6af2c76d8dfd086a07176afe7c76c2c61&pii=S1383586622010425&tid=spdf-50627f0d-c503-4269-a04b-2fd536fd2062&sid=31e1de1925ff154c6e48aed-834933ca4474gxrqb&type=client&tsoh=d3d3LnNjaWVuY2VkaXJlY3QuY29t&ua=02055e0200565c035b57&rr=8ff43f84190fdbc5&cc=de,mechanical,BAU/REC/CIR
2315,1,Breaking and separating,ProcessLvl1,mechanical recovery processes,Fragmentation,BATT_LIBToDirectRecycling,ComponentLvl1,batteryCellCasing1,BATT_Losses_DirectRecycling,ElementLvl1,Al,0.020000000000000018,0.98,±20%,BAU/REC/CIR,2032,3.5,est,"Assumption, no reference",,mechanical,BAU/REC/CIR
2316,1,Breaking and separating,ProcessLvl1,mechanical recovery processes,Fragmentation,BATT_LIBToDirectRecycling,ComponentLvl1,batteryCellCasing1,BATT_Losses_DirectRecycling,ElementLvl1,Fe,0.020000000000000018,0.98,±20%,BAU/REC/CIR,2032,3.5,est,"Assumption, no reference",,mechanical,BAU/REC/CIR
2317,1,Breaking and separating,ProcessLvl1,mechanical recovery processes,Fragmentation,BATT_LIBToDirectRecycling,ComponentLvl1,batteryCellCasing1,BATT_Losses_DirectRecycling,MaterialLvl1,ferrousMetals1,0.020000000000000018,0.98,±20%,BAU/REC/CIR,2032,3.5,est,"Assumption, no reference",,mechanical,BAU/REC/CIR
2318,1,Breaking and separating,ProcessLvl1,mechanical recovery processes,Fragmentation,BATT_LIBToDirectRecycling,ComponentLvl1,batteryCellCasing1,BATT_Losses_DirectRecycling,MaterialLvl1,plastics,0.020000000000000018,0.98,±20%,BAU/REC/CIR,2032,3.5,est,"Assumption, no reference",,mechanical,BAU/REC/CIR
2319,1,Breaking and separating,ProcessLvl1,mechanical recovery processes,Fragmentation,BATT_LIBToDirectRecycling,ComponentLvl2,batteryCellElectrolyte2,BATT_Losses_DirectRecycling,MaterialLvl4,organicSolvents,0.10999999999999999,0.89,±15%,BAU/REC/CIR,2032,3.0,meas,Losses calculated from reference value,https://pubs.rsc.org/en/content/articlelanding/2015/ra/c5ra04451k,mechanical,BAU/REC/CIR
2320,1,Breaking and separating,ProcessLvl1,mechanical recovery processes,Fragmentation,BATT_LIBToDirectRecycling,ComponentLvl2,batteryCellElectrolyte2,BATT_Losses_DirectRecycling,MaterialLvl4,shadowMaterial4,0.10999999999999999,0.89,±15%,BAU/REC/CIR,2032,3.0,meas,Losses calculated from reference value,https://pubs.rsc.org/en/content/articlelanding/2015/ra/c5ra04451k,mechanical,BAU/REC/CIR
2321,2,Calcination,ProcessLvl1,chemical recovery processes,Transformation,BATT_AAMToRegeneration,,,BATT_Losses_AAMRegeneration,MaterialLvl4,graphite4,0.09999999999999998,0.9,±15%,BAU/REC/CIR,2032,3.0,est,Losses calculated from reference value,"(PDF) Direct recycling of Li‐ion batteries from cell to pack level: Challenges and prospects on technology, scalability, sustainability, and economics",hydro,BAU/REC/CIR
2322,3,Re-lithiation,ProcessLvl1,chemical recovery processes,Transformation,BATT_CAMToRegeneration,,,BATT_Losses_CAMRegeneration,ElementLvl1,Fe,0.09999999999999998,0.9,±15%,BAU/REC/CIR,2032,3.0,est,Losses calculated from reference value,"(PDF) Direct recycling of Li‐ion batteries from cell to pack level: Challenges and prospects on technology, scalability, sustainability, and economics",hydro,BAU/REC/CIR
2323,3,Re-lithiation,ProcessLvl1,chemical recovery processes,Transformation,BATT_CAMToRegeneration,,,BATT_Losses_CAMRegeneration,ElementLvl1,P,0.09999999999999998,0.9,±15%,BAU/REC/CIR,2032,3.0,est,Losses calculated from reference value,"(PDF) Direct recycling of Li‐ion batteries from cell to pack level: Challenges and prospects on technology, scalability, sustainability, and economics",hydro,BAU/REC/CIR
2324,3,Re-lithiation,ProcessLvl1,chemical recovery processes,Transformation,BATT_CAMToRegeneration,,,BATT_Losses_CAMRegeneration,ElementLvl1,O,0.09999999999999998,0.9,±15%,BAU/REC/CIR,2032,3.0,est,Losses calculated from reference value,"(PDF) Direct recycling of Li‐ion batteries from cell to pack level: Challenges and prospects on technology, scalability, sustainability, and economics",hydro,BAU/REC/CIR
2325,3,Re-lithiation,ProcessLvl1,chemical recovery processes,Transformation,BATT_CAMToRegeneration,,,BATT_Losses_CAMRegeneration,ElementLvl1,Li,0.09999999999999998,0.9,±15%,BAU/REC/CIR,2032,3.0,est,Losses calculated from reference value,"(PDF) Direct recycling of Li‐ion batteries from cell to pack level: Challenges and prospects on technology, scalability, sustainability, and economics",hydro,BAU/REC/CIR
2326,1,Breaking and separating,ProcessLvl1,mechanical recovery processes,Fragmentation,BATT_LIBToDirectRecycling,ComponentLvl2,anodeActiveMaterial,BATT_AAMToRegeneration,MaterialLvl4,graphite4,0.9869,,±20%,BAU/REC/CIR,2050,3.5,meas,[Lu et al. 2022],https://pdf.sciencedirectassets.com/271948/1-s2.0-S1383586622X00130/1-s2.0-S1383586622010425/main.pdf?X-Amz-Security-Token=IQoJb3JpZ2luX2VjEKT%2F%2F%2F%2F%2F%2F%2F%2F%2F%2FwEaCXVzLWVhc3QtMSJHMEUCIEJIwFTrfhiHy4RQEG43Ef5W4KP%2Fse9AQ1OdO34QqdK5AiEAy47aDhnC8ww3TSpa35ofk47tCY%2BhM0qnDNDWjCsFNggqvAUIjP%2F%2F%2F%2F%2F%2F%2F%2F%2F%2FARAFGgwwNTkwMDM1NDY4NjUiDAW9S4rXVbjwJcBTCyqQBSLPjAQv%2FDPPlAhe3wkqk9NnxQ9U2YXt%2BhLHQ65I4vWCwbPv3lmbH4gN4XZss9CBLidyT%2B5nj6oCE0HKqS2%2B3y6MTpiYVfnkTjNJG4cjjdslK%2Fr5t1LxEOkwieatxi79Kut%2BfWlCuAjv%2BLKNAIOYlEG9e1oxsB7ilaen54ergFnZ4eQT2mkPxpKHRu6POLogMlbu0HZTsdC%2BYpxxtPVzQH1r%2FSvAjUi%2BVJdX0R1%2FEXo48XklrU8nicXes6yBtSIzcQpkCfLq3lfSqP4Px0LzyhiVDKEkf%2FFuX5QwRbfIpO8gnjHt5haNHOJphHznd2ngVUmg%2F7QW694canx1w14YrD%2FSIzBUNh5Xx%2BTlFmQt4wpKb8fHKTUldTgf2ranVHoi4PNLasflyFQttL7GTyHFpfNW7%2FygIBKXiLgPmFDNxxqLase6JGx3Yc3wazvuJebgxRm4tYHmCRzBsMEn8cBJ5lL5m4%2FoTBSXOqrFrcjm%2B%2BYMAKgn5g%2FpigE5AHUu19gqvk7RYguaPb%2BpsUlC576isxeJzOCum3urQQ7k3DFmETVYHLVaT5FdvzFGeXzf5vWIohHA5HhnuNa4MP98o6v%2FZ7stgZ%2BhxUMDmMw3Ks1WRpzKIHfmDcMRYe840v%2FNek8T4x8UYy%2F6%2Fynx%2Br%2F3iltAMqcy%2FcO2t73c6lrraUop30i1ZQmPI9Ufu4gBkrjd4y8JAN12E8LloDnj4aml%2FBMdiZXseeJGFrPijlxODraP6qHfuZmlD0SQvl1qVtWfZofXsgaNa%2FeeoSLd8aw1HptcQ524lFXYHpwpYeLsaCuZShspFkyW85LG8raNdbWtP6EQ2PqrZydY8BSjKH19OPjOR4WO4VxWaOxQd5iBwZ%2FYlrk9MObd%2FrsGOrEB9ST5E8PCfp1ygrZywaU7InAkOiJGXe%2BHJ5Wfqx5gyQM%2BgN8pHyLck123LgcDih2Kdcrc4GRvu1jPfiO0FDJA%2FA2V8lgCYy82h8b%2Fw9DHMMzpHKFpqnEtqV5rMXH6ioSCzjxzDzHb9Hx4gJdgGM8b2wKQCnr2nVSrZ6frmVBt1mUP1yZFRXhGGf4NPuYMlO8b1qi2cWt2NyT7%2F0OLYYK4%2BD2swAtNm%2BMMOZ41qOGbZN6c&X-Amz-Algorithm=AWS4-HMAC-SHA256&X-Amz-Date=20250109T115709Z&X-Amz-SignedHeaders=host&X-Amz-Expires=300&X-Amz-Credential=ASIAQ3PHCVTY5INGZQLN%2F20250109%2Fus-east-1%2Fs3%2Faws4_request&X-Amz-Signature=4bdf060a61048b1e0fb23a9e2bdf9d0ebd8a2a905d543cc7d8bb6f13107a076e&hash=c52de67f5feb0c27d968488c1cbadadf9d6bb1f56ee7deaac3a7dea9595e43e7&host=68042c943591013ac2b2430a89b270f6af2c76d8dfd086a07176afe7c76c2c61&pii=S1383586622010425&tid=spdf-50627f0d-c503-4269-a04b-2fd536fd2062&sid=31e1de1925ff154c6e48aed-834933ca4474gxrqb&type=client&tsoh=d3d3LnNjaWVuY2VkaXJlY3QuY29t&ua=02055e0200565c035b57&rr=8ff43f84190fdbc5&cc=de,mechanical,BAU/REC/CIR
2327,1,Breaking and separating,ProcessLvl1,mechanical recovery processes,Fragmentation,BATT_LIBToDirectRecycling,ComponentLvl2,cathodeActiveMaterial,BATT_CAMToRegeneration,ElementLvl1,Fe,0.9869,,±20%,BAU/REC/CIR,2050,3.5,meas,[Lu et al. 2022],https://pdf.sciencedirectassets.com/271948/1-s2.0-S1383586622X00130/1-s2.0-S1383586622010425/main.pdf?X-Amz-Security-Token=IQoJb3JpZ2luX2VjEKT%2F%2F%2F%2F%2F%2F%2F%2F%2F%2FwEaCXVzLWVhc3QtMSJHMEUCIEJIwFTrfhiHy4RQEG43Ef5W4KP%2Fse9AQ1OdO34QqdK5AiEAy47aDhnC8ww3TSpa35ofk47tCY%2BhM0qnDNDWjCsFNggqvAUIjP%2F%2F%2F%2F%2F%2F%2F%2F%2F%2FARAFGgwwNTkwMDM1NDY4NjUiDAW9S4rXVbjwJcBTCyqQBSLPjAQv%2FDPPlAhe3wkqk9NnxQ9U2YXt%2BhLHQ65I4vWCwbPv3lmbH4gN4XZss9CBLidyT%2B5nj6oCE0HKqS2%2B3y6MTpiYVfnkTjNJG4cjjdslK%2Fr5t1LxEOkwieatxi79Kut%2BfWlCuAjv%2BLKNAIOYlEG9e1oxsB7ilaen54ergFnZ4eQT2mkPxpKHRu6POLogMlbu0HZTsdC%2BYpxxtPVzQH1r%2FSvAjUi%2BVJdX0R1%2FEXo48XklrU8nicXes6yBtSIzcQpkCfLq3lfSqP4Px0LzyhiVDKEkf%2FFuX5QwRbfIpO8gnjHt5haNHOJphHznd2ngVUmg%2F7QW694canx1w14YrD%2FSIzBUNh5Xx%2BTlFmQt4wpKb8fHKTUldTgf2ranVHoi4PNLasflyFQttL7GTyHFpfNW7%2FygIBKXiLgPmFDNxxqLase6JGx3Yc3wazvuJebgxRm4tYHmCRzBsMEn8cBJ5lL5m4%2FoTBSXOqrFrcjm%2B%2BYMAKgn5g%2FpigE5AHUu19gqvk7RYguaPb%2BpsUlC576isxeJzOCum3urQQ7k3DFmETVYHLVaT5FdvzFGeXzf5vWIohHA5HhnuNa4MP98o6v%2FZ7stgZ%2BhxUMDmMw3Ks1WRpzKIHfmDcMRYe840v%2FNek8T4x8UYy%2F6%2Fynx%2Br%2F3iltAMqcy%2FcO2t73c6lrraUop30i1ZQmPI9Ufu4gBkrjd4y8JAN12E8LloDnj4aml%2FBMdiZXseeJGFrPijlxODraP6qHfuZmlD0SQvl1qVtWfZofXsgaNa%2FeeoSLd8aw1HptcQ524lFXYHpwpYeLsaCuZShspFkyW85LG8raNdbWtP6EQ2PqrZydY8BSjKH19OPjOR4WO4VxWaOxQd5iBwZ%2FYlrk9MObd%2FrsGOrEB9ST5E8PCfp1ygrZywaU7InAkOiJGXe%2BHJ5Wfqx5gyQM%2BgN8pHyLck123LgcDih2Kdcrc4GRvu1jPfiO0FDJA%2FA2V8lgCYy82h8b%2Fw9DHMMzpHKFpqnEtqV5rMXH6ioSCzjxzDzHb9Hx4gJdgGM8b2wKQCnr2nVSrZ6frmVBt1mUP1yZFRXhGGf4NPuYMlO8b1qi2cWt2NyT7%2F0OLYYK4%2BD2swAtNm%2BMMOZ41qOGbZN6c&X-Amz-Algorithm=AWS4-HMAC-SHA256&X-Amz-Date=20250109T115709Z&X-Amz-SignedHeaders=host&X-Amz-Expires=300&X-Amz-Credential=ASIAQ3PHCVTY5INGZQLN%2F20250109%2Fus-east-1%2Fs3%2Faws4_request&X-Amz-Signature=4bdf060a61048b1e0fb23a9e2bdf9d0ebd8a2a905d543cc7d8bb6f13107a076e&hash=c52de67f5feb0c27d968488c1cbadadf9d6bb1f56ee7deaac3a7dea9595e43e7&host=68042c943591013ac2b2430a89b270f6af2c76d8dfd086a07176afe7c76c2c61&pii=S1383586622010425&tid=spdf-50627f0d-c503-4269-a04b-2fd536fd2062&sid=31e1de1925ff154c6e48aed-834933ca4474gxrqb&type=client&tsoh=d3d3LnNjaWVuY2VkaXJlY3QuY29t&ua=02055e0200565c035b57&rr=8ff43f84190fdbc5&cc=de,mechanical,BAU/REC/CIR
2328,1,Breaking and separating,ProcessLvl1,mechanical recovery processes,Fragmentation,BATT_LIBToDirectRecycling,ComponentLvl2,cathodeActiveMaterial,BATT_CAMToRegeneration,ElementLvl1,P,0.9869,,±20%,BAU/REC/CIR,2050,3.5,meas,[Lu et al. 2022],https://pdf.sciencedirectassets.com/271948/1-s2.0-S1383586622X00130/1-s2.0-S1383586622010425/main.pdf?X-Amz-Security-Token=IQoJb3JpZ2luX2VjEKT%2F%2F%2F%2F%2F%2F%2F%2F%2F%2FwEaCXVzLWVhc3QtMSJHMEUCIEJIwFTrfhiHy4RQEG43Ef5W4KP%2Fse9AQ1OdO34QqdK5AiEAy47aDhnC8ww3TSpa35ofk47tCY%2BhM0qnDNDWjCsFNggqvAUIjP%2F%2F%2F%2F%2F%2F%2F%2F%2F%2FARAFGgwwNTkwMDM1NDY4NjUiDAW9S4rXVbjwJcBTCyqQBSLPjAQv%2FDPPlAhe3wkqk9NnxQ9U2YXt%2BhLHQ65I4vWCwbPv3lmbH4gN4XZss9CBLidyT%2B5nj6oCE0HKqS2%2B3y6MTpiYVfnkTjNJG4cjjdslK%2Fr5t1LxEOkwieatxi79Kut%2BfWlCuAjv%2BLKNAIOYlEG9e1oxsB7ilaen54ergFnZ4eQT2mkPxpKHRu6POLogMlbu0HZTsdC%2BYpxxtPVzQH1r%2FSvAjUi%2BVJdX0R1%2FEXo48XklrU8nicXes6yBtSIzcQpkCfLq3lfSqP4Px0LzyhiVDKEkf%2FFuX5QwRbfIpO8gnjHt5haNHOJphHznd2ngVUmg%2F7QW694canx1w14YrD%2FSIzBUNh5Xx%2BTlFmQt4wpKb8fHKTUldTgf2ranVHoi4PNLasflyFQttL7GTyHFpfNW7%2FygIBKXiLgPmFDNxxqLase6JGx3Yc3wazvuJebgxRm4tYHmCRzBsMEn8cBJ5lL5m4%2FoTBSXOqrFrcjm%2B%2BYMAKgn5g%2FpigE5AHUu19gqvk7RYguaPb%2BpsUlC576isxeJzOCum3urQQ7k3DFmETVYHLVaT5FdvzFGeXzf5vWIohHA5HhnuNa4MP98o6v%2FZ7stgZ%2BhxUMDmMw3Ks1WRpzKIHfmDcMRYe840v%2FNek8T4x8UYy%2F6%2Fynx%2Br%2F3iltAMqcy%2FcO2t73c6lrraUop30i1ZQmPI9Ufu4gBkrjd4y8JAN12E8LloDnj4aml%2FBMdiZXseeJGFrPijlxODraP6qHfuZmlD0SQvl1qVtWfZofXsgaNa%2FeeoSLd8aw1HptcQ524lFXYHpwpYeLsaCuZShspFkyW85LG8raNdbWtP6EQ2PqrZydY8BSjKH19OPjOR4WO4VxWaOxQd5iBwZ%2FYlrk9MObd%2FrsGOrEB9ST5E8PCfp1ygrZywaU7InAkOiJGXe%2BHJ5Wfqx5gyQM%2BgN8pHyLck123LgcDih2Kdcrc4GRvu1jPfiO0FDJA%2FA2V8lgCYy82h8b%2Fw9DHMMzpHKFpqnEtqV5rMXH6ioSCzjxzDzHb9Hx4gJdgGM8b2wKQCnr2nVSrZ6frmVBt1mUP1yZFRXhGGf4NPuYMlO8b1qi2cWt2NyT7%2F0OLYYK4%2BD2swAtNm%2BMMOZ41qOGbZN6c&X-Amz-Algorithm=AWS4-HMAC-SHA256&X-Amz-Date=20250109T115709Z&X-Amz-SignedHeaders=host&X-Amz-Expires=300&X-Amz-Credential=ASIAQ3PHCVTY5INGZQLN%2F20250109%2Fus-east-1%2Fs3%2Faws4_request&X-Amz-Signature=4bdf060a61048b1e0fb23a9e2bdf9d0ebd8a2a905d543cc7d8bb6f13107a076e&hash=c52de67f5feb0c27d968488c1cbadadf9d6bb1f56ee7deaac3a7dea9595e43e7&host=68042c943591013ac2b2430a89b270f6af2c76d8dfd086a07176afe7c76c2c61&pii=S1383586622010425&tid=spdf-50627f0d-c503-4269-a04b-2fd536fd2062&sid=31e1de1925ff154c6e48aed-834933ca4474gxrqb&type=client&tsoh=d3d3LnNjaWVuY2VkaXJlY3QuY29t&ua=02055e0200565c035b57&rr=8ff43f84190fdbc5&cc=de,mechanical,BAU/REC/CIR
2329,1,Breaking and separating,ProcessLvl1,mechanical recovery processes,Fragmentation,BATT_LIBToDirectRecycling,ComponentLvl2,cathodeActiveMaterial,BATT_CAMToRegeneration,ElementLvl1,O,0.9869,,±20%,BAU/REC/CIR,2050,3.5,meas,[Lu et al. 2022],https://pdf.sciencedirectassets.com/271948/1-s2.0-S1383586622X00130/1-s2.0-S1383586622010425/main.pdf?X-Amz-Security-Token=IQoJb3JpZ2luX2VjEKT%2F%2F%2F%2F%2F%2F%2F%2F%2F%2FwEaCXVzLWVhc3QtMSJHMEUCIEJIwFTrfhiHy4RQEG43Ef5W4KP%2Fse9AQ1OdO34QqdK5AiEAy47aDhnC8ww3TSpa35ofk47tCY%2BhM0qnDNDWjCsFNggqvAUIjP%2F%2F%2F%2F%2F%2F%2F%2F%2F%2FARAFGgwwNTkwMDM1NDY4NjUiDAW9S4rXVbjwJcBTCyqQBSLPjAQv%2FDPPlAhe3wkqk9NnxQ9U2YXt%2BhLHQ65I4vWCwbPv3lmbH4gN4XZss9CBLidyT%2B5nj6oCE0HKqS2%2B3y6MTpiYVfnkTjNJG4cjjdslK%2Fr5t1LxEOkwieatxi79Kut%2BfWlCuAjv%2BLKNAIOYlEG9e1oxsB7ilaen54ergFnZ4eQT2mkPxpKHRu6POLogMlbu0HZTsdC%2BYpxxtPVzQH1r%2FSvAjUi%2BVJdX0R1%2FEXo48XklrU8nicXes6yBtSIzcQpkCfLq3lfSqP4Px0LzyhiVDKEkf%2FFuX5QwRbfIpO8gnjHt5haNHOJphHznd2ngVUmg%2F7QW694canx1w14YrD%2FSIzBUNh5Xx%2BTlFmQt4wpKb8fHKTUldTgf2ranVHoi4PNLasflyFQttL7GTyHFpfNW7%2FygIBKXiLgPmFDNxxqLase6JGx3Yc3wazvuJebgxRm4tYHmCRzBsMEn8cBJ5lL5m4%2FoTBSXOqrFrcjm%2B%2BYMAKgn5g%2FpigE5AHUu19gqvk7RYguaPb%2BpsUlC576isxeJzOCum3urQQ7k3DFmETVYHLVaT5FdvzFGeXzf5vWIohHA5HhnuNa4MP98o6v%2FZ7stgZ%2BhxUMDmMw3Ks1WRpzKIHfmDcMRYe840v%2FNek8T4x8UYy%2F6%2Fynx%2Br%2F3iltAMqcy%2FcO2t73c6lrraUop30i1ZQmPI9Ufu4gBkrjd4y8JAN12E8LloDnj4aml%2FBMdiZXseeJGFrPijlxODraP6qHfuZmlD0SQvl1qVtWfZofXsgaNa%2FeeoSLd8aw1HptcQ524lFXYHpwpYeLsaCuZShspFkyW85LG8raNdbWtP6EQ2PqrZydY8BSjKH19OPjOR4WO4VxWaOxQd5iBwZ%2FYlrk9MObd%2FrsGOrEB9ST5E8PCfp1ygrZywaU7InAkOiJGXe%2BHJ5Wfqx5gyQM%2BgN8pHyLck123LgcDih2Kdcrc4GRvu1jPfiO0FDJA%2FA2V8lgCYy82h8b%2Fw9DHMMzpHKFpqnEtqV5rMXH6ioSCzjxzDzHb9Hx4gJdgGM8b2wKQCnr2nVSrZ6frmVBt1mUP1yZFRXhGGf4NPuYMlO8b1qi2cWt2NyT7%2F0OLYYK4%2BD2swAtNm%2BMMOZ41qOGbZN6c&X-Amz-Algorithm=AWS4-HMAC-SHA256&X-Amz-Date=20250109T115709Z&X-Amz-SignedHeaders=host&X-Amz-Expires=300&X-Amz-Credential=ASIAQ3PHCVTY5INGZQLN%2F20250109%2Fus-east-1%2Fs3%2Faws4_request&X-Amz-Signature=4bdf060a61048b1e0fb23a9e2bdf9d0ebd8a2a905d543cc7d8bb6f13107a076e&hash=c52de67f5feb0c27d968488c1cbadadf9d6bb1f56ee7deaac3a7dea9595e43e7&host=68042c943591013ac2b2430a89b270f6af2c76d8dfd086a07176afe7c76c2c61&pii=S1383586622010425&tid=spdf-50627f0d-c503-4269-a04b-2fd536fd2062&sid=31e1de1925ff154c6e48aed-834933ca4474gxrqb&type=client&tsoh=d3d3LnNjaWVuY2VkaXJlY3QuY29t&ua=02055e0200565c035b57&rr=8ff43f84190fdbc5&cc=de,mechanical,BAU/REC/CIR
2330,1,Breaking and separating,ProcessLvl1,mechanical recovery processes,Fragmentation,BATT_LIBToDirectRecycling,ComponentLvl2,cathodeActiveMaterial,BATT_CAMToRegeneration,ElementLvl1,Li,0.9869,,±20%,BAU/REC/CIR,2050,3.5,meas,[Lu et al. 2022],https://pdf.sciencedirectassets.com/271948/1-s2.0-S1383586622X00130/1-s2.0-S1383586622010425/main.pdf?X-Amz-Security-Token=IQoJb3JpZ2luX2VjEKT%2F%2F%2F%2F%2F%2F%2F%2F%2F%2FwEaCXVzLWVhc3QtMSJHMEUCIEJIwFTrfhiHy4RQEG43Ef5W4KP%2Fse9AQ1OdO34QqdK5AiEAy47aDhnC8ww3TSpa35ofk47tCY%2BhM0qnDNDWjCsFNggqvAUIjP%2F%2F%2F%2F%2F%2F%2F%2F%2F%2FARAFGgwwNTkwMDM1NDY4NjUiDAW9S4rXVbjwJcBTCyqQBSLPjAQv%2FDPPlAhe3wkqk9NnxQ9U2YXt%2BhLHQ65I4vWCwbPv3lmbH4gN4XZss9CBLidyT%2B5nj6oCE0HKqS2%2B3y6MTpiYVfnkTjNJG4cjjdslK%2Fr5t1LxEOkwieatxi79Kut%2BfWlCuAjv%2BLKNAIOYlEG9e1oxsB7ilaen54ergFnZ4eQT2mkPxpKHRu6POLogMlbu0HZTsdC%2BYpxxtPVzQH1r%2FSvAjUi%2BVJdX0R1%2FEXo48XklrU8nicXes6yBtSIzcQpkCfLq3lfSqP4Px0LzyhiVDKEkf%2FFuX5QwRbfIpO8gnjHt5haNHOJphHznd2ngVUmg%2F7QW694canx1w14YrD%2FSIzBUNh5Xx%2BTlFmQt4wpKb8fHKTUldTgf2ranVHoi4PNLasflyFQttL7GTyHFpfNW7%2FygIBKXiLgPmFDNxxqLase6JGx3Yc3wazvuJebgxRm4tYHmCRzBsMEn8cBJ5lL5m4%2FoTBSXOqrFrcjm%2B%2BYMAKgn5g%2FpigE5AHUu19gqvk7RYguaPb%2BpsUlC576isxeJzOCum3urQQ7k3DFmETVYHLVaT5FdvzFGeXzf5vWIohHA5HhnuNa4MP98o6v%2FZ7stgZ%2BhxUMDmMw3Ks1WRpzKIHfmDcMRYe840v%2FNek8T4x8UYy%2F6%2Fynx%2Br%2F3iltAMqcy%2FcO2t73c6lrraUop30i1ZQmPI9Ufu4gBkrjd4y8JAN12E8LloDnj4aml%2FBMdiZXseeJGFrPijlxODraP6qHfuZmlD0SQvl1qVtWfZofXsgaNa%2FeeoSLd8aw1HptcQ524lFXYHpwpYeLsaCuZShspFkyW85LG8raNdbWtP6EQ2PqrZydY8BSjKH19OPjOR4WO4VxWaOxQd5iBwZ%2FYlrk9MObd%2FrsGOrEB9ST5E8PCfp1ygrZywaU7InAkOiJGXe%2BHJ5Wfqx5gyQM%2BgN8pHyLck123LgcDih2Kdcrc4GRvu1jPfiO0FDJA%2FA2V8lgCYy82h8b%2Fw9DHMMzpHKFpqnEtqV5rMXH6ioSCzjxzDzHb9Hx4gJdgGM8b2wKQCnr2nVSrZ6frmVBt1mUP1yZFRXhGGf4NPuYMlO8b1qi2cWt2NyT7%2F0OLYYK4%2BD2swAtNm%2BMMOZ41qOGbZN6c&X-Amz-Algorithm=AWS4-HMAC-SHA256&X-Amz-Date=20250109T115709Z&X-Amz-SignedHeaders=host&X-Amz-Expires=300&X-Amz-Credential=ASIAQ3PHCVTY5INGZQLN%2F20250109%2Fus-east-1%2Fs3%2Faws4_request&X-Amz-Signature=4bdf060a61048b1e0fb23a9e2bdf9d0ebd8a2a905d543cc7d8bb6f13107a076e&hash=c52de67f5feb0c27d968488c1cbadadf9d6bb1f56ee7deaac3a7dea9595e43e7&host=68042c943591013ac2b2430a89b270f6af2c76d8dfd086a07176afe7c76c2c61&pii=S1383586622010425&tid=spdf-50627f0d-c503-4269-a04b-2fd536fd2062&sid=31e1de1925ff154c6e48aed-834933ca4474gxrqb&type=client&tsoh=d3d3LnNjaWVuY2VkaXJlY3QuY29t&ua=02055e0200565c035b57&rr=8ff43f84190fdbc5&cc=de,mechanical,BAU/REC/CIR
2331,1,Breaking and separating,ProcessLvl1,mechanical recovery processes,Fragmentation,BATT_LIBToDirectRecycling,ComponentLvl1,batteryCellCasing1,BATT_2RM_DirectRecycling,ElementLvl1,Al,0.98,,±20%,BAU/REC/CIR,2050,4.0,est,"Assumption, no reference",,mechanical,BAU/REC/CIR
2332,1,Breaking and separating,ProcessLvl1,mechanical recovery processes,Fragmentation,BATT_LIBToDirectRecycling,ComponentLvl1,batteryCellCasing1,BATT_2RM_DirectRecycling,ElementLvl1,Fe,0.98,,±20%,BAU/REC/CIR,2050,4.0,est,"Assumption, no reference",,mechanical,BAU/REC/CIR
2333,1,Breaking and separating,ProcessLvl1,mechanical recovery processes,Fragmentation,BATT_LIBToDirectRecycling,ComponentLvl1,batteryCellCasing1,BATT_2RM_DirectRecycling,MaterialLvl1,ferrousMetals1,0.98,,±20%,BAU/REC/CIR,2050,4.0,est,"Assumption, no reference",,mechanical,BAU/REC/CIR
2334,1,Breaking and separating,ProcessLvl1,mechanical recovery processes,Fragmentation,BATT_LIBToDirectRecycling,ComponentLvl1,batteryCellCasing1,BATT_2RM_DirectRecycling,MaterialLvl1,plastics,0.98,,±20%,BAU/REC/CIR,2050,4.0,est,"Assumption, no reference",,mechanical,BAU/REC/CIR
2335,1,Breaking and separating,ProcessLvl1,mechanical recovery processes,Fragmentation,BATT_LIBToDirectRecycling,ComponentLvl2,currentCollectorAnode,BATT_2RM_DirectRecycling,ElementLvl1,Cu,1.0,,±20%,BAU/REC/CIR,2050,3.5,meas,[Roy et al. 2024],"(PDF) Direct recycling of Li‐ion batteries from cell to pack level: Challenges and prospects on technology, scalability, sustainability, and economics",mechanical,BAU/REC/CIR
2336,1,Breaking and separating,ProcessLvl1,mechanical recovery processes,Fragmentation,BATT_LIBToDirectRecycling,ComponentLvl2,currentCollectorCathode,BATT_2RM_DirectRecycling,ElementLvl1,Al,1.0,,±20%,BAU/REC/CIR,2050,3.5,meas,[Roy et al. 2024],"(PDF) Direct recycling of Li‐ion batteries from cell to pack level: Challenges and prospects on technology, scalability, sustainability, and economics",mechanical,BAU/REC/CIR
2337,1,Breaking and separating,ProcessLvl1,mechanical recovery processes,Fragmentation,BATT_LIBToDirectRecycling,ComponentLvl2,batteryCellSeparator2,BATT_2RM_DirectRecycling,MaterialLvl1,plastics,1.0,,±20%,BAU/REC/CIR,2050,2.5,est,[Kyburz 2023],Interview Kyburz 2023,mechanical,BAU/REC/CIR
2338,1,Breaking and separating,ProcessLvl1,mechanical recovery processes,Fragmentation,BATT_LIBToDirectRecycling,ComponentLvl2,batteryCellElectrolyte2,BATT_2RM_DirectRecycling,MaterialLvl4,organicSolvents,0.89,,±20%,BAU/REC/CIR,2050,3.5,meas,[Nowak et al. 2015],https://pubs.rsc.org/en/content/articlelanding/2015/ra/c5ra04451k,mechanical,BAU/REC/CIR
2339,1,Breaking and separating,ProcessLvl1,mechanical recovery processes,Fragmentation,BATT_LIBToDirectRecycling,ComponentLvl2,batteryCellElectrolyte2,BATT_2RM_DirectRecycling,MaterialLvl4,shadowMaterial4,0.89,,±20%,BAU/REC/CIR,2050,3.5,meas,[Nowak et al. 2015],https://pubs.rsc.org/en/content/articlelanding/2015/ra/c5ra04451k,mechanical,BAU/REC/CIR
2340,2,Calcination,ProcessLvl1,chemical recovery processes,Transformation,BATT_AAMToRegeneration,,,BATT_2RM_AAMRegeneration,MaterialLvl4,graphite4,0.91,,±20%,BAU/REC/CIR,2050,3.5,est,[Roy et al. 2024],"(PDF) Direct recycling of Li‐ion batteries from cell to pack level: Challenges and prospects on technology, scalability, sustainability, and economics",hydro,BAU/REC/CIR
2341,3,Re-lithiation,ProcessLvl1,chemical recovery processes,Transformation,BATT_CAMToRegeneration,,,BATT_2RM_CAMRegeneration,ElementLvl1,Fe,0.91,,±20%,BAU/REC/CIR,2050,3.5,est,[Roy et al. 2024],"(PDF) Direct recycling of Li‐ion batteries from cell to pack level: Challenges and prospects on technology, scalability, sustainability, and economics",hydro,BAU/REC/CIR
2342,3,Re-lithiation,ProcessLvl1,chemical recovery processes,Transformation,BATT_CAMToRegeneration,,,BATT_2RM_CAMRegeneration,ElementLvl1,P,0.91,,±20%,BAU/REC/CIR,2050,3.5,est,[Roy et al. 2024],"(PDF) Direct recycling of Li‐ion batteries from cell to pack level: Challenges and prospects on technology, scalability, sustainability, and economics",hydro,BAU/REC/CIR
2343,3,Re-lithiation,ProcessLvl1,chemical recovery processes,Transformation,BATT_CAMToRegeneration,,,BATT_2RM_CAMRegeneration,ElementLvl1,O,0.91,,±20%,BAU/REC/CIR,2050,3.5,est,[Roy et al. 2024],"(PDF) Direct recycling of Li‐ion batteries from cell to pack level: Challenges and prospects on technology, scalability, sustainability, and economics",hydro,BAU/REC/CIR
2344,3,Re-lithiation,ProcessLvl1,chemical recovery processes,Transformation,BATT_CAMToRegeneration,,,BATT_2RM_CAMRegeneration,ElementLvl1,Li,0.91,,±20%,BAU/REC/CIR,2050,3.5,est,[Roy et al. 2024],"(PDF) Direct recycling of Li‐ion batteries from cell to pack level: Challenges and prospects on technology, scalability, sustainability, and economics",hydro,BAU/REC/CIR
2345,1,Breaking and separating,ProcessLvl1,mechanical recovery processes,Fragmentation,BATT_LIBToDirectRecycling,ComponentLvl2,anodeActiveMaterial,BATT_Losses_AAMToRegeneration,MaterialLvl4,graphite4,0.0131,0.9869,±20%,BAU/REC/CIR,2050,3.5,calc,Losses calculated from reference value,https://pdf.sciencedirectassets.com/271948/1-s2.0-S1383586622X00130/1-s2.0-S1383586622010425/main.pdf?X-Amz-Security-Token=IQoJb3JpZ2luX2VjEKT%2F%2F%2F%2F%2F%2F%2F%2F%2F%2FwEaCXVzLWVhc3QtMSJHMEUCIEJIwFTrfhiHy4RQEG43Ef5W4KP%2Fse9AQ1OdO34QqdK5AiEAy47aDhnC8ww3TSpa35ofk47tCY%2BhM0qnDNDWjCsFNggqvAUIjP%2F%2F%2F%2F%2F%2F%2F%2F%2F%2FARAFGgwwNTkwMDM1NDY4NjUiDAW9S4rXVbjwJcBTCyqQBSLPjAQv%2FDPPlAhe3wkqk9NnxQ9U2YXt%2BhLHQ65I4vWCwbPv3lmbH4gN4XZss9CBLidyT%2B5nj6oCE0HKqS2%2B3y6MTpiYVfnkTjNJG4cjjdslK%2Fr5t1LxEOkwieatxi79Kut%2BfWlCuAjv%2BLKNAIOYlEG9e1oxsB7ilaen54ergFnZ4eQT2mkPxpKHRu6POLogMlbu0HZTsdC%2BYpxxtPVzQH1r%2FSvAjUi%2BVJdX0R1%2FEXo48XklrU8nicXes6yBtSIzcQpkCfLq3lfSqP4Px0LzyhiVDKEkf%2FFuX5QwRbfIpO8gnjHt5haNHOJphHznd2ngVUmg%2F7QW694canx1w14YrD%2FSIzBUNh5Xx%2BTlFmQt4wpKb8fHKTUldTgf2ranVHoi4PNLasflyFQttL7GTyHFpfNW7%2FygIBKXiLgPmFDNxxqLase6JGx3Yc3wazvuJebgxRm4tYHmCRzBsMEn8cBJ5lL5m4%2FoTBSXOqrFrcjm%2B%2BYMAKgn5g%2FpigE5AHUu19gqvk7RYguaPb%2BpsUlC576isxeJzOCum3urQQ7k3DFmETVYHLVaT5FdvzFGeXzf5vWIohHA5HhnuNa4MP98o6v%2FZ7stgZ%2BhxUMDmMw3Ks1WRpzKIHfmDcMRYe840v%2FNek8T4x8UYy%2F6%2Fynx%2Br%2F3iltAMqcy%2FcO2t73c6lrraUop30i1ZQmPI9Ufu4gBkrjd4y8JAN12E8LloDnj4aml%2FBMdiZXseeJGFrPijlxODraP6qHfuZmlD0SQvl1qVtWfZofXsgaNa%2FeeoSLd8aw1HptcQ524lFXYHpwpYeLsaCuZShspFkyW85LG8raNdbWtP6EQ2PqrZydY8BSjKH19OPjOR4WO4VxWaOxQd5iBwZ%2FYlrk9MObd%2FrsGOrEB9ST5E8PCfp1ygrZywaU7InAkOiJGXe%2BHJ5Wfqx5gyQM%2BgN8pHyLck123LgcDih2Kdcrc4GRvu1jPfiO0FDJA%2FA2V8lgCYy82h8b%2Fw9DHMMzpHKFpqnEtqV5rMXH6ioSCzjxzDzHb9Hx4gJdgGM8b2wKQCnr2nVSrZ6frmVBt1mUP1yZFRXhGGf4NPuYMlO8b1qi2cWt2NyT7%2F0OLYYK4%2BD2swAtNm%2BMMOZ41qOGbZN6c&X-Amz-Algorithm=AWS4-HMAC-SHA256&X-Amz-Date=20250109T115709Z&X-Amz-SignedHeaders=host&X-Amz-Expires=300&X-Amz-Credential=ASIAQ3PHCVTY5INGZQLN%2F20250109%2Fus-east-1%2Fs3%2Faws4_request&X-Amz-Signature=4bdf060a61048b1e0fb23a9e2bdf9d0ebd8a2a905d543cc7d8bb6f13107a076e&hash=c52de67f5feb0c27d968488c1cbadadf9d6bb1f56ee7deaac3a7dea9595e43e7&host=68042c943591013ac2b2430a89b270f6af2c76d8dfd086a07176afe7c76c2c61&pii=S1383586622010425&tid=spdf-50627f0d-c503-4269-a04b-2fd536fd2062&sid=31e1de1925ff154c6e48aed-834933ca4474gxrqb&type=client&tsoh=d3d3LnNjaWVuY2VkaXJlY3QuY29t&ua=02055e0200565c035b57&rr=8ff43f84190fdbc5&cc=de,mechanical,BAU/REC/CIR
2346,1,Breaking and separating,ProcessLvl1,mechanical recovery processes,Fragmentation,BATT_LIBToDirectRecycling,ComponentLvl2,cathodeActiveMaterial,BATT_Losses_CAMToRegeneration,ElementLvl1,Fe,0.0131,0.9869,±20%,BAU/REC/CIR,2050,3.5,calc,Losses calculated from reference value,https://pdf.sciencedirectassets.com/271948/1-s2.0-S1383586622X00130/1-s2.0-S1383586622010425/main.pdf?X-Amz-Security-Token=IQoJb3JpZ2luX2VjEKT%2F%2F%2F%2F%2F%2F%2F%2F%2F%2FwEaCXVzLWVhc3QtMSJHMEUCIEJIwFTrfhiHy4RQEG43Ef5W4KP%2Fse9AQ1OdO34QqdK5AiEAy47aDhnC8ww3TSpa35ofk47tCY%2BhM0qnDNDWjCsFNggqvAUIjP%2F%2F%2F%2F%2F%2F%2F%2F%2F%2FARAFGgwwNTkwMDM1NDY4NjUiDAW9S4rXVbjwJcBTCyqQBSLPjAQv%2FDPPlAhe3wkqk9NnxQ9U2YXt%2BhLHQ65I4vWCwbPv3lmbH4gN4XZss9CBLidyT%2B5nj6oCE0HKqS2%2B3y6MTpiYVfnkTjNJG4cjjdslK%2Fr5t1LxEOkwieatxi79Kut%2BfWlCuAjv%2BLKNAIOYlEG9e1oxsB7ilaen54ergFnZ4eQT2mkPxpKHRu6POLogMlbu0HZTsdC%2BYpxxtPVzQH1r%2FSvAjUi%2BVJdX0R1%2FEXo48XklrU8nicXes6yBtSIzcQpkCfLq3lfSqP4Px0LzyhiVDKEkf%2FFuX5QwRbfIpO8gnjHt5haNHOJphHznd2ngVUmg%2F7QW694canx1w14YrD%2FSIzBUNh5Xx%2BTlFmQt4wpKb8fHKTUldTgf2ranVHoi4PNLasflyFQttL7GTyHFpfNW7%2FygIBKXiLgPmFDNxxqLase6JGx3Yc3wazvuJebgxRm4tYHmCRzBsMEn8cBJ5lL5m4%2FoTBSXOqrFrcjm%2B%2BYMAKgn5g%2FpigE5AHUu19gqvk7RYguaPb%2BpsUlC576isxeJzOCum3urQQ7k3DFmETVYHLVaT5FdvzFGeXzf5vWIohHA5HhnuNa4MP98o6v%2FZ7stgZ%2BhxUMDmMw3Ks1WRpzKIHfmDcMRYe840v%2FNek8T4x8UYy%2F6%2Fynx%2Br%2F3iltAMqcy%2FcO2t73c6lrraUop30i1ZQmPI9Ufu4gBkrjd4y8JAN12E8LloDnj4aml%2FBMdiZXseeJGFrPijlxODraP6qHfuZmlD0SQvl1qVtWfZofXsgaNa%2FeeoSLd8aw1HptcQ524lFXYHpwpYeLsaCuZShspFkyW85LG8raNdbWtP6EQ2PqrZydY8BSjKH19OPjOR4WO4VxWaOxQd5iBwZ%2FYlrk9MObd%2FrsGOrEB9ST5E8PCfp1ygrZywaU7InAkOiJGXe%2BHJ5Wfqx5gyQM%2BgN8pHyLck123LgcDih2Kdcrc4GRvu1jPfiO0FDJA%2FA2V8lgCYy82h8b%2Fw9DHMMzpHKFpqnEtqV5rMXH6ioSCzjxzDzHb9Hx4gJdgGM8b2wKQCnr2nVSrZ6frmVBt1mUP1yZFRXhGGf4NPuYMlO8b1qi2cWt2NyT7%2F0OLYYK4%2BD2swAtNm%2BMMOZ41qOGbZN6c&X-Amz-Algorithm=AWS4-HMAC-SHA256&X-Amz-Date=20250109T115709Z&X-Amz-SignedHeaders=host&X-Amz-Expires=300&X-Amz-Credential=ASIAQ3PHCVTY5INGZQLN%2F20250109%2Fus-east-1%2Fs3%2Faws4_request&X-Amz-Signature=4bdf060a61048b1e0fb23a9e2bdf9d0ebd8a2a905d543cc7d8bb6f13107a076e&hash=c52de67f5feb0c27d968488c1cbadadf9d6bb1f56ee7deaac3a7dea9595e43e7&host=68042c943591013ac2b2430a89b270f6af2c76d8dfd086a07176afe7c76c2c61&pii=S1383586622010425&tid=spdf-50627f0d-c503-4269-a04b-2fd536fd2062&sid=31e1de1925ff154c6e48aed-834933ca4474gxrqb&type=client&tsoh=d3d3LnNjaWVuY2VkaXJlY3QuY29t&ua=02055e0200565c035b57&rr=8ff43f84190fdbc5&cc=de,mechanical,BAU/REC/CIR
2347,1,Breaking and separating,ProcessLvl1,mechanical recovery processes,Fragmentation,BATT_LIBToDirectRecycling,ComponentLvl2,cathodeActiveMaterial,BATT_Losses_CAMToRegeneration,ElementLvl1,P,0.0131,0.9869,±20%,BAU/REC/CIR,2050,3.5,calc,Losses calculated from reference value,https://pdf.sciencedirectassets.com/271948/1-s2.0-S1383586622X00130/1-s2.0-S1383586622010425/main.pdf?X-Amz-Security-Token=IQoJb3JpZ2luX2VjEKT%2F%2F%2F%2F%2F%2F%2F%2F%2F%2FwEaCXVzLWVhc3QtMSJHMEUCIEJIwFTrfhiHy4RQEG43Ef5W4KP%2Fse9AQ1OdO34QqdK5AiEAy47aDhnC8ww3TSpa35ofk47tCY%2BhM0qnDNDWjCsFNggqvAUIjP%2F%2F%2F%2F%2F%2F%2F%2F%2F%2FARAFGgwwNTkwMDM1NDY4NjUiDAW9S4rXVbjwJcBTCyqQBSLPjAQv%2FDPPlAhe3wkqk9NnxQ9U2YXt%2BhLHQ65I4vWCwbPv3lmbH4gN4XZss9CBLidyT%2B5nj6oCE0HKqS2%2B3y6MTpiYVfnkTjNJG4cjjdslK%2Fr5t1LxEOkwieatxi79Kut%2BfWlCuAjv%2BLKNAIOYlEG9e1oxsB7ilaen54ergFnZ4eQT2mkPxpKHRu6POLogMlbu0HZTsdC%2BYpxxtPVzQH1r%2FSvAjUi%2BVJdX0R1%2FEXo48XklrU8nicXes6yBtSIzcQpkCfLq3lfSqP4Px0LzyhiVDKEkf%2FFuX5QwRbfIpO8gnjHt5haNHOJphHznd2ngVUmg%2F7QW694canx1w14YrD%2FSIzBUNh5Xx%2BTlFmQt4wpKb8fHKTUldTgf2ranVHoi4PNLasflyFQttL7GTyHFpfNW7%2FygIBKXiLgPmFDNxxqLase6JGx3Yc3wazvuJebgxRm4tYHmCRzBsMEn8cBJ5lL5m4%2FoTBSXOqrFrcjm%2B%2BYMAKgn5g%2FpigE5AHUu19gqvk7RYguaPb%2BpsUlC576isxeJzOCum3urQQ7k3DFmETVYHLVaT5FdvzFGeXzf5vWIohHA5HhnuNa4MP98o6v%2FZ7stgZ%2BhxUMDmMw3Ks1WRpzKIHfmDcMRYe840v%2FNek8T4x8UYy%2F6%2Fynx%2Br%2F3iltAMqcy%2FcO2t73c6lrraUop30i1ZQmPI9Ufu4gBkrjd4y8JAN12E8LloDnj4aml%2FBMdiZXseeJGFrPijlxODraP6qHfuZmlD0SQvl1qVtWfZofXsgaNa%2FeeoSLd8aw1HptcQ524lFXYHpwpYeLsaCuZShspFkyW85LG8raNdbWtP6EQ2PqrZydY8BSjKH19OPjOR4WO4VxWaOxQd5iBwZ%2FYlrk9MObd%2FrsGOrEB9ST5E8PCfp1ygrZywaU7InAkOiJGXe%2BHJ5Wfqx5gyQM%2BgN8pHyLck123LgcDih2Kdcrc4GRvu1jPfiO0FDJA%2FA2V8lgCYy82h8b%2Fw9DHMMzpHKFpqnEtqV5rMXH6ioSCzjxzDzHb9Hx4gJdgGM8b2wKQCnr2nVSrZ6frmVBt1mUP1yZFRXhGGf4NPuYMlO8b1qi2cWt2NyT7%2F0OLYYK4%2BD2swAtNm%2BMMOZ41qOGbZN6c&X-Amz-Algorithm=AWS4-HMAC-SHA256&X-Amz-Date=20250109T115709Z&X-Amz-SignedHeaders=host&X-Amz-Expires=300&X-Amz-Credential=ASIAQ3PHCVTY5INGZQLN%2F20250109%2Fus-east-1%2Fs3%2Faws4_request&X-Amz-Signature=4bdf060a61048b1e0fb23a9e2bdf9d0ebd8a2a905d543cc7d8bb6f13107a076e&hash=c52de67f5feb0c27d968488c1cbadadf9d6bb1f56ee7deaac3a7dea9595e43e7&host=68042c943591013ac2b2430a89b270f6af2c76d8dfd086a07176afe7c76c2c61&pii=S1383586622010425&tid=spdf-50627f0d-c503-4269-a04b-2fd536fd2062&sid=31e1de1925ff154c6e48aed-834933ca4474gxrqb&type=client&tsoh=d3d3LnNjaWVuY2VkaXJlY3QuY29t&ua=02055e0200565c035b57&rr=8ff43f84190fdbc5&cc=de,mechanical,BAU/REC/CIR
2348,1,Breaking and separating,ProcessLvl1,mechanical recovery processes,Fragmentation,BATT_LIBToDirectRecycling,ComponentLvl2,cathodeActiveMaterial,BATT_Losses_CAMToRegeneration,ElementLvl1,O,0.0131,0.9869,±20%,BAU/REC/CIR,2050,3.5,calc,Losses calculated from reference value,https://pdf.sciencedirectassets.com/271948/1-s2.0-S1383586622X00130/1-s2.0-S1383586622010425/main.pdf?X-Amz-Security-Token=IQoJb3JpZ2luX2VjEKT%2F%2F%2F%2F%2F%2F%2F%2F%2F%2FwEaCXVzLWVhc3QtMSJHMEUCIEJIwFTrfhiHy4RQEG43Ef5W4KP%2Fse9AQ1OdO34QqdK5AiEAy47aDhnC8ww3TSpa35ofk47tCY%2BhM0qnDNDWjCsFNggqvAUIjP%2F%2F%2F%2F%2F%2F%2F%2F%2F%2FARAFGgwwNTkwMDM1NDY4NjUiDAW9S4rXVbjwJcBTCyqQBSLPjAQv%2FDPPlAhe3wkqk9NnxQ9U2YXt%2BhLHQ65I4vWCwbPv3lmbH4gN4XZss9CBLidyT%2B5nj6oCE0HKqS2%2B3y6MTpiYVfnkTjNJG4cjjdslK%2Fr5t1LxEOkwieatxi79Kut%2BfWlCuAjv%2BLKNAIOYlEG9e1oxsB7ilaen54ergFnZ4eQT2mkPxpKHRu6POLogMlbu0HZTsdC%2BYpxxtPVzQH1r%2FSvAjUi%2BVJdX0R1%2FEXo48XklrU8nicXes6yBtSIzcQpkCfLq3lfSqP4Px0LzyhiVDKEkf%2FFuX5QwRbfIpO8gnjHt5haNHOJphHznd2ngVUmg%2F7QW694canx1w14YrD%2FSIzBUNh5Xx%2BTlFmQt4wpKb8fHKTUldTgf2ranVHoi4PNLasflyFQttL7GTyHFpfNW7%2FygIBKXiLgPmFDNxxqLase6JGx3Yc3wazvuJebgxRm4tYHmCRzBsMEn8cBJ5lL5m4%2FoTBSXOqrFrcjm%2B%2BYMAKgn5g%2FpigE5AHUu19gqvk7RYguaPb%2BpsUlC576isxeJzOCum3urQQ7k3DFmETVYHLVaT5FdvzFGeXzf5vWIohHA5HhnuNa4MP98o6v%2FZ7stgZ%2BhxUMDmMw3Ks1WRpzKIHfmDcMRYe840v%2FNek8T4x8UYy%2F6%2Fynx%2Br%2F3iltAMqcy%2FcO2t73c6lrraUop30i1ZQmPI9Ufu4gBkrjd4y8JAN12E8LloDnj4aml%2FBMdiZXseeJGFrPijlxODraP6qHfuZmlD0SQvl1qVtWfZofXsgaNa%2FeeoSLd8aw1HptcQ524lFXYHpwpYeLsaCuZShspFkyW85LG8raNdbWtP6EQ2PqrZydY8BSjKH19OPjOR4WO4VxWaOxQd5iBwZ%2FYlrk9MObd%2FrsGOrEB9ST5E8PCfp1ygrZywaU7InAkOiJGXe%2BHJ5Wfqx5gyQM%2BgN8pHyLck123LgcDih2Kdcrc4GRvu1jPfiO0FDJA%2FA2V8lgCYy82h8b%2Fw9DHMMzpHKFpqnEtqV5rMXH6ioSCzjxzDzHb9Hx4gJdgGM8b2wKQCnr2nVSrZ6frmVBt1mUP1yZFRXhGGf4NPuYMlO8b1qi2cWt2NyT7%2F0OLYYK4%2BD2swAtNm%2BMMOZ41qOGbZN6c&X-Amz-Algorithm=AWS4-HMAC-SHA256&X-Amz-Date=20250109T115709Z&X-Amz-SignedHeaders=host&X-Amz-Expires=300&X-Amz-Credential=ASIAQ3PHCVTY5INGZQLN%2F20250109%2Fus-east-1%2Fs3%2Faws4_request&X-Amz-Signature=4bdf060a61048b1e0fb23a9e2bdf9d0ebd8a2a905d543cc7d8bb6f13107a076e&hash=c52de67f5feb0c27d968488c1cbadadf9d6bb1f56ee7deaac3a7dea9595e43e7&host=68042c943591013ac2b2430a89b270f6af2c76d8dfd086a07176afe7c76c2c61&pii=S1383586622010425&tid=spdf-50627f0d-c503-4269-a04b-2fd536fd2062&sid=31e1de1925ff154c6e48aed-834933ca4474gxrqb&type=client&tsoh=d3d3LnNjaWVuY2VkaXJlY3QuY29t&ua=02055e0200565c035b57&rr=8ff43f84190fdbc5&cc=de,mechanical,BAU/REC/CIR
2349,1,Breaking and separating,ProcessLvl1,mechanical recovery processes,Fragmentation,BATT_LIBToDirectRecycling,ComponentLvl2,cathodeActiveMaterial,BATT_Losses_CAMToRegeneration,ElementLvl1,Li,0.0131,0.9869,±20%,BAU/REC/CIR,2050,3.5,calc,Losses calculated from reference value,https://pdf.sciencedirectassets.com/271948/1-s2.0-S1383586622X00130/1-s2.0-S1383586622010425/main.pdf?X-Amz-Security-Token=IQoJb3JpZ2luX2VjEKT%2F%2F%2F%2F%2F%2F%2F%2F%2F%2FwEaCXVzLWVhc3QtMSJHMEUCIEJIwFTrfhiHy4RQEG43Ef5W4KP%2Fse9AQ1OdO34QqdK5AiEAy47aDhnC8ww3TSpa35ofk47tCY%2BhM0qnDNDWjCsFNggqvAUIjP%2F%2F%2F%2F%2F%2F%2F%2F%2F%2FARAFGgwwNTkwMDM1NDY4NjUiDAW9S4rXVbjwJcBTCyqQBSLPjAQv%2FDPPlAhe3wkqk9NnxQ9U2YXt%2BhLHQ65I4vWCwbPv3lmbH4gN4XZss9CBLidyT%2B5nj6oCE0HKqS2%2B3y6MTpiYVfnkTjNJG4cjjdslK%2Fr5t1LxEOkwieatxi79Kut%2BfWlCuAjv%2BLKNAIOYlEG9e1oxsB7ilaen54ergFnZ4eQT2mkPxpKHRu6POLogMlbu0HZTsdC%2BYpxxtPVzQH1r%2FSvAjUi%2BVJdX0R1%2FEXo48XklrU8nicXes6yBtSIzcQpkCfLq3lfSqP4Px0LzyhiVDKEkf%2FFuX5QwRbfIpO8gnjHt5haNHOJphHznd2ngVUmg%2F7QW694canx1w14YrD%2FSIzBUNh5Xx%2BTlFmQt4wpKb8fHKTUldTgf2ranVHoi4PNLasflyFQttL7GTyHFpfNW7%2FygIBKXiLgPmFDNxxqLase6JGx3Yc3wazvuJebgxRm4tYHmCRzBsMEn8cBJ5lL5m4%2FoTBSXOqrFrcjm%2B%2BYMAKgn5g%2FpigE5AHUu19gqvk7RYguaPb%2BpsUlC576isxeJzOCum3urQQ7k3DFmETVYHLVaT5FdvzFGeXzf5vWIohHA5HhnuNa4MP98o6v%2FZ7stgZ%2BhxUMDmMw3Ks1WRpzKIHfmDcMRYe840v%2FNek8T4x8UYy%2F6%2Fynx%2Br%2F3iltAMqcy%2FcO2t73c6lrraUop30i1ZQmPI9Ufu4gBkrjd4y8JAN12E8LloDnj4aml%2FBMdiZXseeJGFrPijlxODraP6qHfuZmlD0SQvl1qVtWfZofXsgaNa%2FeeoSLd8aw1HptcQ524lFXYHpwpYeLsaCuZShspFkyW85LG8raNdbWtP6EQ2PqrZydY8BSjKH19OPjOR4WO4VxWaOxQd5iBwZ%2FYlrk9MObd%2FrsGOrEB9ST5E8PCfp1ygrZywaU7InAkOiJGXe%2BHJ5Wfqx5gyQM%2BgN8pHyLck123LgcDih2Kdcrc4GRvu1jPfiO0FDJA%2FA2V8lgCYy82h8b%2Fw9DHMMzpHKFpqnEtqV5rMXH6ioSCzjxzDzHb9Hx4gJdgGM8b2wKQCnr2nVSrZ6frmVBt1mUP1yZFRXhGGf4NPuYMlO8b1qi2cWt2NyT7%2F0OLYYK4%2BD2swAtNm%2BMMOZ41qOGbZN6c&X-Amz-Algorithm=AWS4-HMAC-SHA256&X-Amz-Date=20250109T115709Z&X-Amz-SignedHeaders=host&X-Amz-Expires=300&X-Amz-Credential=ASIAQ3PHCVTY5INGZQLN%2F20250109%2Fus-east-1%2Fs3%2Faws4_request&X-Amz-Signature=4bdf060a61048b1e0fb23a9e2bdf9d0ebd8a2a905d543cc7d8bb6f13107a076e&hash=c52de67f5feb0c27d968488c1cbadadf9d6bb1f56ee7deaac3a7dea9595e43e7&host=68042c943591013ac2b2430a89b270f6af2c76d8dfd086a07176afe7c76c2c61&pii=S1383586622010425&tid=spdf-50627f0d-c503-4269-a04b-2fd536fd2062&sid=31e1de1925ff154c6e48aed-834933ca4474gxrqb&type=client&tsoh=d3d3LnNjaWVuY2VkaXJlY3QuY29t&ua=02055e0200565c035b57&rr=8ff43f84190fdbc5&cc=de,mechanical,BAU/REC/CIR
2350,1,Breaking and separating,ProcessLvl1,mechanical recovery processes,Fragmentation,BATT_LIBToDirectRecycling,ComponentLvl1,batteryCellCasing1,BATT_Losses_DirectRecycling,ElementLvl1,Al,0.020000000000000018,0.98,±20%,BAU/REC/CIR,2050,4.0,est,"Assumption, no reference",,mechanical,BAU/REC/CIR
2351,1,Breaking and separating,ProcessLvl1,mechanical recovery processes,Fragmentation,BATT_LIBToDirectRecycling,ComponentLvl1,batteryCellCasing1,BATT_Losses_DirectRecycling,ElementLvl1,Fe,0.020000000000000018,0.98,±20%,BAU/REC/CIR,2050,4.0,est,"Assumption, no reference",,mechanical,BAU/REC/CIR
2352,1,Breaking and separating,ProcessLvl1,mechanical recovery processes,Fragmentation,BATT_LIBToDirectRecycling,ComponentLvl1,batteryCellCasing1,BATT_Losses_DirectRecycling,MaterialLvl1,ferrousMetals1,0.020000000000000018,0.98,±20%,BAU/REC/CIR,2050,4.0,est,"Assumption, no reference",,mechanical,BAU/REC/CIR
2353,1,Breaking and separating,ProcessLvl1,mechanical recovery processes,Fragmentation,BATT_LIBToDirectRecycling,ComponentLvl1,batteryCellCasing1,BATT_Losses_DirectRecycling,MaterialLvl1,plastics,0.020000000000000018,0.98,±20%,BAU/REC/CIR,2050,4.0,est,"Assumption, no reference",,mechanical,BAU/REC/CIR
2354,1,Breaking and separating,ProcessLvl1,mechanical recovery processes,Fragmentation,BATT_LIBToDirectRecycling,ComponentLvl2,batteryCellElectrolyte2,BATT_Losses_DirectRecycling,MaterialLvl4,organicSolvents,0.10999999999999999,0.89,±20%,BAU/REC/CIR,2050,3.5,meas,Losses calculated from reference value,https://pubs.rsc.org/en/content/articlelanding/2015/ra/c5ra04451k,mechanical,BAU/REC/CIR
2355,1,Breaking and separating,ProcessLvl1,mechanical recovery processes,Fragmentation,BATT_LIBToDirectRecycling,ComponentLvl2,batteryCellElectrolyte2,BATT_Losses_DirectRecycling,MaterialLvl4,shadowMaterial4,0.10999999999999999,0.89,±20%,BAU/REC/CIR,2050,3.5,meas,Losses calculated from reference value,https://pubs.rsc.org/en/content/articlelanding/2015/ra/c5ra04451k,mechanical,BAU/REC/CIR
2356,2,Calcination,ProcessLvl1,chemical recovery processes,Transformation,BATT_AAMToRegeneration,,,BATT_Losses_AAMRegeneration,MaterialLvl4,graphite4,0.09,0.91,±20%,BAU/REC/CIR,2050,3.5,est,Losses calculated from reference value,"(PDF) Direct recycling of Li‐ion batteries from cell to pack level: Challenges and prospects on technology, scalability, sustainability, and economics",hydro,BAU/REC/CIR
2357,3,Re-lithiation,ProcessLvl1,chemical recovery processes,Transformation,BATT_CAMToRegeneration,,,BATT_Losses_CAMRegeneration,ElementLvl1,Fe,0.09,0.91,±20%,BAU/REC/CIR,2050,3.5,est,Losses calculated from reference value,"(PDF) Direct recycling of Li‐ion batteries from cell to pack level: Challenges and prospects on technology, scalability, sustainability, and economics",hydro,BAU/REC/CIR
2358,3,Re-lithiation,ProcessLvl1,chemical recovery processes,Transformation,BATT_CAMToRegeneration,,,BATT_Losses_CAMRegeneration,ElementLvl1,P,0.09,0.91,±20%,BAU/REC/CIR,2050,3.5,est,Losses calculated from reference value,"(PDF) Direct recycling of Li‐ion batteries from cell to pack level: Challenges and prospects on technology, scalability, sustainability, and economics",hydro,BAU/REC/CIR
2359,3,Re-lithiation,ProcessLvl1,chemical recovery processes,Transformation,BATT_CAMToRegeneration,,,BATT_Losses_CAMRegeneration,ElementLvl1,O,0.09,0.91,±20%,BAU/REC/CIR,2050,3.5,est,Losses calculated from reference value,"(PDF) Direct recycling of Li‐ion batteries from cell to pack level: Challenges and prospects on technology, scalability, sustainability, and economics",hydro,BAU/REC/CIR
2360,3,Re-lithiation,ProcessLvl1,chemical recovery processes,Transformation,BATT_CAMToRegeneration,,,BATT_Losses_CAMRegeneration,ElementLvl1,Li,0.09,0.91,±20%,BAU/REC/CIR,2050,3.5,est,Losses calculated from reference value,"(PDF) Direct recycling of Li‐ion batteries from cell to pack level: Challenges and prospects on technology, scalability, sustainability, and economics",hydro,BAU/REC/CIR
2361,1,LIB Recycling Routes,ProcessLvl1,mechanical recovery processes,Distribution,BATT_LIBSorted,,,BATT_LIBToPyro1,BATT_ProductLvl1,battLiRechargeable,0.0415,,±15%,REC,2010,2.5,other,Various references and assumptions,,mechanical,REC
2362,1,LIB Recycling Routes,ProcessLvl1,mechanical recovery processes,Distribution,BATT_EVInspectedRecycling,,,BATT_LIBToPyro1,BATT_ProductLvl1,battLiRechargeable,0.0415,,±15%,REC,2010,2.5,other,Various references and assumptions,,mechanical,REC
2363,1,LIB Recycling Routes,ProcessLvl1,mechanical recovery processes,Distribution,BATT_LIBSorted,,,BATT_LIBToPyrolysis2,BATT_ProductLvl1,battLiRechargeable,0.0999,,±15%,REC,2010,2.5,other,Various references and assumptions,,mechanical,REC
2364,1,LIB Recycling Routes,ProcessLvl1,mechanical recovery processes,Distribution,BATT_EVInspectedRecycling,,,BATT_LIBToPyrolysis2,BATT_ProductLvl1,battLiRechargeable,0.0999,,±15%,REC,2010,2.5,other,Various references and assumptions,,mechanical,REC
2365,1,LIB Recycling Routes,ProcessLvl1,mechanical recovery processes,Distribution,BATT_LIBSorted,,,BATT_LIBToMechanical3,BATT_ProductLvl1,battLiRechargeable,0.7994,,±15%,REC,2010,2.5,other,Various references and assumptions,,mechanical,REC
2366,1,LIB Recycling Routes,ProcessLvl1,mechanical recovery processes,Distribution,BATT_EVInspectedRecycling,,,BATT_LIBToMechanical3,BATT_ProductLvl1,battLiRechargeable,0.7994,,±15%,REC,2010,2.5,other,Various references and assumptions,,mechanical,REC
2367,1,LIB Recycling Routes,ProcessLvl1,mechanical recovery processes,Distribution,BATT_LIBSorted,,,BATT_LIBToPyrolysis4,BATT_ProductLvl1,battLiRechargeable,0.0592,,±15%,REC,2010,2.5,other,Various references and assumptions,,mechanical,REC
2368,1,LIB Recycling Routes,ProcessLvl1,mechanical recovery processes,Distribution,BATT_EVInspectedRecycling,,,BATT_LIBToPyrolysis4,BATT_ProductLvl1,battLiRechargeable,0.0592,,±15%,REC,2010,2.5,other,Various references and assumptions,,mechanical,REC
2369,1,LIB Recycling Routes,ProcessLvl1,mechanical recovery processes,Distribution,BATT_LIBSorted,,,BATT_LIBToPyro1,BATT_ProductLvl1,battLiRechargeable,0.0414,,±15%,REC,2022,2.5,other,Various references and assumptions,,mechanical,REC
2370,1,LIB Recycling Routes,ProcessLvl1,mechanical recovery processes,Distribution,BATT_EVInspectedRecycling,,,BATT_LIBToPyro1,BATT_ProductLvl1,battLiRechargeable,0.0414,,±15%,REC,2022,2.5,other,Various references and assumptions,,mechanical,REC
2371,1,LIB Recycling Routes,ProcessLvl1,mechanical recovery processes,Distribution,BATT_LIBSorted,,,BATT_LIBToPyrolysis2,BATT_ProductLvl1,battLiRechargeable,0.0999,,±15%,REC,2022,2.5,other,Various references and assumptions,,mechanical,REC
2372,1,LIB Recycling Routes,ProcessLvl1,mechanical recovery processes,Distribution,BATT_EVInspectedRecycling,,,BATT_LIBToPyrolysis2,BATT_ProductLvl1,battLiRechargeable,0.0999,,±15%,REC,2022,2.5,other,Various references and assumptions,,mechanical,REC
2373,1,LIB Recycling Routes,ProcessLvl1,mechanical recovery processes,Distribution,BATT_LIBSorted,,,BATT_LIBToMechanical3,BATT_ProductLvl1,battLiRechargeable,0.7989,,±15%,REC,2022,2.5,other,Various references and assumptions,,mechanical,REC
2374,1,LIB Recycling Routes,ProcessLvl1,mechanical recovery processes,Distribution,BATT_EVInspectedRecycling,,,BATT_LIBToMechanical3,BATT_ProductLvl1,battLiRechargeable,0.7989,,±15%,REC,2022,2.5,other,Various references and assumptions,,mechanical,REC
2375,1,LIB Recycling Routes,ProcessLvl1,mechanical recovery processes,Distribution,BATT_LIBSorted,,,BATT_LIBToPyrolysis4,BATT_ProductLvl1,battLiRechargeable,0.0592,,±15%,REC,2022,2.5,other,Various references and assumptions,,mechanical,REC
2376,1,LIB Recycling Routes,ProcessLvl1,mechanical recovery processes,Distribution,BATT_EVInspectedRecycling,,,BATT_LIBToPyrolysis4,BATT_ProductLvl1,battLiRechargeable,0.0592,,±15%,REC,2022,2.5,other,Various references and assumptions,,mechanical,REC
2377,1,LIB Recycling Routes,ProcessLvl1,mechanical recovery processes,Distribution,BATT_LIBSorted,,,BATT_LIBToDirectRecycling,BATT_ProductLvl1,battLiRechargeable,0.0006,,±15%,REC,2022,2.5,other,Various references and assumptions,,mechanical,REC
2378,1,LIB Recycling Routes,ProcessLvl1,mechanical recovery processes,Distribution,BATT_EVInspectedRecycling,,,BATT_LIBToDirectRecycling,BATT_ProductLvl1,battLiRechargeable,0.0006,,±15%,REC,2022,2.5,other,Various references and assumptions,,mechanical,REC
2379,1,LIB Recycling Routes,ProcessLvl1,mechanical recovery processes,Distribution,BATT_LIBSorted,,,BATT_LIBToPyro1,BATT_ProductLvl1,battLiRechargeable,0.0156,,±15%,REC,2028,3.0,other,Various references and assumptions,,mechanical,REC
2380,1,LIB Recycling Routes,ProcessLvl1,mechanical recovery processes,Distribution,BATT_EVInspectedRecycling,,,BATT_LIBToPyro1,BATT_ProductLvl1,battLiRechargeable,0.0156,,±15%,REC,2028,3.0,other,Various references and assumptions,,mechanical,REC
2381,1,LIB Recycling Routes,ProcessLvl1,mechanical recovery processes,Distribution,BATT_LIBSorted,,,BATT_LIBToPyrolysis2,BATT_ProductLvl1,battLiRechargeable,0.5145,,±15%,REC,2028,3.0,other,Various references and assumptions,,mechanical,REC
2382,1,LIB Recycling Routes,ProcessLvl1,mechanical recovery processes,Distribution,BATT_EVInspectedRecycling,,,BATT_LIBToPyrolysis2,BATT_ProductLvl1,battLiRechargeable,0.5145,,±15%,REC,2028,3.0,other,Various references and assumptions,,mechanical,REC
2383,1,LIB Recycling Routes,ProcessLvl1,mechanical recovery processes,Distribution,BATT_LIBSorted,,,BATT_LIBToMechanical3,BATT_ProductLvl1,battLiRechargeable,0.4454,,±15%,REC,2028,3.0,other,Various references and assumptions,,mechanical,REC
2384,1,LIB Recycling Routes,ProcessLvl1,mechanical recovery processes,Distribution,BATT_EVInspectedRecycling,,,BATT_LIBToMechanical3,BATT_ProductLvl1,battLiRechargeable,0.4454,,±15%,REC,2028,3.0,other,Various references and assumptions,,mechanical,REC
2385,1,LIB Recycling Routes,ProcessLvl1,mechanical recovery processes,Distribution,BATT_LIBSorted,,,BATT_LIBToPyrolysis4,BATT_ProductLvl1,battLiRechargeable,0.0223,,±15%,REC,2028,3.0,other,Various references and assumptions,,mechanical,REC
2386,1,LIB Recycling Routes,ProcessLvl1,mechanical recovery processes,Distribution,BATT_EVInspectedRecycling,,,BATT_LIBToPyrolysis4,BATT_ProductLvl1,battLiRechargeable,0.0223,,±15%,REC,2028,3.0,other,Various references and assumptions,,mechanical,REC
2387,1,LIB Recycling Routes,ProcessLvl1,mechanical recovery processes,Distribution,BATT_LIBSorted,,,BATT_LIBToDirectRecycling,BATT_ProductLvl1,battLiRechargeable,0.0022,,±15%,REC,2028,3.0,other,Various references and assumptions,,mechanical,REC
2388,1,LIB Recycling Routes,ProcessLvl1,mechanical recovery processes,Distribution,BATT_EVInspectedRecycling,,,BATT_LIBToDirectRecycling,BATT_ProductLvl1,battLiRechargeable,0.0022,,±15%,REC,2028,3.0,other,Various references and assumptions,,mechanical,REC
2389,1,LIB Recycling Routes,ProcessLvl1,mechanical recovery processes,Distribution,BATT_LIBSorted,,,BATT_LIBToPyro1,BATT_ProductLvl1,battLiRechargeable,0.0082,,±20%,REC,2032,3.5,other,Various references and assumptions,,mechanical,REC
2390,1,LIB Recycling Routes,ProcessLvl1,mechanical recovery processes,Distribution,BATT_EVInspectedRecycling,,,BATT_LIBToPyro1,BATT_ProductLvl1,battLiRechargeable,0.0082,,±20%,REC,2032,3.5,other,Various references and assumptions,,mechanical,REC
2391,1,LIB Recycling Routes,ProcessLvl1,mechanical recovery processes,Distribution,BATT_LIBSorted,,,BATT_LIBToPyrolysis2,BATT_ProductLvl1,battLiRechargeable,0.8505,,±20%,REC,2032,3.5,other,Various references and assumptions,,mechanical,REC
2392,1,LIB Recycling Routes,ProcessLvl1,mechanical recovery processes,Distribution,BATT_EVInspectedRecycling,,,BATT_LIBToPyrolysis2,BATT_ProductLvl1,battLiRechargeable,0.8505,,±20%,REC,2032,3.5,other,Various references and assumptions,,mechanical,REC
2393,1,LIB Recycling Routes,ProcessLvl1,mechanical recovery processes,Distribution,BATT_LIBSorted,,,BATT_LIBToMechanical3,BATT_ProductLvl1,battLiRechargeable,0.1177,,±20%,REC,2032,3.5,other,Various references and assumptions,,mechanical,REC
2394,1,LIB Recycling Routes,ProcessLvl1,mechanical recovery processes,Distribution,BATT_EVInspectedRecycling,,,BATT_LIBToMechanical3,BATT_ProductLvl1,battLiRechargeable,0.1177,,±20%,REC,2032,3.5,other,Various references and assumptions,,mechanical,REC
2395,1,LIB Recycling Routes,ProcessLvl1,mechanical recovery processes,Distribution,BATT_LIBSorted,,,BATT_LIBToPyrolysis4,BATT_ProductLvl1,battLiRechargeable,0.0118,,±20%,REC,2032,3.5,other,Various references and assumptions,,mechanical,REC
2396,1,LIB Recycling Routes,ProcessLvl1,mechanical recovery processes,Distribution,BATT_EVInspectedRecycling,,,BATT_LIBToPyrolysis4,BATT_ProductLvl1,battLiRechargeable,0.0118,,±20%,REC,2032,3.5,other,Various references and assumptions,,mechanical,REC
2397,1,LIB Recycling Routes,ProcessLvl1,mechanical recovery processes,Distribution,BATT_LIBSorted,,,BATT_LIBToDirectRecycling,BATT_ProductLvl1,battLiRechargeable,0.0118,,±20%,REC,2032,3.5,other,Various references and assumptions,,mechanical,REC
2398,1,LIB Recycling Routes,ProcessLvl1,mechanical recovery processes,Distribution,BATT_EVInspectedRecycling,,,BATT_LIBToDirectRecycling,BATT_ProductLvl1,battLiRechargeable,0.0118,,±20%,REC,2032,3.5,other,Various references and assumptions,,mechanical,REC
2399,1,LIB Recycling Routes,ProcessLvl1,mechanical recovery processes,Distribution,BATT_LIBSorted,,,BATT_LIBToPyro1,BATT_ProductLvl1,battLiRechargeable,0.0057,,±20%,REC,2050,4.0,other,Various references and assumptions,,mechanical,REC
2400,1,LIB Recycling Routes,ProcessLvl1,mechanical recovery processes,Distribution,BATT_EVInspectedRecycling,,,BATT_LIBToPyro1,BATT_ProductLvl1,battLiRechargeable,0.0057,,±20%,REC,2050,4.0,other,Various references and assumptions,,mechanical,REC
2401,1,LIB Recycling Routes,ProcessLvl1,mechanical recovery processes,Distribution,BATT_LIBSorted,,,BATT_LIBToPyrolysis2,BATT_ProductLvl1,battLiRechargeable,0.9043,,±20%,REC,2050,4.0,other,Various references and assumptions,,mechanical,REC
2402,1,LIB Recycling Routes,ProcessLvl1,mechanical recovery processes,Distribution,BATT_EVInspectedRecycling,,,BATT_LIBToPyrolysis2,BATT_ProductLvl1,battLiRechargeable,0.9043,,±20%,REC,2050,4.0,other,Various references and assumptions,,mechanical,REC
2403,1,LIB Recycling Routes,ProcessLvl1,mechanical recovery processes,Distribution,BATT_LIBSorted,,,BATT_LIBToMechanical3,BATT_ProductLvl1,battLiRechargeable,0.0,,±20%,REC,2050,4.0,other,Various references and assumptions,,mechanical,REC
2404,1,LIB Recycling Routes,ProcessLvl1,mechanical recovery processes,Distribution,BATT_EVInspectedRecycling,,,BATT_LIBToMechanical3,BATT_ProductLvl1,battLiRechargeable,0.0,,±20%,REC,2050,4.0,other,Various references and assumptions,,mechanical,REC
2405,1,LIB Recycling Routes,ProcessLvl1,mechanical recovery processes,Distribution,BATT_LIBSorted,,,BATT_LIBToPyrolysis4,BATT_ProductLvl1,battLiRechargeable,0.0082,,±20%,REC,2050,4.0,other,Various references and assumptions,,mechanical,REC
2406,1,LIB Recycling Routes,ProcessLvl1,mechanical recovery processes,Distribution,BATT_EVInspectedRecycling,,,BATT_LIBToPyrolysis4,BATT_ProductLvl1,battLiRechargeable,0.0082,,±20%,REC,2050,4.0,other,Various references and assumptions,,mechanical,REC
2407,1,LIB Recycling Routes,ProcessLvl1,mechanical recovery processes,Distribution,BATT_LIBSorted,,,BATT_LIBToDirectRecycling,BATT_ProductLvl1,battLiRechargeable,0.0818,,±20%,REC,2050,4.0,other,Various references and assumptions,,mechanical,REC
2408,1,LIB Recycling Routes,ProcessLvl1,mechanical recovery processes,Distribution,BATT_EVInspectedRecycling,,,BATT_LIBToDirectRecycling,BATT_ProductLvl1,battLiRechargeable,0.0818,,±20%,REC,2050,4.0,other,Various references and assumptions,,mechanical,REC
2409,1,EV battery pack/module/cell disassembling,ProcessLvl1,preparation for reuse,Distribution,BATT_LIBEVSorted,,,BATT_2RM_dismantlingToSmelter,BATT_ProductLvl1,battPackXEV,0.97,,±15%,OBS/BAU/REC/CIR,2010,2.5,other,Various references and assumptions,,preparation,OBS/BAU/REC/CIR
2410,1,EV battery pack/module/cell disassembling,ProcessLvl1,preparation for reuse,Distribution,BATT_LIBEVSorted,,,BATT_2RM_dismantlingToSmelter,BATT_ProductLvl1,battPackXEV_Losses,0.03,,±15%,OBS/BAU/REC/CIR,2010,2.5,other,Various references and assumptions,,preparation,OBS/BAU/REC/CIR
2411,1,EV battery pack/module/cell disassembling,ProcessLvl1,preparation for reuse,Distribution,BATT_LIBEVSorted,,,BATT_LIBDismantled,BATT_ProductLvl1,battNaRechargeable,1.0,,±15%,OBS/BAU/REC/CIR,2010,2.5,other,Various references and assumptions,,preparation,OBS/BAU/REC/CIR
2412,1,EV battery pack/module/cell disassembling,ProcessLvl1,preparation for reuse,Distribution,BATT_LIBEVSorted,,,BATT_LIBDismantled,BATT_ProductLvl1,battLiRechargeable,1.0,,±15%,OBS/BAU/REC/CIR,2010,2.5,other,Various references and assumptions,,preparation,OBS/BAU/REC/CIR
2413,1,EV battery inspection,ProcessLvl1,preparation for reuse,Distribution,BATT_LIBDismantled,,,BATT_EVInspectedReuse,BATT_ProductLvl1,battLiRechargeable,0.0,,±15%,OBS/BAU/REC/CIR,2010,2.5,other,Various references and assumptions,,preparation,OBS/BAU/REC/CIR
2414,1,EV battery inspection,ProcessLvl1,preparation for reuse,Distribution,BATT_LIBDismantled,,,BATT_EVInspectedRecycling,BATT_ProductLvl1,battLiRechargeable,1.0,,±15%,OBS/BAU/REC/CIR,2010,2.5,other,Various references and assumptions,,preparation,OBS/BAU/REC/CIR
2415,1,EV battery inspection,ProcessLvl1,preparation for reuse,Distribution,BATT_LIBDismantled,,,BATT_EVInspectedReuse,BATT_ProductLvl1,battLiRechargeable,0.0,,±15%,OBS/BAU/REC/CIR,2019,2.5,other,Various references and assumptions,,preparation,OBS/BAU/REC/CIR
2416,1,EV battery inspection,ProcessLvl1,preparation for reuse,Distribution,BATT_LIBDismantled,,,BATT_EVInspectedRecycling,BATT_ProductLvl1,battLiRechargeable,1.0,,±15%,OBS/BAU/REC/CIR,2019,2.5,other,Various references and assumptions,,preparation,OBS/BAU/REC/CIR
2417,1,EV battery inspection,ProcessLvl1,preparation for reuse,Distribution,BATT_LIBDismantled,,,BATT_EVInspectedReuse,BATT_ProductLvl1,battLiRechargeable,0.0065,,±15%,REC,2020,2.5,other,Various references and assumptions,,preparation,REC
2418,1,EV battery inspection,ProcessLvl1,preparation for reuse,Distribution,BATT_LIBDismantled,,,BATT_EVInspectedRecycling,BATT_ProductLvl1,battLiRechargeable,0.9935,,±15%,REC,2020,2.5,other,Various references and assumptions,,preparation,REC
2419,1,EV battery inspection,ProcessLvl1,preparation for reuse,Distribution,BATT_LIBDismantled,,,BATT_EVInspectedReuse,BATT_ProductLvl1,battLiRechargeable,0.0129,,±15%,REC,2021,2.5,other,Various references and assumptions,,preparation,REC
2420,1,EV battery inspection,ProcessLvl1,preparation for reuse,Distribution,BATT_LIBDismantled,,,BATT_EVInspectedRecycling,BATT_ProductLvl1,battLiRechargeable,0.9871,,±15%,REC,2021,2.5,other,Various references and assumptions,,preparation,REC
2421,1,EV battery inspection,ProcessLvl1,preparation for reuse,Distribution,BATT_LIBDismantled,,,BATT_EVInspectedReuse,BATT_ProductLvl1,battLiRechargeable,0.0194,,±15%,REC,2022,2.5,other,Various references and assumptions,,preparation,REC
2422,1,EV battery inspection,ProcessLvl1,preparation for reuse,Distribution,BATT_LIBDismantled,,,BATT_EVInspectedRecycling,BATT_ProductLvl1,battLiRechargeable,0.9806,,±15%,REC,2022,2.5,other,Various references and assumptions,,preparation,REC
2423,1,EV battery inspection,ProcessLvl1,preparation for reuse,Distribution,BATT_LIBDismantled,,,BATT_EVInspectedReuse,BATT_ProductLvl1,battLiRechargeable,0.0258,,±15%,REC,2023,2.5,other,Various references and assumptions,,preparation,REC
2424,1,EV battery inspection,ProcessLvl1,preparation for reuse,Distribution,BATT_LIBDismantled,,,BATT_EVInspectedRecycling,BATT_ProductLvl1,battLiRechargeable,0.9742,,±15%,REC,2023,2.5,other,Various references and assumptions,,preparation,REC
2425,1,EV battery inspection,ProcessLvl1,preparation for reuse,Distribution,BATT_LIBDismantled,,,BATT_EVInspectedReuse,BATT_ProductLvl1,battLiRechargeable,0.0323,,±15%,REC,2024,2.5,other,Various references and assumptions,,preparation,REC
2426,1,EV battery inspection,ProcessLvl1,preparation for reuse,Distribution,BATT_LIBDismantled,,,BATT_EVInspectedRecycling,BATT_ProductLvl1,battLiRechargeable,0.9677,,±15%,REC,2024,2.5,other,Various references and assumptions,,preparation,REC
2427,1,EV battery inspection,ProcessLvl1,preparation for reuse,Distribution,BATT_LIBDismantled,,,BATT_EVInspectedReuse,BATT_ProductLvl1,battLiRechargeable,0.0387,,±15%,REC,2025,2.5,other,Various references and assumptions,,preparation,REC
2428,1,EV battery inspection,ProcessLvl1,preparation for reuse,Distribution,BATT_LIBDismantled,,,BATT_EVInspectedRecycling,BATT_ProductLvl1,battLiRechargeable,0.9613,,±15%,REC,2025,2.5,other,Various references and assumptions,,preparation,REC
2429,1,EV battery inspection,ProcessLvl1,preparation for reuse,Distribution,BATT_LIBDismantled,,,BATT_EVInspectedReuse,BATT_ProductLvl1,battLiRechargeable,0.0452,,±15%,REC,2026,3.0,other,Various references and assumptions,,preparation,REC
2430,1,EV battery inspection,ProcessLvl1,preparation for reuse,Distribution,BATT_LIBDismantled,,,BATT_EVInspectedRecycling,BATT_ProductLvl1,battLiRechargeable,0.9548,,±15%,REC,2026,3.0,other,Various references and assumptions,,preparation,REC
2431,1,EV battery inspection,ProcessLvl1,preparation for reuse,Distribution,BATT_LIBDismantled,,,BATT_EVInspectedReuse,BATT_ProductLvl1,battLiRechargeable,0.0516,,±15%,REC,2027,3.0,other,Various references and assumptions,,preparation,REC
2432,1,EV battery inspection,ProcessLvl1,preparation for reuse,Distribution,BATT_LIBDismantled,,,BATT_EVInspectedRecycling,BATT_ProductLvl1,battLiRechargeable,0.9484,,±15%,REC,2027,3.0,other,Various references and assumptions,,preparation,REC
2433,1,EV battery inspection,ProcessLvl1,preparation for reuse,Distribution,BATT_LIBDismantled,,,BATT_EVInspectedReuse,BATT_ProductLvl1,battLiRechargeable,0.0581,,±15%,REC,2028,3.0,other,Various references and assumptions,,preparation,REC
2434,1,EV battery inspection,ProcessLvl1,preparation for reuse,Distribution,BATT_LIBDismantled,,,BATT_EVInspectedRecycling,BATT_ProductLvl1,battLiRechargeable,0.9419,,±15%,REC,2028,3.0,other,Various references and assumptions,,preparation,REC
2435,1,EV battery inspection,ProcessLvl1,preparation for reuse,Distribution,BATT_LIBDismantled,,,BATT_EVInspectedReuse,BATT_ProductLvl1,battLiRechargeable,0.0645,,±15%,REC,2029,3.0,other,Various references and assumptions,,preparation,REC
2436,1,EV battery inspection,ProcessLvl1,preparation for reuse,Distribution,BATT_LIBDismantled,,,BATT_EVInspectedRecycling,BATT_ProductLvl1,battLiRechargeable,0.9355,,±15%,REC,2029,3.0,other,Various references and assumptions,,preparation,REC
2437,1,EV battery inspection,ProcessLvl1,preparation for reuse,Distribution,BATT_LIBDismantled,,,BATT_EVInspectedReuse,BATT_ProductLvl1,battLiRechargeable,0.071,,±15%,REC,2030,3.0,other,Various references and assumptions,,preparation,REC
2438,1,EV battery inspection,ProcessLvl1,preparation for reuse,Distribution,BATT_LIBDismantled,,,BATT_EVInspectedRecycling,BATT_ProductLvl1,battLiRechargeable,0.929,,±15%,REC,2030,3.0,other,Various references and assumptions,,preparation,REC
2439,1,EV battery inspection,ProcessLvl1,preparation for reuse,Distribution,BATT_LIBDismantled,,,BATT_EVInspectedReuse,BATT_ProductLvl1,battLiRechargeable,0.0774,,±20%,REC,2031,3.5,other,Various references and assumptions,,preparation,REC
2440,1,EV battery inspection,ProcessLvl1,preparation for reuse,Distribution,BATT_LIBDismantled,,,BATT_EVInspectedRecycling,BATT_ProductLvl1,battLiRechargeable,0.9261,,±20%,REC,2031,3.5,other,Various references and assumptions,,preparation,REC
2441,1,EV battery inspection,ProcessLvl1,preparation for reuse,Distribution,BATT_LIBDismantled,,,BATT_EVInspectedReuse,BATT_ProductLvl1,battLiRechargeable,0.0839,,±20%,REC,2032,3.5,other,Various references and assumptions,,preparation,REC
2442,1,EV battery inspection,ProcessLvl1,preparation for reuse,Distribution,BATT_LIBDismantled,,,BATT_EVInspectedRecycling,BATT_ProductLvl1,battLiRechargeable,0.9161,,±20%,REC,2032,3.5,other,Various references and assumptions,,preparation,REC
2443,1,EV battery inspection,ProcessLvl1,preparation for reuse,Distribution,BATT_LIBDismantled,,,BATT_EVInspectedReuse,BATT_ProductLvl1,battLiRechargeable,0.0903,,±20%,REC,2033,3.5,other,Various references and assumptions,,preparation,REC
2444,1,EV battery inspection,ProcessLvl1,preparation for reuse,Distribution,BATT_LIBDismantled,,,BATT_EVInspectedRecycling,BATT_ProductLvl1,battLiRechargeable,0.9097,,±20%,REC,2033,3.5,other,Various references and assumptions,,preparation,REC
2445,1,EV battery inspection,ProcessLvl1,preparation for reuse,Distribution,BATT_LIBDismantled,,,BATT_EVInspectedReuse,BATT_ProductLvl1,battLiRechargeable,0.0968,,±20%,REC,2034,3.5,other,Various references and assumptions,,preparation,REC
2446,1,EV battery inspection,ProcessLvl1,preparation for reuse,Distribution,BATT_LIBDismantled,,,BATT_EVInspectedRecycling,BATT_ProductLvl1,battLiRechargeable,0.9032,,±20%,REC,2034,3.5,other,Various references and assumptions,,preparation,REC
2447,1,EV battery inspection,ProcessLvl1,preparation for reuse,Distribution,BATT_LIBDismantled,,,BATT_EVInspectedReuse,BATT_ProductLvl1,battLiRechargeable,0.1032,,±20%,REC,2035,3.5,other,Various references and assumptions,,preparation,REC
2448,1,EV battery inspection,ProcessLvl1,preparation for reuse,Distribution,BATT_LIBDismantled,,,BATT_EVInspectedRecycling,BATT_ProductLvl1,battLiRechargeable,0.8968,,±20%,REC,2035,3.5,other,Various references and assumptions,,preparation,REC
2449,1,EV battery inspection,ProcessLvl1,preparation for reuse,Distribution,BATT_LIBDismantled,,,BATT_EVInspectedReuse,BATT_ProductLvl1,battLiRechargeable,0.1097,,±20%,REC,2036,3.5,other,Various references and assumptions,,preparation,REC
2450,1,EV battery inspection,ProcessLvl1,preparation for reuse,Distribution,BATT_LIBDismantled,,,BATT_EVInspectedRecycling,BATT_ProductLvl1,battLiRechargeable,0.8903,,±20%,REC,2036,3.5,other,Various references and assumptions,,preparation,REC
2451,1,EV battery inspection,ProcessLvl1,preparation for reuse,Distribution,BATT_LIBDismantled,,,BATT_EVInspectedReuse,BATT_ProductLvl1,battLiRechargeable,0.1161,,±20%,REC,2037,3.5,other,Various references and assumptions,,preparation,REC
2452,1,EV battery inspection,ProcessLvl1,preparation for reuse,Distribution,BATT_LIBDismantled,,,BATT_EVInspectedRecycling,BATT_ProductLvl1,battLiRechargeable,0.8839,,±20%,REC,2037,3.5,other,Various references and assumptions,,preparation,REC
2453,1,EV battery inspection,ProcessLvl1,preparation for reuse,Distribution,BATT_LIBDismantled,,,BATT_EVInspectedReuse,BATT_ProductLvl1,battLiRechargeable,0.1226,,±20%,REC,2038,3.5,other,Various references and assumptions,,preparation,REC
2454,1,EV battery inspection,ProcessLvl1,preparation for reuse,Distribution,BATT_LIBDismantled,,,BATT_EVInspectedRecycling,BATT_ProductLvl1,battLiRechargeable,0.8774,,±20%,REC,2038,3.5,other,Various references and assumptions,,preparation,REC
2455,1,EV battery inspection,ProcessLvl1,preparation for reuse,Distribution,BATT_LIBDismantled,,,BATT_EVInspectedReuse,BATT_ProductLvl1,battLiRechargeable,0.129,,±20%,REC,2039,3.5,other,Various references and assumptions,,preparation,REC
2456,1,EV battery inspection,ProcessLvl1,preparation for reuse,Distribution,BATT_LIBDismantled,,,BATT_EVInspectedRecycling,BATT_ProductLvl1,battLiRechargeable,0.871,,±20%,REC,2039,3.5,other,Various references and assumptions,,preparation,REC
2457,1,EV battery inspection,ProcessLvl1,preparation for reuse,Distribution,BATT_LIBDismantled,,,BATT_EVInspectedReuse,BATT_ProductLvl1,battLiRechargeable,0.1355,,±20%,REC,2040,3.5,other,Various references and assumptions,,preparation,REC
2458,1,EV battery inspection,ProcessLvl1,preparation for reuse,Distribution,BATT_LIBDismantled,,,BATT_EVInspectedRecycling,BATT_ProductLvl1,battLiRechargeable,0.8645,,±20%,REC,2040,3.5,other,Various references and assumptions,,preparation,REC
2459,1,EV battery inspection,ProcessLvl1,preparation for reuse,Distribution,BATT_LIBDismantled,,,BATT_EVInspectedReuse,BATT_ProductLvl1,battLiRechargeable,0.1419,,±20%,REC,2041,4.0,other,Various references and assumptions,,preparation,REC
2460,1,EV battery inspection,ProcessLvl1,preparation for reuse,Distribution,BATT_LIBDismantled,,,BATT_EVInspectedRecycling,BATT_ProductLvl1,battLiRechargeable,0.8581,,±20%,REC,2041,4.0,other,Various references and assumptions,,preparation,REC
2461,1,EV battery inspection,ProcessLvl1,preparation for reuse,Distribution,BATT_LIBDismantled,,,BATT_EVInspectedReuse,BATT_ProductLvl1,battLiRechargeable,0.1484,,±20%,REC,2042,4.0,other,Various references and assumptions,,preparation,REC
2462,1,EV battery inspection,ProcessLvl1,preparation for reuse,Distribution,BATT_LIBDismantled,,,BATT_EVInspectedRecycling,BATT_ProductLvl1,battLiRechargeable,0.8516,,±20%,REC,2042,4.0,other,Various references and assumptions,,preparation,REC
2463,1,EV battery inspection,ProcessLvl1,preparation for reuse,Distribution,BATT_LIBDismantled,,,BATT_EVInspectedReuse,BATT_ProductLvl1,battLiRechargeable,0.1548,,±20%,REC,2043,4.0,other,Various references and assumptions,,preparation,REC
2464,1,EV battery inspection,ProcessLvl1,preparation for reuse,Distribution,BATT_LIBDismantled,,,BATT_EVInspectedRecycling,BATT_ProductLvl1,battLiRechargeable,0.8452,,±20%,REC,2043,4.0,other,Various references and assumptions,,preparation,REC
2465,1,EV battery inspection,ProcessLvl1,preparation for reuse,Distribution,BATT_LIBDismantled,,,BATT_EVInspectedReuse,BATT_ProductLvl1,battLiRechargeable,0.1613,,±20%,REC,2044,4.0,other,Various references and assumptions,,preparation,REC
2466,1,EV battery inspection,ProcessLvl1,preparation for reuse,Distribution,BATT_LIBDismantled,,,BATT_EVInspectedRecycling,BATT_ProductLvl1,battLiRechargeable,0.8387,,±20%,REC,2044,4.0,other,Various references and assumptions,,preparation,REC
2467,1,EV battery inspection,ProcessLvl1,preparation for reuse,Distribution,BATT_LIBDismantled,,,BATT_EVInspectedReuse,BATT_ProductLvl1,battLiRechargeable,0.1677,,±20%,REC,2045,4.0,other,Various references and assumptions,,preparation,REC
2468,1,EV battery inspection,ProcessLvl1,preparation for reuse,Distribution,BATT_LIBDismantled,,,BATT_EVInspectedRecycling,BATT_ProductLvl1,battLiRechargeable,0.8323,,±20%,REC,2045,4.0,other,Various references and assumptions,,preparation,REC
2469,1,EV battery inspection,ProcessLvl1,preparation for reuse,Distribution,BATT_LIBDismantled,,,BATT_EVInspectedReuse,BATT_ProductLvl1,battLiRechargeable,0.1742,,±20%,REC,2046,4.0,other,Various references and assumptions,,preparation,REC
2470,1,EV battery inspection,ProcessLvl1,preparation for reuse,Distribution,BATT_LIBDismantled,,,BATT_EVInspectedRecycling,BATT_ProductLvl1,battLiRechargeable,0.8258,,±20%,REC,2046,4.0,other,Various references and assumptions,,preparation,REC
2471,1,EV battery inspection,ProcessLvl1,preparation for reuse,Distribution,BATT_LIBDismantled,,,BATT_EVInspectedReuse,BATT_ProductLvl1,battLiRechargeable,0.1806,,±20%,REC,2047,4.0,other,Various references and assumptions,,preparation,REC
2472,1,EV battery inspection,ProcessLvl1,preparation for reuse,Distribution,BATT_LIBDismantled,,,BATT_EVInspectedRecycling,BATT_ProductLvl1,battLiRechargeable,0.8194,,±20%,REC,2047,4.0,other,Various references and assumptions,,preparation,REC
2473,1,EV battery inspection,ProcessLvl1,preparation for reuse,Distribution,BATT_LIBDismantled,,,BATT_EVInspectedReuse,BATT_ProductLvl1,battLiRechargeable,0.1871,,±20%,REC,2048,4.0,other,Various references and assumptions,,preparation,REC
2474,1,EV battery inspection,ProcessLvl1,preparation for reuse,Distribution,BATT_LIBDismantled,,,BATT_EVInspectedRecycling,BATT_ProductLvl1,battLiRechargeable,0.8129,,±20%,REC,2048,4.0,other,Various references and assumptions,,preparation,REC
2475,1,EV battery inspection,ProcessLvl1,preparation for reuse,Distribution,BATT_LIBDismantled,,,BATT_EVInspectedReuse,BATT_ProductLvl1,battLiRechargeable,0.1935,,±20%,REC,2049,4.0,other,Various references and assumptions,,preparation,REC
2476,1,EV battery inspection,ProcessLvl1,preparation for reuse,Distribution,BATT_LIBDismantled,,,BATT_EVInspectedRecycling,BATT_ProductLvl1,battLiRechargeable,0.8065,,±20%,REC,2049,4.0,other,Various references and assumptions,,preparation,REC
2477,1,EV battery inspection,ProcessLvl1,preparation for reuse,Distribution,BATT_LIBDismantled,,,BATT_EVInspectedReuse,BATT_ProductLvl1,battLiRechargeable,0.2,,±20%,REC,2050,4.0,other,Various references and assumptions,,preparation,REC
2478,1,EV battery inspection,ProcessLvl1,preparation for reuse,Distribution,BATT_LIBDismantled,,,BATT_EVInspectedRecycling,BATT_ProductLvl1,battLiRechargeable,0.8,,±20%,REC,2050,4.0,other,Various references and assumptions,,preparation,REC
2479,1,EV battery inspection,ProcessLvl1,preparation for reuse,Distribution,BATT_LIBDismantled,,,BATT_EVInspectedReuse,BATT_ProductLvl1,battLiRechargeable,0.0,,±15%,CIR,2010,2.5,other,Various references and assumptions,,preparation,CIR
2480,1,EV battery inspection,ProcessLvl1,preparation for reuse,Distribution,BATT_LIBDismantled,,,BATT_EVInspectedRecycling,BATT_ProductLvl1,battLiRechargeable,1.0,,±15%,CIR,2010,2.5,other,Various references and assumptions,,preparation,CIR
2481,1,EV battery inspection,ProcessLvl1,preparation for reuse,Distribution,BATT_LIBDismantled,,,BATT_EVInspectedReuse,BATT_ProductLvl1,battLiRechargeable,0.0,,±15%,CIR,2019,2.5,other,Various references and assumptions,,preparation,CIR
2482,1,EV battery inspection,ProcessLvl1,preparation for reuse,Distribution,BATT_LIBDismantled,,,BATT_EVInspectedRecycling,BATT_ProductLvl1,battLiRechargeable,1.0,,±15%,CIR,2019,2.5,other,Various references and assumptions,,preparation,CIR
2483,1,EV battery inspection,ProcessLvl1,preparation for reuse,Distribution,BATT_LIBDismantled,,,BATT_EVInspectedReuse,BATT_ProductLvl1,battLiRechargeable,0.0129,,±15%,CIR,2020,2.5,other,Various references and assumptions,,preparation,CIR
2484,1,EV battery inspection,ProcessLvl1,preparation for reuse,Distribution,BATT_LIBDismantled,,,BATT_EVInspectedRecycling,BATT_ProductLvl1,battLiRechargeable,0.9871,,±15%,CIR,2020,2.5,other,Various references and assumptions,,preparation,CIR
2485,1,EV battery inspection,ProcessLvl1,preparation for reuse,Distribution,BATT_LIBDismantled,,,BATT_EVInspectedReuse,BATT_ProductLvl1,battLiRechargeable,0.0258,,±15%,CIR,2021,2.5,other,Various references and assumptions,,preparation,CIR
2486,1,EV battery inspection,ProcessLvl1,preparation for reuse,Distribution,BATT_LIBDismantled,,,BATT_EVInspectedRecycling,BATT_ProductLvl1,battLiRechargeable,0.9742,,±15%,CIR,2021,2.5,other,Various references and assumptions,,preparation,CIR
2487,1,EV battery inspection,ProcessLvl1,preparation for reuse,Distribution,BATT_LIBDismantled,,,BATT_EVInspectedReuse,BATT_ProductLvl1,battLiRechargeable,0.0387,,±15%,CIR,2022,2.5,other,Various references and assumptions,,preparation,CIR
2488,1,EV battery inspection,ProcessLvl1,preparation for reuse,Distribution,BATT_LIBDismantled,,,BATT_EVInspectedRecycling,BATT_ProductLvl1,battLiRechargeable,0.9613,,±15%,CIR,2022,2.5,other,Various references and assumptions,,preparation,CIR
2489,1,EV battery inspection,ProcessLvl1,preparation for reuse,Distribution,BATT_LIBDismantled,,,BATT_EVInspectedReuse,BATT_ProductLvl1,battLiRechargeable,0.0516,,±15%,CIR,2023,2.5,other,Various references and assumptions,,preparation,CIR
2490,1,EV battery inspection,ProcessLvl1,preparation for reuse,Distribution,BATT_LIBDismantled,,,BATT_EVInspectedRecycling,BATT_ProductLvl1,battLiRechargeable,0.9484,,±15%,CIR,2023,2.5,other,Various references and assumptions,,preparation,CIR
2491,1,EV battery inspection,ProcessLvl1,preparation for reuse,Distribution,BATT_LIBDismantled,,,BATT_EVInspectedReuse,BATT_ProductLvl1,battLiRechargeable,0.0645,,±15%,CIR,2024,2.5,other,Various references and assumptions,,preparation,CIR
2492,1,EV battery inspection,ProcessLvl1,preparation for reuse,Distribution,BATT_LIBDismantled,,,BATT_EVInspectedRecycling,BATT_ProductLvl1,battLiRechargeable,0.9355,,±15%,CIR,2024,2.5,other,Various references and assumptions,,preparation,CIR
2493,1,EV battery inspection,ProcessLvl1,preparation for reuse,Distribution,BATT_LIBDismantled,,,BATT_EVInspectedReuse,BATT_ProductLvl1,battLiRechargeable,0.0774,,±15%,CIR,2025,2.5,other,Various references and assumptions,,preparation,CIR
2494,1,EV battery inspection,ProcessLvl1,preparation for reuse,Distribution,BATT_LIBDismantled,,,BATT_EVInspectedRecycling,BATT_ProductLvl1,battLiRechargeable,0.9226,,±15%,CIR,2025,2.5,other,Various references and assumptions,,preparation,CIR
2495,1,EV battery inspection,ProcessLvl1,preparation for reuse,Distribution,BATT_LIBDismantled,,,BATT_EVInspectedReuse,BATT_ProductLvl1,battLiRechargeable,0.0903,,±15%,CIR,2026,3.0,other,Various references and assumptions,,preparation,CIR
2496,1,EV battery inspection,ProcessLvl1,preparation for reuse,Distribution,BATT_LIBDismantled,,,BATT_EVInspectedRecycling,BATT_ProductLvl1,battLiRechargeable,0.9097,,±15%,CIR,2026,3.0,other,Various references and assumptions,,preparation,CIR
2497,1,EV battery inspection,ProcessLvl1,preparation for reuse,Distribution,BATT_LIBDismantled,,,BATT_EVInspectedReuse,BATT_ProductLvl1,battLiRechargeable,0.1032,,±15%,CIR,2027,3.0,other,Various references and assumptions,,preparation,CIR
2498,1,EV battery inspection,ProcessLvl1,preparation for reuse,Distribution,BATT_LIBDismantled,,,BATT_EVInspectedRecycling,BATT_ProductLvl1,battLiRechargeable,0.8968,,±15%,CIR,2027,3.0,other,Various references and assumptions,,preparation,CIR
2499,1,EV battery inspection,ProcessLvl1,preparation for reuse,Distribution,BATT_LIBDismantled,,,BATT_EVInspectedReuse,BATT_ProductLvl1,battLiRechargeable,0.1161,,±15%,CIR,2028,3.0,other,Various references and assumptions,,preparation,CIR
2500,1,EV battery inspection,ProcessLvl1,preparation for reuse,Distribution,BATT_LIBDismantled,,,BATT_EVInspectedRecycling,BATT_ProductLvl1,battLiRechargeable,0.8839,,±15%,CIR,2028,3.0,other,Various references and assumptions,,preparation,CIR
2501,1,EV battery inspection,ProcessLvl1,preparation for reuse,Distribution,BATT_LIBDismantled,,,BATT_EVInspectedReuse,BATT_ProductLvl1,battLiRechargeable,0.129,,±15%,CIR,2029,3.0,other,Various references and assumptions,,preparation,CIR
2502,1,EV battery inspection,ProcessLvl1,preparation for reuse,Distribution,BATT_LIBDismantled,,,BATT_EVInspectedRecycling,BATT_ProductLvl1,battLiRechargeable,0.871,,±15%,CIR,2029,3.0,other,Various references and assumptions,,preparation,CIR
2503,1,EV battery inspection,ProcessLvl1,preparation for reuse,Distribution,BATT_LIBDismantled,,,BATT_EVInspectedReuse,BATT_ProductLvl1,battLiRechargeable,0.1419,,±15%,CIR,2030,3.0,other,Various references and assumptions,,preparation,CIR
2504,1,EV battery inspection,ProcessLvl1,preparation for reuse,Distribution,BATT_LIBDismantled,,,BATT_EVInspectedRecycling,BATT_ProductLvl1,battLiRechargeable,0.8581,,±15%,CIR,2030,3.0,other,Various references and assumptions,,preparation,CIR
2505,1,EV battery inspection,ProcessLvl1,preparation for reuse,Distribution,BATT_LIBDismantled,,,BATT_EVInspectedReuse,BATT_ProductLvl1,battLiRechargeable,0.1548,,±20%,CIR,2031,3.5,other,Various references and assumptions,,preparation,CIR
2506,1,EV battery inspection,ProcessLvl1,preparation for reuse,Distribution,BATT_LIBDismantled,,,BATT_EVInspectedRecycling,BATT_ProductLvl1,battLiRechargeable,0.8452,,±20%,CIR,2031,3.5,other,Various references and assumptions,,preparation,CIR
2507,1,EV battery inspection,ProcessLvl1,preparation for reuse,Distribution,BATT_LIBDismantled,,,BATT_EVInspectedReuse,BATT_ProductLvl1,battLiRechargeable,0.1677,,±20%,CIR,2032,3.5,other,Various references and assumptions,,preparation,CIR
2508,1,EV battery inspection,ProcessLvl1,preparation for reuse,Distribution,BATT_LIBDismantled,,,BATT_EVInspectedRecycling,BATT_ProductLvl1,battLiRechargeable,0.8323,,±20%,CIR,2032,3.5,other,Various references and assumptions,,preparation,CIR
2509,1,EV battery inspection,ProcessLvl1,preparation for reuse,Distribution,BATT_LIBDismantled,,,BATT_EVInspectedReuse,BATT_ProductLvl1,battLiRechargeable,0.1806,,±20%,CIR,2033,3.5,other,Various references and assumptions,,preparation,CIR
2510,1,EV battery inspection,ProcessLvl1,preparation for reuse,Distribution,BATT_LIBDismantled,,,BATT_EVInspectedRecycling,BATT_ProductLvl1,battLiRechargeable,0.8194,,±20%,CIR,2033,3.5,other,Various references and assumptions,,preparation,CIR
2511,1,EV battery inspection,ProcessLvl1,preparation for reuse,Distribution,BATT_LIBDismantled,,,BATT_EVInspectedReuse,BATT_ProductLvl1,battLiRechargeable,0.1935,,±20%,CIR,2034,3.5,other,Various references and assumptions,,preparation,CIR
2512,1,EV battery inspection,ProcessLvl1,preparation for reuse,Distribution,BATT_LIBDismantled,,,BATT_EVInspectedRecycling,BATT_ProductLvl1,battLiRechargeable,0.8065,,±20%,CIR,2034,3.5,other,Various references and assumptions,,preparation,CIR
2513,1,EV battery inspection,ProcessLvl1,preparation for reuse,Distribution,BATT_LIBDismantled,,,BATT_EVInspectedReuse,BATT_ProductLvl1,battLiRechargeable,0.2065,,±20%,CIR,2035,3.5,other,Various references and assumptions,,preparation,CIR
2514,1,EV battery inspection,ProcessLvl1,preparation for reuse,Distribution,BATT_LIBDismantled,,,BATT_EVInspectedRecycling,BATT_ProductLvl1,battLiRechargeable,0.7935,,±20%,CIR,2035,3.5,other,Various references and assumptions,,preparation,CIR
2515,1,EV battery inspection,ProcessLvl1,preparation for reuse,Distribution,BATT_LIBDismantled,,,BATT_EVInspectedReuse,BATT_ProductLvl1,battLiRechargeable,0.2194,,±20%,CIR,2036,3.5,other,Various references and assumptions,,preparation,CIR
2516,1,EV battery inspection,ProcessLvl1,preparation for reuse,Distribution,BATT_LIBDismantled,,,BATT_EVInspectedRecycling,BATT_ProductLvl1,battLiRechargeable,0.7806,,±20%,CIR,2036,3.5,other,Various references and assumptions,,preparation,CIR
2517,1,EV battery inspection,ProcessLvl1,preparation for reuse,Distribution,BATT_LIBDismantled,,,BATT_EVInspectedReuse,BATT_ProductLvl1,battLiRechargeable,0.2323,,±20%,CIR,2037,3.5,other,Various references and assumptions,,preparation,CIR
2518,1,EV battery inspection,ProcessLvl1,preparation for reuse,Distribution,BATT_LIBDismantled,,,BATT_EVInspectedRecycling,BATT_ProductLvl1,battLiRechargeable,0.7677,,±20%,CIR,2037,3.5,other,Various references and assumptions,,preparation,CIR
2519,1,EV battery inspection,ProcessLvl1,preparation for reuse,Distribution,BATT_LIBDismantled,,,BATT_EVInspectedReuse,BATT_ProductLvl1,battLiRechargeable,0.2452,,±20%,CIR,2038,3.5,other,Various references and assumptions,,preparation,CIR
2520,1,EV battery inspection,ProcessLvl1,preparation for reuse,Distribution,BATT_LIBDismantled,,,BATT_EVInspectedRecycling,BATT_ProductLvl1,battLiRechargeable,0.7548,,±20%,CIR,2038,3.5,other,Various references and assumptions,,preparation,CIR
2521,1,EV battery inspection,ProcessLvl1,preparation for reuse,Distribution,BATT_LIBDismantled,,,BATT_EVInspectedReuse,BATT_ProductLvl1,battLiRechargeable,0.2552,,±20%,CIR,2039,3.5,other,Various references and assumptions,,preparation,CIR
2522,1,EV battery inspection,ProcessLvl1,preparation for reuse,Distribution,BATT_LIBDismantled,,,BATT_EVInspectedRecycling,BATT_ProductLvl1,battLiRechargeable,0.7548,,±20%,CIR,2039,3.5,other,Various references and assumptions,,preparation,CIR
2523,1,EV battery inspection,ProcessLvl1,preparation for reuse,Distribution,BATT_LIBDismantled,,,BATT_EVInspectedReuse,BATT_ProductLvl1,battLiRechargeable,0.271,,±20%,CIR,2040,3.5,other,Various references and assumptions,,preparation,CIR
2524,1,EV battery inspection,ProcessLvl1,preparation for reuse,Distribution,BATT_LIBDismantled,,,BATT_EVInspectedRecycling,BATT_ProductLvl1,battLiRechargeable,0.729,,±20%,CIR,2040,3.5,other,Various references and assumptions,,preparation,CIR
2525,1,EV battery inspection,ProcessLvl1,preparation for reuse,Distribution,BATT_LIBDismantled,,,BATT_EVInspectedReuse,BATT_ProductLvl1,battLiRechargeable,0.2839,,±20%,CIR,2041,4.0,other,Various references and assumptions,,preparation,CIR
2526,1,EV battery inspection,ProcessLvl1,preparation for reuse,Distribution,BATT_LIBDismantled,,,BATT_EVInspectedRecycling,BATT_ProductLvl1,battLiRechargeable,0.7161,,±20%,CIR,2041,4.0,other,Various references and assumptions,,preparation,CIR
2527,1,EV battery inspection,ProcessLvl1,preparation for reuse,Distribution,BATT_LIBDismantled,,,BATT_EVInspectedReuse,BATT_ProductLvl1,battLiRechargeable,0.2968,,±20%,CIR,2042,4.0,other,Various references and assumptions,,preparation,CIR
2528,1,EV battery inspection,ProcessLvl1,preparation for reuse,Distribution,BATT_LIBDismantled,,,BATT_EVInspectedRecycling,BATT_ProductLvl1,battLiRechargeable,0.7032,,±20%,CIR,2042,4.0,other,Various references and assumptions,,preparation,CIR
2529,1,EV battery inspection,ProcessLvl1,preparation for reuse,Distribution,BATT_LIBDismantled,,,BATT_EVInspectedReuse,BATT_ProductLvl1,battLiRechargeable,0.3097,,±20%,CIR,2043,4.0,other,Various references and assumptions,,preparation,CIR
2530,1,EV battery inspection,ProcessLvl1,preparation for reuse,Distribution,BATT_LIBDismantled,,,BATT_EVInspectedRecycling,BATT_ProductLvl1,battLiRechargeable,0.6903,,±20%,CIR,2043,4.0,other,Various references and assumptions,,preparation,CIR
2531,1,EV battery inspection,ProcessLvl1,preparation for reuse,Distribution,BATT_LIBDismantled,,,BATT_EVInspectedReuse,BATT_ProductLvl1,battLiRechargeable,0.3226,,±20%,CIR,2044,4.0,other,Various references and assumptions,,preparation,CIR
2532,1,EV battery inspection,ProcessLvl1,preparation for reuse,Distribution,BATT_LIBDismantled,,,BATT_EVInspectedRecycling,BATT_ProductLvl1,battLiRechargeable,0.6774,,±20%,CIR,2044,4.0,other,Various references and assumptions,,preparation,CIR
2533,1,EV battery inspection,ProcessLvl1,preparation for reuse,Distribution,BATT_LIBDismantled,,,BATT_EVInspectedReuse,BATT_ProductLvl1,battLiRechargeable,0.3355,,±20%,CIR,2045,4.0,other,Various references and assumptions,,preparation,CIR
2534,1,EV battery inspection,ProcessLvl1,preparation for reuse,Distribution,BATT_LIBDismantled,,,BATT_EVInspectedRecycling,BATT_ProductLvl1,battLiRechargeable,0.6645,,±20%,CIR,2045,4.0,other,Various references and assumptions,,preparation,CIR
2535,1,EV battery inspection,ProcessLvl1,preparation for reuse,Distribution,BATT_LIBDismantled,,,BATT_EVInspectedReuse,BATT_ProductLvl1,battLiRechargeable,0.3484,,±20%,CIR,2046,4.0,other,Various references and assumptions,,preparation,CIR
2536,1,EV battery inspection,ProcessLvl1,preparation for reuse,Distribution,BATT_LIBDismantled,,,BATT_EVInspectedRecycling,BATT_ProductLvl1,battLiRechargeable,0.6516,,±20%,CIR,2046,4.0,other,Various references and assumptions,,preparation,CIR
2537,1,EV battery inspection,ProcessLvl1,preparation for reuse,Distribution,BATT_LIBDismantled,,,BATT_EVInspectedReuse,BATT_ProductLvl1,battLiRechargeable,0.3613,,±20%,CIR,2047,4.0,other,Various references and assumptions,,preparation,CIR
2538,1,EV battery inspection,ProcessLvl1,preparation for reuse,Distribution,BATT_LIBDismantled,,,BATT_EVInspectedRecycling,BATT_ProductLvl1,battLiRechargeable,0.6387,,±20%,CIR,2047,4.0,other,Various references and assumptions,,preparation,CIR
2539,1,EV battery inspection,ProcessLvl1,preparation for reuse,Distribution,BATT_LIBDismantled,,,BATT_EVInspectedReuse,BATT_ProductLvl1,battLiRechargeable,0.3742,,±20%,CIR,2048,4.0,other,Various references and assumptions,,preparation,CIR
2540,1,EV battery inspection,ProcessLvl1,preparation for reuse,Distribution,BATT_LIBDismantled,,,BATT_EVInspectedRecycling,BATT_ProductLvl1,battLiRechargeable,0.6258,,±20%,CIR,2048,4.0,other,Various references and assumptions,,preparation,CIR
2541,1,EV battery inspection,ProcessLvl1,preparation for reuse,Distribution,BATT_LIBDismantled,,,BATT_EVInspectedReuse,BATT_ProductLvl1,battLiRechargeable,0.3871,,±20%,CIR,2049,4.0,other,Various references and assumptions,,preparation,CIR
2542,1,EV battery inspection,ProcessLvl1,preparation for reuse,Distribution,BATT_LIBDismantled,,,BATT_EVInspectedRecycling,BATT_ProductLvl1,battLiRechargeable,0.6129,,±20%,CIR,2049,4.0,other,Various references and assumptions,,preparation,CIR
2543,1,EV battery inspection,ProcessLvl1,preparation for reuse,Distribution,BATT_LIBDismantled,,,BATT_EVInspectedReuse,BATT_ProductLvl1,battLiRechargeable,0.4,,±20%,CIR,2050,4.0,other,Various references and assumptions,,preparation,CIR
2544,1,EV battery inspection,ProcessLvl1,preparation for reuse,Distribution,BATT_LIBDismantled,,,BATT_EVInspectedRecycling,BATT_ProductLvl1,battLiRechargeable,0.6,,±20%,CIR,2050,4.0,other,Various references and assumptions,,preparation,CIR
2545,1,EV battery inspection,ProcessLvl1,preparation for reuse,Distribution,BATT_LIBDismantled,,,BATT_EVInspectedReuse,BATT_ProductLvl1,battNaRechargeable,0.0,,±15%,OBS/BAU/REC/CIR,2010,2.5,other,Various references and assumptions,,preparation,OBS/BAU/REC/CIR
2546,1,EV battery inspection,ProcessLvl1,preparation for reuse,Distribution,BATT_LIBDismantled,,,BATT_EVInspectedRecyclingSIB,BATT_ProductLvl1,battNaRechargeable,1.0,,±15%,OBS/BAU/REC/CIR,2010,2.5,other,Various references and assumptions,,preparation,OBS/BAU/REC/CIR
2547,1,EV battery inspection,ProcessLvl1,preparation for reuse,Distribution,BATT_LIBDismantled,,,BATT_EVInspectedReuse,BATT_ProductLvl1,battNaRechargeable,0.0,,±15%,OBS/BAU/REC/CIR,2019,2.5,other,Various references and assumptions,,preparation,OBS/BAU/REC/CIR
2548,1,EV battery inspection,ProcessLvl1,preparation for reuse,Distribution,BATT_LIBDismantled,,,BATT_EVInspectedRecyclingSIB,BATT_ProductLvl1,battNaRechargeable,1.0,,±15%,OBS/BAU/REC/CIR,2019,2.5,other,Various references and assumptions,,preparation,OBS/BAU/REC/CIR
2549,1,EV battery inspection,ProcessLvl1,preparation for reuse,Distribution,BATT_LIBDismantled,,,BATT_EVInspectedReuse,BATT_ProductLvl1,battNaRechargeable,0.0065,,±15%,REC,2020,2.5,other,Various references and assumptions,,preparation,REC
2550,1,EV battery inspection,ProcessLvl1,preparation for reuse,Distribution,BATT_LIBDismantled,,,BATT_EVInspectedRecyclingSIB,BATT_ProductLvl1,battNaRechargeable,0.9935,,±15%,REC,2020,2.5,other,Various references and assumptions,,preparation,REC
2551,1,EV battery inspection,ProcessLvl1,preparation for reuse,Distribution,BATT_LIBDismantled,,,BATT_EVInspectedReuse,BATT_ProductLvl1,battNaRechargeable,0.0129,,±15%,REC,2021,2.5,other,Various references and assumptions,,preparation,REC
2552,1,EV battery inspection,ProcessLvl1,preparation for reuse,Distribution,BATT_LIBDismantled,,,BATT_EVInspectedRecyclingSIB,BATT_ProductLvl1,battNaRechargeable,0.9871,,±15%,REC,2021,2.5,other,Various references and assumptions,,preparation,REC
2553,1,EV battery inspection,ProcessLvl1,preparation for reuse,Distribution,BATT_LIBDismantled,,,BATT_EVInspectedReuse,BATT_ProductLvl1,battNaRechargeable,0.0194,,±15%,REC,2022,2.5,other,Various references and assumptions,,preparation,REC
2554,1,EV battery inspection,ProcessLvl1,preparation for reuse,Distribution,BATT_LIBDismantled,,,BATT_EVInspectedRecyclingSIB,BATT_ProductLvl1,battNaRechargeable,0.9806,,±15%,REC,2022,2.5,other,Various references and assumptions,,preparation,REC
2555,1,EV battery inspection,ProcessLvl1,preparation for reuse,Distribution,BATT_LIBDismantled,,,BATT_EVInspectedReuse,BATT_ProductLvl1,battNaRechargeable,0.0258,,±15%,REC,2023,2.5,other,Various references and assumptions,,preparation,REC
2556,1,EV battery inspection,ProcessLvl1,preparation for reuse,Distribution,BATT_LIBDismantled,,,BATT_EVInspectedRecyclingSIB,BATT_ProductLvl1,battNaRechargeable,0.9742,,±15%,REC,2023,2.5,other,Various references and assumptions,,preparation,REC
2557,1,EV battery inspection,ProcessLvl1,preparation for reuse,Distribution,BATT_LIBDismantled,,,BATT_EVInspectedReuse,BATT_ProductLvl1,battNaRechargeable,0.0323,,±15%,REC,2024,2.5,other,Various references and assumptions,,preparation,REC
2558,1,EV battery inspection,ProcessLvl1,preparation for reuse,Distribution,BATT_LIBDismantled,,,BATT_EVInspectedRecyclingSIB,BATT_ProductLvl1,battNaRechargeable,0.9677,,±15%,REC,2024,2.5,other,Various references and assumptions,,preparation,REC
2559,1,EV battery inspection,ProcessLvl1,preparation for reuse,Distribution,BATT_LIBDismantled,,,BATT_EVInspectedReuse,BATT_ProductLvl1,battNaRechargeable,0.0387,,±15%,REC,2025,2.5,other,Various references and assumptions,,preparation,REC
2560,1,EV battery inspection,ProcessLvl1,preparation for reuse,Distribution,BATT_LIBDismantled,,,BATT_EVInspectedRecyclingSIB,BATT_ProductLvl1,battNaRechargeable,0.9613,,±15%,REC,2025,2.5,other,Various references and assumptions,,preparation,REC
2561,1,EV battery inspection,ProcessLvl1,preparation for reuse,Distribution,BATT_LIBDismantled,,,BATT_EVInspectedReuse,BATT_ProductLvl1,battNaRechargeable,0.0452,,±15%,REC,2026,3.0,other,Various references and assumptions,,preparation,REC
2562,1,EV battery inspection,ProcessLvl1,preparation for reuse,Distribution,BATT_LIBDismantled,,,BATT_EVInspectedRecyclingSIB,BATT_ProductLvl1,battNaRechargeable,0.9548,,±15%,REC,2026,3.0,other,Various references and assumptions,,preparation,REC
2563,1,EV battery inspection,ProcessLvl1,preparation for reuse,Distribution,BATT_LIBDismantled,,,BATT_EVInspectedReuse,BATT_ProductLvl1,battNaRechargeable,0.0516,,±15%,REC,2027,3.0,other,Various references and assumptions,,preparation,REC
2564,1,EV battery inspection,ProcessLvl1,preparation for reuse,Distribution,BATT_LIBDismantled,,,BATT_EVInspectedRecyclingSIB,BATT_ProductLvl1,battNaRechargeable,0.9484,,±15%,REC,2027,3.0,other,Various references and assumptions,,preparation,REC
2565,1,EV battery inspection,ProcessLvl1,preparation for reuse,Distribution,BATT_LIBDismantled,,,BATT_EVInspectedReuse,BATT_ProductLvl1,battNaRechargeable,0.0581,,±15%,REC,2028,3.0,other,Various references and assumptions,,preparation,REC
2566,1,EV battery inspection,ProcessLvl1,preparation for reuse,Distribution,BATT_LIBDismantled,,,BATT_EVInspectedRecyclingSIB,BATT_ProductLvl1,battNaRechargeable,0.9419,,±15%,REC,2028,3.0,other,Various references and assumptions,,preparation,REC
2567,1,EV battery inspection,ProcessLvl1,preparation for reuse,Distribution,BATT_LIBDismantled,,,BATT_EVInspectedReuse,BATT_ProductLvl1,battNaRechargeable,0.0645,,±15%,REC,2029,3.0,other,Various references and assumptions,,preparation,REC
2568,1,EV battery inspection,ProcessLvl1,preparation for reuse,Distribution,BATT_LIBDismantled,,,BATT_EVInspectedRecyclingSIB,BATT_ProductLvl1,battNaRechargeable,0.9355,,±15%,REC,2029,3.0,other,Various references and assumptions,,preparation,REC
2569,1,EV battery inspection,ProcessLvl1,preparation for reuse,Distribution,BATT_LIBDismantled,,,BATT_EVInspectedReuse,BATT_ProductLvl1,battNaRechargeable,0.071,,±15%,REC,2030,3.0,other,Various references and assumptions,,preparation,REC
2570,1,EV battery inspection,ProcessLvl1,preparation for reuse,Distribution,BATT_LIBDismantled,,,BATT_EVInspectedRecyclingSIB,BATT_ProductLvl1,battNaRechargeable,0.929,,±15%,REC,2030,3.0,other,Various references and assumptions,,preparation,REC
2571,1,EV battery inspection,ProcessLvl1,preparation for reuse,Distribution,BATT_LIBDismantled,,,BATT_EVInspectedReuse,BATT_ProductLvl1,battNaRechargeable,0.0759,,±20%,REC,2031,3.5,other,Various references and assumptions,,preparation,REC
2572,1,EV battery inspection,ProcessLvl1,preparation for reuse,Distribution,BATT_LIBDismantled,,,BATT_EVInspectedRecyclingSIB,BATT_ProductLvl1,battNaRechargeable,0.9241,,±20%,REC,2031,3.5,other,Various references and assumptions,,preparation,REC
2573,1,EV battery inspection,ProcessLvl1,preparation for reuse,Distribution,BATT_LIBDismantled,,,BATT_EVInspectedReuse,BATT_ProductLvl1,battNaRechargeable,0.0839,,±20%,REC,2032,3.5,other,Various references and assumptions,,preparation,REC
2574,1,EV battery inspection,ProcessLvl1,preparation for reuse,Distribution,BATT_LIBDismantled,,,BATT_EVInspectedRecyclingSIB,BATT_ProductLvl1,battNaRechargeable,0.9161,,±20%,REC,2032,3.5,other,Various references and assumptions,,preparation,REC
2575,1,EV battery inspection,ProcessLvl1,preparation for reuse,Distribution,BATT_LIBDismantled,,,BATT_EVInspectedReuse,BATT_ProductLvl1,battNaRechargeable,0.0903,,±20%,REC,2033,3.5,other,Various references and assumptions,,preparation,REC
2576,1,EV battery inspection,ProcessLvl1,preparation for reuse,Distribution,BATT_LIBDismantled,,,BATT_EVInspectedRecyclingSIB,BATT_ProductLvl1,battNaRechargeable,0.9097,,±20%,REC,2033,3.5,other,Various references and assumptions,,preparation,REC
2577,1,EV battery inspection,ProcessLvl1,preparation for reuse,Distribution,BATT_LIBDismantled,,,BATT_EVInspectedReuse,BATT_ProductLvl1,battNaRechargeable,0.0968,,±20%,REC,2034,3.5,other,Various references and assumptions,,preparation,REC
2578,1,EV battery inspection,ProcessLvl1,preparation for reuse,Distribution,BATT_LIBDismantled,,,BATT_EVInspectedRecyclingSIB,BATT_ProductLvl1,battNaRechargeable,0.9032,,±20%,REC,2034,3.5,other,Various references and assumptions,,preparation,REC
2579,1,EV battery inspection,ProcessLvl1,preparation for reuse,Distribution,BATT_LIBDismantled,,,BATT_EVInspectedReuse,BATT_ProductLvl1,battNaRechargeable,0.1032,,±20%,REC,2035,3.5,other,Various references and assumptions,,preparation,REC
2580,1,EV battery inspection,ProcessLvl1,preparation for reuse,Distribution,BATT_LIBDismantled,,,BATT_EVInspectedRecyclingSIB,BATT_ProductLvl1,battNaRechargeable,0.8968,,±20%,REC,2035,3.5,other,Various references and assumptions,,preparation,REC
2581,1,EV battery inspection,ProcessLvl1,preparation for reuse,Distribution,BATT_LIBDismantled,,,BATT_EVInspectedReuse,BATT_ProductLvl1,battNaRechargeable,0.1097,,±20%,REC,2036,3.5,other,Various references and assumptions,,preparation,REC
2582,1,EV battery inspection,ProcessLvl1,preparation for reuse,Distribution,BATT_LIBDismantled,,,BATT_EVInspectedRecyclingSIB,BATT_ProductLvl1,battNaRechargeable,0.8903,,±20%,REC,2036,3.5,other,Various references and assumptions,,preparation,REC
2583,1,EV battery inspection,ProcessLvl1,preparation for reuse,Distribution,BATT_LIBDismantled,,,BATT_EVInspectedReuse,BATT_ProductLvl1,battNaRechargeable,0.1161,,±20%,REC,2037,3.5,other,Various references and assumptions,,preparation,REC
2584,1,EV battery inspection,ProcessLvl1,preparation for reuse,Distribution,BATT_LIBDismantled,,,BATT_EVInspectedRecyclingSIB,BATT_ProductLvl1,battNaRechargeable,0.8839,,±20%,REC,2037,3.5,other,Various references and assumptions,,preparation,REC
2585,1,EV battery inspection,ProcessLvl1,preparation for reuse,Distribution,BATT_LIBDismantled,,,BATT_EVInspectedReuse,BATT_ProductLvl1,battNaRechargeable,0.1226,,±20%,REC,2038,3.5,other,Various references and assumptions,,preparation,REC
2586,1,EV battery inspection,ProcessLvl1,preparation for reuse,Distribution,BATT_LIBDismantled,,,BATT_EVInspectedRecyclingSIB,BATT_ProductLvl1,battNaRechargeable,0.8774,,±20%,REC,2038,3.5,other,Various references and assumptions,,preparation,REC
2587,1,EV battery inspection,ProcessLvl1,preparation for reuse,Distribution,BATT_LIBDismantled,,,BATT_EVInspectedReuse,BATT_ProductLvl1,battNaRechargeable,0.129,,±20%,REC,2039,3.5,other,Various references and assumptions,,preparation,REC
2588,1,EV battery inspection,ProcessLvl1,preparation for reuse,Distribution,BATT_LIBDismantled,,,BATT_EVInspectedRecyclingSIB,BATT_ProductLvl1,battNaRechargeable,0.871,,±20%,REC,2039,3.5,other,Various references and assumptions,,preparation,REC
2589,1,EV battery inspection,ProcessLvl1,preparation for reuse,Distribution,BATT_LIBDismantled,,,BATT_EVInspectedReuse,BATT_ProductLvl1,battNaRechargeable,0.1355,,±20%,REC,2040,3.5,other,Various references and assumptions,,preparation,REC
2590,1,EV battery inspection,ProcessLvl1,preparation for reuse,Distribution,BATT_LIBDismantled,,,BATT_EVInspectedRecyclingSIB,BATT_ProductLvl1,battNaRechargeable,0.8645,,±20%,REC,2040,3.5,other,Various references and assumptions,,preparation,REC
2591,1,EV battery inspection,ProcessLvl1,preparation for reuse,Distribution,BATT_LIBDismantled,,,BATT_EVInspectedReuse,BATT_ProductLvl1,battNaRechargeable,0.1419,,±20%,REC,2041,4.0,other,Various references and assumptions,,preparation,REC
2592,1,EV battery inspection,ProcessLvl1,preparation for reuse,Distribution,BATT_LIBDismantled,,,BATT_EVInspectedRecyclingSIB,BATT_ProductLvl1,battNaRechargeable,0.8581,,±20%,REC,2041,4.0,other,Various references and assumptions,,preparation,REC
2593,1,EV battery inspection,ProcessLvl1,preparation for reuse,Distribution,BATT_LIBDismantled,,,BATT_EVInspectedReuse,BATT_ProductLvl1,battNaRechargeable,0.1484,,±20%,REC,2042,4.0,other,Various references and assumptions,,preparation,REC
2594,1,EV battery inspection,ProcessLvl1,preparation for reuse,Distribution,BATT_LIBDismantled,,,BATT_EVInspectedRecyclingSIB,BATT_ProductLvl1,battNaRechargeable,0.8516,,±20%,REC,2042,4.0,other,Various references and assumptions,,preparation,REC
2595,1,EV battery inspection,ProcessLvl1,preparation for reuse,Distribution,BATT_LIBDismantled,,,BATT_EVInspectedReuse,BATT_ProductLvl1,battNaRechargeable,0.1548,,±20%,REC,2043,4.0,other,Various references and assumptions,,preparation,REC
2596,1,EV battery inspection,ProcessLvl1,preparation for reuse,Distribution,BATT_LIBDismantled,,,BATT_EVInspectedRecyclingSIB,BATT_ProductLvl1,battNaRechargeable,0.8452,,±20%,REC,2043,4.0,other,Various references and assumptions,,preparation,REC
2597,1,EV battery inspection,ProcessLvl1,preparation for reuse,Distribution,BATT_LIBDismantled,,,BATT_EVInspectedReuse,BATT_ProductLvl1,battNaRechargeable,0.1613,,±20%,REC,2044,4.0,other,Various references and assumptions,,preparation,REC
2598,1,EV battery inspection,ProcessLvl1,preparation for reuse,Distribution,BATT_LIBDismantled,,,BATT_EVInspectedRecyclingSIB,BATT_ProductLvl1,battNaRechargeable,0.8387,,±20%,REC,2044,4.0,other,Various references and assumptions,,preparation,REC
2599,1,EV battery inspection,ProcessLvl1,preparation for reuse,Distribution,BATT_LIBDismantled,,,BATT_EVInspectedReuse,BATT_ProductLvl1,battNaRechargeable,0.1677,,±20%,REC,2045,4.0,other,Various references and assumptions,,preparation,REC
2600,1,EV battery inspection,ProcessLvl1,preparation for reuse,Distribution,BATT_LIBDismantled,,,BATT_EVInspectedRecyclingSIB,BATT_ProductLvl1,battNaRechargeable,0.8323,,±20%,REC,2045,4.0,other,Various references and assumptions,,preparation,REC
2601,1,EV battery inspection,ProcessLvl1,preparation for reuse,Distribution,BATT_LIBDismantled,,,BATT_EVInspectedReuse,BATT_ProductLvl1,battNaRechargeable,0.1742,,±20%,REC,2046,4.0,other,Various references and assumptions,,preparation,REC
2602,1,EV battery inspection,ProcessLvl1,preparation for reuse,Distribution,BATT_LIBDismantled,,,BATT_EVInspectedRecyclingSIB,BATT_ProductLvl1,battNaRechargeable,0.8258,,±20%,REC,2046,4.0,other,Various references and assumptions,,preparation,REC
2603,1,EV battery inspection,ProcessLvl1,preparation for reuse,Distribution,BATT_LIBDismantled,,,BATT_EVInspectedReuse,BATT_ProductLvl1,battNaRechargeable,0.1806,,±20%,REC,2047,4.0,other,Various references and assumptions,,preparation,REC
2604,1,EV battery inspection,ProcessLvl1,preparation for reuse,Distribution,BATT_LIBDismantled,,,BATT_EVInspectedRecyclingSIB,BATT_ProductLvl1,battNaRechargeable,0.8194,,±20%,REC,2047,4.0,other,Various references and assumptions,,preparation,REC
2605,1,EV battery inspection,ProcessLvl1,preparation for reuse,Distribution,BATT_LIBDismantled,,,BATT_EVInspectedReuse,BATT_ProductLvl1,battNaRechargeable,0.1871,,±20%,REC,2048,4.0,other,Various references and assumptions,,preparation,REC
2606,1,EV battery inspection,ProcessLvl1,preparation for reuse,Distribution,BATT_LIBDismantled,,,BATT_EVInspectedRecyclingSIB,BATT_ProductLvl1,battNaRechargeable,0.8129,,±20%,REC,2048,4.0,other,Various references and assumptions,,preparation,REC
2607,1,EV battery inspection,ProcessLvl1,preparation for reuse,Distribution,BATT_LIBDismantled,,,BATT_EVInspectedReuse,BATT_ProductLvl1,battNaRechargeable,0.1935,,±20%,REC,2049,4.0,other,Various references and assumptions,,preparation,REC
2608,1,EV battery inspection,ProcessLvl1,preparation for reuse,Distribution,BATT_LIBDismantled,,,BATT_EVInspectedRecyclingSIB,BATT_ProductLvl1,battNaRechargeable,0.8065,,±20%,REC,2049,4.0,other,Various references and assumptions,,preparation,REC
2609,1,EV battery inspection,ProcessLvl1,preparation for reuse,Distribution,BATT_LIBDismantled,,,BATT_EVInspectedReuse,BATT_ProductLvl1,battNaRechargeable,0.2,,±20%,REC,2050,4.0,other,Various references and assumptions,,preparation,REC
2610,1,EV battery inspection,ProcessLvl1,preparation for reuse,Distribution,BATT_LIBDismantled,,,BATT_EVInspectedRecyclingSIB,BATT_ProductLvl1,battNaRechargeable,0.8,,±20%,REC,2050,4.0,other,Various references and assumptions,,preparation,REC
2611,1,EV battery inspection,ProcessLvl1,preparation for reuse,Distribution,BATT_LIBDismantled,,,BATT_EVInspectedReuse,BATT_ProductLvl1,battNaRechargeable,0.0,,±15%,CIR,2010,2.5,other,Various references and assumptions,,preparation,CIR
2612,1,EV battery inspection,ProcessLvl1,preparation for reuse,Distribution,BATT_LIBDismantled,,,BATT_EVInspectedRecyclingSIB,BATT_ProductLvl1,battNaRechargeable,1.0,,±15%,CIR,2010,2.5,other,Various references and assumptions,,preparation,CIR
2613,1,EV battery inspection,ProcessLvl1,preparation for reuse,Distribution,BATT_LIBDismantled,,,BATT_EVInspectedReuse,BATT_ProductLvl1,battNaRechargeable,0.0,,±15%,CIR,2019,2.5,other,Various references and assumptions,,preparation,CIR
2614,1,EV battery inspection,ProcessLvl1,preparation for reuse,Distribution,BATT_LIBDismantled,,,BATT_EVInspectedRecyclingSIB,BATT_ProductLvl1,battNaRechargeable,1.0,,±15%,CIR,2019,2.5,other,Various references and assumptions,,preparation,CIR
2615,1,EV battery inspection,ProcessLvl1,preparation for reuse,Distribution,BATT_LIBDismantled,,,BATT_EVInspectedReuse,BATT_ProductLvl1,battNaRechargeable,0.0129,,±15%,CIR,2020,2.5,other,Various references and assumptions,,preparation,CIR
2616,1,EV battery inspection,ProcessLvl1,preparation for reuse,Distribution,BATT_LIBDismantled,,,BATT_EVInspectedRecyclingSIB,BATT_ProductLvl1,battNaRechargeable,0.9871,,±15%,CIR,2020,2.5,other,Various references and assumptions,,preparation,CIR
2617,1,EV battery inspection,ProcessLvl1,preparation for reuse,Distribution,BATT_LIBDismantled,,,BATT_EVInspectedReuse,BATT_ProductLvl1,battNaRechargeable,0.0258,,±15%,CIR,2021,2.5,other,Various references and assumptions,,preparation,CIR
2618,1,EV battery inspection,ProcessLvl1,preparation for reuse,Distribution,BATT_LIBDismantled,,,BATT_EVInspectedRecyclingSIB,BATT_ProductLvl1,battNaRechargeable,0.9742,,±15%,CIR,2021,2.5,other,Various references and assumptions,,preparation,CIR
2619,1,EV battery inspection,ProcessLvl1,preparation for reuse,Distribution,BATT_LIBDismantled,,,BATT_EVInspectedReuse,BATT_ProductLvl1,battNaRechargeable,0.0387,,±15%,CIR,2022,2.5,other,Various references and assumptions,,preparation,CIR
2620,1,EV battery inspection,ProcessLvl1,preparation for reuse,Distribution,BATT_LIBDismantled,,,BATT_EVInspectedRecyclingSIB,BATT_ProductLvl1,battNaRechargeable,0.9613,,±15%,CIR,2022,2.5,other,Various references and assumptions,,preparation,CIR
2621,1,EV battery inspection,ProcessLvl1,preparation for reuse,Distribution,BATT_LIBDismantled,,,BATT_EVInspectedReuse,BATT_ProductLvl1,battNaRechargeable,0.0516,,±15%,CIR,2023,2.5,other,Various references and assumptions,,preparation,CIR
2622,1,EV battery inspection,ProcessLvl1,preparation for reuse,Distribution,BATT_LIBDismantled,,,BATT_EVInspectedRecyclingSIB,BATT_ProductLvl1,battNaRechargeable,0.9484,,±15%,CIR,2023,2.5,other,Various references and assumptions,,preparation,CIR
2623,1,EV battery inspection,ProcessLvl1,preparation for reuse,Distribution,BATT_LIBDismantled,,,BATT_EVInspectedReuse,BATT_ProductLvl1,battNaRechargeable,0.0645,,±15%,CIR,2024,2.5,other,Various references and assumptions,,preparation,CIR
2624,1,EV battery inspection,ProcessLvl1,preparation for reuse,Distribution,BATT_LIBDismantled,,,BATT_EVInspectedRecyclingSIB,BATT_ProductLvl1,battNaRechargeable,0.9355,,±15%,CIR,2024,2.5,other,Various references and assumptions,,preparation,CIR
2625,1,EV battery inspection,ProcessLvl1,preparation for reuse,Distribution,BATT_LIBDismantled,,,BATT_EVInspectedReuse,BATT_ProductLvl1,battNaRechargeable,0.0774,,±15%,CIR,2025,2.5,other,Various references and assumptions,,preparation,CIR
2626,1,EV battery inspection,ProcessLvl1,preparation for reuse,Distribution,BATT_LIBDismantled,,,BATT_EVInspectedRecyclingSIB,BATT_ProductLvl1,battNaRechargeable,0.9226,,±15%,CIR,2025,2.5,other,Various references and assumptions,,preparation,CIR
2627,1,EV battery inspection,ProcessLvl1,preparation for reuse,Distribution,BATT_LIBDismantled,,,BATT_EVInspectedReuse,BATT_ProductLvl1,battNaRechargeable,0.0903,,±15%,CIR,2026,3.0,other,Various references and assumptions,,preparation,CIR
2628,1,EV battery inspection,ProcessLvl1,preparation for reuse,Distribution,BATT_LIBDismantled,,,BATT_EVInspectedRecyclingSIB,BATT_ProductLvl1,battNaRechargeable,0.9097,,±15%,CIR,2026,3.0,other,Various references and assumptions,,preparation,CIR
2629,1,EV battery inspection,ProcessLvl1,preparation for reuse,Distribution,BATT_LIBDismantled,,,BATT_EVInspectedReuse,BATT_ProductLvl1,battNaRechargeable,0.1032,,±15%,CIR,2027,3.0,other,Various references and assumptions,,preparation,CIR
2630,1,EV battery inspection,ProcessLvl1,preparation for reuse,Distribution,BATT_LIBDismantled,,,BATT_EVInspectedRecyclingSIB,BATT_ProductLvl1,battNaRechargeable,0.8968,,±15%,CIR,2027,3.0,other,Various references and assumptions,,preparation,CIR
2631,1,EV battery inspection,ProcessLvl1,preparation for reuse,Distribution,BATT_LIBDismantled,,,BATT_EVInspectedReuse,BATT_ProductLvl1,battNaRechargeable,0.1161,,±15%,CIR,2028,3.0,other,Various references and assumptions,,preparation,CIR
2632,1,EV battery inspection,ProcessLvl1,preparation for reuse,Distribution,BATT_LIBDismantled,,,BATT_EVInspectedRecyclingSIB,BATT_ProductLvl1,battNaRechargeable,0.8839,,±15%,CIR,2028,3.0,other,Various references and assumptions,,preparation,CIR
2633,1,EV battery inspection,ProcessLvl1,preparation for reuse,Distribution,BATT_LIBDismantled,,,BATT_EVInspectedReuse,BATT_ProductLvl1,battNaRechargeable,0.129,,±15%,CIR,2029,3.0,other,Various references and assumptions,,preparation,CIR
2634,1,EV battery inspection,ProcessLvl1,preparation for reuse,Distribution,BATT_LIBDismantled,,,BATT_EVInspectedRecyclingSIB,BATT_ProductLvl1,battNaRechargeable,0.871,,±15%,CIR,2029,3.0,other,Various references and assumptions,,preparation,CIR
2635,1,EV battery inspection,ProcessLvl1,preparation for reuse,Distribution,BATT_LIBDismantled,,,BATT_EVInspectedReuse,BATT_ProductLvl1,battNaRechargeable,0.1419,,±15%,CIR,2030,3.0,other,Various references and assumptions,,preparation,CIR
2636,1,EV battery inspection,ProcessLvl1,preparation for reuse,Distribution,BATT_LIBDismantled,,,BATT_EVInspectedRecyclingSIB,BATT_ProductLvl1,battNaRechargeable,0.8581,,±15%,CIR,2030,3.0,other,Various references and assumptions,,preparation,CIR
2637,1,EV battery inspection,ProcessLvl1,preparation for reuse,Distribution,BATT_LIBDismantled,,,BATT_EVInspectedReuse,BATT_ProductLvl1,battNaRechargeable,0.1548,,±20%,CIR,2031,3.5,other,Various references and assumptions,,preparation,CIR
2638,1,EV battery inspection,ProcessLvl1,preparation for reuse,Distribution,BATT_LIBDismantled,,,BATT_EVInspectedRecyclingSIB,BATT_ProductLvl1,battNaRechargeable,0.8452,,±20%,CIR,2031,3.5,other,Various references and assumptions,,preparation,CIR
2639,1,EV battery inspection,ProcessLvl1,preparation for reuse,Distribution,BATT_LIBDismantled,,,BATT_EVInspectedReuse,BATT_ProductLvl1,battNaRechargeable,0.1677,,±20%,CIR,2032,3.5,other,Various references and assumptions,,preparation,CIR
2640,1,EV battery inspection,ProcessLvl1,preparation for reuse,Distribution,BATT_LIBDismantled,,,BATT_EVInspectedRecyclingSIB,BATT_ProductLvl1,battNaRechargeable,0.8323,,±20%,CIR,2032,3.5,other,Various references and assumptions,,preparation,CIR
2641,1,EV battery inspection,ProcessLvl1,preparation for reuse,Distribution,BATT_LIBDismantled,,,BATT_EVInspectedReuse,BATT_ProductLvl1,battNaRechargeable,0.1806,,±20%,CIR,2033,3.5,other,Various references and assumptions,,preparation,CIR
2642,1,EV battery inspection,ProcessLvl1,preparation for reuse,Distribution,BATT_LIBDismantled,,,BATT_EVInspectedRecyclingSIB,BATT_ProductLvl1,battNaRechargeable,0.8194,,±20%,CIR,2033,3.5,other,Various references and assumptions,,preparation,CIR
2643,1,EV battery inspection,ProcessLvl1,preparation for reuse,Distribution,BATT_LIBDismantled,,,BATT_EVInspectedReuse,BATT_ProductLvl1,battNaRechargeable,0.1935,,±20%,CIR,2034,3.5,other,Various references and assumptions,,preparation,CIR
2644,1,EV battery inspection,ProcessLvl1,preparation for reuse,Distribution,BATT_LIBDismantled,,,BATT_EVInspectedRecyclingSIB,BATT_ProductLvl1,battNaRechargeable,0.8065,,±20%,CIR,2034,3.5,other,Various references and assumptions,,preparation,CIR
2645,1,EV battery inspection,ProcessLvl1,preparation for reuse,Distribution,BATT_LIBDismantled,,,BATT_EVInspectedReuse,BATT_ProductLvl1,battNaRechargeable,0.2065,,±20%,CIR,2035,3.5,other,Various references and assumptions,,preparation,CIR
2646,1,EV battery inspection,ProcessLvl1,preparation for reuse,Distribution,BATT_LIBDismantled,,,BATT_EVInspectedRecyclingSIB,BATT_ProductLvl1,battNaRechargeable,0.7935,,±20%,CIR,2035,3.5,other,Various references and assumptions,,preparation,CIR
2647,1,EV battery inspection,ProcessLvl1,preparation for reuse,Distribution,BATT_LIBDismantled,,,BATT_EVInspectedReuse,BATT_ProductLvl1,battNaRechargeable,0.2194,,±20%,CIR,2036,3.5,other,Various references and assumptions,,preparation,CIR
2648,1,EV battery inspection,ProcessLvl1,preparation for reuse,Distribution,BATT_LIBDismantled,,,BATT_EVInspectedRecyclingSIB,BATT_ProductLvl1,battNaRechargeable,0.7806,,±20%,CIR,2036,3.5,other,Various references and assumptions,,preparation,CIR
2649,1,EV battery inspection,ProcessLvl1,preparation for reuse,Distribution,BATT_LIBDismantled,,,BATT_EVInspectedReuse,BATT_ProductLvl1,battNaRechargeable,0.2323,,±20%,CIR,2037,3.5,other,Various references and assumptions,,preparation,CIR
2650,1,EV battery inspection,ProcessLvl1,preparation for reuse,Distribution,BATT_LIBDismantled,,,BATT_EVInspectedRecyclingSIB,BATT_ProductLvl1,battNaRechargeable,0.7677,,±20%,CIR,2037,3.5,other,Various references and assumptions,,preparation,CIR
2651,1,EV battery inspection,ProcessLvl1,preparation for reuse,Distribution,BATT_LIBDismantled,,,BATT_EVInspectedReuse,BATT_ProductLvl1,battNaRechargeable,0.2452,,±20%,CIR,2038,3.5,other,Various references and assumptions,,preparation,CIR
2652,1,EV battery inspection,ProcessLvl1,preparation for reuse,Distribution,BATT_LIBDismantled,,,BATT_EVInspectedRecyclingSIB,BATT_ProductLvl1,battNaRechargeable,0.7548,,±20%,CIR,2038,3.5,other,Various references and assumptions,,preparation,CIR
2653,1,EV battery inspection,ProcessLvl1,preparation for reuse,Distribution,BATT_LIBDismantled,,,BATT_EVInspectedReuse,BATT_ProductLvl1,battNaRechargeable,0.2552,,±20%,CIR,2039,3.5,other,Various references and assumptions,,preparation,CIR
2654,1,EV battery inspection,ProcessLvl1,preparation for reuse,Distribution,BATT_LIBDismantled,,,BATT_EVInspectedRecyclingSIB,BATT_ProductLvl1,battNaRechargeable,0.7448,,±20%,CIR,2039,3.5,other,Various references and assumptions,,preparation,CIR
2655,1,EV battery inspection,ProcessLvl1,preparation for reuse,Distribution,BATT_LIBDismantled,,,BATT_EVInspectedReuse,BATT_ProductLvl1,battNaRechargeable,0.271,,±20%,CIR,2040,3.5,other,Various references and assumptions,,preparation,CIR
2656,1,EV battery inspection,ProcessLvl1,preparation for reuse,Distribution,BATT_LIBDismantled,,,BATT_EVInspectedRecyclingSIB,BATT_ProductLvl1,battNaRechargeable,0.729,,±20%,CIR,2040,3.5,other,Various references and assumptions,,preparation,CIR
2657,1,EV battery inspection,ProcessLvl1,preparation for reuse,Distribution,BATT_LIBDismantled,,,BATT_EVInspectedReuse,BATT_ProductLvl1,battNaRechargeable,0.2839,,±20%,CIR,2041,4.0,other,Various references and assumptions,,preparation,CIR
2658,1,EV battery inspection,ProcessLvl1,preparation for reuse,Distribution,BATT_LIBDismantled,,,BATT_EVInspectedRecyclingSIB,BATT_ProductLvl1,battNaRechargeable,0.7161,,±20%,CIR,2041,4.0,other,Various references and assumptions,,preparation,CIR
2659,1,EV battery inspection,ProcessLvl1,preparation for reuse,Distribution,BATT_LIBDismantled,,,BATT_EVInspectedReuse,BATT_ProductLvl1,battNaRechargeable,0.2968,,±20%,CIR,2042,4.0,other,Various references and assumptions,,preparation,CIR
2660,1,EV battery inspection,ProcessLvl1,preparation for reuse,Distribution,BATT_LIBDismantled,,,BATT_EVInspectedRecyclingSIB,BATT_ProductLvl1,battNaRechargeable,0.7032,,±20%,CIR,2042,4.0,other,Various references and assumptions,,preparation,CIR
2661,1,EV battery inspection,ProcessLvl1,preparation for reuse,Distribution,BATT_LIBDismantled,,,BATT_EVInspectedReuse,BATT_ProductLvl1,battNaRechargeable,0.3097,,±20%,CIR,2043,4.0,other,Various references and assumptions,,preparation,CIR
2662,1,EV battery inspection,ProcessLvl1,preparation for reuse,Distribution,BATT_LIBDismantled,,,BATT_EVInspectedRecyclingSIB,BATT_ProductLvl1,battNaRechargeable,0.6903,,±20%,CIR,2043,4.0,other,Various references and assumptions,,preparation,CIR
2663,1,EV battery inspection,ProcessLvl1,preparation for reuse,Distribution,BATT_LIBDismantled,,,BATT_EVInspectedReuse,BATT_ProductLvl1,battNaRechargeable,0.3226,,±20%,CIR,2044,4.0,other,Various references and assumptions,,preparation,CIR
2664,1,EV battery inspection,ProcessLvl1,preparation for reuse,Distribution,BATT_LIBDismantled,,,BATT_EVInspectedRecyclingSIB,BATT_ProductLvl1,battNaRechargeable,0.6774,,±20%,CIR,2044,4.0,other,Various references and assumptions,,preparation,CIR
2665,1,EV battery inspection,ProcessLvl1,preparation for reuse,Distribution,BATT_LIBDismantled,,,BATT_EVInspectedReuse,BATT_ProductLvl1,battNaRechargeable,0.3355,,±20%,CIR,2045,4.0,other,Various references and assumptions,,preparation,CIR
2666,1,EV battery inspection,ProcessLvl1,preparation for reuse,Distribution,BATT_LIBDismantled,,,BATT_EVInspectedRecyclingSIB,BATT_ProductLvl1,battNaRechargeable,0.6645,,±20%,CIR,2045,4.0,other,Various references and assumptions,,preparation,CIR
2667,1,EV battery inspection,ProcessLvl1,preparation for reuse,Distribution,BATT_LIBDismantled,,,BATT_EVInspectedReuse,BATT_ProductLvl1,battNaRechargeable,0.3484,,±20%,CIR,2046,4.0,other,Various references and assumptions,,preparation,CIR
2668,1,EV battery inspection,ProcessLvl1,preparation for reuse,Distribution,BATT_LIBDismantled,,,BATT_EVInspectedRecyclingSIB,BATT_ProductLvl1,battNaRechargeable,0.6516,,±20%,CIR,2046,4.0,other,Various references and assumptions,,preparation,CIR
2669,1,EV battery inspection,ProcessLvl1,preparation for reuse,Distribution,BATT_LIBDismantled,,,BATT_EVInspectedReuse,BATT_ProductLvl1,battNaRechargeable,0.3613,,±20%,CIR,2047,4.0,other,Various references and assumptions,,preparation,CIR
2670,1,EV battery inspection,ProcessLvl1,preparation for reuse,Distribution,BATT_LIBDismantled,,,BATT_EVInspectedRecyclingSIB,BATT_ProductLvl1,battNaRechargeable,0.6387,,±20%,CIR,2047,4.0,other,Various references and assumptions,,preparation,CIR
2671,1,EV battery inspection,ProcessLvl1,preparation for reuse,Distribution,BATT_LIBDismantled,,,BATT_EVInspectedReuse,BATT_ProductLvl1,battNaRechargeable,0.3742,,±20%,CIR,2048,4.0,other,Various references and assumptions,,preparation,CIR
2672,1,EV battery inspection,ProcessLvl1,preparation for reuse,Distribution,BATT_LIBDismantled,,,BATT_EVInspectedRecyclingSIB,BATT_ProductLvl1,battNaRechargeable,0.6258,,±20%,CIR,2048,4.0,other,Various references and assumptions,,preparation,CIR
2673,1,EV battery inspection,ProcessLvl1,preparation for reuse,Distribution,BATT_LIBDismantled,,,BATT_EVInspectedReuse,BATT_ProductLvl1,battNaRechargeable,0.3871,,±20%,CIR,2049,4.0,other,Various references and assumptions,,preparation,CIR
2674,1,EV battery inspection,ProcessLvl1,preparation for reuse,Distribution,BATT_LIBDismantled,,,BATT_EVInspectedRecyclingSIB,BATT_ProductLvl1,battNaRechargeable,0.6129,,±20%,CIR,2049,4.0,other,Various references and assumptions,,preparation,CIR
2675,1,EV battery inspection,ProcessLvl1,preparation for reuse,Distribution,BATT_LIBDismantled,,,BATT_EVInspectedReuse,BATT_ProductLvl1,battNaRechargeable,0.4,,±20%,CIR,2050,4.0,other,Various references and assumptions,,preparation,CIR
2676,1,EV battery inspection,ProcessLvl1,preparation for reuse,Distribution,BATT_LIBDismantled,,,BATT_EVInspectedRecyclingSIB,BATT_ProductLvl1,battNaRechargeable,0.6,,±20%,CIR,2050,4.0,other,Various references and assumptions,,preparation,CIR
